sku,product_name,supplier_name,unit_price
5003 3.400,"5003 3,400 D2.5/3.4MM CARBIDE STEP DRILL; D4.0MM SHANK; FIRE COATED",Guhring Aus Stock Reseller,
5003 4.500,"5003 4,500 Ø3.3/4.5MM CARBIDE STEP DRILL; Ø4.5MM SHANK; FIRE COATED",Guhring Aus Stock Reseller,
5003 5.500,"5003 5,500 Ø4.2/5.5MM CARBIDE STEP DRILL; Ø6.0MM SHANK; FIRE COATED",Guhring Aus Stock Reseller,
5003 6.600,"5003 6,600 Ø5.0/6.6MM CARBIDE STEP DRILL; Ø8.0MM SHANK; FIRE COATED",Guhring Aus Stock Reseller,
5003 9.000,"5003 9,000 Ø6.8/9.0MM CARBIDE STEP DRILL; Ø10.0MM SHANK; FIRE COATED",Guhring Aus Stock Reseller,
5003 11.000,"5003 11,000 D8.5/11.0MM CARBIDE STEP DRILL; D12.0MM SHANK; FIRE COATED",Guhring Aus Stock Reseller,
5003 13.500,"5003 13,500 D10.2/13.5MM CARBIDE STEP DRILL; D14.0MM SHANK; FIRE COATED",Guhring Aus Stock Reseller,
5003 14.000,"5003 14,000 D12.0/14.0MM CARBIDE STEP DRILL; D14.0MM SHANK; FIRE COATED",Guhring Aus Stock Reseller,
5003 16.000,"5003 16,000 D14.0/16.0MM CARBIDE STEP DRILL; D16.0MM SHANK; FIRE COATED",Guhring Aus Stock Reseller,
5007 9.728,"BSPT TAPS 1/8"" - HSCO - 4 Flute- 63mm o/a - shank 7mm (5007 9,728)",Guhring Aus Stock Reseller,
5007 13.157,"BSPT TAPS 1/4"" - HSCO - 4 Flute- 63mm o/a - shank 11mm (5007 13,157)",Guhring Aus Stock Reseller,
5007 16.662,"BSPT TAPS 3/8"" - HSCO - 4 Flute- 70mm o/a - shank 12mm (5007 16,662)",Guhring Aus Stock Reseller,
5007 20.955,"BSPT TAPS 1/2"" - HSCO - 4 Flute- 80mm o/a - shank 16mm (5007 20,955)",Guhring Aus Stock Reseller,
5007 26.441,"BSPT TAPS 3/4"" - HSCO - 4 Flute- 100mm o/a - shank 20mm (5007 26,441)",Guhring Aus Stock Reseller,
5007 33.249,"BSPT TAPS 1"" - HSCO - 4 Flute- 110mm o/a - shank 25mm (5007 33,249)",Guhring Aus Stock Reseller,
5008 8.000,"5008 8,000 Ø8.0mm 90deg Carbide Countersink; 3 Flute; 50mm o/a; Ø8mm shank; FIRE Coated",Guhring Aus Stock Reseller,
5008 12.000,"5008 12,000 Ø12.0mm 90deg Carbide Countersink; 3 Flute; 56mm o/a; Ø12mm shank; FIRE Coated",Guhring Aus Stock Reseller,
5008 16.000,"5008 16,000 Ø16.0mm 90deg Carbide Countersink; 3 Flute; 60mm o/a; Ø16mm shank; FIRE Coated",Guhring Aus Stock Reseller,
5008 20.000,"5008 20,000 Ø20.0mm 90deg Carbide Countersink; 3 Flute; 63mm o/a; Ø20mm shank; FIRE Coated",Guhring Aus Stock Reseller,
5008 25.000,"5008 25,000 Ø25.0mm 90deg Carbide Countersink; 3 Flute; 80mm o/a; Ø25mm shank; FIRE Coated",Guhring Aus Stock Reseller,
5004 12.700,"Dia 12.700 (1/2"") HSCO Machine Reamer  - straight shank H7 (5004 12,700)",Guhring Aus Stock Reseller,
5004 14.287,"Dia 14.287 (9/16"") HSCO Machine Reamer  - straight shank H7 (5004 14,287)",Guhring Aus Stock Reseller,
"5004 15,875","Dia 15.875 (5/8"") HSCO Machine Reamer  - straight shank H7 (5004 15,875)",Guhring Aus Stock Reseller,
5004 19.050,"Dia 19.050 (3/4"") HSCO Machine Reamer - straight shank H7 (5004 19,050)",Guhring Aus Stock Reseller,
5004 22.225,"Dia 22.225 (7/8"") HSCO Machine Reamer  - straight shank H7 (5004 22,225)",Guhring Aus Stock Reseller,
2004 25.400,"Dia 25.400 (1"") HSCO Machine Reamer  - straight shank H7 (5004 25,400)",Guhring Aus Stock Reseller,
5009 12.000,"Oversize M12 Gun Tap +0.4 - HSCO- 4 Flute- 110mm o/a - shank 9mm (5009 12,000)",Guhring Aus Stock Reseller,
5009 16.000,"Oversize M16 Gun Tap +0.4 - HSCO- 4 Flute- 110mm o/a - shank 12mm (5009 16,000)",Guhring Aus Stock Reseller,
5009 20.000,"Oversize M20 Gun Tap +0.4 - HSCO- 4 Flute- 140mm o/a - shank 16mm (5009 20,000)",Guhring Aus Stock Reseller,
5009 24.000,"Oversize M24 Gun Tap +0.45 - HSCO- 4 Flute- 160mm o/a - shank 18mm (5009 24,000)",Guhring Aus Stock Reseller,
5574 1.100,"1.1 mm Metric Endmill 3 Flute Carbide Fire Coat (5574 1,100)",Guhring Aus Stock Reseller,
5574 1.300,"1.3 mm Metric Endmill 3 Flute Carbide Fire Coat (5574 1,300)",Guhring Aus Stock Reseller,
5574 1.400,"1.4 Metric Endmill 3 Flute Carbide Fire1 Coat (5574 1,400)",Guhring Aus Stock Reseller,
5574 1.600,"1.6 mm Metric Endmill 3 Flute Carbide Fire Coat (5574 1,600)",Guhring Aus Stock Reseller,
5574 1.700,"1.7 mm Metric Endmill 3 Flute Carbide Fire Coat (5574 1,700)",Guhring Aus Stock Reseller,
5574 2.100,"2.1 mm Metric Endmill 3 Flute Carbide Fire Coat (5574 2,100)",Guhring Aus Stock Reseller,
5574 2.200,"2.2 mm Metric Endmill 3 Flute Carbide Fire Coat (5574 2,200)",Guhring Aus Stock Reseller,
5574 1.900,"1.9 mm Metric Endmill 3 Flute Carbide Fire Coat (5574 1,900)",Guhring Aus Stock Reseller,
5009 10.000,"Oversize M10 Gun Tap +0.4 - HSCO- 4 Flute- 100mm o/a - shank 8mm (5009 10,000)",Guhring Aus Stock Reseller,
5006 3.000,"Engraving tool - dia. 0.3 mm (5006 3,000)",Guhring Aus Stock Reseller,
557 0.001,"90 degree NC-spotting drill HSS set 6,8,10,12",Guhring Aus Stock Reseller,
,"90 degree NC-spotting drill Carbide Set 6,8,10,12",Guhring Aus Stock Reseller,
,"90 degree NC-spotting drill Carbide Set 6,8,10,12 - FIRE COATED",Guhring Aus Stock Reseller,
,BT40 1-13mm drill chuck,Guhring Aus Stock Reseller,
482 0.200,"Counterbore Set HSS, suitable for M3 - M12, 7 pieces (482 0,200)",Guhring Aus Stock Reseller,
5559 0.020,"Drill tap set, spiral flute - blue ring, 7 drills & 7 taps",Guhring Aus Stock Reseller,
5559 0.010,"Drill tap set, gun nose - blue ring, 7 drills & 7 taps (5559 0,010)",Guhring Aus Stock Reseller,
5639 30.000,"5639 30,000 Gun drill 20xD(EB80); Dia 30.00mm; Flute 750 ; Driver 32mm x 60L",Guhring Aus Stock Reseller,
5639 32.000,"5639 32,000 Gun drill 20xD(EB80); Dia 32.00mm; Flute 800 ; Driver 32mm x 60L",Guhring Aus Stock Reseller,
5641 30.000,Gun drill 40xD(EB80); Dia 30.00mm; Flute 1350 ; Driver 32mm x 60L,Guhring Aus Stock Reseller,
5641 32.000,Gun drill 40xD(EB80); Dia 32.00mm; Flute 1440 ; Driver 32mm x 60L,Guhring Aus Stock Reseller,
5642 12.950,Gun drill 80xD(EB80); Dia 12.95mm; Flute 1101 ; Driver 25mm x 70L,Guhring Aus Stock Reseller,
5642 16.950,Gun drill 80xD(EB80); Dia 16.95mm; Flute 1441 ; Driver 25mm x 70L,Guhring Aus Stock Reseller,
5642 17.950,Gun drill 80xD(EB80); Dia 17.95mm; Flute 1526 ; Driver 25mm x 70L,Guhring Aus Stock Reseller,
5642 18.950,Gun drill 80xD(EB80); Dia 18.95mm; Flute 1611 ; Driver 25mm x 70L,Guhring Aus Stock Reseller,
5642 19.950,Gun drill 80xD(EB80); Dia 19.95mm; Flute 1696 ; Driver 25mm x 70L,Guhring Aus Stock Reseller,
5642 21.950,Gun drill 80xD(EB80); Dia 21.95mm; Flute 1866 ; Driver 25mm x 70L,Guhring Aus Stock Reseller,
5642 24.950,Gun drill 80xD(EB80); Dia 24.95mm; Flute 2121 ; Driver 25mm x 70L,Guhring Aus Stock Reseller,
234 0.021,"Set of jobber drills TiN Tip Coated (1/16 - 1/2' - 29pce) (234 0,021)",Guhring Aus Stock Reseller,
8903 2.000,"SET Gun Taps M3 - M10 Drills. Ø 2,5-8,5 Counter Sink Ø 6,3 + 12,4(8903 2,000)",Guhring Aus Stock Reseller,
205 0.000,"Jobber drill set HSS, 1.0 - 10.0mm, 0.1mm incr., 91 pieces (205 0,000)",Guhring Aus Stock Reseller,
3472 0.001,"3-flute RF100 Aluminium carbide endmill set, 6,8,10,12 mm (3472 0,001)",Guhring Aus Stock Reseller,
3560 0.001,"3-flute carbide endmill set, 6,8,10,12 mm (3560 0,001)",Guhring Aus Stock Reseller,
3676 0.001,"2-flute carbide slot drill -Fire Coated -set, 6,8,10,12 mm (3676 0,001)",Guhring Aus Stock Reseller,
476F 10.400,"476F 10,400 90° Countersink HSS Fire Coated",Guhring Aus Stock Reseller,
476F 12.400,"476F 12,400 90° Countersink HSS Fire Coated",Guhring Aus Stock Reseller,
476F 16.500,"476F 16,500 90° Countersink HSS Fire Coated",Guhring Aus Stock Reseller,
476F 20.500,"476F 20,500 90° Countersink HSS Fire Coated",Guhring Aus Stock Reseller,
476F 25.000,"476F 25,000 90° Countersink HSS Fire Coated",Guhring Aus Stock Reseller,
476F 30.000,"476F 30,000 90° Countersink HSS Fire Coated",Guhring Aus Stock Reseller,
476F 31.000 ,"476F 31,000 90° Countersink HSS Fire Coated",Guhring Aus Stock Reseller,
476F 6.300 ,"476F 6,300 90° Countersink HSS Fire Coated",Guhring Aus Stock Reseller,
476F 8.300,"476F 8,300 90° Countersink HSS Fire Coated",Guhring Aus Stock Reseller,
498 8.000,"498 8,000 Countersink set, 6.3 - 20.5 mm, 6 pieces, Fire Coated",Guhring Aus Stock Reseller,
557 0.002,"90 degree NC-spotting drill HSS set 6,8,10,12 -FIRE COATED",Guhring Aus Stock Reseller,
557F 10.000,"557F 10,000 - 90 degree NC-spotting drill HSS -FIRE Coated",Guhring Aus Stock Reseller,
557F 12.000,"557F 12,000 - 90 degree NC-spotting drill HSS -FIRE Coated",Guhring Aus Stock Reseller,
557F 16.000,"557F 16,000 - 90 degree NC-spotting drill HSS -FIRE Coated",Guhring Aus Stock Reseller,
557F 4.000,"557F 4,000 - 90 degree NC-spotting drill HSS -FIRE Coated",Guhring Aus Stock Reseller,
557F 6.000,"557F 6,000 - 90 degree NC-spotting drill HSS -FIRE Coated",Guhring Aus Stock Reseller,
557F 8.000,"557F 8,000 - 90 degree NC-spotting drill HSS -FIRE Coated",Guhring Aus Stock Reseller,
5735 1.000,"""""Milling cutter set; RF100 Solid carbide 6,8,10,12mm""(5735 1,000)",Guhring Aus Stock Reseller,
9651 0.005,"Set of HSS Tip Coated Drills 1-10mm,0.1mm incr.91 pieces (9651 0,005)",Guhring Aus Stock Reseller,
8926F 6.000,POWERLINE Spot Weld Drills HSCO - Fire Coated (8926F) 6 mm,Guhring Aus Stock Reseller,
57 3.000,Gun Nose Tap PM HSS-E TiN Coat Red/Blue Band,Guhring Aus Stock Reseller,
57 4.000,Gun Nose Tap PM HSS-E TiN Coat Red/Blue Band,Guhring Aus Stock Reseller,
57 5.000,Gun Nose Tap PM HSS-E TiN Coat Red/Blue Band,Guhring Aus Stock Reseller,
57 6.000,Gun Nose Tap PM HSS-E TiN Coat Red/Blue Band,Guhring Aus Stock Reseller,
57 8.000,Gun Nose Tap PM HSS-E TiN Coat Red/Blue Band,Guhring Aus Stock Reseller,
57 10.000,Gun Nose Tap PM HSS-E TiN Coat Red/Blue Band,Guhring Aus Stock Reseller,
58 12.000,Gun Nose Tap PM HSS-E TiN Coat Red/Blue Band,Guhring Aus Stock Reseller,
58 14.000,Gun Nose Tap PM HSS-E TiN Coat Red/Blue Band,Guhring Aus Stock Reseller,
58 16.000,Gun Nose Tap PM HSS-E TiN Coat Red/Blue Band,Guhring Aus Stock Reseller,
59 3.000,Spiral Taps PM HSS-E TiN Coated Blue band,Guhring Aus Stock Reseller,
59 4.000,Spiral Taps PM HSS-E TiN Coated Blue band,Guhring Aus Stock Reseller,
59 5.000,Spiral Taps PM HSS-E TiN Coated Blue band,Guhring Aus Stock Reseller,
59 6.000,Spiral Taps PM HSS-E TiN Coated Blue band,Guhring Aus Stock Reseller,
59 8.000,Spiral Taps PM HSS-E TiN Coated Blue band,Guhring Aus Stock Reseller,
59 10.000,Spiral Taps PM HSS-E TiN Coated Blue band,Guhring Aus Stock Reseller,
60 12.000,Spiral Tap PM HSS-E TiN Coat Blue band,Guhring Aus Stock Reseller,
60 14.000,Spiral Tap PM HSS-E TiN Coat Blue band,Guhring Aus Stock Reseller,
60 16.000,Spiral Tap PM HSS-E TiN Coat Blue band,Guhring Aus Stock Reseller,
60 20.000,Spiral Tap PM HSS-E TiN Coat Blue band,Guhring Aus Stock Reseller,
151 2.000,Dies Metric  HSS,Guhring Aus Stock Reseller,
151 3.000,Dies Metric  HSS,Guhring Aus Stock Reseller,
151 4.000,Dies Metric  HSS,Guhring Aus Stock Reseller,
151 5.000,Dies Metric  HSS,Guhring Aus Stock Reseller,
151 6.000,Dies Metric  HSS,Guhring Aus Stock Reseller,
151 8.000,Dies Metric  HSS,Guhring Aus Stock Reseller,
151 10.000,Dies Metric  HSS,Guhring Aus Stock Reseller,
151 12.000,Dies Metric  HSS,Guhring Aus Stock Reseller,
151 16.000,Dies Metric  HSS,Guhring Aus Stock Reseller,
151 18.000,Dies Metric  HSS,Guhring Aus Stock Reseller,
151 20.000,Dies Metric  HSS,Guhring Aus Stock Reseller,
151 24.000,Dies Metric  HSS,Guhring Aus Stock Reseller,
172 6.350,W 1/4 Dies BSW HSS,Guhring Aus Stock Reseller,
172 9.525,W 3/8 Dies BSW HSS,Guhring Aus Stock Reseller,
172 12.700,W 1/2 Dies BSW HSS,Guhring Aus Stock Reseller,
182 4.166,NR 8-32 Dies UNC HSS,Guhring Aus Stock Reseller,
182 4.826,NR 10-24 Dies UNC HSS,Guhring Aus Stock Reseller,
182 6.350,1/4 - 20 Dies UNC HSS,Guhring Aus Stock Reseller,
182 7.938,5/16 - 18 Dies UNC HSS,Guhring Aus Stock Reseller,
182 9.525,3/8 - 16 Dies UNC HSS,Guhring Aus Stock Reseller,
182 11.113,7/16 - 14 Dies UNC HSS,Guhring Aus Stock Reseller,
182 12.700,1/2 - 13 Dies UNC HSS,Guhring Aus Stock Reseller,
182 15.875,5/8 - 11 Dies UNC HSS,Guhring Aus Stock Reseller,
182 19.050,3/4 - 10 Dies UNC HSS,Guhring Aus Stock Reseller,
185 6.350,1/4 - 28 Dies UNF HSS,Guhring Aus Stock Reseller,
185 7.938,5/16 - 24 Dies UNF HSS,Guhring Aus Stock Reseller,
185 9.525,3/8 - 24 Dies UNF HSS,Guhring Aus Stock Reseller,
185 11.113,7/16 - 20 Dies UNF HSS,Guhring Aus Stock Reseller,
185 12.700,1/2 - 20 Dies UNF HSS,Guhring Aus Stock Reseller,
185 14.288,9/16 - 18 Dies UNF HSS,Guhring Aus Stock Reseller,
185 15.875,5/8 - 18 Dies UNF HSS,Guhring Aus Stock Reseller,
185 19.050,3/4 - 16 Dies UNF HSS,Guhring Aus Stock Reseller,
185 34.925,1 3/8-12 Dies UNF HSS,Guhring Aus Stock Reseller,
201 0.021,Set of jobber drills (1/16 - 1/2' - 29pce),Guhring Aus Stock Reseller,
205 0.400,Jobber drill HSS 1/64,Guhring Aus Stock Reseller,
205 0.500,Jobber drill HSS,Guhring Aus Stock Reseller,
205 0.600,Jobber drill HSS,Guhring Aus Stock Reseller,
205 0.700,Jobber drill HSS,Guhring Aus Stock Reseller,
205 0.800,Jobber drill HSS,Guhring Aus Stock Reseller,
205 0.900,Jobber drill HSS,Guhring Aus Stock Reseller,
205 1.000,Jobber drill HSS,Guhring Aus Stock Reseller,
205 1.100,Jobber drill HSS,Guhring Aus Stock Reseller,
205 1.200,Jobber drill HSS,Guhring Aus Stock Reseller,
205 1.300,Jobber drill HSS,Guhring Aus Stock Reseller,
205 1.400,Jobber drill HSS,Guhring Aus Stock Reseller,
205 1.500,Jobber drill HSS,Guhring Aus Stock Reseller,
205 1.590,Jobber drill HSS,Guhring Aus Stock Reseller,
205 1.600,Jobber drill HSS,Guhring Aus Stock Reseller,
205 1.700,Jobber drill HSS,Guhring Aus Stock Reseller,
205 1.800,Jobber drill HSS,Guhring Aus Stock Reseller,
205 1.900,Jobber drill HSS,Guhring Aus Stock Reseller,
205 1.980,Jobber drill HSS 5/64,Guhring Aus Stock Reseller,
205 2.000,Jobber drill HSS,Guhring Aus Stock Reseller,
205 2.100,Jobber drill HSS,Guhring Aus Stock Reseller,
205 2.200,Jobber drill HSS,Guhring Aus Stock Reseller,
205 2.300,Jobber drill HSS,Guhring Aus Stock Reseller,
205 2.380,Jobber drill HSS 3/32,Guhring Aus Stock Reseller,
205 2.400,Jobber drill HSS,Guhring Aus Stock Reseller,
205 2.500,Jobber drill HSS,Guhring Aus Stock Reseller,
205 2.600,Jobber drill HSS,Guhring Aus Stock Reseller,
205 2.700,Jobber drill HSS,Guhring Aus Stock Reseller,
205 2.780,Jobber drill HSS 7/64,Guhring Aus Stock Reseller,
205 2.800,Jobber drill HSS,Guhring Aus Stock Reseller,
205 2.900,Jobber drill HSS,Guhring Aus Stock Reseller,
205 3.000,Jobber drill HSS,Guhring Aus Stock Reseller,
205 3.100,Jobber drill HSS,Guhring Aus Stock Reseller,
205 3.170,Jobber drill HSS 1/8,Guhring Aus Stock Reseller,
205 3.200,Jobber drill HSS,Guhring Aus Stock Reseller,
205 3.300,Jobber drill HSS,Guhring Aus Stock Reseller,
205 3.400,Jobber drill HSS,Guhring Aus Stock Reseller,
205 3.500,Jobber drill HSS,Guhring Aus Stock Reseller,
205 3.570,Jobber drill HSS 9/64,Guhring Aus Stock Reseller,
205 3.600,Jobber drill HSS,Guhring Aus Stock Reseller,
205 3.700,Jobber drill HSS,Guhring Aus Stock Reseller,
205 3.800,Jobber drill HSS,Guhring Aus Stock Reseller,
205 3.900,Jobber drill HSS,Guhring Aus Stock Reseller,
205 3.970,Jobber drill HSS 5/32,Guhring Aus Stock Reseller,
205 4.000,Jobber drill HSS,Guhring Aus Stock Reseller,
205 4.100,Jobber drill HSS,Guhring Aus Stock Reseller,
205 4.200,Jobber drill HSS,Guhring Aus Stock Reseller,
205 4.300,Jobber drill HSS,Guhring Aus Stock Reseller,
205 4.370,Jobber drill HSS 11/64,Guhring Aus Stock Reseller,
205 4.400,Jobber drill HSS,Guhring Aus Stock Reseller,
205 4.500,Jobber drill HSS,Guhring Aus Stock Reseller,
205 4.600,Jobber drill HSS,Guhring Aus Stock Reseller,
205 4.700,Jobber drill HSS,Guhring Aus Stock Reseller,
205 4.760,Jobber drill HSS 3/16,Guhring Aus Stock Reseller,
205 4.800,Jobber drill HSS,Guhring Aus Stock Reseller,
205 4.900,Jobber drill HSS,Guhring Aus Stock Reseller,
205 5.000,Jobber drill HSS,Guhring Aus Stock Reseller,
205 5.100,Jobber drill HSS,Guhring Aus Stock Reseller,
205 5.160,Jobber drill HSS 13/64,Guhring Aus Stock Reseller,
205 5.200,Jobber drill HSS,Guhring Aus Stock Reseller,
205 5.300,Jobber drill HSS,Guhring Aus Stock Reseller,
205 5.400,Jobber drill HSS,Guhring Aus Stock Reseller,
205 5.500,Jobber drill HSS,Guhring Aus Stock Reseller,
205 5.560,Jobber drill HSS 7/32,Guhring Aus Stock Reseller,
205 5.600,Jobber drill HSS,Guhring Aus Stock Reseller,
205 5.700,Jobber drill HSS,Guhring Aus Stock Reseller,
205 5.800,Jobber drill HSS,Guhring Aus Stock Reseller,
205 5.900,Jobber drill HSS,Guhring Aus Stock Reseller,
205 5.950,Jobber drill HSS 15/64,Guhring Aus Stock Reseller,
205 6.000,Jobber drill HSS,Guhring Aus Stock Reseller,
205 6.100,Jobber drill HSS,Guhring Aus Stock Reseller,
205 6.200,Jobber drill HSS,Guhring Aus Stock Reseller,
205 6.300,Jobber drill HSS,Guhring Aus Stock Reseller,
205 6.350,Jobber drill HSS 1/4,Guhring Aus Stock Reseller,
205 6.400,Jobber drill HSS,Guhring Aus Stock Reseller,
205 6.500,Jobber drill HSS,Guhring Aus Stock Reseller,
205 6.600,Jobber drill HSS,Guhring Aus Stock Reseller,
205 6.700,Jobber drill HSS,Guhring Aus Stock Reseller,
205 6.750,Jobber drill HSS 17/64,Guhring Aus Stock Reseller,
205 6.800,Jobber drill HSS,Guhring Aus Stock Reseller,
205 6.900,Jobber drill HSS,Guhring Aus Stock Reseller,
205 7.000,Jobber drill HSS,Guhring Aus Stock Reseller,
205 7.100,Jobber drill HSS,Guhring Aus Stock Reseller,
205 7.140,Jobber drill HSS 9/32,Guhring Aus Stock Reseller,
205 7.200,Jobber drill HSS,Guhring Aus Stock Reseller,
205 7.300,Jobber drill HSS,Guhring Aus Stock Reseller,
205 7.400,Jobber drill HSS,Guhring Aus Stock Reseller,
205 7.500,Jobber drill HSS,Guhring Aus Stock Reseller,
205 7.540,Jobber drill HSS 5/16,Guhring Aus Stock Reseller,
205 7.600,Jobber drill HSS,Guhring Aus Stock Reseller,
205 7.700,Jobber drill HSS,Guhring Aus Stock Reseller,
205 7.800,Jobber drill HSS,Guhring Aus Stock Reseller,
205 7.900,Jobber drill HSS,Guhring Aus Stock Reseller,
205 7.940,Jobber drill HSS,Guhring Aus Stock Reseller,
205 8.000,Jobber drill HSS,Guhring Aus Stock Reseller,
205 8.100,Jobber drill HSS,Guhring Aus Stock Reseller,
205 8.200,Jobber drill HSS,Guhring Aus Stock Reseller,
205 8.300,Jobber drill HSS,Guhring Aus Stock Reseller,
205 8.330,Jobber drill HSS 21/64,Guhring Aus Stock Reseller,
205 8.400,Jobber drill HSS,Guhring Aus Stock Reseller,
205 8.500,Jobber drill HSS,Guhring Aus Stock Reseller,
205 8.600,Jobber drill HSS,Guhring Aus Stock Reseller,
205 8.700,Jobber drill HSS,Guhring Aus Stock Reseller,
205 8.730,Jobber drill HSS 11/32,Guhring Aus Stock Reseller,
205 8.800,Jobber drill HSS,Guhring Aus Stock Reseller,
205 8.900,Jobber drill HSS,Guhring Aus Stock Reseller,
205 9.000,Jobber drill HSS,Guhring Aus Stock Reseller,
205 9.100,Jobber drill HSS,Guhring Aus Stock Reseller,
205 9.130,Jobber drill HSS 23/64,Guhring Aus Stock Reseller,
205 9.200,Jobber drill HSS,Guhring Aus Stock Reseller,
205 9.300,Jobber drill HSS,Guhring Aus Stock Reseller,
205 9.400,Jobber drill HSS,Guhring Aus Stock Reseller,
205 9.500,Jobber drill HSS,Guhring Aus Stock Reseller,
205 9.520,Jobber drill HSS 3/8,Guhring Aus Stock Reseller,
205 9.600,Jobber drill HSS,Guhring Aus Stock Reseller,
205 9.700,Jobber drill HSS,Guhring Aus Stock Reseller,
205 9.800,Jobber drill HSS,Guhring Aus Stock Reseller,
205 9.900,Jobber drill HSS,Guhring Aus Stock Reseller,
205 9.920,Jobber drill HSS 25/64,Guhring Aus Stock Reseller,
205 10.000,Jobber drill HSS,Guhring Aus Stock Reseller,
205 10.100,Jobber drill HSS,Guhring Aus Stock Reseller,
205 10.200,Jobber drill HSS,Guhring Aus Stock Reseller,
205 10.300,Jobber drill HSS,Guhring Aus Stock Reseller,
205 10.320,Jobber drill HSS 13/32,Guhring Aus Stock Reseller,
205 10.400,Jobber drill HSS,Guhring Aus Stock Reseller,
205 10.500,Jobber drill HSS,Guhring Aus Stock Reseller,
205 10.600,Jobber drill HSS,Guhring Aus Stock Reseller,
205 10.700,Jobber drill HSS,Guhring Aus Stock Reseller,
205 10.720,Jobber drill HSS 27/64,Guhring Aus Stock Reseller,
205 10.800,Jobber drill HSS,Guhring Aus Stock Reseller,
205 10.900,Jobber drill HSS,Guhring Aus Stock Reseller,
205 11.000,Jobber drill HSS,Guhring Aus Stock Reseller,
205 11.100,Jobber drill HSS,Guhring Aus Stock Reseller,
205 11.110,Jobber drill HSS 7/16,Guhring Aus Stock Reseller,
205 11.200,Jobber drill HSS,Guhring Aus Stock Reseller,
205 11.300,Jobber drill HSS,Guhring Aus Stock Reseller,
205 11.400,Jobber drill HSS,Guhring Aus Stock Reseller,
205 11.500,Jobber drill HSS,Guhring Aus Stock Reseller,
205 11.510,Jobber drill HSS 29/64,Guhring Aus Stock Reseller,
205 11.600,Jobber drill HSS,Guhring Aus Stock Reseller,
205 11.700,Jobber drill HSS,Guhring Aus Stock Reseller,
205 11.800,Jobber drill HSS,Guhring Aus Stock Reseller,
205 11.900,Jobber drill HSS,Guhring Aus Stock Reseller,
205 11.910,Jobber drill HSS 15/32,Guhring Aus Stock Reseller,
205 12.000,Jobber drill HSS,Guhring Aus Stock Reseller,
205 12.100,Jobber drill HSS,Guhring Aus Stock Reseller,
205 12.200,Jobber drill HSS,Guhring Aus Stock Reseller,
205 12.300,Jobber drill HSS 31/64,Guhring Aus Stock Reseller,
205 12.400,Jobber drill HSS,Guhring Aus Stock Reseller,
205 12.500,Jobber drill HSS,Guhring Aus Stock Reseller,
205 12.600,Jobber drill HSS,Guhring Aus Stock Reseller,
205 12.700,Jobber drill HSS 1/2,Guhring Aus Stock Reseller,
205 12.800,Jobber drill HSS,Guhring Aus Stock Reseller,
205 12.900,Jobber drill HSS,Guhring Aus Stock Reseller,
205 13.000,Jobber drill HSS,Guhring Aus Stock Reseller,
205 13.500,Jobber drill HSS,Guhring Aus Stock Reseller,
205 14.000,Jobber drill HSS,Guhring Aus Stock Reseller,
205 14.290,Jobber drill HSS 9/16,Guhring Aus Stock Reseller,
205 14.500,Jobber drill HSS,Guhring Aus Stock Reseller,
205 15.000,Jobber drill HSS,Guhring Aus Stock Reseller,
205 15.200,Jobber drill HSS,Guhring Aus Stock Reseller,
205 15.500,Jobber drill HSS,Guhring Aus Stock Reseller,
205 16.000,Jobber drill HSS,Guhring Aus Stock Reseller,
217 1.000,Long Series Twist drills HSS,Guhring Aus Stock Reseller,
217 1.500,Long Series Twist drills HSS,Guhring Aus Stock Reseller,
217 2.000,Long Series Twist drills HSS,Guhring Aus Stock Reseller,
217 2.500,Long Series Twist drills HSS,Guhring Aus Stock Reseller,
217 2.700,Long Series Twist drills HSS,Guhring Aus Stock Reseller,
217 2.800,Long Series Twist drills HSS,Guhring Aus Stock Reseller,
217 3.000,Long Series Twist drills HSS,Guhring Aus Stock Reseller,
217 3.170,Long Series Twist drills HSS 1/8,Guhring Aus Stock Reseller,
217 3.300,Long Series Twist drills HSS,Guhring Aus Stock Reseller,
217 3.400,Long Series Twist drills HSS,Guhring Aus Stock Reseller,
217 3.500,Long Series Twist drills HSS,Guhring Aus Stock Reseller,
217 3.570,Long Series Twist drills HSS 9/64,Guhring Aus Stock Reseller,
217 3.970,Long Series Twist drills HSS 5/32,Guhring Aus Stock Reseller,
217 4.000,Long Series Twist drills HSS,Guhring Aus Stock Reseller,
217 4.200,Long Series Twist drills HSS,Guhring Aus Stock Reseller,
217 4.370,Long Series Twist drills HSS 11/64,Guhring Aus Stock Reseller,
217 4.500,Long Series Twist drills HSS,Guhring Aus Stock Reseller,
217 5.000,Long Series Twist drills HSS,Guhring Aus Stock Reseller,
217 5.500,Long Series Twist drills HSS,Guhring Aus Stock Reseller,
217 5.560,Long Series Twist drills HSS 7/32,Guhring Aus Stock Reseller,
217 5.800,Long Series Twist drills HSS,Guhring Aus Stock Reseller,
217 5.950,Long Series Twist drills HSS 15/64,Guhring Aus Stock Reseller,
217 6.000,Long Series Twist drills HSS,Guhring Aus Stock Reseller,
217 6.350,Long Series Twist drills HSS 1/4,Guhring Aus Stock Reseller,
217 6.500,Long Series Twist drills HSS,Guhring Aus Stock Reseller,
217 6.750,Long Series Twist drills HSS 17/64,Guhring Aus Stock Reseller,
217 6.800,Long Series Twist drills HSS,Guhring Aus Stock Reseller,
217 7.000,Long Series Twist drills HSS,Guhring Aus Stock Reseller,
217 7.500,Long Series Twist drills HSS,Guhring Aus Stock Reseller,
217 7.940,Long Series Twist drills HSS 5/16,Guhring Aus Stock Reseller,
217 8.000,Long Series Twist drills HSS,Guhring Aus Stock Reseller,
217 8.500,Long Series Twist drills HSS,Guhring Aus Stock Reseller,
217 9.000,Long Series Twist drills HSS,Guhring Aus Stock Reseller,
217 9.500,Long Series Twist drills HSS,Guhring Aus Stock Reseller,
217 10.000,Long Series Twist drills HSS,Guhring Aus Stock Reseller,
217 10.200,Long Series Twist drills HSS,Guhring Aus Stock Reseller,
217 10.300,Long Series Twist drills HSS,Guhring Aus Stock Reseller,
217 10.500,Long Series Twist drills HSS,Guhring Aus Stock Reseller,
217 11.000,Long Series Twist drills HSS,Guhring Aus Stock Reseller,
217 11.500,Long Series Twist drills HSS,Guhring Aus Stock Reseller,
217 12.000,Long Series Twist drills HSS,Guhring Aus Stock Reseller,
217 12.500,Long Series Twist drills HSS,Guhring Aus Stock Reseller,
217 12.700,Long Series Twist drills HSS 1/2,Guhring Aus Stock Reseller,
217 13.000,Long Series Twist drills HSS,Guhring Aus Stock Reseller,
217 13.500,Long Series Twist drills HSS,Guhring Aus Stock Reseller,
217 14.000,Long Series Twist drills HSS,Guhring Aus Stock Reseller,
223 1.000,Stub drill HSS,Guhring Aus Stock Reseller,
223 1.500,Stub drill HSS,Guhring Aus Stock Reseller,
223 2.000,Stub drill HSS,Guhring Aus Stock Reseller,
223 2.380,Stub drill HSS,Guhring Aus Stock Reseller,
223 2.500,Stub drill HSS,Guhring Aus Stock Reseller,
223 2.780,Stub drill HSS,Guhring Aus Stock Reseller,
223 3.000,Stub drill HSS,Guhring Aus Stock Reseller,
223 3.170,Stub drill HSS,Guhring Aus Stock Reseller,
223 3.300,Stub drill HSS,Guhring Aus Stock Reseller,
223 3.500,Stub drill HSS,Guhring Aus Stock Reseller,
223 3.570,Stub drill HSS,Guhring Aus Stock Reseller,
223 3.600,Stub drill HSS,Guhring Aus Stock Reseller,
223 3.900,Stub drill HSS,Guhring Aus Stock Reseller,
223 3.970,Stub drill HSS,Guhring Aus Stock Reseller,
223 4.000,Stub drill HSS,Guhring Aus Stock Reseller,
223 4.200,Stub drill HSS,Guhring Aus Stock Reseller,
223 4.370,Stub drill HSS,Guhring Aus Stock Reseller,
223 4.500,Stub drill HSS,Guhring Aus Stock Reseller,
223 4.600,Stub drill HSS,Guhring Aus Stock Reseller,
223 4.760,Stub drill HSS,Guhring Aus Stock Reseller,
223 5.000,Stub drill HSS,Guhring Aus Stock Reseller,
223 5.160,Stub drill HSS,Guhring Aus Stock Reseller,
223 5.500,Stub drill HSS,Guhring Aus Stock Reseller,
223 5.560,Stub drill HSS,Guhring Aus Stock Reseller,
223 5.600,Stub drill HSS,Guhring Aus Stock Reseller,
223 5.800,Stub drill HSS,Guhring Aus Stock Reseller,
223 5.950,Stub drill HSS,Guhring Aus Stock Reseller,
223 6.000,Stub drill HSS,Guhring Aus Stock Reseller,
223 6.350,Stub drill HSS,Guhring Aus Stock Reseller,
223 6.500,Stub drill HSS,Guhring Aus Stock Reseller,
223 6.800,Stub drill HSS,Guhring Aus Stock Reseller,
223 7.000,Stub drill HSS,Guhring Aus Stock Reseller,
223 7.140,Stub drill HSS,Guhring Aus Stock Reseller,
223 7.500,Stub drill HSS,Guhring Aus Stock Reseller,
223 7.940,Stub drill HSS,Guhring Aus Stock Reseller,
223 8.000,Stub drill HSS,Guhring Aus Stock Reseller,
223 8.500,Stub drill HSS,Guhring Aus Stock Reseller,
223 8.730,Stub drill HSS,Guhring Aus Stock Reseller,
223 9.000,Stub drill HSS,Guhring Aus Stock Reseller,
223 9.500,Stub drill HSS,Guhring Aus Stock Reseller,
223 10.000,Stub drill HSS,Guhring Aus Stock Reseller,
223 10.200,Stub drill HSS,Guhring Aus Stock Reseller,
223 10.500,Stub drill HSS,Guhring Aus Stock Reseller,
223 10.720,Stub drill HSS,Guhring Aus Stock Reseller,
223 11.000,Stub drill HSS,Guhring Aus Stock Reseller,
223 12.000,Stub drill HSS,Guhring Aus Stock Reseller,
223 12.700,Stub drill HSS,Guhring Aus Stock Reseller,
223 13.000,Stub drill HSS,Guhring Aus Stock Reseller,
223 14.000,Stub drill HSS,Guhring Aus Stock Reseller,
223 14.500,Stub drill HSS,Guhring Aus Stock Reseller,
223 15.000,Stub drill HSS,Guhring Aus Stock Reseller,
223 16.000,Stub drill HSS,Guhring Aus Stock Reseller,
223 17.000,Stub drill HSS,Guhring Aus Stock Reseller,
223 18.000,Stub drill HSS,Guhring Aus Stock Reseller,
223 19.000,Stub drill HSS,Guhring Aus Stock Reseller,
223 20.000,Stub drill HSS,Guhring Aus Stock Reseller,
234 6.014,Set of jobber drills TiN Tip Coated (1.0 - 13mm -25pcs),Guhring Aus Stock Reseller,
242 6.000,Extra length twist drills HSS 500mm OAL,Guhring Aus Stock Reseller,
242 8.000,Extra length twist drills HSS 500mm OAL,Guhring Aus Stock Reseller,
242 10.000,Extra length twist drills HSS 600mm OAL,Guhring Aus Stock Reseller,
242 11.000,Extra length twist drills HSS 600mm OAL,Guhring Aus Stock Reseller,
242 12.000,Extra length twist drills HSS 600mm OAL,Guhring Aus Stock Reseller,
243 8.000,Extra length twist drills HSS 750mm OAL,Guhring Aus Stock Reseller,
243 10.000,Extra length twist drills HSS 750mm OAL,Guhring Aus Stock Reseller,
243 11.000,Extra length twist drills HSS 750mm OAL,Guhring Aus Stock Reseller,
243 12.000,Extra length twist drills HSS 750mm OAL,Guhring Aus Stock Reseller,
244 10.000,Extra length twist drills HSS 1000mm OAL,Guhring Aus Stock Reseller,
244 11.000,Extra length twist drills HSS 1000mm OAL,Guhring Aus Stock Reseller,
244 12.000,Extra length twist drills HSS 1000mm OAL,Guhring Aus Stock Reseller,
245 13.000,Twist drills - Taper shank HSS,Guhring Aus Stock Reseller,
245 13.500,Twist drills - Taper shank HSS,Guhring Aus Stock Reseller,
245 14.000,Twist drills - Taper shank HSS,Guhring Aus Stock Reseller,
245 14.250,Twist drills - Taper shank HSS,Guhring Aus Stock Reseller,
245 14.290,Twist drills - Taper shank HSS 9/16,Guhring Aus Stock Reseller,
245 14.500,Twist drills - Taper shank HSS,Guhring Aus Stock Reseller,
245 15.000,Twist drills - Taper shank HSS,Guhring Aus Stock Reseller,
245 15.080,Twist drills - Taper shank HSS 19/32,Guhring Aus Stock Reseller,
245 15.500,Twist drills - Taper shank HSS,Guhring Aus Stock Reseller,
245 15.750,Twist drills - Taper shank HSS,Guhring Aus Stock Reseller,
245 15.800,Twist drills - Taper shank HSS,Guhring Aus Stock Reseller,
245 15.870,Twist drills - Taper shank HSS 5/8,Guhring Aus Stock Reseller,
245 16.000,Twist drills - Taper shank HSS,Guhring Aus Stock Reseller,
245 16.270,Twist drills - Taper shank HSS 41/64,Guhring Aus Stock Reseller,
245 16.500,Twist drills - Taper shank HSS,Guhring Aus Stock Reseller,
245 16.750,Twist drills - Taper shank HSS,Guhring Aus Stock Reseller,
245 17.000,Twist drills - Taper shank HSS,Guhring Aus Stock Reseller,
245 17.460,Twist drills - Taper shank HSS 11/16,Guhring Aus Stock Reseller,
245 17.500,Twist drills - Taper shank HSS,Guhring Aus Stock Reseller,
245 18.000,Twist drills - Taper shank HSS,Guhring Aus Stock Reseller,
245 18.250,Twist drills - Taper shank HSS,Guhring Aus Stock Reseller,
245 18.500,Twist drills - Taper shank HSS,Guhring Aus Stock Reseller,
245 18.650,Twist drills - Taper shank HSS 47/64,Guhring Aus Stock Reseller,
245 19.000,Twist drills - Taper shank HSS,Guhring Aus Stock Reseller,
245 19.050,Twist drills - Taper shank HSS 3/4,Guhring Aus Stock Reseller,
245 19.500,Twist drills - Taper shank HSS,Guhring Aus Stock Reseller,
245 20.000,Twist drills - Taper shank HSS,Guhring Aus Stock Reseller,
245 20.500,Twist drills - Taper shank HSS,Guhring Aus Stock Reseller,
245 21.000,Twist drills - Taper shank HSS,Guhring Aus Stock Reseller,
245 22.000,Twist drills - Taper shank HSS,Guhring Aus Stock Reseller,
245 22.220,Twist drills - Taper shank HSS 7/8,Guhring Aus Stock Reseller,
245 22.250,Twist drills - Taper shank HSS,Guhring Aus Stock Reseller,
245 22.500,Twist drills - Taper shank HSS,Guhring Aus Stock Reseller,
245 23.000,Twist drills - Taper shank HSS,Guhring Aus Stock Reseller,
245 23.500,Twist drills - Taper shank HSS,Guhring Aus Stock Reseller,
245 24.000,Twist drills - Taper shank HSS,Guhring Aus Stock Reseller,
245 24.500,Twist drills - Taper shank HSS,Guhring Aus Stock Reseller,
245 25.000,Twist drills - Taper shank HSS 63/64,Guhring Aus Stock Reseller,
245 25.400,"Twist drills - Taper shank HSS 1""",Guhring Aus Stock Reseller,
245 25.500,Twist drills - Taper shank HSS,Guhring Aus Stock Reseller,
245 26.000,Twist drills - Taper shank HSS,Guhring Aus Stock Reseller,
245 26.500,Twist drills - Taper shank HSS,Guhring Aus Stock Reseller,
245 27.000,Twist drills - Taper shank HSS,Guhring Aus Stock Reseller,
245 27.500,Twist drills - Taper shank HSS,Guhring Aus Stock Reseller,
245 28.000,Twist drills - Taper shank HSS,Guhring Aus Stock Reseller,
245 28.500,Twist drills - Taper shank HSS,Guhring Aus Stock Reseller,
245 29.000,Twist drills - Taper shank HSS,Guhring Aus Stock Reseller,
245 29.500,Twist drills - Taper shank HSS,Guhring Aus Stock Reseller,
245 30.000,Twist drills - Taper shank HSS,Guhring Aus Stock Reseller,
245 30.500,Twist drills - Taper shank HSS,Guhring Aus Stock Reseller,
245 31.000,Twist drills - Taper shank HSS,Guhring Aus Stock Reseller,
245 31.500,Twist drills - Taper shank HSS,Guhring Aus Stock Reseller,
245 31.750,Twist drills - Taper shank HSS 1-1/4,Guhring Aus Stock Reseller,
245 32.000,Twist drills - Taper shank HSS,Guhring Aus Stock Reseller,
245 33.000,Twist drills - Taper shank HSS,Guhring Aus Stock Reseller,
245 35.000,Twist drills - Taper shank HSS,Guhring Aus Stock Reseller,
245 36.000,Twist drills - Taper shank HSS,Guhring Aus Stock Reseller,
245 38.000,Twist drills - Taper shank HSS,Guhring Aus Stock Reseller,
245 40.000,Twist drills - Taper shank HSS,Guhring Aus Stock Reseller,
245 41.000,Twist drills - Taper shank HSS,Guhring Aus Stock Reseller,
245 42.000,Twist drills - Taper shank HSS,Guhring Aus Stock Reseller,
245 43.000,Twist drills - Taper shank HSS,Guhring Aus Stock Reseller,
245 44.000,Twist drills - Taper shank HSS,Guhring Aus Stock Reseller,
245 45.000,Twist drills - Taper shank HSS,Guhring Aus Stock Reseller,
245 48.000,Twist drills - Taper shank HSS,Guhring Aus Stock Reseller,
245 50.000,Twist drills - Taper shank HSS,Guhring Aus Stock Reseller,
255 12.000,HSS Taper Shank Thru Coolant Beam Drill Point,Guhring Aus Stock Reseller,
255 14.000,HSS Taper Shank Thru Coolant Beam Drill Point,Guhring Aus Stock Reseller,
255 16.000,HSS Taper Shank Thru Coolant Beam Drill Point,Guhring Aus Stock Reseller,
255 18.000,HSS Taper Shank Thru Coolant Beam Drill Point,Guhring Aus Stock Reseller,
255 20.000,HSS Taper Shank Thru Coolant Beam Drill Point,Guhring Aus Stock Reseller,
255 22.000,HSS Taper Shank Thru Coolant Beam Drill Point,Guhring Aus Stock Reseller,
255 24.000,HSS Taper Shank Thru Coolant Beam Drill Point,Guhring Aus Stock Reseller,
255 26.000,HSS Taper Shank Thru Coolant Beam Drill Point,Guhring Aus Stock Reseller,
255 28.000,HSS Taper Shank Thru Coolant Beam Drill Point,Guhring Aus Stock Reseller,
255 30.000,HSS Taper Shank Thru Coolant Beam Drill Point,Guhring Aus Stock Reseller,
255 32.000,HSS Taper Shank Thru Coolant Beam Drill Point,Guhring Aus Stock Reseller,
255 34.000,HSS Taper Shank Thru Coolant Beam Drill Point,Guhring Aus Stock Reseller,
257 13.000,Long series twist drills - Taper shank HSS,Guhring Aus Stock Reseller,
257 14.000,Long series twist drills - Taper shank HSS,Guhring Aus Stock Reseller,
257 15.000,Long series twist drills - Taper shank HSS,Guhring Aus Stock Reseller,
257 16.000,Long series twist drills - Taper shank HSS,Guhring Aus Stock Reseller,
257 17.000,Long series twist drills - Taper shank HSS,Guhring Aus Stock Reseller,
257 18.000,Long series twist drills - Taper shank HSS,Guhring Aus Stock Reseller,
257 19.000,Long series twist drills - Taper shank HSS,Guhring Aus Stock Reseller,
257 20.000,Long series twist drills - Taper shank HSS,Guhring Aus Stock Reseller,
257 21.000,Long series twist drills - Taper shank HSS,Guhring Aus Stock Reseller,
257 21.500,Long series twist drills - Taper shank HSS,Guhring Aus Stock Reseller,
257 22.000,Long series twist drills - Taper shank HSS,Guhring Aus Stock Reseller,
257 22.500,Long series twist drills - Taper shank HSS,Guhring Aus Stock Reseller,
257 23.000,Long series twist drills - Taper shank HSS,Guhring Aus Stock Reseller,
257 24.000,Long series twist drills - Taper shank HSS,Guhring Aus Stock Reseller,
257 24.500,Long series twist drills - Taper shank HSS,Guhring Aus Stock Reseller,
257 25.000,Long series twist drills - Taper shank HSS,Guhring Aus Stock Reseller,
257 25.250,Long series twist drills - Taper shank HSS,Guhring Aus Stock Reseller,
257 25.500,Long series twist drills - Taper shank HSS,Guhring Aus Stock Reseller,
257 26.000,Long series twist drills - Taper shank HSS,Guhring Aus Stock Reseller,
257 26.500,Long series twist drills - Taper shank HSS,Guhring Aus Stock Reseller,
257 27.000,Long series twist drills - Taper shank HSS,Guhring Aus Stock Reseller,
257 27.380,Long series twist drills - Taper shank HSS,Guhring Aus Stock Reseller,
280 1.000,Center drills without flat extra length,Guhring Aus Stock Reseller,
280 1.600,Center drills without flat extra length,Guhring Aus Stock Reseller,
280 2.000,Center drills without flat extra length,Guhring Aus Stock Reseller,
280 2.500,Center drills without flat extra length,Guhring Aus Stock Reseller,
280 3.150,Center drills without flat extra length,Guhring Aus Stock Reseller,
293 14.000,Extra length drills-taper shank HSS 600mm OAL,Guhring Aus Stock Reseller,
293 15.000,Extra length drills-taper shank HSS 600mm OAL,Guhring Aus Stock Reseller,
293 16.000,Extra length drills-taper shank HSS 600mm OAL,Guhring Aus Stock Reseller,
293 17.000,Extra length drills-taper shank HSS 600mm OAL,Guhring Aus Stock Reseller,
293 18.000,Extra length drills-taper shank HSS 600mm OAL,Guhring Aus Stock Reseller,
293 19.000,Extra length drills-taper shank HSS 600mm OAL,Guhring Aus Stock Reseller,
293 20.000,Extra length drills-taper shank HSS 600mm OAL,Guhring Aus Stock Reseller,
293 21.000,Extra length drills-taper shank HSS 600mm OAL,Guhring Aus Stock Reseller,
293 22.000,Extra length drills-taper shank HSS 600mm OAL,Guhring Aus Stock Reseller,
293 23.000,Extra length drills-taper shank HSS 600mm OAL,Guhring Aus Stock Reseller,
293 24.000,Extra length drills-taper shank HSS 600mm OAL,Guhring Aus Stock Reseller,
293 25.000,Extra length drills-taper shank HSS 600mm OAL,Guhring Aus Stock Reseller,
298 14.000,Extra length drills-taper shank HSS 750mm OAL,Guhring Aus Stock Reseller,
298 15.000,Extra length drills-taper shank HSS 750mm OAL,Guhring Aus Stock Reseller,
298 16.000,Extra length drills-taper shank HSS 750mm OAL,Guhring Aus Stock Reseller,
298 18.000,Extra length drills-taper shank HSS 750mm OAL,Guhring Aus Stock Reseller,
299 14.000,Extra length drills-taper shank HSS 1000mm OAL,Guhring Aus Stock Reseller,
299 15.000,Extra length drills-taper shank HSS 1000mm OAL,Guhring Aus Stock Reseller,
299 16.000,Extra length drills-taper shank HSS 1000mm OAL,Guhring Aus Stock Reseller,
299 18.000,Extra length drills-taper shank HSS 1000mm OAL,Guhring Aus Stock Reseller,
301 0.100,Micro-precision drills HSS-E-PM,Guhring Aus Stock Reseller,
301 0.180,Micro-precision drills HSS-E-PM,Guhring Aus Stock Reseller,
301 0.200,Micro-precision drills HSS-E-PM,Guhring Aus Stock Reseller,
301 0.300,Micro-precision drills HSS-E-PM,Guhring Aus Stock Reseller,
301 0.400,Micro-precision drills HSS-E-PM,Guhring Aus Stock Reseller,
301 0.500,Micro-precision drills HSS-E-PM,Guhring Aus Stock Reseller,
301 0.600,Micro-precision drills HSS-E-PM,Guhring Aus Stock Reseller,
301 0.700,Micro-precision drills HSS-E-PM,Guhring Aus Stock Reseller,
301 0.800,Micro-precision drills HSS-E-PM,Guhring Aus Stock Reseller,
301 0.900,Micro-precision drills HSS-E-PM,Guhring Aus Stock Reseller,
301 1.000,Micro-precision drills HSS-E-PM,Guhring Aus Stock Reseller,
301 1.100,Micro-precision drills HSS-E-PM,Guhring Aus Stock Reseller,
301 1.200,Micro-precision drills HSS-E-PM,Guhring Aus Stock Reseller,
301 1.300,Micro-precision drills HSS-E-PM,Guhring Aus Stock Reseller,
301 1.400,Micro-precision drills HSS-E-PM,Guhring Aus Stock Reseller,
301 1.500,Micro-precision drills HSS-E-PM,Guhring Aus Stock Reseller,
301 1.600,Micro-precision drills HSS-E-PM,Guhring Aus Stock Reseller,
301 1.700,Micro-precision drills HSS-E-PM,Guhring Aus Stock Reseller,
301 1.800,Micro-precision drills HSS-E-PM,Guhring Aus Stock Reseller,
301 1.900,Micro-precision drills HSS-E-PM,Guhring Aus Stock Reseller,
336 1.000,Long Series Twist drills HSCO,Guhring Aus Stock Reseller,
336 1.500,Long Series Twist drills HSCO,Guhring Aus Stock Reseller,
336 2.000,Long Series Twist drills HSCO,Guhring Aus Stock Reseller,
336 2.500,Long Series Twist drills HSCO,Guhring Aus Stock Reseller,
336 2.700,Long Series Twist drills HSCO,Guhring Aus Stock Reseller,
336 2.800,Long Series Twist drills HSCO,Guhring Aus Stock Reseller,
336 3.000,Long Series Twist drills HSCO,Guhring Aus Stock Reseller,
336 3.170,Long Series Twist drills HSCO 1/8,Guhring Aus Stock Reseller,
336 3.300,Long Series Twist drills HSCO,Guhring Aus Stock Reseller,
336 3.400,Long Series Twist drills HSCO,Guhring Aus Stock Reseller,
336 3.500,Long Series Twist drills HSCO,Guhring Aus Stock Reseller,
336 3.570,Long Series Twist drills HSCO 9/64,Guhring Aus Stock Reseller,
336 3.970,Long Series Twist drills HSCO 5/32,Guhring Aus Stock Reseller,
336 4.000,Long Series Twist drills HSCO,Guhring Aus Stock Reseller,
336 4.200,Long Series Twist drills HSCO,Guhring Aus Stock Reseller,
336 4.370,Long Series Twist drills HSCO 11/64,Guhring Aus Stock Reseller,
336 4.500,Long Series Twist drills HSCO,Guhring Aus Stock Reseller,
336 5.000,Long Series Twist drills HSCO,Guhring Aus Stock Reseller,
336 5.500,Long Series Twist drills HSCO,Guhring Aus Stock Reseller,
336 5.800,Long Series Twist drills HSCO,Guhring Aus Stock Reseller,
336 5.950,Long Series Twist drills HSCO 15/64,Guhring Aus Stock Reseller,
336 6.000,Long Series Twist drills HSCO,Guhring Aus Stock Reseller,
336 6.350,Long Series Twist drills HSCO 1/4,Guhring Aus Stock Reseller,
336 6.500,Long Series Twist drills HSCO,Guhring Aus Stock Reseller,
336 6.700,Long Series Twist drills HSCO,Guhring Aus Stock Reseller,
336 6.750,Long Series Twist drills HSCO 17/64,Guhring Aus Stock Reseller,
336 6.800,Long Series Twist drills HSCO,Guhring Aus Stock Reseller,
336 6.900,Long Series Twist drills HSCO,Guhring Aus Stock Reseller,
336 7.000,Long Series Twist drills HSCO,Guhring Aus Stock Reseller,
336 7.200,Long Series Twist drills HSCO,Guhring Aus Stock Reseller,
336 7.500,Long Series Twist drills HSCO,Guhring Aus Stock Reseller,
336 7.540,Long Series Twist drills HSCO 19/64,Guhring Aus Stock Reseller,
336 7.940,Long Series Twist drills HSCO 5/16,Guhring Aus Stock Reseller,
336 8.000,Long Series Twist drills HSCO,Guhring Aus Stock Reseller,
336 8.100,Long Series Twist drills HSCO,Guhring Aus Stock Reseller,
336 8.500,Long Series Twist drills HSCO,Guhring Aus Stock Reseller,
336 8.730,Long Series Twist drills HSCO 11/32,Guhring Aus Stock Reseller,
336 9.000,Long Series Twist drills HSCO,Guhring Aus Stock Reseller,
336 9.500,Long Series Twist drills HSCO,Guhring Aus Stock Reseller,
336 9.520,Long Series Twist drills HSCO 3/8,Guhring Aus Stock Reseller,
336 9.700,Long Series Twist drills HSCO,Guhring Aus Stock Reseller,
336 9.800,Long Series Twist drills HSCO,Guhring Aus Stock Reseller,
336 9.900,Long Series Twist drills HSCO,Guhring Aus Stock Reseller,
336 10.000,Long Series Twist drills HSCO,Guhring Aus Stock Reseller,
336 10.200,Long Series Twist drills HSCO,Guhring Aus Stock Reseller,
336 10.500,Long Series Twist drills HSCO,Guhring Aus Stock Reseller,
336 11.000,Long Series Twist drills HSCO,Guhring Aus Stock Reseller,
336 11.500,Long Series Twist drills HSCO,Guhring Aus Stock Reseller,
336 12.000,Long Series Twist drills HSCO,Guhring Aus Stock Reseller,
336 12.500,Long Series Twist drills HSCO,Guhring Aus Stock Reseller,
336 13.000,Long Series Twist drills HSCO,Guhring Aus Stock Reseller,
336 13.500,Long Series Twist drills HSCO,Guhring Aus Stock Reseller,
380 3.400,Step drills for tapping hole M3 HSS,Guhring Aus Stock Reseller,
380 4.500,Step drills for tapping hole M4 HSS,Guhring Aus Stock Reseller,
380 5.500,Step drills for tapping hole M5 HSS,Guhring Aus Stock Reseller,
380 6.600,Step drills for tapping hole M6 HSS,Guhring Aus Stock Reseller,
380 9.000,Step drills for tapping hole M8 HSS,Guhring Aus Stock Reseller,
380 11.000,Step drills for tapping hole M10 HSS,Guhring Aus Stock Reseller,
380 13.500,Step drills for tapping hole M12 HSS,Guhring Aus Stock Reseller,
391 2.184,UNC Spiral Taps HSS-E  Blue Band TiAlN Coated No 2-56,Guhring Aus Stock Reseller,
391 2.845,UNC Spiral Taps HSS-E  Blue Band TiAlN Coated No 4-40,Guhring Aus Stock Reseller,
391 3.505,UNC Spiral Taps HSS-E  Blue Band TiAlN Coated No 6-32,Guhring Aus Stock Reseller,
391 4.166,UNC Spiral Taps HSS-E  Blue Band TiAlN Coated No 8-32,Guhring Aus Stock Reseller,
391 4.826,UNC Spiral Taps HSS-E  Blue Band TiAlN Coated No 10-24,Guhring Aus Stock Reseller,
391 5.486,UNC Spiral Taps HSS-E  Blue Band TiAlN Coated No12-24,Guhring Aus Stock Reseller,
391 6.350,UNC Spiral Taps HSS-E  Blue Band TiAlN Coated 1/4,Guhring Aus Stock Reseller,
391 7.938,UNC Spiral Taps HSS-E  Blue Band TiAlN Coated 5/16,Guhring Aus Stock Reseller,
391 9.525,UNC Spiral Taps HSS-E  Blue Band TiAlN Coated 3/8,Guhring Aus Stock Reseller,
391 11.113,UNC Spiral Taps HSS-E  Blue Band TiAlN Coated 7/16,Guhring Aus Stock Reseller,
391 12.700,UNC Spiral Taps HSS-E  Blue Band TiAlN Coated 1/2,Guhring Aus Stock Reseller,
391 14.288,UNC Spiral Taps HSS-E  Blue Band TiAlN Coated 9/16,Guhring Aus Stock Reseller,
391 15.875,UNC Spiral Taps HSS-E  Blue Band TiAlN Coated 5/8,Guhring Aus Stock Reseller,
391 19.050,UNC Spiral Taps HSS-E  Blue Band TiAlN Coated 3/4,Guhring Aus Stock Reseller,
391 22.225,UNC Spiral Taps HSS-E  Blue Band TiAlN Coated 7/8,Guhring Aus Stock Reseller,
391 25.400,"UNC Spiral Taps HSS-E  Blue Band TiAlN Coated 1""",Guhring Aus Stock Reseller,
392 2.184,UNF Spiral Taps HSS-E  Blue Band TiAlN Coated No 2-64,Guhring Aus Stock Reseller,
392 2.845,UNF Spiral Taps HSS-E  Blue Band TiAlN Coated No 4/48,Guhring Aus Stock Reseller,
392 3.505,UNF Spiral Taps HSS-E  Blue Band TiAlN Coated No 6-40,Guhring Aus Stock Reseller,
392 4.166,UNF Spiral Taps HSS-E  Blue Band TiAlN Coated No 8-36,Guhring Aus Stock Reseller,
392 4.826,UNF Spiral Taps HSS-E  Blue Band TiAlN Coated No 10-32,Guhring Aus Stock Reseller,
392 5.486,UNF Spiral Taps HSS-E  Blue Band TiAlN Coated No 12-28,Guhring Aus Stock Reseller,
392 6.350,UNF Spiral Taps HSS-E  Blue Band TiAlN Coated 1/4,Guhring Aus Stock Reseller,
392 7.938,UNF Spiral Taps HSS-E  Blue Band TiAlN Coated 5/16,Guhring Aus Stock Reseller,
392 9.525,UNF Spiral Taps HSS-E  Blue Band TiAlN Coated 3/8,Guhring Aus Stock Reseller,
392 12.700,UNF Spiral Taps HSS-E  Blue Band TiAlN Coated 1/2,Guhring Aus Stock Reseller,
392 14.288,UNF Spiral Taps HSS-E  Blue Band TiAlN Coated 9/16,Guhring Aus Stock Reseller,
392 15.875,UNF Spiral Taps HSS-E  Blue Band TiAlN Coated 5/8,Guhring Aus Stock Reseller,
392 19.050,UNF Spiral Taps HSS-E  Blue Band TiAlN Coated 3/4,Guhring Aus Stock Reseller,
392 22.225,UNF Spiral Taps HSS-E  Blue Band TiAlN Coated 7/8,Guhring Aus Stock Reseller,
392 25.400,"UNF Spiral Taps HSS-E  Blue Band TiAlN Coated 1""",Guhring Aus Stock Reseller,
393 2.000,Metric Spiral Tap HSS-E  Blue band TiAlN coated 6HX,Guhring Aus Stock Reseller,
393 2.500,Metric Spiral Tap HSS-E  Blue band TiAlN coated 6HX,Guhring Aus Stock Reseller,
393 3.000,Metric Spiral Tap HSS-E  Blue band TiAlN coated 6HX,Guhring Aus Stock Reseller,
393 4.000,Metric Spiral Tap HSS-E  Blue band TiAlN coated 6HX,Guhring Aus Stock Reseller,
393 5.000,Metric Spiral Tap HSS-E  Blue band TiAlN coated 6HX,Guhring Aus Stock Reseller,
393 6.000,Metric Spiral Tap HSS-E  Blue band TiAlN coated 6HX,Guhring Aus Stock Reseller,
393 8.000,Metric Spiral Tap HSS-E  Blue band TiAlN coated 6HX,Guhring Aus Stock Reseller,
393 10.000,Metric Spiral Tap HSS-E  Blue band TiAlN coated 6HX,Guhring Aus Stock Reseller,
393 12.000,Metric Spiral Tap HSS-E  Blue band TiAlN coated 6HX,Guhring Aus Stock Reseller,
393 14.000,Metric Spiral Tap HSS-E  Blue band TiAlN coated 6HX,Guhring Aus Stock Reseller,
393 16.000,Metric Spiral Tap HSS-E  Blue band TiAlN coated 6HX,Guhring Aus Stock Reseller,
393 18.000,Metric Spiral Tap HSS-E  Blue band TiAlN coated 6HX,Guhring Aus Stock Reseller,
393 20.000,Metric Spiral Tap HSS-E  Blue band TiAlN coated 6HX,Guhring Aus Stock Reseller,
393 24.000,Metric Spiral Tap HSS-E  Blue band TiAlN coated 6HX,Guhring Aus Stock Reseller,
393 30.000,Metric Spiral Tap HSS-E  Blue band TiAlN coated 6HX,Guhring Aus Stock Reseller,
393 36.000,Metric Spiral Tap HSS-E  Blue band TiAlN coated 6HX,Guhring Aus Stock Reseller,
395 7.723,BSP Spiral Tap HSS-E TiAlN coated Blue Band G 1/16,Guhring Aus Stock Reseller,
395 9.728,BSP Spiral Tap HSS-E TiAlN coated Blue Band G 1/8,Guhring Aus Stock Reseller,
395 13.157,BSP Spiral Tap HSS-E TiAlN coated Blue Band G 1/4,Guhring Aus Stock Reseller,
395 16.662,BSP Spiral Tap HSS-E TiAlN coated Blue Bandv G 3/8,Guhring Aus Stock Reseller,
395 20.955,BSP Spiral Tap HSS-E TiAlN coated Blue Band G 1/2,Guhring Aus Stock Reseller,
395 22.911,BSP Spiral Tap HSS-E TiAlN coated Blue Band G 5/8,Guhring Aus Stock Reseller,
395 26.441,BSP Spiral Tap HSS-E TiAlN coated Blue Band G 3/4,Guhring Aus Stock Reseller,
395 30.201,BSP Spiral Tap HSS-E TiAlN coated Blue Band G 7/8,Guhring Aus Stock Reseller,
395 33.249,"BSP Spiral Tap HSS-E TiAlN coated Blue Band G 1""",Guhring Aus Stock Reseller,
405 13.000,Machine Reamers Taper Shank HSS-E H7,Guhring Aus Stock Reseller,
405 14.000,Machine Reamers Taper Shank HSS-E H7,Guhring Aus Stock Reseller,
405 15.000,Machine Reamers Taper Shank HSS-E H7,Guhring Aus Stock Reseller,
405 16.000,Machine Reamers Taper Shank HSS-E H7,Guhring Aus Stock Reseller,
405 17.000,Machine Reamers Taper Shank HSS-E H7,Guhring Aus Stock Reseller,
405 18.000,Machine Reamers Taper Shank HSS-E H7,Guhring Aus Stock Reseller,
405 19.000,Machine Reamers Taper Shank HSS-E H7,Guhring Aus Stock Reseller,
405 20.000,Machine Reamers Taper Shank HSS-E H7,Guhring Aus Stock Reseller,
405 21.000,Machine Reamers Taper Shank HSS-E H7,Guhring Aus Stock Reseller,
405 22.000,Machine Reamers Taper Shank HSS-E H7,Guhring Aus Stock Reseller,
405 23.000,Machine Reamers Taper Shank HSS-E H7,Guhring Aus Stock Reseller,
405 24.000,Machine Reamers Taper Shank HSS-E H7,Guhring Aus Stock Reseller,
405 25.000,Machine Reamers Taper Shank HSS-E H7,Guhring Aus Stock Reseller,
405 26.000,Machine Reamers Taper Shank HSS-E H7,Guhring Aus Stock Reseller,
405 28.000,Machine Reamers Taper Shank HSS-E H7,Guhring Aus Stock Reseller,
405 30.000,Machine Reamers Taper Shank HSS-E H7,Guhring Aus Stock Reseller,
405 32.000,Machine Reamers Taper Shank HSS-E H7,Guhring Aus Stock Reseller,
405 34.000,Machine Reamers Taper Shank HSS-E H7,Guhring Aus Stock Reseller,
405 35.000,Machine Reamers Taper Shank HSS-E H7,Guhring Aus Stock Reseller,
405 36.000,Machine Reamers Taper Shank HSS-E H7,Guhring Aus Stock Reseller,
405 38.000,Machine Reamers Taper Shank HSS-E H7,Guhring Aus Stock Reseller,
405 40.000,Machine Reamers Taper Shank HSS-E H7,Guhring Aus Stock Reseller,
405 50.000,Machine Reamers Taper Shank HSS-E H7,Guhring Aus Stock Reseller,
413 5.000,Hand Reamers HSS H7,Guhring Aus Stock Reseller,
413 6.000,Hand Reamers HSS H7,Guhring Aus Stock Reseller,
413 7.000,Hand Reamers HSS H7,Guhring Aus Stock Reseller,
413 8.000,Hand Reamers HSS H7,Guhring Aus Stock Reseller,
413 9.000,Hand Reamers HSS H7,Guhring Aus Stock Reseller,
413 10.000,Hand Reamers HSS H7,Guhring Aus Stock Reseller,
413 11.000,Hand Reamers HSS H7,Guhring Aus Stock Reseller,
413 12.000,Hand Reamers HSS H7,Guhring Aus Stock Reseller,
413 13.000,Hand Reamers HSS H7,Guhring Aus Stock Reseller,
413 14.000,Hand Reamers HSS H7,Guhring Aus Stock Reseller,
413 15.000,Hand Reamers HSS H7,Guhring Aus Stock Reseller,
413 16.000,Hand Reamers HSS H7,Guhring Aus Stock Reseller,
413 17.000,Hand Reamers HSS H7,Guhring Aus Stock Reseller,
413 18.000,Hand Reamers HSS H7,Guhring Aus Stock Reseller,
413 19.000,Hand Reamers HSS H7,Guhring Aus Stock Reseller,
413 20.000,Hand Reamers HSS H7,Guhring Aus Stock Reseller,
468 4.000,Machine Chucking Reamers HSS-E H7,Guhring Aus Stock Reseller,
468 4.500,Machine Chucking Reamers HSS-E H7,Guhring Aus Stock Reseller,
468 5.000,Machine Chucking Reamers HSS-E H7,Guhring Aus Stock Reseller,
468 5.500,Machine Chucking Reamers HSS-E H7,Guhring Aus Stock Reseller,
468 6.000,Machine Chucking Reamers HSS-E H7,Guhring Aus Stock Reseller,
468 6.500,Machine Chucking Reamers HSS-E H7,Guhring Aus Stock Reseller,
468 7.000,Machine Chucking Reamers HSS-E H7,Guhring Aus Stock Reseller,
468 8.000,Machine Chucking Reamers HSS-E H7,Guhring Aus Stock Reseller,
468 9.000,Machine Chucking Reamers HSS-E H7,Guhring Aus Stock Reseller,
468 10.000,Machine Chucking Reamers HSS-E H7,Guhring Aus Stock Reseller,
468 11.000,Machine Chucking Reamers HSS-E H7,Guhring Aus Stock Reseller,
468 12.000,Machine Chucking Reamers HSS-E H7,Guhring Aus Stock Reseller,
468 13.000,Machine Chucking Reamers HSS-E H7,Guhring Aus Stock Reseller,
468 14.000,Machine Chucking Reamers HSS-E H7,Guhring Aus Stock Reseller,
468 15.000,Machine Chucking Reamers HSS-E H7,Guhring Aus Stock Reseller,
468 16.000,Machine Chucking Reamers HSS-E H7,Guhring Aus Stock Reseller,
468 17.000,Machine Chucking Reamers HSS-E H7,Guhring Aus Stock Reseller,
468 18.000,Machine Chucking Reamers HSS-E H7,Guhring Aus Stock Reseller,
468 19.000,Machine Chucking Reamers HSS-E H7,Guhring Aus Stock Reseller,
468 20.000,Machine Chucking Reamers HSS-E H7,Guhring Aus Stock Reseller,
472 6.300,60° Countersink HSS,Guhring Aus Stock Reseller,
472 8.000,60° Countersink HSS,Guhring Aus Stock Reseller,
472 12.500,60° Countersink HSS,Guhring Aus Stock Reseller,
472 16.000,60° Countersink HSS,Guhring Aus Stock Reseller,
472 20.000,60° Countersink HSS,Guhring Aus Stock Reseller,
472 25.000,60° Countersink HSS,Guhring Aus Stock Reseller,
476 4.300,90° Countersink HSS,Guhring Aus Stock Reseller,
476 5.000,90° Countersink HSS,Guhring Aus Stock Reseller,
476 5.300,90° Countersink HSS,Guhring Aus Stock Reseller,
476 6.300,90° Countersink HSS,Guhring Aus Stock Reseller,
476 8.000,90° Countersink HSS,Guhring Aus Stock Reseller,
476 8.300,90° Countersink HSS,Guhring Aus Stock Reseller,
476 10.000,90° Countersink HSS,Guhring Aus Stock Reseller,
476 10.400,90° Countersink HSS,Guhring Aus Stock Reseller,
476 12.400,90° Countersink HSS,Guhring Aus Stock Reseller,
476 15.000,90° Countersink HSS,Guhring Aus Stock Reseller,
476 16.500,90° Countersink HSS,Guhring Aus Stock Reseller,
476 19.000,90° Countersink HSS,Guhring Aus Stock Reseller,
476 20.500,90° Countersink HSS,Guhring Aus Stock Reseller,
476 25.000,90° Countersink HSS,Guhring Aus Stock Reseller,
476 26.000,90° Countersink HSS,Guhring Aus Stock Reseller,
476 28.000,90° Countersink HSS,Guhring Aus Stock Reseller,
476 30.000,90° Countersink HSS,Guhring Aus Stock Reseller,
476 31.000,90° Countersink HSS,Guhring Aus Stock Reseller,
477 31.000,90° Countersink Taper Shank HSS,Guhring Aus Stock Reseller,
477 34.000,90° Countersink Taper Shank HSS,Guhring Aus Stock Reseller,
477 37.000,90° Countersink Taper Shank HSS,Guhring Aus Stock Reseller,
477 40.000,90° Countersink Taper Shank HSS,Guhring Aus Stock Reseller,
477 50.000,90° Countersink Taper Shank HSS,Guhring Aus Stock Reseller,
477 63.000,90° Countersink Taper Shank HSS,Guhring Aus Stock Reseller,
482 4.300,M2 Counterbore HSS,Guhring Aus Stock Reseller,
482 6.000,M3 Counterbore HSS,Guhring Aus Stock Reseller,
482 8.000,M4 Counterbore HSS,Guhring Aus Stock Reseller,
482 10.000,M5 Counterbore HSS,Guhring Aus Stock Reseller,
482 11.000,M6 Counterbore HSS,Guhring Aus Stock Reseller,
482 15.000,M8 Counterbore HSS,Guhring Aus Stock Reseller,
482 18.000,M10 Counterbore HSS,Guhring Aus Stock Reseller,
482 20.000,M12 Counterbore HSS,Guhring Aus Stock Reseller,
485 26.000,M16 Counterbore Taper Shank HSS,Guhring Aus Stock Reseller,
485 30.000,M18 Counterbore Taper Shank HSS,Guhring Aus Stock Reseller,
485 33.000,M20 Counterbore Taper Shank HSS,Guhring Aus Stock Reseller,
485 40.000,M24 Counterbore Taper Shank HSS,Guhring Aus Stock Reseller,
495 3.000,Front/Back deburrer 90 degree TiAlN Coated,Guhring Aus Stock Reseller,
495 4.000,Front/Back deburrer 90 degree TiAlN Coated,Guhring Aus Stock Reseller,
495 5.000,Front/Back deburrer 90 degree TiAlN Coated,Guhring Aus Stock Reseller,
495 6.000,Front/Back deburrer 90 degree TiAlN Coated,Guhring Aus Stock Reseller,
495 8.000,Front/Back deburrer 90 degree TiAlN Coated,Guhring Aus Stock Reseller,
495 10.000,Front/Back deburrer 90 degree TiAlN Coated,Guhring Aus Stock Reseller,
495 12.000,Front/Back deburrer 90 degree TiAlN Coated,Guhring Aus Stock Reseller,
496 1.000,Machine Chucking Reamers HSS-E,Guhring Aus Stock Reseller,
496 1.020,Machine Chucking Reamers HSS-E,Guhring Aus Stock Reseller,
496 1.100,Machine Chucking Reamers HSS-E,Guhring Aus Stock Reseller,
496 1.200,Machine Chucking Reamers HSS-E,Guhring Aus Stock Reseller,
496 1.300,Machine Chucking Reamers HSS-E,Guhring Aus Stock Reseller,
496 1.320,Machine Chucking Reamers HSS-E,Guhring Aus Stock Reseller,
496 1.400,Machine Chucking Reamers HSS-E,Guhring Aus Stock Reseller,
496 1.500,Machine Chucking Reamers HSS-E,Guhring Aus Stock Reseller,
496 1.520,Machine Chucking Reamers HSS-E,Guhring Aus Stock Reseller,
496 1.590,Machine Chucking Reamers HSS-E,Guhring Aus Stock Reseller,
496 1.600,Machine Chucking Reamers HSS-E,Guhring Aus Stock Reseller,
496 1.700,Machine Chucking Reamers HSS-E,Guhring Aus Stock Reseller,
496 1.780,Machine Chucking Reamers HSS-E,Guhring Aus Stock Reseller,
496 1.800,Machine Chucking Reamers HSS-E,Guhring Aus Stock Reseller,
496 1.870,Machine Chucking Reamers HSS-E,Guhring Aus Stock Reseller,
496 1.900,Machine Chucking Reamers HSS-E,Guhring Aus Stock Reseller,
496 1.990,Machine Chucking Reamers HSS-E,Guhring Aus Stock Reseller,
496 2.000,Machine Chucking Reamers HSS-E,Guhring Aus Stock Reseller,
496 2.010,Machine Chucking Reamers HSS-E,Guhring Aus Stock Reseller,
496 2.020,Machine Chucking Reamers HSS-E,Guhring Aus Stock Reseller,
496 2.100,Machine Chucking Reamers HSS-E,Guhring Aus Stock Reseller,
496 2.200,Machine Chucking Reamers HSS-E,Guhring Aus Stock Reseller,
496 2.300,Machine Chucking Reamers HSS-E,Guhring Aus Stock Reseller,
496 2.380,Machine Chucking Reamers HSS-E 3/32,Guhring Aus Stock Reseller,
496 2.400,Machine Chucking Reamers HSS-E,Guhring Aus Stock Reseller,
496 2.490,Machine Chucking Reamers HSS-E,Guhring Aus Stock Reseller,
496 2.500,Machine Chucking Reamers HSS-E,Guhring Aus Stock Reseller,
496 2.520,Machine Chucking Reamers HSS-E,Guhring Aus Stock Reseller,
496 2.530,Machine Chucking Reamers HSS-E,Guhring Aus Stock Reseller,
496 2.600,Machine Chucking Reamers HSS-E,Guhring Aus Stock Reseller,
496 2.700,Machine Chucking Reamers HSS-E,Guhring Aus Stock Reseller,
496 2.800,Machine Chucking Reamers HSS-E,Guhring Aus Stock Reseller,
496 2.900,Machine Chucking Reamers HSS-E,Guhring Aus Stock Reseller,
496 2.960,Machine Chucking Reamers HSS-E,Guhring Aus Stock Reseller,
496 2.980,Machine Chucking Reamers HSS-E,Guhring Aus Stock Reseller,
496 2.990,Machine Chucking Reamers HSS-E,Guhring Aus Stock Reseller,
496 3.000,Machine Chucking Reamers HSS-E,Guhring Aus Stock Reseller,
496 3.010,Machine Chucking Reamers HSS-E,Guhring Aus Stock Reseller,
496 3.020,Machine Chucking Reamers HSS-E,Guhring Aus Stock Reseller,
496 3.100,Machine Chucking Reamers HSS-E,Guhring Aus Stock Reseller,
496 3.170,Machine Chucking Reamers HSS-E 1/8,Guhring Aus Stock Reseller,
496 3.180,Machine Chucking Reamers HSS-E,Guhring Aus Stock Reseller,
496 3.200,Machine Chucking Reamers HSS-E,Guhring Aus Stock Reseller,
496 3.300,Machine Chucking Reamers HSS-E,Guhring Aus Stock Reseller,
496 3.370,Machine Chucking Reamers HSS-E,Guhring Aus Stock Reseller,
496 3.380,Machine Chucking Reamers HSS-E,Guhring Aus Stock Reseller,
496 3.400,Machine Chucking Reamers HSS-E,Guhring Aus Stock Reseller,
496 3.480,Machine Chucking Reamers HSS-E,Guhring Aus Stock Reseller,
496 3.500,Machine Chucking Reamers HSS-E,Guhring Aus Stock Reseller,
496 3.520,Machine Chucking Reamers HSS-E,Guhring Aus Stock Reseller,
496 3.570,Machine Chucking Reamers HSS-E 9/64,Guhring Aus Stock Reseller,
496 3.600,Machine Chucking Reamers HSS-E,Guhring Aus Stock Reseller,
496 3.700,Machine Chucking Reamers HSS-E,Guhring Aus Stock Reseller,
496 3.730,Machine Chucking Reamers HSS-E,Guhring Aus Stock Reseller,
496 3.760,Machine Chucking Reamers HSS-E,Guhring Aus Stock Reseller,
496 3.800,Machine Chucking Reamers HSS-E,Guhring Aus Stock Reseller,
496 3.900,Machine Chucking Reamers HSS-E,Guhring Aus Stock Reseller,
496 3.970,Machine Chucking Reamers HSS-E 5/32,Guhring Aus Stock Reseller,
496 3.980,Machine Chucking Reamers HSS-E,Guhring Aus Stock Reseller,
496 3.990,Machine Chucking Reamers HSS-E,Guhring Aus Stock Reseller,
496 4.010,Machine Chucking Reamers HSS-E,Guhring Aus Stock Reseller,
496 4.020,Machine Chucking Reamers HSS-E,Guhring Aus Stock Reseller,
496 4.030,Machine Chucking Reamers HSS-E,Guhring Aus Stock Reseller,
496 4.100,Machine Chucking Reamers HSS-E,Guhring Aus Stock Reseller,
496 4.150,Machine Chucking Reamers HSS-E,Guhring Aus Stock Reseller,
496 4.200,Machine Chucking Reamers HSS-E,Guhring Aus Stock Reseller,
496 4.300,Machine Chucking Reamers HSS-E,Guhring Aus Stock Reseller,
496 4.370,Machine Chucking Reamers HSS-E 11/64,Guhring Aus Stock Reseller,
496 4.400,Machine Chucking Reamers HSS-E,Guhring Aus Stock Reseller,
496 4.600,Machine Chucking Reamers HSS-E,Guhring Aus Stock Reseller,
496 4.700,Machine Chucking Reamers HSS-E,Guhring Aus Stock Reseller,
496 4.750,Machine Chucking Reamers HSS-E,Guhring Aus Stock Reseller,
496 4.760,Machine Chucking Reamers HSS-E 3/16,Guhring Aus Stock Reseller,
496 4.800,Machine Chucking Reamers HSS-E,Guhring Aus Stock Reseller,
496 4.900,Machine Chucking Reamers HSS-E,Guhring Aus Stock Reseller,
496 4.980,Machine Chucking Reamers HSS-E,Guhring Aus Stock Reseller,
496 4.990,Machine Chucking Reamers HSS-E,Guhring Aus Stock Reseller,
496 5.010,Machine Chucking Reamers HSS-E,Guhring Aus Stock Reseller,
496 5.020,Machine Chucking Reamers HSS-E,Guhring Aus Stock Reseller,
496 5.040,Machine Chucking Reamers HSS-E,Guhring Aus Stock Reseller,
496 5.100,Machine Chucking Reamers HSS-E,Guhring Aus Stock Reseller,
496 5.200,Machine Chucking Reamers HSS-E,Guhring Aus Stock Reseller,
496 5.300,Machine Chucking Reamers HSS-E,Guhring Aus Stock Reseller,
496 5.400,Machine Chucking Reamers HSS-E,Guhring Aus Stock Reseller,
496 5.500,Machine Chucking Reamers HSS-E,Guhring Aus Stock Reseller,
496 5.600,Machine Chucking Reamers HSS-E,Guhring Aus Stock Reseller,
496 5.700,Machine Chucking Reamers HSS-E,Guhring Aus Stock Reseller,
496 5.800,Machine Chucking Reamers HSS-E,Guhring Aus Stock Reseller,
496 5.900,Machine Chucking Reamers HSS-E,Guhring Aus Stock Reseller,
496 5.980,Machine Chucking Reamers HSS-E,Guhring Aus Stock Reseller,
496 5.990,Machine Chucking Reamers HSS-E,Guhring Aus Stock Reseller,
496 6.010,Machine Chucking Reamers HSS-E,Guhring Aus Stock Reseller,
496 6.020,Machine Chucking Reamers HSS-E,Guhring Aus Stock Reseller,
496 6.100,Machine Chucking Reamers HSS-E,Guhring Aus Stock Reseller,
496 6.200,Machine Chucking Reamers HSS-E,Guhring Aus Stock Reseller,
496 6.300,Machine Chucking Reamers HSS-E,Guhring Aus Stock Reseller,
496 6.340,Machine Chucking Reamers HSS-E,Guhring Aus Stock Reseller,
496 6.350,Machine Chucking Reamers HSS-E 1/4,Guhring Aus Stock Reseller,
496 6.370,Machine Chucking Reamers HSS-E,Guhring Aus Stock Reseller,
496 6.400,Machine Chucking Reamers HSS-E,Guhring Aus Stock Reseller,
496 6.500,Machine Chucking Reamers HSS-E,Guhring Aus Stock Reseller,
496 6.600,Machine Chucking Reamers HSS-E,Guhring Aus Stock Reseller,
496 6.700,Machine Chucking Reamers HSS-E,Guhring Aus Stock Reseller,
496 6.800,Machine Chucking Reamers HSS-E,Guhring Aus Stock Reseller,
496 6.900,Machine Chucking Reamers HSS-E,Guhring Aus Stock Reseller,
496 7.020,Machine Chucking Reamers HSS-E,Guhring Aus Stock Reseller,
496 7.100,Machine Chucking Reamers HSS-E,Guhring Aus Stock Reseller,
496 7.140,Machine Chucking Reamers HSS-E 9/32,Guhring Aus Stock Reseller,
496 7.200,Machine Chucking Reamers HSS-E,Guhring Aus Stock Reseller,
496 7.300,Machine Chucking Reamers HSS-E,Guhring Aus Stock Reseller,
496 7.400,Machine Chucking Reamers HSS-E,Guhring Aus Stock Reseller,
496 7.500,Machine Chucking Reamers HSS-E,Guhring Aus Stock Reseller,
496 7.600,Machine Chucking Reamers HSS-E,Guhring Aus Stock Reseller,
496 7.700,Machine Chucking Reamers HSS-E,Guhring Aus Stock Reseller,
496 7.800,Machine Chucking Reamers HSS-E,Guhring Aus Stock Reseller,
496 7.900,Machine Chucking Reamers HSS-E,Guhring Aus Stock Reseller,
496 7.930,Machine Chucking Reamers HSS-E,Guhring Aus Stock Reseller,
496 7.940,Machine Chucking Reamers HSS-E 5/16,Guhring Aus Stock Reseller,
496 7.980,Machine Chucking Reamers HSS-E,Guhring Aus Stock Reseller,
496 8.010,Machine Chucking Reamers HSS-E,Guhring Aus Stock Reseller,
496 8.020,Machine Chucking Reamers HSS-E,Guhring Aus Stock Reseller,
496 8.030,Machine Chucking Reamers HSS-E,Guhring Aus Stock Reseller,
496 8.100,Machine Chucking Reamers HSS-E,Guhring Aus Stock Reseller,
496 8.200,Machine Chucking Reamers HSS-E,Guhring Aus Stock Reseller,
496 8.300,Machine Chucking Reamers HSS-E,Guhring Aus Stock Reseller,
496 8.400,Machine Chucking Reamers HSS-E,Guhring Aus Stock Reseller,
496 8.500,Machine Chucking Reamers HSS-E,Guhring Aus Stock Reseller,
496 8.600,Machine Chucking Reamers HSS-E,Guhring Aus Stock Reseller,
496 8.700,Machine Chucking Reamers HSS-E,Guhring Aus Stock Reseller,
496 8.730,Machine Chucking Reamers HSS-E 11/32,Guhring Aus Stock Reseller,
496 8.800,Machine Chucking Reamers HSS-E,Guhring Aus Stock Reseller,
496 8.900,Machine Chucking Reamers HSS-E,Guhring Aus Stock Reseller,
496 8.960,Machine Chucking Reamers HSS-E,Guhring Aus Stock Reseller,
496 8.980,Machine Chucking Reamers HSS-E,Guhring Aus Stock Reseller,
496 9.100,Machine Chucking Reamers HSS-E,Guhring Aus Stock Reseller,
496 9.200,Machine Chucking Reamers HSS-E,Guhring Aus Stock Reseller,
496 9.300,Machine Chucking Reamers HSS-E,Guhring Aus Stock Reseller,
496 9.400,Machine Chucking Reamers HSS-E,Guhring Aus Stock Reseller,
496 9.500,Machine Chucking Reamers HSS-E,Guhring Aus Stock Reseller,
496 9.520,Machine Chucking Reamers HSS-E,Guhring Aus Stock Reseller,
496 9.530,Machine Chucking Reamers HSS-E,Guhring Aus Stock Reseller,
496 9.540,Machine Chucking Reamers HSS-E,Guhring Aus Stock Reseller,
496 9.600,Machine Chucking Reamers HSS-E,Guhring Aus Stock Reseller,
496 9.700,Machine Chucking Reamers HSS-E,Guhring Aus Stock Reseller,
496 9.800,Machine Chucking Reamers HSS-E,Guhring Aus Stock Reseller,
496 9.900,Machine Chucking Reamers HSS-E,Guhring Aus Stock Reseller,
496 9.980,Machine Chucking Reamers HSS-E,Guhring Aus Stock Reseller,
496 9.990,Machine Chucking Reamers HSS-E,Guhring Aus Stock Reseller,
496 10.010,Machine Chucking Reamers HSS-E,Guhring Aus Stock Reseller,
496 10.020,Machine Chucking Reamers HSS-E,Guhring Aus Stock Reseller,
496 10.030,Machine Chucking Reamers HSS-E,Guhring Aus Stock Reseller,
496 10.100,Machine Chucking Reamers HSS-E,Guhring Aus Stock Reseller,
496 10.200,Machine Chucking Reamers HSS-E,Guhring Aus Stock Reseller,
496 10.300,Machine Chucking Reamers HSS-E,Guhring Aus Stock Reseller,
496 10.320,Machine Chucking Reamers HSS-E,Guhring Aus Stock Reseller,
496 10.400,Machine Chucking Reamers HSS-E,Guhring Aus Stock Reseller,
496 10.500,Machine Chucking Reamers HSS-E,Guhring Aus Stock Reseller,
496 10.530,Machine Chucking Reamers HSS-E,Guhring Aus Stock Reseller,
496 10.600,Machine Chucking Reamers HSS-E,Guhring Aus Stock Reseller,
496 10.700,Machine Chucking Reamers HSS-E,Guhring Aus Stock Reseller,
496 10.800,Machine Chucking Reamers HSS-E,Guhring Aus Stock Reseller,
496 10.900,Machine Chucking Reamers HSS-E,Guhring Aus Stock Reseller,
496 11.020,Machine Chucking Reamers HSS-E,Guhring Aus Stock Reseller,
496 11.100,Machine Chucking Reamers HSS-E,Guhring Aus Stock Reseller,
496 11.110,Machine Chucking Reamers HSS-E 7/16,Guhring Aus Stock Reseller,
496 11.200,Machine Chucking Reamers HSS-E,Guhring Aus Stock Reseller,
496 11.300,Machine Chucking Reamers HSS-E,Guhring Aus Stock Reseller,
496 11.400,Machine Chucking Reamers HSS-E,Guhring Aus Stock Reseller,
496 11.500,Machine Chucking Reamers HSS-E,Guhring Aus Stock Reseller,
496 11.600,Machine Chucking Reamers HSS-E,Guhring Aus Stock Reseller,
496 11.700,Machine Chucking Reamers HSS-E,Guhring Aus Stock Reseller,
496 11.800,Machine Chucking Reamers HSS-E,Guhring Aus Stock Reseller,
496 11.900,Machine Chucking Reamers HSS-E,Guhring Aus Stock Reseller,
496 11.980,Machine Chucking Reamers HSS-E,Guhring Aus Stock Reseller,
496 11.990,Machine Chucking Reamers HSS-E,Guhring Aus Stock Reseller,
496 12.020,Machine Chucking Reamers HSS-E,Guhring Aus Stock Reseller,
496 12.040,Machine Chucking Reamers HSS-E,Guhring Aus Stock Reseller,
498 7.000,"Countersink set HSS, 6.3 - 20.5 mm, 6 pieces, BRIGHT",Guhring Aus Stock Reseller,
502 3.000,Extra length twist drills series 1 HSS,Guhring Aus Stock Reseller,
502 3.170,Extra length twist drills series 1 HSS 1/8,Guhring Aus Stock Reseller,
502 3.500,Extra length twist drills series 1 HSS,Guhring Aus Stock Reseller,
502 3.570,Extra length twist drills series 1 HSS 9/64,Guhring Aus Stock Reseller,
502 3.970,Extra length twist drills series 1 HSS 5/32,Guhring Aus Stock Reseller,
502 4.000,Extra length twist drills series 1 HSS,Guhring Aus Stock Reseller,
502 4.200,Extra length twist drills series 1 HSS,Guhring Aus Stock Reseller,
502 4.370,Extra length twist drills series 1 HSS 11/64,Guhring Aus Stock Reseller,
502 4.500,Extra length twist drills series 1 HSS,Guhring Aus Stock Reseller,
502 4.760,Extra length twist drills series 1 HSS 3/16,Guhring Aus Stock Reseller,
502 5.000,Extra length twist drills series 1 HSS,Guhring Aus Stock Reseller,
502 5.160,Extra length twist drills series 1 HSS 13/64,Guhring Aus Stock Reseller,
502 5.500,Extra length twist drills series 1 HSS,Guhring Aus Stock Reseller,
502 5.560,Extra length twist drills series 1 HSS 7/32,Guhring Aus Stock Reseller,
502 5.950,Extra length twist drills series 1 HSS 15/64,Guhring Aus Stock Reseller,
502 6.000,Extra length twist drills series 1 HSS,Guhring Aus Stock Reseller,
502 6.350,Extra length twist drills series 1 HSS 1/4,Guhring Aus Stock Reseller,
502 6.500,Extra length twist drills series 1 HSS,Guhring Aus Stock Reseller,
502 6.750,Extra length twist drills series 1 HSSm 17/64,Guhring Aus Stock Reseller,
502 6.800,Extra length twist drills series 1 HSS,Guhring Aus Stock Reseller,
502 7.000,Extra length twist drills series 1 HSS,Guhring Aus Stock Reseller,
502 7.500,Extra length twist drills series 1 HSS,Guhring Aus Stock Reseller,
502 7.540,Extra length twist drills series 1 HSS 19/64,Guhring Aus Stock Reseller,
502 7.940,Extra length twist drills series 1 HSS 5/16,Guhring Aus Stock Reseller,
502 8.000,Extra length twist drills series 1 HSS,Guhring Aus Stock Reseller,
502 8.500,Extra length twist drills series 1 HSS,Guhring Aus Stock Reseller,
502 8.730,Extra length twist drills series 1 HSS 11/32,Guhring Aus Stock Reseller,
502 9.000,Extra length twist drills series 1 HSS,Guhring Aus Stock Reseller,
502 9.500,Extra length twist drills series 1 HSS,Guhring Aus Stock Reseller,
502 9.520,Extra length twist drills series 1 HSS 3/8,Guhring Aus Stock Reseller,
502 10.000,Extra length twist drills series 1 HSS,Guhring Aus Stock Reseller,
502 10.500,Extra length twist drills series 1 HSS,Guhring Aus Stock Reseller,
502 11.000,Extra length twist drills series 1 HSS,Guhring Aus Stock Reseller,
502 11.500,Extra length twist drills series 1 HSS,Guhring Aus Stock Reseller,
502 12.000,Extra length twist drills series 1 HSS,Guhring Aus Stock Reseller,
502 12.500,Extra length twist drills series 1 HSS,Guhring Aus Stock Reseller,
502 12.700,Extra length twist drills series 1 HSS 1/2,Guhring Aus Stock Reseller,
502 13.000,Extra length twist drills series 1 HSS,Guhring Aus Stock Reseller,
503 2.000,Extra length twist drills series 2 HSS,Guhring Aus Stock Reseller,
503 3.000,Extra length twist drills series 2 HSS,Guhring Aus Stock Reseller,
503 3.170,Extra length twist drills series 2 HSS 1/8,Guhring Aus Stock Reseller,
503 3.500,Extra length twist drills series 2 HSS,Guhring Aus Stock Reseller,
503 3.570,Extra length twist drills series 2 HSS,Guhring Aus Stock Reseller,
503 3.970,Extra length twist drills series 2 HSS 5/32,Guhring Aus Stock Reseller,
503 4.000,Extra length twist drills series 2 HSS,Guhring Aus Stock Reseller,
503 4.370,Extra length twist drills series 2 HSS 11/64,Guhring Aus Stock Reseller,
503 4.760,Extra length twist drills series 2 HSS 3/16,Guhring Aus Stock Reseller,
503 5.000,Extra length twist drills series 2 HSS,Guhring Aus Stock Reseller,
503 5.160,Extra length twist drills series 2 HSS 13/64,Guhring Aus Stock Reseller,
503 5.500,Extra length twist drills series 2 HSS,Guhring Aus Stock Reseller,
503 6.000,Extra length twist drills series 2 HSS,Guhring Aus Stock Reseller,
503 6.350,Extra length twist drills series 2 HSS 1/4,Guhring Aus Stock Reseller,
503 6.500,Extra length twist drills series 2 HSS,Guhring Aus Stock Reseller,
503 7.000,Extra length twist drills series 2 HSS,Guhring Aus Stock Reseller,
503 7.140,Extra length twist drills series 2 HSS 9/32,Guhring Aus Stock Reseller,
503 7.500,Extra length twist drills series 2 HSS,Guhring Aus Stock Reseller,
503 7.940,Extra length twist drills series 2 HSS,Guhring Aus Stock Reseller,
503 8.000,Extra length twist drills series 2 HSS,Guhring Aus Stock Reseller,
503 8.330,Extra length twist drills series 2 HSS 21/64,Guhring Aus Stock Reseller,
503 8.730,Extra length twist drills series 2 HSS 11/32,Guhring Aus Stock Reseller,
503 9.000,Extra length twist drills series 2 HSS,Guhring Aus Stock Reseller,
503 9.520,Extra length twist drills series 2 HSS 3/8,Guhring Aus Stock Reseller,
503 10.000,Extra length twist drills series 2 HSS,Guhring Aus Stock Reseller,
503 10.720,Extra length twist drills series 2 HSS 27/64,Guhring Aus Stock Reseller,
503 11.000,Extra length twist drills series 2 HSS,Guhring Aus Stock Reseller,
503 11.110,Extra length twist drills series 2 HSS 7/16,Guhring Aus Stock Reseller,
503 12.000,Extra length twist drills series 2 HSS,Guhring Aus Stock Reseller,
503 12.700,Extra length twist drills series 2 HSS 1/2,Guhring Aus Stock Reseller,
503 13.000,Extra length twist drills series 2 HSS,Guhring Aus Stock Reseller,
504 3.000,Extra length twist drills series 3 HSS,Guhring Aus Stock Reseller,
504 3.170,Extra length twist drills series 3 HSS 1/8,Guhring Aus Stock Reseller,
504 3.500,Extra length twist drills series 3 HSS,Guhring Aus Stock Reseller,
504 3.970,Extra length twist drills series 3 HSS 5/32,Guhring Aus Stock Reseller,
504 4.000,Extra length twist drills series 3 HSS,Guhring Aus Stock Reseller,
504 4.370,Extra length twist drills series 3 HSS 11/64,Guhring Aus Stock Reseller,
504 4.760,Extra length twist drills series 3 HSS 3/16,Guhring Aus Stock Reseller,
504 5.000,Extra length twist drills series 3 HSS,Guhring Aus Stock Reseller,
504 5.500,Extra length twist drills series 3 HSS,Guhring Aus Stock Reseller,
504 6.000,Extra length twist drills series 3 HSS,Guhring Aus Stock Reseller,
504 6.350,Extra length twist drills series 3 HSS 1/4,Guhring Aus Stock Reseller,
504 6.500,Extra length twist drills series 3 HSS,Guhring Aus Stock Reseller,
504 6.750,Extra length twist drills series 3 HSS 27/64,Guhring Aus Stock Reseller,
504 7.000,Extra length twist drills series 3 HSS,Guhring Aus Stock Reseller,
504 7.140,Extra length twist drills series 3 HSS 9/32,Guhring Aus Stock Reseller,
504 7.500,Extra length twist drills series 3 HSS,Guhring Aus Stock Reseller,
504 7.940,Extra length twist drills series 3 HSS 5/16,Guhring Aus Stock Reseller,
504 8.000,Extra length twist drills series 3 HSS,Guhring Aus Stock Reseller,
504 8.330,Extra length twist drills series 3 HSS 21/64,Guhring Aus Stock Reseller,
504 8.730,Extra length twist drills series 3 HSS 11/32,Guhring Aus Stock Reseller,
504 9.000,Extra length twist drills series 3 HSS,Guhring Aus Stock Reseller,
504 9.520,Extra length twist drills series 3 HSS 3/8,Guhring Aus Stock Reseller,
504 10.000,Extra length twist drills series 3 HSS,Guhring Aus Stock Reseller,
504 10.320,Extra length twist drills series 3 HSS 13/32,Guhring Aus Stock Reseller,
504 10.500,Extra length twist drills series 3 HSS,Guhring Aus Stock Reseller,
504 11.000,Extra length twist drills series 3 HSS,Guhring Aus Stock Reseller,
504 11.110,Extra length twist drills series 3 HSS 7/16,Guhring Aus Stock Reseller,
504 12.000,Extra length twist drills series 3 HSS,Guhring Aus Stock Reseller,
504 13.000,Extra length twist drills series 3 HSS,Guhring Aus Stock Reseller,
526 12.000,Xtra length drill-taper shank ser 1 HSS,Guhring Aus Stock Reseller,
526 13.000,Xtra length drill-taper shank ser 1 HSS,Guhring Aus Stock Reseller,
526 14.000,Xtra length drill-taper shank ser 1 HSS,Guhring Aus Stock Reseller,
526 15.000,Xtra length drill-taper shank ser 1 HSS,Guhring Aus Stock Reseller,
526 16.000,Xtra length drill-taper shank ser 1 HSS,Guhring Aus Stock Reseller,
526 17.000,Xtra length drill-taper shank ser 1 HSS,Guhring Aus Stock Reseller,
526 18.000,Xtra length drill-taper shank ser 1 HSS,Guhring Aus Stock Reseller,
526 19.000,Xtra length drill-taper shank ser 1 HSS,Guhring Aus Stock Reseller,
526 20.000,Xtra length drill-taper shank ser 1 HSS,Guhring Aus Stock Reseller,
527 12.000,Xtra length drill-taper shank ser 2 HSS,Guhring Aus Stock Reseller,
527 13.000,Xtra length drill-taper shank ser 2 HSS,Guhring Aus Stock Reseller,
527 14.000,Xtra length drill-taper shank ser 2 HSS,Guhring Aus Stock Reseller,
527 15.000,Xtra length drill-taper shank ser 2 HSS,Guhring Aus Stock Reseller,
527 16.000,Xtra length drill-taper shank ser 2 HSS,Guhring Aus Stock Reseller,
527 17.000,Xtra length drill-taper shank ser 2 HSS,Guhring Aus Stock Reseller,
527 18.000,Xtra length drill-taper shank ser 2 HSS,Guhring Aus Stock Reseller,
527 19.000,Xtra length drill-taper shank ser 2 HSS,Guhring Aus Stock Reseller,
527 20.000,Xtra length drill-taper shank ser 2 HSS,Guhring Aus Stock Reseller,
557 3.000,90 degree NC-spotting drill HSS,Guhring Aus Stock Reseller,
557 4.000,90 degree NC-spotting drill HSS,Guhring Aus Stock Reseller,
557 5.000,90 degree NC-spotting drill HSS,Guhring Aus Stock Reseller,
557 6.000,90 degree NC-spotting drill HSS,Guhring Aus Stock Reseller,
557 6.350,90 degree NC-spotting drill HSS 1/4,Guhring Aus Stock Reseller,
557 8.000,90 degree NC-spotting drill HSS,Guhring Aus Stock Reseller,
557 9.520,90 degree NC-spotting drill HSS 3/8,Guhring Aus Stock Reseller,
557 10.000,90 degree NC-spotting drill HSS,Guhring Aus Stock Reseller,
557 12.000,90 degree NC-spotting drill HSS,Guhring Aus Stock Reseller,
557 12.700,90 degree NC-spotting drill HSS 1/2,Guhring Aus Stock Reseller,
557 15.870,90 degree NC-spotting drill HSS 5/8,Guhring Aus Stock Reseller,
557 16.000,90 degree NC-spotting drill HSS,Guhring Aus Stock Reseller,
557 19.050,90 degree NC-spotting drill HSS 3/4,Guhring Aus Stock Reseller,
557 20.000,90 degree NC-spotting drill HSS,Guhring Aus Stock Reseller,
557 25.000,90 degree NC-spotting drill HSS 63/64,Guhring Aus Stock Reseller,
557 25.400,"90 degree NC-spotting drill HSS 1""",Guhring Aus Stock Reseller,
565 10.000,Extra length drills-taper shank HSS 425mm OAL,Guhring Aus Stock Reseller,
565 11.000,Extra length drills-taper shank HSS 425mm OAL,Guhring Aus Stock Reseller,
565 12.000,Extra length drills-taper shank HSS 425mm OAL,Guhring Aus Stock Reseller,
565 13.000,Extra length drills-taper shank HSS 425mm OAL,Guhring Aus Stock Reseller,
565 14.000,Extra length drills-taper shank HSS 425mm OAL,Guhring Aus Stock Reseller,
565 15.000,Extra length drills-taper shank HSS 425mm OAL,Guhring Aus Stock Reseller,
565 16.000,Extra length drills-taper shank HSS 425mm OAL,Guhring Aus Stock Reseller,
565 17.000,Extra length drills-taper shank HSS 425mm OAL,Guhring Aus Stock Reseller,
567 6.000,120 degree NC-spotting drill HSS TiN Coated,Guhring Aus Stock Reseller,
567 8.000,120 degree NC-spotting drill HSS TiN Coated,Guhring Aus Stock Reseller,
567 10.000,120 degree NC-spotting drill HSS TiN Coated,Guhring Aus Stock Reseller,
567 12.000,120 degree NC-spotting drill HSS TiN Coated,Guhring Aus Stock Reseller,
568 6.000,90 degree NC-spotting drill HSS TiN Coated,Guhring Aus Stock Reseller,
568 8.000,90 degree NC-spotting drill HSS TiN Coated,Guhring Aus Stock Reseller,
568 10.000,90 degree NC-spotting drill HSS TiN Coated,Guhring Aus Stock Reseller,
568 12.000,90 degree NC-spotting drill HSS TiN Coated,Guhring Aus Stock Reseller,
568 12.700,90 degree NC-spotting drill HSS TiN Coated,Guhring Aus Stock Reseller,
568 16.000,90 degree NC-spotting drill HSS TiN Coated,Guhring Aus Stock Reseller,
568 20.000,90 degree NC-spotting drill HSS TiN Coated,Guhring Aus Stock Reseller,
581 0.500,Centre drills without flat HSS,Guhring Aus Stock Reseller,
581 0.800,Centre drills without flat HSS,Guhring Aus Stock Reseller,
581 1.000,Centre drills without flat HSS,Guhring Aus Stock Reseller,
581 1.250,Centre drills without flat HSS (#1),Guhring Aus Stock Reseller,
581 1.600,Centre drills without flat HSS (#2),Guhring Aus Stock Reseller,
581 2.000,Centre drills without flat HSS,Guhring Aus Stock Reseller,
581 2.500,Centre drills without flat HSS  (#3),Guhring Aus Stock Reseller,
581 3.150,Centre drills without flat HSS  (#4),Guhring Aus Stock Reseller,
581 4.000,Centre drills without flat HSS  (#5),Guhring Aus Stock Reseller,
581 5.000,Centre drills without flat HSS,Guhring Aus Stock Reseller,
581 6.300,Centre drills without flat HSS (#6),Guhring Aus Stock Reseller,
581 8.000,Centre drills without flat HSS (#8),Guhring Aus Stock Reseller,
581 10.000,Centre drills without flat HSS,Guhring Aus Stock Reseller,
581 12.500,Centre drills without flat HSS,Guhring Aus Stock Reseller,
658 1.000,Jobber drill HSCO TiN Coated,Guhring Aus Stock Reseller,
658 1.200,Jobber drill HSCO TiN Coated,Guhring Aus Stock Reseller,
658 1.300,Jobber drill HSCO TiN Coated,Guhring Aus Stock Reseller,
658 1.400,Jobber drill HSCO TiN Coated,Guhring Aus Stock Reseller,
658 1.500,Jobber drill HSCO TiN Coated,Guhring Aus Stock Reseller,
658 1.600,Jobber drill HSCO TiN Coated,Guhring Aus Stock Reseller,
658 1.700,Jobber drill HSCO TiN Coated,Guhring Aus Stock Reseller,
658 1.800,Jobber drill HSCO TiN Coated,Guhring Aus Stock Reseller,
658 1.900,Jobber drill HSCO TiN Coated,Guhring Aus Stock Reseller,
658 2.000,Jobber drill HSCO TiN Coated,Guhring Aus Stock Reseller,
658 2.100,Jobber drill HSCO TiN Coated,Guhring Aus Stock Reseller,
658 2.200,Jobber drill HSCO TiN Coated,Guhring Aus Stock Reseller,
658 2.300,Jobber drill HSCO TiN Coated,Guhring Aus Stock Reseller,
658 2.400,Jobber drill HSCO TiN Coated,Guhring Aus Stock Reseller,
658 2.500,Jobber drill HSCO TiN Coated,Guhring Aus Stock Reseller,
658 2.600,Jobber drill HSCO TiN Coated,Guhring Aus Stock Reseller,
658 2.700,Jobber drill HSCO TiN Coated,Guhring Aus Stock Reseller,
658 2.800,Jobber drill HSCO TiN Coated,Guhring Aus Stock Reseller,
658 2.900,Jobber drill HSCO TiN Coated,Guhring Aus Stock Reseller,
658 3.000,Jobber drill HSCO TiN Coated,Guhring Aus Stock Reseller,
658 3.100,Jobber drill HSCO TiN Coated,Guhring Aus Stock Reseller,
658 3.200,Jobber drill HSCO TiN Coated,Guhring Aus Stock Reseller,
658 3.300,Jobber drill HSCO TiN Coated,Guhring Aus Stock Reseller,
658 3.400,Jobber drill HSCO TiN Coated,Guhring Aus Stock Reseller,
658 3.500,Jobber drill HSCO TiN Coated,Guhring Aus Stock Reseller,
658 3.600,Jobber drill HSCO TiN Coated,Guhring Aus Stock Reseller,
658 3.700,Jobber drill HSCO TiN Coated,Guhring Aus Stock Reseller,
658 3.800,Jobber drill HSCO TiN Coated,Guhring Aus Stock Reseller,
658 3.900,Jobber drill HSCO TiN Coated,Guhring Aus Stock Reseller,
658 4.000,Jobber drill HSCO TiN Coated,Guhring Aus Stock Reseller,
658 4.100,Jobber drill HSCO TiN Coated,Guhring Aus Stock Reseller,
658 4.200,Jobber drill HSCO TiN Coated,Guhring Aus Stock Reseller,
658 4.300,Jobber drill HSCO TiN Coated,Guhring Aus Stock Reseller,
658 4.500,Jobber drill HSCO TiN Coated,Guhring Aus Stock Reseller,
658 4.600,Jobber drill HSCO TiN Coated,Guhring Aus Stock Reseller,
658 4.700,Jobber drill HSCO TiN Coated,Guhring Aus Stock Reseller,
658 4.900,Jobber drill HSCO TiN Coated,Guhring Aus Stock Reseller,
658 5.000,Jobber drill HSCO TiN Coated,Guhring Aus Stock Reseller,
658 5.100,Jobber drill HSCO TiN Coated,Guhring Aus Stock Reseller,
658 5.200,Jobber drill HSCO TiN Coated,Guhring Aus Stock Reseller,
658 5.300,Jobber drill HSCO TiN Coated,Guhring Aus Stock Reseller,
658 5.400,Jobber drill HSCO TiN Coated,Guhring Aus Stock Reseller,
658 5.500,Jobber drill HSCO TiN Coated,Guhring Aus Stock Reseller,
658 5.600,Jobber drill HSCO TiN Coated,Guhring Aus Stock Reseller,
658 5.700,Jobber drill HSCO TiN Coated,Guhring Aus Stock Reseller,
658 5.800,Jobber drill HSCO TiN Coated,Guhring Aus Stock Reseller,
658 5.900,Jobber drill HSCO TiN Coated,Guhring Aus Stock Reseller,
658 6.000,Jobber drill HSCO TiN Coated,Guhring Aus Stock Reseller,
658 6.100,Jobber drill HSCO TiN Coated,Guhring Aus Stock Reseller,
658 6.200,Jobber drill HSCO TiN Coated,Guhring Aus Stock Reseller,
658 6.400,Jobber drill HSCO TiN Coated,Guhring Aus Stock Reseller,
658 6.500,Jobber drill HSCO TiN Coated,Guhring Aus Stock Reseller,
658 6.600,Jobber drill HSCO TiN Coated,Guhring Aus Stock Reseller,
658 6.700,Jobber drill HSCO TiN Coated,Guhring Aus Stock Reseller,
658 6.800,Jobber drill HSCO TiN Coated,Guhring Aus Stock Reseller,
658 6.900,Jobber drill HSCO TiN Coated,Guhring Aus Stock Reseller,
658 7.000,Jobber drill HSCO TiN Coated,Guhring Aus Stock Reseller,
658 7.200,Jobber drill HSCO TiN Coated,Guhring Aus Stock Reseller,
658 8.000,Jobber drill HSCO TiN Coated,Guhring Aus Stock Reseller,
658 8.100,Jobber drill HSCO TiN Coated,Guhring Aus Stock Reseller,
658 8.200,Jobber drill HSCO TiN Coated,Guhring Aus Stock Reseller,
658 8.300,Jobber drill HSCO TiN Coated,Guhring Aus Stock Reseller,
658 8.400,Jobber drill HSCO TiN Coated,Guhring Aus Stock Reseller,
658 8.600,Jobber drill HSCO TiN Coated,Guhring Aus Stock Reseller,
658 8.700,Jobber drill HSCO TiN Coated,Guhring Aus Stock Reseller,
658 8.730,Jobber drill HSCO TiN Coated,Guhring Aus Stock Reseller,
658 8.800,Jobber drill HSCO TiN Coated,Guhring Aus Stock Reseller,
658 8.900,Jobber drill HSCO TiN Coated,Guhring Aus Stock Reseller,
658 9.000,Jobber drill HSCO TiN Coated,Guhring Aus Stock Reseller,
658 9.100,Jobber drill HSCO TiN Coated,Guhring Aus Stock Reseller,
658 9.200,Jobber drill HSCO TiN Coated,Guhring Aus Stock Reseller,
658 9.300,Jobber drill HSCO TiN Coated,Guhring Aus Stock Reseller,
658 9.400,Jobber drill HSCO TiN Coated,Guhring Aus Stock Reseller,
658 9.500,Jobber drill HSCO TiN Coated,Guhring Aus Stock Reseller,
658 9.520,Jobber drill HSCO TiN Coated,Guhring Aus Stock Reseller,
658 9.600,Jobber drill HSCO TiN Coated,Guhring Aus Stock Reseller,
658 9.700,Jobber drill HSCO TiN Coated,Guhring Aus Stock Reseller,
658 9.800,Jobber drill HSCO TiN Coated,Guhring Aus Stock Reseller,
658 9.900,Jobber drill HSCO TiN Coated,Guhring Aus Stock Reseller,
658 9.920,Jobber drill HSCO TiN Coated,Guhring Aus Stock Reseller,
658 10.000,Jobber drill HSCO TiN Coated,Guhring Aus Stock Reseller,
658 10.100,Jobber drill HSCO TiN Coated,Guhring Aus Stock Reseller,
658 10.200,Jobber drill HSCO TiN Coated,Guhring Aus Stock Reseller,
658 10.300,Jobber drill HSCO TiN Coated,Guhring Aus Stock Reseller,
658 10.320,Jobber drill HSCO TiN Coated,Guhring Aus Stock Reseller,
658 10.400,Jobber drill HSCO TiN Coated,Guhring Aus Stock Reseller,
658 10.500,Jobber drill HSCO TiN Coated,Guhring Aus Stock Reseller,
658 10.700,Jobber drill HSCO TiN Coated,Guhring Aus Stock Reseller,
658 10.720,Jobber drill HSCO TiN Coated,Guhring Aus Stock Reseller,
658 10.800,Jobber drill HSCO TiN Coated,Guhring Aus Stock Reseller,
658 11.000,Jobber drill HSCO TiN Coated,Guhring Aus Stock Reseller,
658 11.110,Jobber drill HSCO TiN Coated,Guhring Aus Stock Reseller,
658 11.200,Jobber drill HSCO TiN Coated,Guhring Aus Stock Reseller,
658 11.500,Jobber drill HSCO TiN Coated,Guhring Aus Stock Reseller,
658 11.700,Jobber drill HSCO TiN Coated,Guhring Aus Stock Reseller,
658 11.800,Jobber drill HSCO TiN Coated,Guhring Aus Stock Reseller,
658 11.910,Jobber drill HSCO TiN Coated,Guhring Aus Stock Reseller,
658 12.000,Jobber drill HSCO TiN Coated,Guhring Aus Stock Reseller,
658 12.500,Jobber drill HSCO TiN Coated,Guhring Aus Stock Reseller,
658 12.800,Jobber drill HSCO TiN Coated,Guhring Aus Stock Reseller,
658 13.000,Jobber drill HSCO TiN Coated,Guhring Aus Stock Reseller,
658 13.500,Jobber drill HSCO TiN Coated,Guhring Aus Stock Reseller,
658 13.800,Jobber drill HSCO TiN Coated,Guhring Aus Stock Reseller,
658 14.000,Jobber drill HSCO TiN Coated,Guhring Aus Stock Reseller,
658 14.500,Jobber drill HSCO TiN Coated,Guhring Aus Stock Reseller,
658 15.000,Jobber drill HSCO TiN Coated,Guhring Aus Stock Reseller,
658 15.500,Jobber drill HSCO TiN Coated,Guhring Aus Stock Reseller,
658 16.000,Jobber drill HSCO TiN Coated,Guhring Aus Stock Reseller,
659 1.000,Stub drill HSCO TiN Coated,Guhring Aus Stock Reseller,
659 1.200,Stub drill HSCO TiN Coated,Guhring Aus Stock Reseller,
659 1.500,Stub drill HSCO TiN Coated,Guhring Aus Stock Reseller,
659 1.600,Stub drill HSCO TiN Coated,Guhring Aus Stock Reseller,
659 2.000,Stub drill HSCO TiN Coated,Guhring Aus Stock Reseller,
659 2.100,Stub drill HSCO TiN Coated,Guhring Aus Stock Reseller,
659 2.200,Stub drill HSCO TiN Coated,Guhring Aus Stock Reseller,
659 2.380,Stub drill HSCO TiN Coated 3/32,Guhring Aus Stock Reseller,
659 2.500,Stub drill HSCO TiN Coated,Guhring Aus Stock Reseller,
659 2.700,Stub drill HSCO TiN Coated,Guhring Aus Stock Reseller,
659 2.780,Stub drill HSCO TiN Coated 7/64,Guhring Aus Stock Reseller,
659 2.800,Stub drill HSCO TiN Coated,Guhring Aus Stock Reseller,
659 3.000,Stub drill HSCO TiN Coated,Guhring Aus Stock Reseller,
659 3.100,Stub drill HSCO TiN Coated,Guhring Aus Stock Reseller,
659 3.170,Stub drill HSCO TiN Coated 1/8,Guhring Aus Stock Reseller,
659 3.200,Stub drill HSCO TiN Coated,Guhring Aus Stock Reseller,
659 3.300,Stub drill HSCO TiN Coated,Guhring Aus Stock Reseller,
659 3.400,Stub drill HSCO TiN Coated,Guhring Aus Stock Reseller,
659 3.500,Stub drill HSCO TiN Coated,Guhring Aus Stock Reseller,
659 3.570,Stub drill HSCO TiN Coated 9/64,Guhring Aus Stock Reseller,
659 3.600,Stub drill HSCO TiN Coated,Guhring Aus Stock Reseller,
659 3.700,Stub drill HSCO TiN Coated,Guhring Aus Stock Reseller,
659 3.800,Stub drill HSCO TiN Coated,Guhring Aus Stock Reseller,
659 3.900,Stub drill HSCO TiN Coated,Guhring Aus Stock Reseller,
659 3.970,Stub drill HSCO TiN Coated 5/32,Guhring Aus Stock Reseller,
659 4.000,Stub drill HSCO TiN Coated,Guhring Aus Stock Reseller,
659 4.100,Stub drill HSCO TiN Coated,Guhring Aus Stock Reseller,
659 4.200,Stub drill HSCO TiN Coated,Guhring Aus Stock Reseller,
659 4.300,Stub drill HSCO TiN Coated,Guhring Aus Stock Reseller,
659 4.370,Stub drill HSCO TiN Coated 11/64,Guhring Aus Stock Reseller,
659 4.500,Stub drill HSCO TiN Coated,Guhring Aus Stock Reseller,
659 4.760,Stub drill HSCO TiN Coated 3/16,Guhring Aus Stock Reseller,
659 5.000,Stub drill HSCO TiN Coated,Guhring Aus Stock Reseller,
659 5.100,Stub drill HSCO TiN Coated,Guhring Aus Stock Reseller,
659 5.160,Stub drill HSCO TiN Coated 13/64,Guhring Aus Stock Reseller,
659 5.200,Stub drill HSCO TiN Coated,Guhring Aus Stock Reseller,
659 5.500,Stub drill HSCO TiN Coated,Guhring Aus Stock Reseller,
659 5.560,Stub drill HSCO TiN Coated 7/32,Guhring Aus Stock Reseller,
659 5.800,Stub drill HSCO TiN Coated,Guhring Aus Stock Reseller,
659 6.000,Stub drill HSCO TiN Coated,Guhring Aus Stock Reseller,
659 6.100,Stub drill HSCO TiN Coated,Guhring Aus Stock Reseller,
659 6.350,Stub drill HSCO TiN Coated 1/4,Guhring Aus Stock Reseller,
659 6.500,Stub drill HSCO TiN Coated,Guhring Aus Stock Reseller,
659 6.600,Stub drill HSCO TiN Coated,Guhring Aus Stock Reseller,
659 6.800,Stub drill HSCO TiN Coated,Guhring Aus Stock Reseller,
659 7.000,Stub drill HSCO TiN Coated,Guhring Aus Stock Reseller,
659 7.500,Stub drill HSCO TiN Coated,Guhring Aus Stock Reseller,
659 7.700,Stub drill HSCO TiN Coated,Guhring Aus Stock Reseller,
659 7.940,Stub drill HSCO TiN Coatedm 5/16,Guhring Aus Stock Reseller,
659 8.000,Stub drill HSCO TiN Coated,Guhring Aus Stock Reseller,
659 8.100,Stub drill HSCO TiN Coated,Guhring Aus Stock Reseller,
659 8.500,Stub drill HSCO TiN Coated,Guhring Aus Stock Reseller,
659 8.600,Stub drill HSCO TiN Coated,Guhring Aus Stock Reseller,
659 8.730,Stub drill HSCO TiN Coated 11/32,Guhring Aus Stock Reseller,
659 8.800,Stub drill HSCO TiN Coated,Guhring Aus Stock Reseller,
659 9.000,Stub drill HSCO TiN Coated,Guhring Aus Stock Reseller,
659 9.500,Stub drill HSCO TiN Coated,Guhring Aus Stock Reseller,
659 9.700,Stub drill HSCO TiN Coated,Guhring Aus Stock Reseller,
659 10.000,Stub drill HSCO TiN Coated,Guhring Aus Stock Reseller,
659 10.500,Stub drill HSCO TiN Coated,Guhring Aus Stock Reseller,
659 11.000,Stub drill HSCO TiN Coated,Guhring Aus Stock Reseller,
659 11.110,Stub drill HSCO TiN Coated 7/16,Guhring Aus Stock Reseller,
659 11.500,Stub drill HSCO TiN Coated,Guhring Aus Stock Reseller,
659 12.000,Stub drill HSCO TiN Coated,Guhring Aus Stock Reseller,
659 12.500,Stub drill HSCO TiN Coated,Guhring Aus Stock Reseller,
659 13.000,Stub drill HSCO TiN Coated,Guhring Aus Stock Reseller,
659 13.500,Stub drill HSCO TiN Coated,Guhring Aus Stock Reseller,
659 14.000,Stub drill HSCO TiN Coated,Guhring Aus Stock Reseller,
659 14.500,Stub drill HSCO TiN Coated,Guhring Aus Stock Reseller,
659 15.000,Stub drill HSCO TiN Coated,Guhring Aus Stock Reseller,
659 15.500,Stub drill HSCO TiN Coated,Guhring Aus Stock Reseller,
720 15.000,Machine Reamer Taper Shank Carbide Tipped H7,Guhring Aus Stock Reseller,
720 16.000,Machine Reamer Taper Shank Carbide Tipped H7,Guhring Aus Stock Reseller,
720 18.000,Machine Reamer Taper Shank Carbide Tipped H7,Guhring Aus Stock Reseller,
720 20.000,Machine Reamer Taper Shank Carbide Tipped H7,Guhring Aus Stock Reseller,
720 22.000,Machine Reamer Taper Shank Carbide Tipped H7,Guhring Aus Stock Reseller,
723 4.000,90 degree NC-spotting drill Carbide,Guhring Aus Stock Reseller,
723 5.000,90 degree NC-spotting drill Carbide,Guhring Aus Stock Reseller,
723 6.000,90 degree NC-spotting drill Carbide,Guhring Aus Stock Reseller,
723 8.000,90 degree NC-spotting drill Carbide,Guhring Aus Stock Reseller,
723 9.520,90 degree NC-spotting drill Carbide,Guhring Aus Stock Reseller,
723 10.000,90 degree NC-spotting drill Carbide,Guhring Aus Stock Reseller,
723 12.000,90 degree NC-spotting drill Carbide,Guhring Aus Stock Reseller,
723 12.700,90 degree NC-spotting drill Carbide,Guhring Aus Stock Reseller,
723 15.870,90 degree NC-spotting drill Carbide,Guhring Aus Stock Reseller,
723 16.000,90 degree NC-spotting drill Carbide,Guhring Aus Stock Reseller,
723 19.050,90 degree NC-spotting drill Carbide,Guhring Aus Stock Reseller,
723 20.000,90 degree NC-spotting drill Carbide,Guhring Aus Stock Reseller,
730 1.400,Stub drill Solid Carbide,Guhring Aus Stock Reseller,
730 1.700,Stub drill Solid Carbide,Guhring Aus Stock Reseller,
730 5.300,Stub drill Solid Carbide,Guhring Aus Stock Reseller,
730 5.400,Stub drill Solid Carbide,Guhring Aus Stock Reseller,
730 5.560,Stub drill Solid Carbide 7/32,Guhring Aus Stock Reseller,
730 5.600,Stub drill Solid Carbide,Guhring Aus Stock Reseller,
730 5.700,Stub drill Solid Carbide,Guhring Aus Stock Reseller,
730 5.900,Stub drill Solid Carbide,Guhring Aus Stock Reseller,
730 5.950,Stub drill Solid Carbide,Guhring Aus Stock Reseller,
730 6.100,Stub drill Solid Carbide,Guhring Aus Stock Reseller,
730 6.300,Stub drill Solid Carbide,Guhring Aus Stock Reseller,
730 6.600,Stub drill Solid Carbide,Guhring Aus Stock Reseller,
730 6.700,Stub drill Solid Carbide,Guhring Aus Stock Reseller,
730 7.100,Stub drill Solid Carbide,Guhring Aus Stock Reseller,
730 7.200,Stub drill Solid Carbide,Guhring Aus Stock Reseller,
730 7.400,Stub drill Solid Carbide,Guhring Aus Stock Reseller,
730 7.600,Stub drill Solid Carbide,Guhring Aus Stock Reseller,
730 7.700,Stub drill Solid Carbide,Guhring Aus Stock Reseller,
730 7.800,Stub drill Solid Carbide,Guhring Aus Stock Reseller,
730 7.900,Stub drill Solid Carbide,Guhring Aus Stock Reseller,
730 8.100,Stub drill Solid Carbide,Guhring Aus Stock Reseller,
730 8.200,Stub drill Solid Carbide,Guhring Aus Stock Reseller,
730 8.300,Stub drill Solid Carbide,Guhring Aus Stock Reseller,
730 8.700,Stub drill Solid Carbide,Guhring Aus Stock Reseller,
730 8.900,Stub drill Solid Carbide,Guhring Aus Stock Reseller,
730 9.100,Stub drill Solid Carbide,Guhring Aus Stock Reseller,
730 9.200,Stub drill Solid Carbide,Guhring Aus Stock Reseller,
730 9.300,Stub drill Solid Carbide,Guhring Aus Stock Reseller,
730 9.400,Stub drill Solid Carbide,Guhring Aus Stock Reseller,
730 9.600,Stub drill Solid Carbide,Guhring Aus Stock Reseller,
730 9.700,Stub drill Solid Carbide,Guhring Aus Stock Reseller,
730 9.800,Stub drill Solid Carbide,Guhring Aus Stock Reseller,
730 9.900,Stub drill Solid Carbide,Guhring Aus Stock Reseller,
730 10.720,Stub drill Solid Carbide 27/64,Guhring Aus Stock Reseller,
732 2.000,Jobber drill Solid Carbide,Guhring Aus Stock Reseller,
732 2.200,Jobber drill Solid Carbide,Guhring Aus Stock Reseller,
732 2.500,Jobber drill Solid Carbide,Guhring Aus Stock Reseller,
732 2.600,Jobber drill Solid Carbide,Guhring Aus Stock Reseller,
732 2.700,Jobber drill Solid Carbide,Guhring Aus Stock Reseller,
732 2.800,Jobber drill Solid Carbide,Guhring Aus Stock Reseller,
732 2.900,Jobber drill Solid Carbide,Guhring Aus Stock Reseller,
732 3.000,Jobber drill Solid Carbide,Guhring Aus Stock Reseller,
732 3.100,Jobber drill Solid Carbide,Guhring Aus Stock Reseller,
732 3.200,Jobber drill Solid Carbide,Guhring Aus Stock Reseller,
732 3.400,Jobber drill Solid Carbide,Guhring Aus Stock Reseller,
732 3.500,Jobber drill Solid Carbide,Guhring Aus Stock Reseller,
732 3.700,Jobber drill Solid Carbide,Guhring Aus Stock Reseller,
732 3.800,Jobber drill Solid Carbide,Guhring Aus Stock Reseller,
732 4.000,Jobber drill Solid Carbide,Guhring Aus Stock Reseller,
732 4.100,Jobber drill Solid Carbide,Guhring Aus Stock Reseller,
732 4.200,Jobber drill Solid Carbide,Guhring Aus Stock Reseller,
732 4.300,Jobber drill Solid Carbide,Guhring Aus Stock Reseller,
732 4.500,Jobber drill Solid Carbide,Guhring Aus Stock Reseller,
732 4.600,Jobber drill Solid Carbide,Guhring Aus Stock Reseller,
732 4.700,Jobber drill Solid Carbide,Guhring Aus Stock Reseller,
732 5.000,Jobber drill Solid Carbide,Guhring Aus Stock Reseller,
732 5.100,Jobber drill Solid Carbide,Guhring Aus Stock Reseller,
732 5.200,Jobber drill Solid Carbide,Guhring Aus Stock Reseller,
732 5.300,Jobber drill Solid Carbide,Guhring Aus Stock Reseller,
732 5.400,Jobber drill Solid Carbide,Guhring Aus Stock Reseller,
732 5.500,Jobber drill Solid Carbide,Guhring Aus Stock Reseller,
732 5.600,Jobber drill Solid Carbide,Guhring Aus Stock Reseller,
732 5.700,Jobber drill Solid Carbide,Guhring Aus Stock Reseller,
732 5.800,Jobber drill Solid Carbide,Guhring Aus Stock Reseller,
732 5.900,Jobber drill Solid Carbide,Guhring Aus Stock Reseller,
732 6.000,Jobber drill Solid Carbide,Guhring Aus Stock Reseller,
732 6.100,Jobber drill Solid Carbide,Guhring Aus Stock Reseller,
732 6.200,Jobber drill Solid Carbide,Guhring Aus Stock Reseller,
732 6.400,Jobber drill Solid Carbide,Guhring Aus Stock Reseller,
732 6.600,Jobber drill Solid Carbide,Guhring Aus Stock Reseller,
732 6.700,Jobber drill Solid Carbide,Guhring Aus Stock Reseller,
732 7.100,Jobber drill Solid Carbide,Guhring Aus Stock Reseller,
732 7.200,Jobber drill Solid Carbide,Guhring Aus Stock Reseller,
732 7.300,Jobber drill Solid Carbide,Guhring Aus Stock Reseller,
732 7.400,Jobber drill Solid Carbide,Guhring Aus Stock Reseller,
732 7.600,Jobber drill Solid Carbide,Guhring Aus Stock Reseller,
732 7.800,Jobber drill Solid Carbide,Guhring Aus Stock Reseller,
732 7.900,Jobber drill Solid Carbide,Guhring Aus Stock Reseller,
732 8.100,Jobber drill Solid Carbide,Guhring Aus Stock Reseller,
732 8.200,Jobber drill Solid Carbide,Guhring Aus Stock Reseller,
732 8.300,Jobber drill Solid Carbide,Guhring Aus Stock Reseller,
732 8.400,Jobber drill Solid Carbide,Guhring Aus Stock Reseller,
732 8.600,Jobber drill Solid Carbide,Guhring Aus Stock Reseller,
732 8.700,Jobber drill Solid Carbide,Guhring Aus Stock Reseller,
732 8.800,Jobber drill Solid Carbide,Guhring Aus Stock Reseller,
732 8.900,Jobber drill Solid Carbide,Guhring Aus Stock Reseller,
732 9.100,Jobber drill Solid Carbide,Guhring Aus Stock Reseller,
732 9.200,Jobber drill Solid Carbide,Guhring Aus Stock Reseller,
732 9.300,Jobber drill Solid Carbide,Guhring Aus Stock Reseller,
732 9.400,Jobber drill Solid Carbide,Guhring Aus Stock Reseller,
732 9.520,Jobber drill Solid Carbide 3/8,Guhring Aus Stock Reseller,
732 9.600,Jobber drill Solid Carbide,Guhring Aus Stock Reseller,
732 9.700,Jobber drill Solid Carbide,Guhring Aus Stock Reseller,
732 9.800,Jobber drill Solid Carbide,Guhring Aus Stock Reseller,
732 9.900,Jobber drill Solid Carbide,Guhring Aus Stock Reseller,
732 10.000,Jobber drill Solid Carbide,Guhring Aus Stock Reseller,
732 10.200,Jobber drill Solid Carbide,Guhring Aus Stock Reseller,
732 10.300,Jobber drill Solid Carbide,Guhring Aus Stock Reseller,
732 10.500,Jobber drill Solid Carbide,Guhring Aus Stock Reseller,
732 10.720,Jobber drill Solid Carbide,Guhring Aus Stock Reseller,
732 11.110,Jobber drill Solid Carbide,Guhring Aus Stock Reseller,
732 12.000,Jobber drill Solid Carbide,Guhring Aus Stock Reseller,
736 1.250,Center drills without flat Form A/R Carbide #1,Guhring Aus Stock Reseller,
736 1.600,Center drills without flat Form A/R Carbide #2,Guhring Aus Stock Reseller,
736 2.500,Center drills without flat Form A/R Carbide #3,Guhring Aus Stock Reseller,
736 3.150,Center drills without flat Form A/R Carbide #4,Guhring Aus Stock Reseller,
782 2.000,Metric Fluteless Taps  HSS-E,Guhring Aus Stock Reseller,
782 2.500,Metric Fluteless Taps  HSS-E,Guhring Aus Stock Reseller,
786 3.000,Spiral Tap HSS-E  Left hand Yellow band,Guhring Aus Stock Reseller,
786 4.000,Spiral Tap HSS-E  Left hand Yellow band,Guhring Aus Stock Reseller,
786 5.000,Spiral Tap HSS-E  Left hand Yellow band,Guhring Aus Stock Reseller,
786 6.000,Spiral Tap HSS-E  Left hand Yellow band,Guhring Aus Stock Reseller,
786 8.000,Spiral Tap HSS-E  Left hand Yellow band,Guhring Aus Stock Reseller,
786 10.000,Spiral Tap HSS-E  Left hand Yellow band,Guhring Aus Stock Reseller,
787 12.000,Spiral Tap HSS-E  Left hand Yellow band,Guhring Aus Stock Reseller,
787 14.000,Spiral Tap HSS-E  Left hand Yellow band,Guhring Aus Stock Reseller,
787 16.000,Spiral Tap HSS-E  Left hand Yellow band,Guhring Aus Stock Reseller,
787 20.000,Spiral Tap HSS-E  Left hand Yellow band,Guhring Aus Stock Reseller,
789 3.000,Gun Nose Tap HSS-E  Left hand Yellow band,Guhring Aus Stock Reseller,
789 4.000,Gun Nose Tap HSS-E  Left hand Yellow band,Guhring Aus Stock Reseller,
789 5.000,Gun Nose Tap HSS-E  Left hand Yellow band,Guhring Aus Stock Reseller,
789 6.000,Gun Nose Tap HSS-E  Left hand Yellow band,Guhring Aus Stock Reseller,
789 8.000,Gun Nose Tap HSS-E  Left hand Yellow band,Guhring Aus Stock Reseller,
789 10.000,Gun Nose Tap HSS-E  Left hand Yellow band,Guhring Aus Stock Reseller,
790 12.000,Gun Nose Tap HSS-E  Left hand Yellow band,Guhring Aus Stock Reseller,
790 16.000,Gun Nose Tap HSS-E  Left hand Yellow band,Guhring Aus Stock Reseller,
790 20.000,Gun Nose Tap HSS-E  Left hand Yellow band,Guhring Aus Stock Reseller,
793 3.000,Fluteless Taps  HSS-E  for Aluminium,Guhring Aus Stock Reseller,
793 3.500,Fluteless Taps  HSS-E  for Aluminium,Guhring Aus Stock Reseller,
793 4.000,Fluteless Taps  HSS-E  for Aluminium,Guhring Aus Stock Reseller,
793 5.000,Fluteless Taps  HSS-E  for Aluminium,Guhring Aus Stock Reseller,
793 6.000,Fluteless Taps  HSS-E  for Aluminium,Guhring Aus Stock Reseller,
793 8.000,Fluteless Taps  HSS-E  for Aluminium,Guhring Aus Stock Reseller,
793 10.000,Fluteless Taps  HSS-E  for Aluminium,Guhring Aus Stock Reseller,
803 1.400,Metric Gun Nose Taps HSS-E  Yellow band,Guhring Aus Stock Reseller,
803 1.600,Metric Gun Nose Taps HSS-E  Yellow band,Guhring Aus Stock Reseller,
803 2.000,Metric Gun Nose Taps HSS-E  Yellow band,Guhring Aus Stock Reseller,
803 2.500,Metric Gun Nose Taps HSS-E  Yellow band,Guhring Aus Stock Reseller,
803 3.000,Metric Gun Nose Taps HSS-E  Yellow band,Guhring Aus Stock Reseller,
804 2.000,Metric Gun Nose Taps HSS-E  Red Band,Guhring Aus Stock Reseller,
804 2.500,Metric Gun Nose Taps HSS-E  Red Band,Guhring Aus Stock Reseller,
804 3.000,Metric Gun Nose Taps HSS-E  Red Band,Guhring Aus Stock Reseller,
805 2.000,Metric Gun Nose Taps HSS-E  Black band,Guhring Aus Stock Reseller,
805 2.500,Metric Gun Nose Taps HSS-E  Black band,Guhring Aus Stock Reseller,
805 3.000,Metric Gun Nose Taps HSS-E  Black band,Guhring Aus Stock Reseller,
807 3.000,Metric Gun Nose Taps HSS-E  White band,Guhring Aus Stock Reseller,
810 2.000,Metric Spiral Taps HSS-E  Yellow band,Guhring Aus Stock Reseller,
810 2.500,Metric Spiral Taps HSS-E  Yellow band,Guhring Aus Stock Reseller,
810 3.000,Metric Spiral Taps HSS-E  Yellow band,Guhring Aus Stock Reseller,
811 2.000,Metric Spiral Taps PM HSS-E  Red Band,Guhring Aus Stock Reseller,
811 2.500,Metric Spiral Taps PM HSS-E  Red Band,Guhring Aus Stock Reseller,
811 3.000,Metric Spiral Taps PM HSS-E  Red Band,Guhring Aus Stock Reseller,
812 2.000,Metric Spiral Taps HSS-E  Black band,Guhring Aus Stock Reseller,
812 2.500,Metric Spiral Taps HSS-E  Black band,Guhring Aus Stock Reseller,
812 3.000,Metric Spiral Taps HSS-E  Black band,Guhring Aus Stock Reseller,
815 4.000,Metric Gun Nose Taps HSS-E  Yellow band,Guhring Aus Stock Reseller,
815 5.000,Metric Gun Nose Taps HSS-E  Yellow band,Guhring Aus Stock Reseller,
815 6.000,Metric Gun Nose Taps HSS-E  Yellow band,Guhring Aus Stock Reseller,
815 8.000,Metric Gun Nose Taps HSS-E  Yellow band,Guhring Aus Stock Reseller,
815 10.000,Metric Gun Nose Taps HSS-E  Yellow band,Guhring Aus Stock Reseller,
815 12.000,Metric Gun Nose Taps HSS-E  Yellow band,Guhring Aus Stock Reseller,
815 14.000,Metric Gun Nose Taps HSS-E  Yellow band,Guhring Aus Stock Reseller,
815 16.000,Metric Gun Nose Taps HSS-E  Yellow band,Guhring Aus Stock Reseller,
815 18.000,Metric Gun Nose Taps HSS-E  Yellow band,Guhring Aus Stock Reseller,
815 20.000,Metric Gun Nose Taps HSS-E  Yellow band,Guhring Aus Stock Reseller,
815 22.000,Metric Gun Nose Taps HSS-E  Yellow band,Guhring Aus Stock Reseller,
815 24.000,Metric Gun Nose Taps HSS-E  Yellow band,Guhring Aus Stock Reseller,
815 30.000,Metric Gun Nose Taps HSS-E  Yellow band,Guhring Aus Stock Reseller,
815 36.000,Metric Gun Nose Taps HSS-E  Yellow band,Guhring Aus Stock Reseller,
816 12.000,Metric Gun Nose Taps HSS-E  Red Band,Guhring Aus Stock Reseller,
816 14.000,Metric Gun Nose Taps HSS-E  Red Band,Guhring Aus Stock Reseller,
816 16.000,Metric Gun Nose Taps HSS-E  Red Band,Guhring Aus Stock Reseller,
816 18.000,Metric Gun Nose Taps HSS-E  Red Band,Guhring Aus Stock Reseller,
816 20.000,Metric Gun Nose Taps HSS-E  Red Band,Guhring Aus Stock Reseller,
817 12.000,Metric Gun Nose Taps HSS-E  Black band,Guhring Aus Stock Reseller,
822 3.000,Metric Spiral Taps HSS-E  Yellow band,Guhring Aus Stock Reseller,
822 4.000,Metric Spiral Taps HSS-E  Yellow band,Guhring Aus Stock Reseller,
822 5.000,Metric Spiral Taps HSS-E  Yellow band,Guhring Aus Stock Reseller,
822 6.000,Metric Spiral Taps HSS-E  Yellow band,Guhring Aus Stock Reseller,
822 8.000,Metric Spiral Taps HSS-E  Yellow band,Guhring Aus Stock Reseller,
822 10.000,Metric Spiral Taps HSS-E  Yellow band,Guhring Aus Stock Reseller,
822 12.000,Metric Spiral Taps HSS-E  Yellow band,Guhring Aus Stock Reseller,
822 14.000,Metric Spiral Taps HSS-E  Yellow band,Guhring Aus Stock Reseller,
822 16.000,Metric Spiral Taps HSS-E  Yellow band,Guhring Aus Stock Reseller,
822 20.000,Metric Spiral Taps HSS-E  Yellow band,Guhring Aus Stock Reseller,
823 12.000,Metric Spiral Taps HSS-E  Red Band,Guhring Aus Stock Reseller,
823 14.000,Metric Spiral Taps HSS-E  Red Band,Guhring Aus Stock Reseller,
823 16.000,Metric Spiral Taps HSS-E  Red Band,Guhring Aus Stock Reseller,
823 18.000,Metric Spiral Taps HSS-E  Red Band,Guhring Aus Stock Reseller,
823 20.000,Metric Spiral Taps HSS-E  Red Band,Guhring Aus Stock Reseller,
823 24.000,Metric Spiral Taps HSS-E  Red Band,Guhring Aus Stock Reseller,
823 30.000,Metric Spiral Taps HSS-E  Red Band,Guhring Aus Stock Reseller,
824 12.000,Metric Spiral Taps HSS-E  Black band,Guhring Aus Stock Reseller,
824 16.000,Metric Spiral Taps HSS-E  Black band,Guhring Aus Stock Reseller,
824 20.000,Metric Spiral Taps HSS-E  Black band,Guhring Aus Stock Reseller,
827 3.002,Fine pitch Gun nose tap HSS-E  Yellow band 0.35 Pitch,Guhring Aus Stock Reseller,
827 4.003,Fine pitch Gun nose tap HSS-E  Yellow band 0.5 Pitch,Guhring Aus Stock Reseller,
827 5.003,Fine pitch Gun nose tap HSS-E  Yellow band 0.5 Pitch,Guhring Aus Stock Reseller,
827 6.003,Fine pitch Gun nose tap HSS-E  Yellow band 0.5 Pitch,Guhring Aus Stock Reseller,
827 6.004,Fine pitch Gun nose tap HSS-E  Yellow band 0.75 Pitch,Guhring Aus Stock Reseller,
827 8.003,Fine pitch Gun nose tap HSS-E  Yellow band 0.5 Pitch,Guhring Aus Stock Reseller,
827 8.004,Fine pitch Gun nose tap HSS-E  Yellow band 0.75 Pitch,Guhring Aus Stock Reseller,
827 8.005,Fine pitch Gun nose tap HSS-E  Yellow band 1.0 Pitch,Guhring Aus Stock Reseller,
827 10.004,Fine pitch Gun nose tap HSS-E  Yellow band 0.75 Pitch,Guhring Aus Stock Reseller,
827 10.005,Fine pitch Gun nose tap HSS-E  Yellow band 1.0 Pitch,Guhring Aus Stock Reseller,
827 10.006,Fine pitch Gun nose tap HSS-E  Yellow band 1.25 Pitch,Guhring Aus Stock Reseller,
827 12.005,Fine pitch Gun nose tap HSS-E  Yellow band 1.0 Pitch,Guhring Aus Stock Reseller,
827 12.006,Fine pitch Gun nose tap HSS-E  Yellow band 1.25 Pitch,Guhring Aus Stock Reseller,
827 12.007,Fine pitch Gun nose tap HSS-E  Yellow band 1.5 Pitch,Guhring Aus Stock Reseller,
827 14.005,Fine pitch Gun nose tap HSS-E  Yellow band 1.0 Pitch,Guhring Aus Stock Reseller,
827 14.006,Fine pitch Gun nose tap HSS-E  Yellow band 1.25 Pitch,Guhring Aus Stock Reseller,
827 14.007,Fine pitch Gun nose tap HSS-E  Yellow band 1.5 Pitch,Guhring Aus Stock Reseller,
827 16.005,Fine pitch Gun nose tap HSS-E  Yellow band 1.0 Pitch,Guhring Aus Stock Reseller,
827 16.007,Fine pitch Gun nose tap HSS-E  Yellow band 1.5 Pitch,Guhring Aus Stock Reseller,
827 18.005,Fine pitch Gun nose tap HSS-E  Yellow band 1.0 Pitch,Guhring Aus Stock Reseller,
827 18.007,Fine pitch Gun nose tap HSS-E  Yellow band 1.5 Pitch,Guhring Aus Stock Reseller,
827 20.005,Fine pitch Gun nose tap HSS-E  Yellow band 1.0 Pitch,Guhring Aus Stock Reseller,
827 20.007,Fine pitch Gun nose tap HSS-E  Yellow band 1.5 Pitch,Guhring Aus Stock Reseller,
827 20.008,Fine pitch Gun nose tap HSS-E  Yellow band 2.0 Pitch,Guhring Aus Stock Reseller,
827 22.007,Fine pitch Gun nose tap HSS-E  Yellow band 1.5 Pitch,Guhring Aus Stock Reseller,
827 22.008,Fine pitch Gun nose tap HSS-E  Yellow band 2.0 Pitch,Guhring Aus Stock Reseller,
827 24.005,Fine pitch Gun nose tap HSS-E  Yellow band 1.0 Pitch,Guhring Aus Stock Reseller,
827 24.007,Fine pitch Gun nose tap HSS-E  Yellow band 1.5 Pitch,Guhring Aus Stock Reseller,
827 24.008,Fine pitch Gun nose tap HSS-E  Yellow band 2.0 Pitch,Guhring Aus Stock Reseller,
827 30.007,Fine pitch Gun nose tap HSS-E  Yellow band 1.5 Pitch,Guhring Aus Stock Reseller,
827 32.007,Fine pitch Gun nose tap HSS-E  Yellow band 1.5 Pitch,Guhring Aus Stock Reseller,
834 3.002,Fine pitch Spiral Tap HSS-E  Yellow band 3.5 Pitch,Guhring Aus Stock Reseller,
834 4.003,Fine pitch Spiral Tap HSS-E  Yellow band 0.5 Pitch,Guhring Aus Stock Reseller,
834 5.003,Fine pitch Spiral Tap HSS-E  Yellow band 0.5 Pitch,Guhring Aus Stock Reseller,
834 6.003,Fine pitch Spiral Tap HSS-E  Yellow band 0.5 Pitch,Guhring Aus Stock Reseller,
834 6.004,Fine pitch Spiral Tap HSS-E  Yellow band 0.75 Pitch,Guhring Aus Stock Reseller,
834 8.004,Fine pitch Spiral Tap HSS-E  Yellow band 0.75 Pitch,Guhring Aus Stock Reseller,
834 8.005,Fine pitch Spiral Tap HSS-E  Yellow band 1.0 Pitch,Guhring Aus Stock Reseller,
834 10.005,Fine pitch Spiral Tap HSS-E  Yellow band 1.0 Pitch,Guhring Aus Stock Reseller,
834 10.006,Fine pitch Spiral Tap HSS-E  Yellow band 1.25 Pitch,Guhring Aus Stock Reseller,
834 12.005,Fine pitch Spiral Tap HSS-E  Yellow band 1.0 Pitch,Guhring Aus Stock Reseller,
834 12.006,Fine pitch Spiral Tap HSS-E  Yellow band 1.25 Pitch,Guhring Aus Stock Reseller,
834 12.007,Fine pitch Spiral Tap HSS-E  Yellow band 1.5 Pitch,Guhring Aus Stock Reseller,
834 14.005,Fine pitch Spiral Tap HSS-E  Yellow band 1.0 Pitch,Guhring Aus Stock Reseller,
834 14.006,Fine pitch Spiral Tap HSS-E  Yellow band 1.25 Pitch,Guhring Aus Stock Reseller,
834 14.007,Fine pitch Spiral Tap HSS-E  Yellow band 1.5 Pitch,Guhring Aus Stock Reseller,
834 16.005,Fine pitch Spiral Tap HSS-E  Yellow band 1.0 Pitch,Guhring Aus Stock Reseller,
834 16.007,Fine pitch Spiral Tap HSS-E  Yellow band 1.5 Pitch,Guhring Aus Stock Reseller,
834 18.005,Fine pitch Spiral Tap HSS-E  Yellow band 1.0 Pitch,Guhring Aus Stock Reseller,
834 18.007,Fine pitch Spiral Tap HSS-E  Yellow band 1.5 Pitch,Guhring Aus Stock Reseller,
834 20.007,Fine pitch Spiral Tap HSS-E  Yellow band 1.5 Pitch,Guhring Aus Stock Reseller,
834 22.007,Fine pitch Spiral Tap HSS-E  Yellow band 1.5 Pitch,Guhring Aus Stock Reseller,
834 24.007,Fine pitch Spiral Tap HSS-E  Yellow band 1.5 Pitch,Guhring Aus Stock Reseller,
834 24.008,Fine pitch Spiral Tap HSS-E  Yellow band 2.0 Pitch,Guhring Aus Stock Reseller,
861 3.000,M3 x 0.5 3pce Hand Tap Set Metric  HSS,Guhring Aus Stock Reseller,
861 4.000,M4 x 0.7 3pce Hand Tap Set Metric  HSS,Guhring Aus Stock Reseller,
861 5.000,M5 x 0.8 3pce Hand Tap Set Metric  HSS,Guhring Aus Stock Reseller,
861 6.000,M 6 x 1 3pce Hand Tap Set Metric  HSS,Guhring Aus Stock Reseller,
861 8.000,M8x1.25 3pce Hand Tap Set Metric  HSS,Guhring Aus Stock Reseller,
861 10.000,M 10 x 1.5 3pce Hand Tap Set Metric HSS,Guhring Aus Stock Reseller,
861 12.000,M12x1.75 3pce Hand Tap Set Metric  HSS,Guhring Aus Stock Reseller,
861 14.000,M 14 x 2 3pce Hand Tap Set Metric  HSS,Guhring Aus Stock Reseller,
861 16.000,M 16 x 2  3pce Hand Tap Set Metric  HSS,Guhring Aus Stock Reseller,
861 18.000,M18x2.5  3pce Hand Tap Set Metric  HSS,Guhring Aus Stock Reseller,
861 20.000,M20x2.5 3pce Hand Tap Set Metric  HSS,Guhring Aus Stock Reseller,
861 24.000,M24 x 3 3pce Hand Tap Set Metric  HSS,Guhring Aus Stock Reseller,
862 3.000,M 3 x 0.5 1st hand tap Metric  HSS,Guhring Aus Stock Reseller,
862 4.000,M 4 x 0.7 1st hand tap Metric  HSS,Guhring Aus Stock Reseller,
862 5.000,M 5 x 0.8 1st hand tap Metric  HSS,Guhring Aus Stock Reseller,
862 6.000,M 6 x 1 1st hand tap Metric  HSS,Guhring Aus Stock Reseller,
862 8.000,M 8 x 1.25 1st hand tap Metric  HSS,Guhring Aus Stock Reseller,
862 10.000,M 10 x 1.5 1st hand tap Metric  HSS,Guhring Aus Stock Reseller,
862 12.000,M 12 x 1.75 1st hand tap Metric  HSS,Guhring Aus Stock Reseller,
862 14.000,M 14 x 2 1st hand tap Metric  HSS,Guhring Aus Stock Reseller,
862 16.000,M 16 x 2 1st handtap Metric  HSS,Guhring Aus Stock Reseller,
862 18.000,M 18 x 2.5 1st hand tap Metric  HSS,Guhring Aus Stock Reseller,
862 20.000,M 20 x 2.5 1st hand tap Metric  HSS,Guhring Aus Stock Reseller,
862 24.000,M 24 x 3 1st hand tap Metric  HSS,Guhring Aus Stock Reseller,
863 3.000,M 3 x 0.5 2nd hand tap Metric  HSS,Guhring Aus Stock Reseller,
863 4.000,M 4 x 0.7 2nd hand tap Metric  HSS,Guhring Aus Stock Reseller,
863 5.000,M 5 x 0.8 2nd hand tap Metric  HSS,Guhring Aus Stock Reseller,
863 6.000,M 6 x 1 2nd hand tap Metric  HSS,Guhring Aus Stock Reseller,
863 8.000,M 8 x 1.25 2nd hand tap Metric  HSS,Guhring Aus Stock Reseller,
863 10.000,M 10 x 1.5 2nd hand tap Metric  HSS,Guhring Aus Stock Reseller,
863 12.000,M 12 x 1.75 2nd hand tap Metric  HSS,Guhring Aus Stock Reseller,
863 14.000,M 14 x 2 2nd hand tap Metric  HSS,Guhring Aus Stock Reseller,
863 16.000,M 16 x 2 2nd hand tap Metric  HSS,Guhring Aus Stock Reseller,
863 18.000,M 18 x 2.5 2nd hand tap Metric  HSS,Guhring Aus Stock Reseller,
863 20.000,M 20 x 2.5 2nd hand tap Metric  HSS,Guhring Aus Stock Reseller,
863 24.000,M 24 x 3 2nd hand tap Metric  HSS,Guhring Aus Stock Reseller,
864 3.000,M 3 x 0.5 Bottoming Hand Tap  HSS,Guhring Aus Stock Reseller,
864 4.000,M 4 x 0.7 Bottoming Hand Tap  HSS,Guhring Aus Stock Reseller,
864 5.000,M 5 x 0.8 Bottoming Hand Tap  HSS,Guhring Aus Stock Reseller,
864 6.000,M 6 x 1 Bottoming Hand Tap  HSS,Guhring Aus Stock Reseller,
864 8.000,M 8 x 1.25 Bottoming Hand Tap  HSS,Guhring Aus Stock Reseller,
864 10.000,M 10 x 1.5 Bottoming Hand Tap  HSS,Guhring Aus Stock Reseller,
864 12.000,M 12 x 1.75 Bottoming Hand Tap  HSS,Guhring Aus Stock Reseller,
864 14.000,M 14 x 2 Bottoming Hand Tap  HSS,Guhring Aus Stock Reseller,
864 16.000,M 16 x 2 Bottoming Hand Tap  HSS,Guhring Aus Stock Reseller,
864 18.000,M 18 x 2.5 Bottoming Hand Tap  HSS,Guhring Aus Stock Reseller,
864 20.000,M 20 x 2.5 Bottoming Hand Tap  HSS,Guhring Aus Stock Reseller,
864 24.000,M 24 x 3 Bottoming Hand Tap  HSS,Guhring Aus Stock Reseller,
873 2.184,No. 2-56 UNC Gun Nose Taps HSS-E  Yellow band,Guhring Aus Stock Reseller,
873 2.515,No. 3-48 UNC Gun Nose Taps HSS-E  Yellow band,Guhring Aus Stock Reseller,
873 2.845,No. 4-40 UNC Gun Nose Taps HSS-E  Yellow band,Guhring Aus Stock Reseller,
873 3.175,No. 5-40 UNC Gun Nose Taps HSS-E  Yellow band,Guhring Aus Stock Reseller,
873 3.505,No. 6-32 UNC Gun Nose Taps HSS-E  Yellow band,Guhring Aus Stock Reseller,
873 4.166,No. 8-32 UNC Gun Nose Taps HSS-E  Yellow band,Guhring Aus Stock Reseller,
873 4.826,No. 10-24 UNC Gun Nose Taps HSS-E  Yellow band,Guhring Aus Stock Reseller,
873 6.350,1/4 x 20 UNC Gun Nose Taps HSS-E  Yellow band,Guhring Aus Stock Reseller,
873 7.938,5/16 x 18 UNC Gun Nose Taps HSS-E  Yellow band,Guhring Aus Stock Reseller,
873 9.525,3/8 x 16 UNC Gun Nose Taps HSS-E  Yellow band,Guhring Aus Stock Reseller,
876 2.184,No. 2-56 UNC Spiral Taps HSS-E  Yellow band,Guhring Aus Stock Reseller,
876 2.845,No. 4-40 UNC Spiral Taps HSS-E  Yellow band,Guhring Aus Stock Reseller,
876 3.175,No. 5-40 UNC Spiral Taps HSS-E  Yellow band deleted,Guhring Aus Stock Reseller,
876 3.505,No. 6-32 UNC Spiral Taps HSS-E  Yellow band,Guhring Aus Stock Reseller,
876 4.166,No. 8-32 UNC Spiral Taps HSS-E  Yellow band,Guhring Aus Stock Reseller,
876 4.826,No. 10-24 UNC Spiral Taps HSS-E  Yellow band,Guhring Aus Stock Reseller,
876 5.486,No. 12-24 UNC Spiral Taps HSS-E  Yellow band,Guhring Aus Stock Reseller,
876 6.350,1/4 x 20 UNC Spiral Taps HSS-E  Yellow band,Guhring Aus Stock Reseller,
876 7.938,5/16 x 18 UNC Spiral Taps HSS-E  Yellow band,Guhring Aus Stock Reseller,
876 9.525,3/8 x 16 UNC Spiral Taps HSS-E  Yellow band,Guhring Aus Stock Reseller,
877 2.000,Metric Gun Nose Taps PM HSS-E  Blue band,Guhring Aus Stock Reseller,
877 2.500,Metric Gun Nose Taps PM HSS-E  Blue band,Guhring Aus Stock Reseller,
877 3.000,Metric Gun Nose Taps PM HSS-E  Blue band,Guhring Aus Stock Reseller,
877 4.000,Metric Gun Nose Taps PM HSS-E  Blue band,Guhring Aus Stock Reseller,
877 5.000,Metric Gun Nose Taps PM HSS-E  Blue band,Guhring Aus Stock Reseller,
877 6.000,Metric Gun Nose Taps PM HSS-E  Blue band,Guhring Aus Stock Reseller,
877 8.000,Metric Gun Nose Taps PM HSS-E  Blue band,Guhring Aus Stock Reseller,
878 11.113,7/16 x 14 UNC GunNose Tap HSS-E  Yellow band,Guhring Aus Stock Reseller,
878 12.700,1/2 x 13 UNC GunNose Tap HSS-E  Yellow band,Guhring Aus Stock Reseller,
878 14.288,9/16 x 12 UNC GunNose Tap HSS-E  Yellow band,Guhring Aus Stock Reseller,
878 15.875,5/8 x 11 UNC Gun Nose Tap HSS-E  Yellow band,Guhring Aus Stock Reseller,
878 19.050,3/4 x 10 UNC Gun Nose Tap HSS-E  Yellow band,Guhring Aus Stock Reseller,
878 22.225,7/8 x 9 UNC Gun Nose Tap HSS-E  Yellow band,Guhring Aus Stock Reseller,
878 25.400,1 x 8 UNC Gun Nose Tap HSS-E  Yellow band,Guhring Aus Stock Reseller,
878 28.575,1 1/8 - UNC Gun Nose Tap HSS-E  Yellow band,Guhring Aus Stock Reseller,
878 31.750,1 1/4 - 7 UNC GunNose Tap HSS-E  Yellow band,Guhring Aus Stock Reseller,
878 38.100,1 1/2 - 6 UNC GunNose Tap HSS-E  Yellow band,Guhring Aus Stock Reseller,
879 12.000,Metric Gun Nose Taps PM HSS-E  Blue band,Guhring Aus Stock Reseller,
879 14.000,Metric Gun Nose Taps PM HSS-E  Blue band,Guhring Aus Stock Reseller,
879 16.000,Metric Gun Nose Taps PM HSS-E  Blue band,Guhring Aus Stock Reseller,
879 20.000,Metric Gun Nose Taps PM HSS-E  Blue band,Guhring Aus Stock Reseller,
881 11.113,7/16 x 14 UNC Spiral Tap HSS-E  Yellow band,Guhring Aus Stock Reseller,
881 12.700,1/2 x 13 UNC Spiral Tap HSS-E  Yellow band,Guhring Aus Stock Reseller,
881 14.288,9/16 x 12 UNC Spiral Tap HSS-E  Yellow band,Guhring Aus Stock Reseller,
881 15.875,5/8 x 11 UNC Spiral Tap HSS-E  Yellow band,Guhring Aus Stock Reseller,
881 19.050,3/4 x 10 UNC Spiral Tap HSS-E  Yellow band,Guhring Aus Stock Reseller,
881 22.225,7/8 x 9 UNC Spiral Tap HSS-E  Yellow band,Guhring Aus Stock Reseller,
881 25.400,1 x 8 UNC Spiral Tap HSS-E  Yellow band,Guhring Aus Stock Reseller,
908 2.845,No. 4-48 UNF GunNose Tap HSS-E  Yellow band,Guhring Aus Stock Reseller,
908 6.350,1/4 x 28 UNF GunNose Tap HSS-E  Yellow band,Guhring Aus Stock Reseller,
908 7.938,5/16 x 24 UNF GunNose Tap HSS-E  Yellow band,Guhring Aus Stock Reseller,
908 9.525,3/8 x 24 UNF GunNose Tap HSS-E  Yellow band,Guhring Aus Stock Reseller,
908 11.113,7/16 x 20 UNF GunNose Tap HSS-E  Yellow band,Guhring Aus Stock Reseller,
908 12.700,1/2 x 20 UNF GunNose Tap HSS-E  Yellow band,Guhring Aus Stock Reseller,
908 14.288,9/16 x 18 UNF GunNose Tap HSS-E  Yellow band,Guhring Aus Stock Reseller,
908 15.875,5/8 x 18 UNF GunNose Tap HSS-E  Yellow band,Guhring Aus Stock Reseller,
908 19.050,3/4 x 16 UNF GunNose Tap HSS-E  Yellow band,Guhring Aus Stock Reseller,
908 22.225,7/8 x 14 UNF GunNose Tap HSS-E  Yellow band,Guhring Aus Stock Reseller,
908 25.400,1 x 12 UNF GunNose Tap HSS-E  Yellow band,Guhring Aus Stock Reseller,
908 28.575,1 1/8 x 12 UNF GunNose Tap HSS-E  Yellow band,Guhring Aus Stock Reseller,
908 31.750,1 1/4 x 12 UNF GunNose Tap HSS-E  Yellow band,Guhring Aus Stock Reseller,
909 3.000,Metric Spiral Taps PM HSS-E  Blue band,Guhring Aus Stock Reseller,
910 12.000,Metric Spiral Taps PM HSS-E  Blue band,Guhring Aus Stock Reseller,
910 14.000,Metric Spiral Taps PM HSS-E  Blue band,Guhring Aus Stock Reseller,
910 16.000,Metric Spiral Taps PM HSS-E  Blue band,Guhring Aus Stock Reseller,
910 20.000,Metric Spiral Taps PM HSS-E  Blue band,Guhring Aus Stock Reseller,
910 24.000,Metric Spiral Taps PM HSS-E  Blue band,Guhring Aus Stock Reseller,
911 4.166,No. 8-36 UNF Taps HSS-E  Yellow band,Guhring Aus Stock Reseller,
911 4.826,No. 10-32 UNF Taps HSS-E  Yellow band,Guhring Aus Stock Reseller,
911 6.350,1/4-28 UNF Taps HSS-E  Yellow band,Guhring Aus Stock Reseller,
911 7.938,5/16-24 UNF Taps HSS-E  Yellow band,Guhring Aus Stock Reseller,
911 9.525,3/8-24 UNF Taps HSS-E  Yellow band,Guhring Aus Stock Reseller,
911 11.113,7/16-20 UNF Taps HSS-E  Yellow band,Guhring Aus Stock Reseller,
911 12.700,1/2-20 UNF Taps HSS-E  Yellow band,Guhring Aus Stock Reseller,
911 14.288,9/16-18 UNF Taps HSS-E  Yellow band,Guhring Aus Stock Reseller,
911 15.875,5/8-18 UNF Taps HSS-E  Yellow band,Guhring Aus Stock Reseller,
911 19.050,3/4-16 UNF Taps HSS-E  Yellow band,Guhring Aus Stock Reseller,
911 22.225,7/8-14 UNF Taps HSS-E  Yellow band,Guhring Aus Stock Reseller,
911 25.400,1 - 12 UNF Taps HSS-E  Yellow band,Guhring Aus Stock Reseller,
927 6.004,Fluteless taps with lubrication flutes TiN Coated 0.75 Pitch,Guhring Aus Stock Reseller,
927 8.004,Fluteless taps with lubrication flutes TiN Coated 0.75 Pitch,Guhring Aus Stock Reseller,
927 8.005,Fluteless taps with lubrication flutes TiN Coated 1.0 Pitch,Guhring Aus Stock Reseller,
927 10.005,Fluteless taps with lubrication flutes TiN Coated 1.0 Pitch,Guhring Aus Stock Reseller,
927 10.006,Fluteless taps with lubrication flutes TiN Coated 1.25 Pitch,Guhring Aus Stock Reseller,
927 12.005,Fluteless taps with lubrication flutes TiN Coated 1.0 Pitch,Guhring Aus Stock Reseller,
927 12.006,Fluteless taps with lubrication flutes TiN Coated 1.25 Pitch,Guhring Aus Stock Reseller,
927 12.007,Fluteless taps with lubrication flutes TiN Coated 1.5 Pitch,Guhring Aus Stock Reseller,
927 14.005,Fluteless taps with lubrication flutes TiN Coating 1.0 Pitch,Guhring Aus Stock Reseller,
927 14.007,Fluteless taps with lubrication flutes TiN Coated 1.5 Pitch,Guhring Aus Stock Reseller,
927 16.007,Fluteless taps with lubrication flutes TiN Coated 1.5 Pitch,Guhring Aus Stock Reseller,
927 18.005,Fluteless taps with lubrication flutes TiN Coated 1.0 Pitch,Guhring Aus Stock Reseller,
927 18.007,Fluteless taps with lubrication flutes TiN Coated 1.5 Pitch,Guhring Aus Stock Reseller,
927 20.005,Fluteless taps with lubrication flutes TiN Coated 1.0 Pitch,Guhring Aus Stock Reseller,
927 20.007,Fluteless taps with lubrication flutes TiN Coated 1.5 Pitch,Guhring Aus Stock Reseller,
927 22.007,Fluteless taps with lubrication flutes TiN Coated 1.5 Pitch,Guhring Aus Stock Reseller,
927 24.007,Fluteless taps with lubrication flutes TiN Coated 1.5 Pitch,Guhring Aus Stock Reseller,
954 6.350,W 1/4 x 20 3pce Hand Tap Set  BSW Threads HSS,Guhring Aus Stock Reseller,
954 7.938,W 5/16 x 18 3pce Hand Tap Set  BSW Threads HSS,Guhring Aus Stock Reseller,
954 9.525,W 3/8 x 16 3pce Hand Tap Set  BSW Threads HSS,Guhring Aus Stock Reseller,
954 12.700,W 1/2 x 12 3pce Hand Tap Set BSW Threads HSS,Guhring Aus Stock Reseller,
957 4.762,W 3/16 x 24  Bottoming Tap  BSW Threads HSS,Guhring Aus Stock Reseller,
957 6.350,W 1/4 x 20  Bottoming Tap BSW Threads HSS,Guhring Aus Stock Reseller,
957 7.938,W 5/16 x 18  Bottoming Tap BSW Threads HSS,Guhring Aus Stock Reseller,
957 9.525,W 3/8 x 16  Bottoming Tap BSW Threads HSS,Guhring Aus Stock Reseller,
957 12.700,W 1/2 x 12  Bottoming Tap  BSW Threads HSS,Guhring Aus Stock Reseller,
962 9.728,G 1/8 BSP GunNose Tap HSS-E  Yellow band,Guhring Aus Stock Reseller,
962 13.157,G 1/4 BSP GunNose Tap HSS-E  Yellow band,Guhring Aus Stock Reseller,
962 16.662,G 3/8 BSP GunNose Tap HSS-E  Yellow band,Guhring Aus Stock Reseller,
962 20.955,G 1/2 BSP GunNose Tap HSS-E  Yellow band,Guhring Aus Stock Reseller,
962 26.441,G 3/4 BSP GunNose Tap HSS-E  Yellow band,Guhring Aus Stock Reseller,
962 33.249,G 1 BSP GunNose Tap HSS-E  Yellow band,Guhring Aus Stock Reseller,
965 9.728,G 1/8 BSP Spiral Taps HSS-E  Yellow band,Guhring Aus Stock Reseller,
965 13.157,G 1/4 BSP Spiral Taps HSS-E  Yellow band,Guhring Aus Stock Reseller,
965 16.662,G 3/8 BSP Spiral Taps HSS-E  Yellow band,Guhring Aus Stock Reseller,
965 20.955,G 1/2 BSP Spiral Taps HSS-E  Yellow band,Guhring Aus Stock Reseller,
965 26.441,G 3/4 BSP Spiral Taps HSS-E  Yellow band,Guhring Aus Stock Reseller,
965 33.249,G 1 BSP Spiral Taps HSS-E  Yellow band,Guhring Aus Stock Reseller,
973 8.190,1/16 NPT Gun Nose Taps HSS-E,Guhring Aus Stock Reseller,
973 10.620,1/8 NPT Gun Nose Taps HSS-E,Guhring Aus Stock Reseller,
973 14.140,1/4 NPT Gun Nose Taps HSS-E,Guhring Aus Stock Reseller,
973 17.570,3/8 NPT Gun Nose Taps HSS-E,Guhring Aus Stock Reseller,
973 21.900,1/2 NPT Gun Nose Taps HSS-E,Guhring Aus Stock Reseller,
973 27.230,3/4 NPT Gun Nose Taps HSS-E,Guhring Aus Stock Reseller,
973 34.180,1 NPT Gun Nose Taps HSS-E,Guhring Aus Stock Reseller,
973 42.900,1 1/4 NPT Gun Nose Taps HSS-E,Guhring Aus Stock Reseller,
973 48.940,1 1/2 NPT Gun Nose Taps HSS-E,Guhring Aus Stock Reseller,
973 61.000,2 NPT Gun Nose Taps HSS-E,Guhring Aus Stock Reseller,
981 3.505,No. 6-32 3pce Hand Tap Set UNC Threads HSS,Guhring Aus Stock Reseller,
981 4.166,No. 8-32 3pce Hand Tap Set UNC Threads HSS,Guhring Aus Stock Reseller,
981 4.826,No. 10-24 3pce Hand Tap Set UNC Threads HSS,Guhring Aus Stock Reseller,
981 6.350,1/4-20 3pce Hand Tap Set UNC Threads HSS,Guhring Aus Stock Reseller,
981 7.938,5/16 - 18 3pce Hand Tap Set UNC Threads HSS,Guhring Aus Stock Reseller,
981 9.525,3/8 -16 3pce Hand Tap Set UNC Threads HSS,Guhring Aus Stock Reseller,
981 11.113,7/16 - 14 3pce Hand Tap Set UNC Threads HSS,Guhring Aus Stock Reseller,
981 12.700,1/2 - 13 3pce Hand Tap Set UNC Threads HSS,Guhring Aus Stock Reseller,
981 14.288,9/16 - 12 3pce Hand Tap Set UNC Threads HSS,Guhring Aus Stock Reseller,
981 15.875,5/8 - 11 3pce Hand Tap Set UNC Threads HSS,Guhring Aus Stock Reseller,
981 19.050,3/4 - 10 3pce Hand Tap Set UNC Threads HSS,Guhring Aus Stock Reseller,
981 25.400,1 - 8 3pce Hand Tap Set UNC Threads HSS,Guhring Aus Stock Reseller,
984 2.845,No. 4-40 Bottoming UNC Threads HSS,Guhring Aus Stock Reseller,
984 3.175,No. 5-40 Bottoming UNC Threads HSS,Guhring Aus Stock Reseller,
984 3.505,No. 6-32 Bottoming UNC Threads HSS,Guhring Aus Stock Reseller,
984 4.166,No. 8-32 Bottoming UNC Threads HSS,Guhring Aus Stock Reseller,
984 4.826,No. 10-24 Bottoming UNC Threads HSS,Guhring Aus Stock Reseller,
984 6.350,1/4-20 Bottoming UNC Threads HSS,Guhring Aus Stock Reseller,
984 7.938,5/16 - 18 Bottoming UNC Threads HSS,Guhring Aus Stock Reseller,
984 9.525,3/8 - 16 Bottoming UNC Threads HSS,Guhring Aus Stock Reseller,
984 12.700,1/2 - 13 Bottoming UNC Threads HSS,Guhring Aus Stock Reseller,
984 14.288,9/16 - 12 Bottoming UNC Threads HSS,Guhring Aus Stock Reseller,
984 15.875,5/8 - 11 Bottoming UNC Threads HSS,Guhring Aus Stock Reseller,
984 19.050,3/4 - 10 Bottoming UNC Threads HSS,Guhring Aus Stock Reseller,
984 22.225,7/8 - 9 Bottoming UNC Threads HSS,Guhring Aus Stock Reseller,
984 28.575,1 1/8 - 7 Bottoming UNC Threads HSS,Guhring Aus Stock Reseller,
984 50.800,2 - 4.5 Bottoming UNC Threads HSS,Guhring Aus Stock Reseller,
985 4.826,No. 10 - 32 2pce hand Tap Set UNF Threads HSS,Guhring Aus Stock Reseller,
985 6.350,1/4 - 28 2pce hand Tap Set UNF Threads HSS,Guhring Aus Stock Reseller,
985 7.938,5/16 - 24 2pce hand Tap Set UNF Threads HSS,Guhring Aus Stock Reseller,
985 9.525,3/8 - 24 2pce hand Tap Set UNF Threads HSS,Guhring Aus Stock Reseller,
985 11.113,7/16 - 20 2pce hand Tap Set UNF Threads HSS,Guhring Aus Stock Reseller,
985 12.700,1/2 - 20 2pce hand Tap Set UNF Threads HSS,Guhring Aus Stock Reseller,
985 15.875,5/8 - 18 2pce hand Tap Set UNF Threads HSS,Guhring Aus Stock Reseller,
987 4.826,No. 10 - 32 Bottoming UNF Threads HSS,Guhring Aus Stock Reseller,
987 6.350,1/4 - 28 Bottoming UNF Threads HSS,Guhring Aus Stock Reseller,
987 7.938,5/16 - 24 Bottoming UNF Threads HSS,Guhring Aus Stock Reseller,
987 9.525,3/8 - 24 Bottoming UNF Threads HSS,Guhring Aus Stock Reseller,
987 11.113,7/16 - 20 Bottoming UNF Threads HSS,Guhring Aus Stock Reseller,
987 12.700,1/2 - 20 Bottoming UNF Threads HSS,Guhring Aus Stock Reseller,
987 15.875,5/8 - 18 Bottoming UNF Threads HSS,Guhring Aus Stock Reseller,
998 3.000,Long Series Gun Nose Tap HSS-E M3,Guhring Aus Stock Reseller,
998 4.000,Long Series Gun Nose Tap HSS-E M4,Guhring Aus Stock Reseller,
998 5.000,Long Series Gun Nose Tap HSS-E M5,Guhring Aus Stock Reseller,
998 6.000,Long Series Gun Nose Tap HSS-E M6,Guhring Aus Stock Reseller,
998 8.000,Long Series Gun Nose Tap HSS-E M8,Guhring Aus Stock Reseller,
998 10.000,Long Series Gun Nose Tap HSS-E M10,Guhring Aus Stock Reseller,
998 12.000,Long Series Gun Nose Tap HSS-E M12,Guhring Aus Stock Reseller,
998 14.000,Long Series Gun Nose Tap HSS-E M14,Guhring Aus Stock Reseller,
998 16.000,Long Series Gun Nose Tap HSS-E M16,Guhring Aus Stock Reseller,
998 20.000,Long Series Gun Nose Tap HSS-E M20,Guhring Aus Stock Reseller,
1010 3.000,HSS-E MACHINE GUN TAP EG M3 TiN Coated,Guhring Aus Stock Reseller,
1010 4.000,HSS-E MACHINE GUN TAP EG M4 TiN Coated,Guhring Aus Stock Reseller,
1010 5.000,HSS-E MACHINE GUN TAP EG M5 TiN Coated,Guhring Aus Stock Reseller,
1010 6.000,HSS-E MACHINE GUN TAP EG M6 TiN Coated,Guhring Aus Stock Reseller,
1010 8.000,HSS-E MACHINE GUN TAP EG M8 TiN Coated,Guhring Aus Stock Reseller,
1010 10.000,HSS-E MACHINE GUN TAP EG M10 TiN Coated,Guhring Aus Stock Reseller,
1010 12.000,HSS-E MACHINE GUN TAP EG M12 TiN Coated,Guhring Aus Stock Reseller,
1010 14.000,HSS-E MACHINE GUN TAP EG M14 TiN Coated,Guhring Aus Stock Reseller,
1010 16.000,HSS-E MACHINE GUN TAP EG M16 TiN Coated,Guhring Aus Stock Reseller,
1011 3.000,HSS-E MACHINE SPIRAL TAP EG M3 TiN Coated,Guhring Aus Stock Reseller,
1011 4.000,HSS-E MACHINE SPIRAL TAP EG M4 TiN Coated,Guhring Aus Stock Reseller,
1011 5.000,HSS-E MACHINE SPIRAL TAP EG M5 TiN Coated,Guhring Aus Stock Reseller,
1011 6.000,HSS-E MACHINE SPIRAL TAP EG M6 TiN Coated,Guhring Aus Stock Reseller,
1011 8.000,HSS-E MACHINE SPIRAL TAP EG M8 TiN Coated,Guhring Aus Stock Reseller,
1011 10.000,HSS-E MACHINE SPIRAL TAP EG M10 TiN Coated,Guhring Aus Stock Reseller,
1011 12.000,HSS-E MACHINE SPIRAL TAP EG M12 TiN Coated,Guhring Aus Stock Reseller,
1011 14.000,HSS-E MACHINE SPIRAL TAP EG M14 TiN Coated,Guhring Aus Stock Reseller,
1011 16.000,HSS-E MACHINE SPIRAL TAP EG M16 TiN Coated,Guhring Aus Stock Reseller,
1088 10.620,Taps for NPT threads 1/8 NTP,Guhring Aus Stock Reseller,
1088 14.140,Taps for NPT threads 1/4 NPT,Guhring Aus Stock Reseller,
1088 17.570,Taps for NPT threads 3/8 NPT,Guhring Aus Stock Reseller,
1088 21.900,Taps for NPT threads 1/2 NPT,Guhring Aus Stock Reseller,
1088 27.230,Taps for NPT threads 3/4 NPT,Guhring Aus Stock Reseller,
1228 10.800,Stub drill HSCO TiN Coated,Guhring Aus Stock Reseller,
1228 11.800,Stub drill HSCO TiN Coated,Guhring Aus Stock Reseller,
1228 12.700,Stub drill HSCO TiN Coated,Guhring Aus Stock Reseller,
1228 12.800,Stub drill HSCO TiN Coated - discontinued,Guhring Aus Stock Reseller,
1228 13.100,Stub drill HSCO TiN Coated deleted,Guhring Aus Stock Reseller,
1228 14.500,Stub drill HSCO TiN Coated,Guhring Aus Stock Reseller,
1228 15.000,Stub drill HSCO TiN Coated,Guhring Aus Stock Reseller,
1228 16.000,Stub drill HSCO TiN Coated,Guhring Aus Stock Reseller,
1228 16.500,Stub drill HSCO TiN Coated,Guhring Aus Stock Reseller,
1228 17.000,Stub drill HSCO TiN Coated,Guhring Aus Stock Reseller,
1228 17.500,Stub drill HSCO TiN Coated,Guhring Aus Stock Reseller,
1228 18.000,Stub drill HSCO TiN Coated,Guhring Aus Stock Reseller,
1228 18.500,Stub drill HSCO TiN Coated,Guhring Aus Stock Reseller,
1228 19.000,Stub drill HSCO TiN Coated,Guhring Aus Stock Reseller,
1228 19.500,Stub drill HSCO TiN Coated,Guhring Aus Stock Reseller,
1228 20.000,Stub drill HSCO TiN Coated,Guhring Aus Stock Reseller,
1347 2.000,Fluteless taps M2 Carbo Coating For Aluminium,Guhring Aus Stock Reseller,
1347 2.500,Fluteless taps M2.5 Carbo Coating For Aluminium,Guhring Aus Stock Reseller,
1347 3.000,Fluteless taps M3 Carbo Coating For Aluminium,Guhring Aus Stock Reseller,
1347 4.000,Fluteless taps M4 Carbo Coating For Aluminium,Guhring Aus Stock Reseller,
1347 5.000,Fluteless taps M5 Carbo Coating For Aluminium,Guhring Aus Stock Reseller,
1347 6.000,Fluteless taps M6 Carbo Coating For Aluminium,Guhring Aus Stock Reseller,
1409 1.000,Machine Chucking Reamers Carbide H7,Guhring Aus Stock Reseller,
1409 2.000,Machine Chucking Reamers Carbide H7,Guhring Aus Stock Reseller,
1409 3.000,Machine Chucking Reamers Carbide H7,Guhring Aus Stock Reseller,
1409 4.000,Machine Chucking Reamers Carbide H7,Guhring Aus Stock Reseller,
1409 5.000,Machine Chucking Reamers Carbide H7,Guhring Aus Stock Reseller,
1409 6.000,Machine Chucking Reamers Carbide H7,Guhring Aus Stock Reseller,
1409 7.000,Machine Chucking Reamers Carbide H7,Guhring Aus Stock Reseller,
1409 8.000,Machine Chucking Reamers Carbide H7,Guhring Aus Stock Reseller,
1409 9.000,Machine Chucking Reamers Carbide H7,Guhring Aus Stock Reseller,
1409 10.000,Machine Chucking Reamers Carbide H7,Guhring Aus Stock Reseller,
1409 11.000,Machine Chucking Reamers Carbide H7,Guhring Aus Stock Reseller,
1409 12.000,Machine Chucking Reamers Carbide H7,Guhring Aus Stock Reseller,
1409 14.000,Machine Chucking Reamers Carbide H7,Guhring Aus Stock Reseller,
1409 16.000,Machine Chucking Reamers Carbide H7,Guhring Aus Stock Reseller,
1409 20.000,Machine Chucking Reamers Carbide H7,Guhring Aus Stock Reseller,
1587 3.000,Fluteless Taps HSS-E AICrN Coated,Guhring Aus Stock Reseller,
1587 4.000,Fluteless Taps HSS-E AICrN Coated,Guhring Aus Stock Reseller,
1587 5.000,Fluteless Taps HSS-E AICrN Coated,Guhring Aus Stock Reseller,
1587 6.000,Fluteless Taps HSS-E AICrN Coated,Guhring Aus Stock Reseller,
1587 8.000,Fluteless Taps HSS-E AICrN Coated,Guhring Aus Stock Reseller,
1587 10.000,Fluteless Taps HSS-E AICrN Coated,Guhring Aus Stock Reseller,
1589 12.000,Fluteless Taps HSS-E AICrN Coated,Guhring Aus Stock Reseller,
1589 16.000,Fluteless Taps HSS-E AICrN Coated,Guhring Aus Stock Reseller,
1986 12.700,1/2 x 13 UNC Spiral Taps HSS-E  Blue band,Guhring Aus Stock Reseller,
2463 1.000,Stub drill Solid Carbide Fire Coated,Guhring Aus Stock Reseller,
2463 1.100,Stub drill Solid Carbide Fire Coated,Guhring Aus Stock Reseller,
2463 1.200,Stub drill Solid Carbide Fire Coated,Guhring Aus Stock Reseller,
2463 1.300,Stub drill Solid Carbide Fire Coated,Guhring Aus Stock Reseller,
2463 1.400,Stub drill Solid Carbide Fire Coated,Guhring Aus Stock Reseller,
2463 1.500,Stub drill Solid Carbide Fire Coated,Guhring Aus Stock Reseller,
2463 1.600,Stub drill Solid Carbide Fire Coated,Guhring Aus Stock Reseller,
2463 1.700,Stub drill Solid Carbide Fire Coated,Guhring Aus Stock Reseller,
2463 1.800,Stub drill Solid Carbide Fire Coated,Guhring Aus Stock Reseller,
2463 1.900,Stub drill Solid Carbide Fire Coated,Guhring Aus Stock Reseller,
2463 2.000,Stub drill Solid Carbide Fire Coated,Guhring Aus Stock Reseller,
2463 2.100,Stub drill Solid Carbide Fire Coated,Guhring Aus Stock Reseller,
2463 2.200,Stub drill Solid Carbide Fire Coated,Guhring Aus Stock Reseller,
2463 2.300,Stub drill Solid Carbide Fire Coated,Guhring Aus Stock Reseller,
2463 2.380,Stub drill Solid Carbide Fire Coated 3/32,Guhring Aus Stock Reseller,
2463 2.400,Stub drill Solid Carbide Fire Coated,Guhring Aus Stock Reseller,
2463 2.500,Stub drill Solid Carbide Fire Coated,Guhring Aus Stock Reseller,
2463 2.600,Stub drill Solid Carbide Fire Coated,Guhring Aus Stock Reseller,
2463 2.700,Stub drill Solid Carbide Fire Coated,Guhring Aus Stock Reseller,
2463 2.800,Stub drill Solid Carbide Fire Coated,Guhring Aus Stock Reseller,
2463 2.900,Stub drill Solid Carbide Fire Coated,Guhring Aus Stock Reseller,
2463 2.950,Stub drill Solid Carbide Fire Coated,Guhring Aus Stock Reseller,
2463 4.570,Stub drill Solid Carbide Fire Coated,Guhring Aus Stock Reseller,
2464 1.000,Jobber drill Solid Carbide Fire Coated,Guhring Aus Stock Reseller,
2464 1.100,Jobber drill Solid Carbide Fire Coated,Guhring Aus Stock Reseller,
2464 1.200,Jobber drill Solid Carbide Fire Coated,Guhring Aus Stock Reseller,
2464 1.300,Jobber drill Solid Carbide Fire Coated,Guhring Aus Stock Reseller,
2464 1.400,Jobber drill Solid Carbide Fire Coated,Guhring Aus Stock Reseller,
2464 1.500,Jobber drill Solid Carbide Fire Coated,Guhring Aus Stock Reseller,
2464 1.600,Jobber drill Solid Carbide Fire Coated,Guhring Aus Stock Reseller,
2464 1.700,Jobber drill Solid Carbide Fire Coated,Guhring Aus Stock Reseller,
2464 1.800,Jobber drill Solid Carbide Fire Coated,Guhring Aus Stock Reseller,
2464 1.900,Jobber drill Solid Carbide Fire Coated,Guhring Aus Stock Reseller,
2464 2.000,Jobber drill Solid Carbide Fire Coated,Guhring Aus Stock Reseller,
2464 2.100,Jobber drill Solid Carbide Fire Coated,Guhring Aus Stock Reseller,
2464 2.200,Jobber drill Solid Carbide Fire Coated,Guhring Aus Stock Reseller,
2464 2.300,Jobber drill Solid Carbide Fire Coated,Guhring Aus Stock Reseller,
2464 2.400,Jobber drill Solid Carbide Fire Coated,Guhring Aus Stock Reseller,
2464 2.500,Jobber drill Solid Carbide Fire Coated,Guhring Aus Stock Reseller,
2464 2.600,Jobber drill Solid Carbide Fire Coated,Guhring Aus Stock Reseller,
2464 2.700,Jobber drill Solid Carbide Fire Coated,Guhring Aus Stock Reseller,
2464 2.800,Jobber drill Solid Carbide Fire Coated,Guhring Aus Stock Reseller,
2464 2.900,Jobber drill Solid Carbide Fire Coated,Guhring Aus Stock Reseller,
2847 3.175,W 1/8 BSW Spiral Taps HSS-E  Yellow band,Guhring Aus Stock Reseller,
2847 4.762,W 3/16 BSW Spiral Taps HSS-E  Yellow band,Guhring Aus Stock Reseller,
2847 6.350,W 1/4 BSW Spiral Taps HSS-E  Yellow band,Guhring Aus Stock Reseller,
2847 7.938,W 5/16 BSW Spiral Taps HSS-E  Yellow band,Guhring Aus Stock Reseller,
2847 9.525,W 3/8 BSW Spiral Taps HSS-E  Yellow band,Guhring Aus Stock Reseller,
2848 9.525,W 3/8 BSW Spiral Taps HSS-E  Yellow band,Guhring Aus Stock Reseller,
2848 11.113,W 7/16 BSW Spiral Taps HSS-E  Yellow band,Guhring Aus Stock Reseller,
2848 12.700,W 1/2 BSW Spiral Taps HSS-E  Yellow band,Guhring Aus Stock Reseller,
2848 14.287,W 9/16 BSW Spiral Taps HSS-E  Yellow band,Guhring Aus Stock Reseller,
2848 15.876,W 5/8 BSW Spiral Taps HSS-E  Yellow band,Guhring Aus Stock Reseller,
2848 19.051,W 3/4 BSW Spiral Taps HSS-E  Yellow band,Guhring Aus Stock Reseller,
2848 22.226,W 7/8 BSW Spiral Taps HSS-E  Yellow band,Guhring Aus Stock Reseller,
2848 25.401,W 1 BSW Spiral Taps HSS-E  Yellow band,Guhring Aus Stock Reseller,
2864 3.002,Fine pitch Spiral Tap HSS-E  Blue band 0.35 Pitch,Guhring Aus Stock Reseller,
2864 4.003,Fine pitch Spiral Tap HSS-E  Blue band 0.5 Pitch,Guhring Aus Stock Reseller,
2864 5.003,Fine pitch Spiral Tap HSS-E  Blue band 0.5 Pitch,Guhring Aus Stock Reseller,
2864 6.003,Fine pitch Spiral Tap HSS-E  Blue band 0.5 Pitch,Guhring Aus Stock Reseller,
2864 6.004,Fine pitch Spiral Tap HSS-E  Blue band 0.75 Pitch,Guhring Aus Stock Reseller,
2864 8.003,Fine pitch Spiral Tap HSS-E  Blue band 0.5 Pitch,Guhring Aus Stock Reseller,
2864 8.004,Fine pitch Spiral Tap HSS-E  Blue band 0.75 Pitch,Guhring Aus Stock Reseller,
2864 8.005,Fine pitch Spiral Tap HSS-E  Blue band 1.0 Pitch,Guhring Aus Stock Reseller,
2864 10.005,Fine pitch Spiral Tap HSS-E  Blue band 1.0 Pitch,Guhring Aus Stock Reseller,
2864 12.005,Fine pitch Spiral Tap HSS-E  Blue band 1.0 Pitch,Guhring Aus Stock Reseller,
2864 12.007,Fine pitch Spiral Tap HSS-E  Blue band 1.5 Pitch,Guhring Aus Stock Reseller,
2864 14.007,Fine pitch Spiral Tap HSS-E  Blue band 1.5 Pitch,Guhring Aus Stock Reseller,
2864 16.007,Fine pitch Spiral Tap HSS-E  Blue band 1.5 Pitch,Guhring Aus Stock Reseller,
2864 18.007,Fine pitch Spiral Tap HSS-E  Blue band 1.5 Pitch,Guhring Aus Stock Reseller,
2864 20.007,Fine pitch Spiral Tap HSS-E  Blue band 1.5 Pitch,Guhring Aus Stock Reseller,
2864 22.007,Fine pitch Spiral Tap HSS-E  Blue band 1.5 Pitch,Guhring Aus Stock Reseller,
2864 24.007,Fine pitch Spiral Tap HSS-E  Blue band 1.5 Pitch,Guhring Aus Stock Reseller,
2871 3.002,Fine pitch Gun nose tap HSS-E  Blue band 0.35 Pitch,Guhring Aus Stock Reseller,
2871 4.003,Fine pitch Gun nose tap HSS-E  Blue band 0.5 Pitch,Guhring Aus Stock Reseller,
2871 5.003,Fine pitch Gun nose tap HSS-E  Blue band 0.5 Pitch,Guhring Aus Stock Reseller,
2871 6.004,Fine pitch Gun nose tap HSS-E  Blue band 0.75 Pitch,Guhring Aus Stock Reseller,
2871 8.004,Fine pitch Gun nose tap HSS-E  Blue band 0.75,Guhring Aus Stock Reseller,
2871 8.005,Fine pitch Gun nose tap HSS-E  Blue band 1.0 Pitch,Guhring Aus Stock Reseller,
2871 10.005,Fine pitch Gun nose tap HSS-E  Blue band 1.0 Pitch,Guhring Aus Stock Reseller,
2871 12.005,Fine pitch Gun nose tap HSS-E  Blue band 1.0 Pitch,Guhring Aus Stock Reseller,
2871 12.007,Fine pitch Gun nose tap HSS-E  Blue band 1.5 Pitch,Guhring Aus Stock Reseller,
2871 14.007,Fine pitch Gun nose tap HSS-E  Blue band 1.5 Pitch,Guhring Aus Stock Reseller,
2871 16.007,Fine pitch Gun nose tap HSS-E  Blue band 1.5 Pitch,Guhring Aus Stock Reseller,
2871 18.007,Fine pitch Gun nose tap HSS-E  Blue band -obsolete,Guhring Aus Stock Reseller,
2871 20.007,Fine pitch Gun nose tap HSS-E  Blue band 1.5 Pitch,Guhring Aus Stock Reseller,
2871 22.007,Fine pitch Gun nose tap HSS-E  Blue band 1.5 Pitch,Guhring Aus Stock Reseller,
2871 24.007,Fine pitch Gun nose tap HSS-E  Blue band 1.5 Pitch,Guhring Aus Stock Reseller,
2892 3.175,W 1/8 BSW Gun Nose Taps HSS-E  Yellow band,Guhring Aus Stock Reseller,
2892 3.969,W 5/32 BSW Gun Nose Taps HSS-E  Yellow band,Guhring Aus Stock Reseller,
2892 4.762,W 3/16 BSW Gun Nose Taps HSS-E  Yellow band,Guhring Aus Stock Reseller,
2892 6.350,W 1/4 BSW Gun Nose Taps HSS-E  Yellow band,Guhring Aus Stock Reseller,
2892 7.938,W 5/16 BSW Gun Nose Taps HSS-E  Yellow band,Guhring Aus Stock Reseller,
2892 9.525,W 3/8 BSW Gun Nose Taps HSS-E  Yellow band,Guhring Aus Stock Reseller,
2893 11.113,W 7/16 BSW Gun Nose Taps HSS-E  Yellow band,Guhring Aus Stock Reseller,
2893 12.700,W 1/2 BSW Gun Nose Taps HSS-E  Yellow band,Guhring Aus Stock Reseller,
2893 14.287,W 9/16 BSW Gun Nose Taps HSS-E  Yellow band,Guhring Aus Stock Reseller,
2893 15.876,W 5/8 BSW Gun Nose Taps HSS-E  Yellow band,Guhring Aus Stock Reseller,
2893 19.051,W 3/4 BSW Gun Nose Taps HSS-E  Yellow band,Guhring Aus Stock Reseller,
2893 22.226,W 7/8 BSW Gun Nose Taps HSS-E  Yellow band discontinued,Guhring Aus Stock Reseller,
2893 25.401,W 1 BSW Gun Nose Taps HSS-E  Yellow band,Guhring Aus Stock Reseller,
2944 3.000,Metric Taps Carbide TiCN Coated M3,Guhring Aus Stock Reseller,
2944 4.000,Metric Taps Carbide TiCN Coated M4,Guhring Aus Stock Reseller,
2944 5.000,Metric Taps Carbide TiCN Coated M5,Guhring Aus Stock Reseller,
2944 6.000,Metric Taps Carbide TiCN Coated M6,Guhring Aus Stock Reseller,
2944 8.000,Metric Taps Carbide TiCN Coated M8,Guhring Aus Stock Reseller,
2944 10.000,Metric Taps Carbide TiCN Coated M10,Guhring Aus Stock Reseller,
2944 12.000,Metric Taps Carbide TiCN Coated M12,Guhring Aus Stock Reseller,
3043 3.000,Ballnose endmill 4 Flute Carbide Fire Coat,Guhring Aus Stock Reseller,
3043 4.000,Ballnose endmill 4 Flute Carbide Fire Coat,Guhring Aus Stock Reseller,
3043 5.000,Ballnose endmill 4 Flute Carbide Fire Coat,Guhring Aus Stock Reseller,
3043 6.000,Ballnose endmill 4 Flute Carbide Fire Coat,Guhring Aus Stock Reseller,
3043 8.000,Ballnose endmill 4 Flute Carbide Fire Coat,Guhring Aus Stock Reseller,
3043 10.000,Ballnose endmill 4 Flute Carbide Fire Coat,Guhring Aus Stock Reseller,
3043 12.000,Ballnose endmill 4 Flute Carbide Fire Coat,Guhring Aus Stock Reseller,
3114 4.760,3/16 Endmill 4 Flute Carbide Fire Coat,Guhring Aus Stock Reseller,
3114 6.350,1/4 Endmill 4 Flute Carbide Fire Coat,Guhring Aus Stock Reseller,
3114 7.940,5/16 Endmill 4 Flute Carbide Fire Coat,Guhring Aus Stock Reseller,
3114 9.520,3/8 Endmill 4 Flute Carbide Fire Coat,Guhring Aus Stock Reseller,
3114 11.110,7/16 Endmill 4 Flute Carbide Fire Coat,Guhring Aus Stock Reseller,
3114 12.700,1/2 Endmill 4 Flute Carbide Fire Coat,Guhring Aus Stock Reseller,
3114 15.870,5/8 Endmill 4 Flute Carbide Fire Coat,Guhring Aus Stock Reseller,
3114 19.050,3/4 Endmill 4 Flute Carbide Fire Coat,Guhring Aus Stock Reseller,
3114 25.400,1 Endmill 4 Flute Carbide Fire Coat,Guhring Aus Stock Reseller,
3173 3.170,1/8 Endmill 3 Flute Carbide Fire Coat,Guhring Aus Stock Reseller,
3173 4.760,3/16 Endmill 3 Flute Carbide Fire Coat,Guhring Aus Stock Reseller,
3173 6.350,1/4 Endmill 3 Flute Carbide Fire Coat,Guhring Aus Stock Reseller,
3173 7.940,5/16 Endmill 3 Flute Carbide Fire Coat,Guhring Aus Stock Reseller,
3173 9.520,3/8 Endmill 3 Flute Carbide Fire Coat,Guhring Aus Stock Reseller,
3173 11.110,7/16 Endmill 3 Flute Carbide Fire Coat,Guhring Aus Stock Reseller,
3173 12.700,1/2 Endmill 3 Flute Carbide Fire Coat,Guhring Aus Stock Reseller,
3173 15.870,5/8 Endmill 3 Flute Carbide Fire Coat,Guhring Aus Stock Reseller,
3173 19.050,3/4 Endmill 3 Flute Carbide Fire Coat,Guhring Aus Stock Reseller,
3173 25.400,"1"" Endmill 3 Flute Carbide Fire Coat",Guhring Aus Stock Reseller,
3176 2.000,Corner rounding cutters HSCO 2.0 mm Radius,Guhring Aus Stock Reseller,
3176 2.500,Corner rounding cutters HSCO 2.5 mm Radius,Guhring Aus Stock Reseller,
3176 3.000,Corner rounding cutters HSCO 3.0 mm Radius,Guhring Aus Stock Reseller,
3176 4.000,Corner rounding cutters HSCO 4.0 mm Radius,Guhring Aus Stock Reseller,
3176 5.000,Corner rounding cutters HSCO 5.0 mm Radius,Guhring Aus Stock Reseller,
3176 6.000,Corner rounding cutters HSCO 6.0 mm Radius,Guhring Aus Stock Reseller,
3176 8.000,Corner rounding cutters HSCO 8.0 mm Radius,Guhring Aus Stock Reseller,
3176 10.000,Corner rounding cutters HSCO 10.0 mm Radius,Guhring Aus Stock Reseller,
3176 12.000,Corner rounding cutters HSCO 12.0 mm Radius,Guhring Aus Stock Reseller,
3176 16.000,Corner rounding cutters HSCO 16.0 mm Radius,Guhring Aus Stock Reseller,
3176 20.000,"Corner rounding cutters HSCO 20,0 mm Radius",Guhring Aus Stock Reseller,
3308 0.500,Carbide Ball Nose 2Fl for Aluminium,Guhring Aus Stock Reseller,
3308 0.800,Carbide Ball Nose 2Fl for Aluminium,Guhring Aus Stock Reseller,
3308 1.000,Carbide Ball Nose 2Fl for Aluminium,Guhring Aus Stock Reseller,
3308 1.500,Carbide Ball Nose 2Fl for Aluminium,Guhring Aus Stock Reseller,
3308 2.000,Carbide Ball Nose 2Fl for Aluminium,Guhring Aus Stock Reseller,
3308 3.000,Carbide Ball Nose 2Fl for Aluminium,Guhring Aus Stock Reseller,
3308 4.000,Carbide Ball Nose 2Fl for Aluminium,Guhring Aus Stock Reseller,
3308 5.000,Carbide Ball Nose 2Fl for Aluminium,Guhring Aus Stock Reseller,
3308 6.000,Carbide Ball Nose 2Fl for Aluminium,Guhring Aus Stock Reseller,
3308 8.000,Carbide Ball Nose 2Fl for Aluminium,Guhring Aus Stock Reseller,
3308 10.000,Carbide Ball Nose 2Fl for Aluminium,Guhring Aus Stock Reseller,
3308 12.000,Carbide Ball Nose 2Fl for Aluminium,Guhring Aus Stock Reseller,
3308 14.000,Carbide Ball Nose 2Fl for Aluminium,Guhring Aus Stock Reseller,
3308 16.000,Carbide Ball Nose 2Fl for Aluminium,Guhring Aus Stock Reseller,
3308 18.000,Carbide Ball Nose 2Fl for Aluminium,Guhring Aus Stock Reseller,
3308 20.000,Carbide Ball Nose 2Fl for Aluminium,Guhring Aus Stock Reseller,
3358 5.000,Long series slot drill 2 Flute Carbide,Guhring Aus Stock Reseller,
3358 6.000,Long series slot drill 2 Flute Carbide,Guhring Aus Stock Reseller,
3358 8.000,Long series slot drill 2 Flute Carbide,Guhring Aus Stock Reseller,
3358 10.000,Long series slot drill 2 Flute Carbide,Guhring Aus Stock Reseller,
3358 12.000,Long series slot drill 2 Flute Carbide,Guhring Aus Stock Reseller,
3358 16.000,Long series slot drill 2 Flute Carbide,Guhring Aus Stock Reseller,
3359 0.500,Ballnose slot drill Carbide Signum Coated,Guhring Aus Stock Reseller,
3359 0.800,Ballnose slot drill Carbide Signum Coated,Guhring Aus Stock Reseller,
3359 1.000,Ballnose slot drill Carbide Signum Coated,Guhring Aus Stock Reseller,
3359 1.500,Ballnose slot drill Carbide Signum Coated,Guhring Aus Stock Reseller,
3359 2.000,Ballnose slot drill Carbide Signum Coated,Guhring Aus Stock Reseller,
3359 3.000,Ballnose slot drill Carbide Signum Coated,Guhring Aus Stock Reseller,
3359 4.000,Ballnose slot drill Carbide Signum Coated,Guhring Aus Stock Reseller,
3359 5.000,Ballnose slot drill Carbide Signum Coated,Guhring Aus Stock Reseller,
3359 6.000,Ballnose slot drill Carbide Signum Coated,Guhring Aus Stock Reseller,
3359 8.000,Ballnose slot drill Carbide Signum Coated,Guhring Aus Stock Reseller,
3359 10.000,Ballnose slot drill Carbide Signum Coated,Guhring Aus Stock Reseller,
3359 12.000,Ballnose slot drill Carbide Signum Coated,Guhring Aus Stock Reseller,
3359 16.000,Ballnose slot drill Carbide Signum Coated,Guhring Aus Stock Reseller,
3360 3.000,Long Ballnose slot drill Carbide Signum Coated,Guhring Aus Stock Reseller,
3360 4.000,Long Ballnose slot drill Carbide Signum Coated,Guhring Aus Stock Reseller,
3360 5.000,Long Ballnose slot drill Carbide Signum Coated,Guhring Aus Stock Reseller,
3360 6.000,Long Ballnose slot drill Carbide Signum Coated,Guhring Aus Stock Reseller,
3360 8.000,Long Ballnose slot drill Carbide Signum Coated,Guhring Aus Stock Reseller,
3360 10.000,Long Ballnose slot drill Carbide Signum Coated,Guhring Aus Stock Reseller,
3360 12.000,Long Ballnose slot drill Carbide Signum Coated,Guhring Aus Stock Reseller,
3360 16.000,Long Ballnose slot drill Carbide Signum Coated,Guhring Aus Stock Reseller,
3428 2.000,Metric Endmill 4 Flute HSCO,Guhring Aus Stock Reseller,
3428 2.500,Metric Endmill 4 Flute HSCO,Guhring Aus Stock Reseller,
3428 3.000,Metric Endmill 4 Flute HSCO,Guhring Aus Stock Reseller,
3428 4.000,Metric Endmill 4 Flute HSCO,Guhring Aus Stock Reseller,
3428 5.000,Metric Endmill 4 Flute HSCO,Guhring Aus Stock Reseller,
3428 6.000,Metric Endmill 4 Flute HSCO,Guhring Aus Stock Reseller,
3428 7.000,Metric Endmill 4 Flute HSCO,Guhring Aus Stock Reseller,
3428 8.000,Metric Endmill 4 Flute HSCO,Guhring Aus Stock Reseller,
3428 10.000,Metric Endmill 4 Flute HSCO,Guhring Aus Stock Reseller,
3428 11.000,Metric Endmill 4 Flute HSCO,Guhring Aus Stock Reseller,
3428 12.000,Metric Endmill 4 Flute HSCO,Guhring Aus Stock Reseller,
3428 13.000,Metric Endmill 4 Flute HSCO,Guhring Aus Stock Reseller,
3428 14.000,Metric Endmill 4 Flute HSCO,Guhring Aus Stock Reseller,
3428 16.000,Metric Endmill 4 Flute HSCO,Guhring Aus Stock Reseller,
3428 18.000,Metric Endmill 4 Flute HSCO,Guhring Aus Stock Reseller,
3428 20.000,Metric Endmill 4 Flute HSCO,Guhring Aus Stock Reseller,
3428 25.000,Metric Endmill 6 Flute HSCO,Guhring Aus Stock Reseller,
3428 30.000,Metric Endmill 6 Flute HSCO,Guhring Aus Stock Reseller,
3428 32.000,Metric Endmill 6 Flute HSCO,Guhring Aus Stock Reseller,
3431 3.000,Long series Metric Endmill 4 Flute HSCO,Guhring Aus Stock Reseller,
3431 4.000,Long series Metric Endmill 4 Flute HSCO,Guhring Aus Stock Reseller,
3431 5.000,Long series Metric Endmill 4 Flute HSCO,Guhring Aus Stock Reseller,
3431 6.000,Long series Metric Endmill 4 Flute HSCO,Guhring Aus Stock Reseller,
3431 8.000,Long series Metric Endmill 4 Flute HSCO,Guhring Aus Stock Reseller,
3431 9.000,Long series Metric Endmill 4 Flute HSCO,Guhring Aus Stock Reseller,
3431 10.000,Long series Metric Endmill 4 Flute HSCO,Guhring Aus Stock Reseller,
3431 12.000,Long series Metric Endmill 4 Flute HSCO,Guhring Aus Stock Reseller,
3431 14.000,Long series Metric Endmill 4 Flute HSCO,Guhring Aus Stock Reseller,
3431 16.000,Long series Metric Endmill 4 Flute HSCO,Guhring Aus Stock Reseller,
3431 18.000,Long series Metric Endmill 4 Flute HSCO,Guhring Aus Stock Reseller,
3431 20.000,Long series Metric Endmill 4 Flute HSCO,Guhring Aus Stock Reseller,
3431 25.000,Long series Metric Endmill 6 Flute HSCO,Guhring Aus Stock Reseller,
3431 30.000,Long series Metric Endmill 6 Flute HSCO,Guhring Aus Stock Reseller,
3431 32.000,Long series Metric Endmill 6 Flute HSCO,Guhring Aus Stock Reseller,
3431 40.000,Long series Metric Endmill 6 Flute HSCO,Guhring Aus Stock Reseller,
3433 6.000,Extra Long Series 4 Flute End Mill HSCo,Guhring Aus Stock Reseller,
3433 8.000,Extra Long Series 4 Flute End Mill HSCo,Guhring Aus Stock Reseller,
3433 10.000,Extra Long Series 4 Flute End Mill HSCo,Guhring Aus Stock Reseller,
3433 12.000,Extra Long Series 4 Flute End Mill HSCo,Guhring Aus Stock Reseller,
3451 1.000,Metric Slot drills 2 Flute HSCO,Guhring Aus Stock Reseller,
3451 1.500,Metric Slot drills 2 Flute HSCO,Guhring Aus Stock Reseller,
3451 2.000,Metric Slot drills 2 Flute HSCO,Guhring Aus Stock Reseller,
3451 2.500,Metric Slot drills 2 Flute HSCO,Guhring Aus Stock Reseller,
3451 3.000,Metric Slot drills 2 Flute HSCO,Guhring Aus Stock Reseller,
3451 3.500,Metric Slot drills 2 Flute HSCO,Guhring Aus Stock Reseller,
3451 4.000,Metric Slot drills 2 Flute HSCO,Guhring Aus Stock Reseller,
3451 5.000,Metric Slot drills 2 Flute HSCO,Guhring Aus Stock Reseller,
3451 6.000,Metric Slot drills 2 Flute HSCO,Guhring Aus Stock Reseller,
3451 7.000,Metric Slot drills 2 Flute HSCO,Guhring Aus Stock Reseller,
3451 8.000,Metric Slot drills 2 Flute HSCO,Guhring Aus Stock Reseller,
3451 9.000,Metric Slot drills 2 Flute HSCO,Guhring Aus Stock Reseller,
3451 10.000,Metric Slot drills 2 Flute HSCO,Guhring Aus Stock Reseller,
3451 11.000,Metric Slot drills 2 Flute HSCO,Guhring Aus Stock Reseller,
3451 12.000,Metric Slot drills 2 Flute HSCO,Guhring Aus Stock Reseller,
3451 14.000,Metric Slot drills 2 Flute HSCO,Guhring Aus Stock Reseller,
3451 15.000,Metric Slot drills 2 Flute HSCO,Guhring Aus Stock Reseller,
3451 16.000,Metric Slot drills 2 Flute HSCO,Guhring Aus Stock Reseller,
3451 18.000,Metric Slot drills 2 Flute HSCO,Guhring Aus Stock Reseller,
3451 20.000,Metric Slot drills 2 Flute HSCO,Guhring Aus Stock Reseller,
3451 25.000,Metric Slot drills 2 Flute HSCO,Guhring Aus Stock Reseller,
3453 3.000,Long series Slot drills 2 Flute HSCO,Guhring Aus Stock Reseller,
3453 4.000,Long series Slot drills 2 Flute HSCO,Guhring Aus Stock Reseller,
3453 5.000,Long series Slot drills 2 Flute HSCO,Guhring Aus Stock Reseller,
3453 6.000,Long series Slot drills 2 Flute HSCO,Guhring Aus Stock Reseller,
3453 8.000,Long series Slot drills 2 Flute HSCO,Guhring Aus Stock Reseller,
3453 10.000,Long series Slot drills 2 Flute HSCO,Guhring Aus Stock Reseller,
3453 12.000,Long series Slot drills 2 Flute HSCO,Guhring Aus Stock Reseller,
3453 14.000,Long series Slot drills 2 Flute HSCO,Guhring Aus Stock Reseller,
3453 16.000,Long series Slot drills 2 Flute HSCO,Guhring Aus Stock Reseller,
3453 18.000,Long series Slot drills 2 Flute HSCO,Guhring Aus Stock Reseller,
3453 20.000,Long series Slot drills 2 Flute HSCO,Guhring Aus Stock Reseller,
3459 3.000,Metric Endmill 3 Flute HSCO,Guhring Aus Stock Reseller,
3459 4.000,Metric Endmill 3 Flute HSCO,Guhring Aus Stock Reseller,
3459 5.000,Metric Endmill 3 Flute HSCO,Guhring Aus Stock Reseller,
3459 6.000,Metric Endmill 3 Flute HSCO,Guhring Aus Stock Reseller,
3459 7.000,Metric Endmill 3 Flute HSCO,Guhring Aus Stock Reseller,
3459 8.000,Metric Endmill 3 Flute HSCO,Guhring Aus Stock Reseller,
3459 9.000,Metric Endmill 3 Flute HSCO,Guhring Aus Stock Reseller,
3459 10.000,Metric Endmill 3 Flute HSCO,Guhring Aus Stock Reseller,
3459 12.000,Metric Endmill 3 Flute HSCO,Guhring Aus Stock Reseller,
3459 14.000,Metric Endmill 3 Flute HSCO,Guhring Aus Stock Reseller,
3459 16.000,Metric Endmill 3 Flute HSCO,Guhring Aus Stock Reseller,
3459 18.000,Metric Endmill 3 Flute HSCO,Guhring Aus Stock Reseller,
3459 20.000,Metric Endmill 3 Flute HSCO,Guhring Aus Stock Reseller,
3460 3.000,Long series Endmill 3 Flute HSCO,Guhring Aus Stock Reseller,
3460 4.000,Long series Endmill 3 Flute HSCO,Guhring Aus Stock Reseller,
3460 5.000,Long series Endmill 3 Flute HSCO,Guhring Aus Stock Reseller,
3460 6.000,Long series Endmill 3 Flute HSCO,Guhring Aus Stock Reseller,
3460 8.000,Long series Endmill 3 Flute HSCO,Guhring Aus Stock Reseller,
3460 10.000,Long series Endmill 3 Flute HSCO,Guhring Aus Stock Reseller,
3460 12.000,Long series Endmill 3 Flute HSCO,Guhring Aus Stock Reseller,
3460 14.000,Long series Endmill 3 Flute HSCO,Guhring Aus Stock Reseller,
3460 16.000,Long series Endmill 3 Flute HSCO,Guhring Aus Stock Reseller,
3460 18.000,Long series Endmill 3 Flute HSCO,Guhring Aus Stock Reseller,
3460 20.000,Long series Endmill 3 Flute HSCO,Guhring Aus Stock Reseller,
3466 4.000,Ballnose slot drill 2 Flute HSCO,Guhring Aus Stock Reseller,
3466 6.000,Ballnose slot drill 2 Flute HSCO,Guhring Aus Stock Reseller,
3466 8.000,Ballnose slot drill 2 Flute HSCO,Guhring Aus Stock Reseller,
3466 10.000,Ballnose slot drill 2 Flute HSCO,Guhring Aus Stock Reseller,
3466 12.000,Ballnose slot drill 2 Flute HSCO,Guhring Aus Stock Reseller,
3466 16.000,Ballnose slot drill 2 Flute HSCO,Guhring Aus Stock Reseller,
3466 20.000,Ballnose slot drill 2 Flute HSCO,Guhring Aus Stock Reseller,
3472 3.000,Solid Carbide RF100 A Short Series 3 Flute End Mill for Aluminium,Guhring Aus Stock Reseller,
3472 4.000,Solid Carbide RF100 A Short Series 3 Flute End Mill for Aluminium,Guhring Aus Stock Reseller,
3472 5.000,Solid Carbide RF100 A Short Series 3 Flute End Mill for Aluminium,Guhring Aus Stock Reseller,
3472 6.000,Solid Carbide RF100 A Short Series 3 Flute End Mill for Aluminium,Guhring Aus Stock Reseller,
3472 8.000,Solid Carbide RF100 A Short Series 3 Flute End Mill for Aluminium,Guhring Aus Stock Reseller,
3472 10.000,Solid Carbide RF100 A Short Series 3 Flute End Mill for Aluminium,Guhring Aus Stock Reseller,
3472 12.000,Solid Carbide RF100 A Short Series 3 Flute End Mill for Aluminium,Guhring Aus Stock Reseller,
3472 16.000,Solid Carbide RF100 A Short Series 3 Flute End Mill for Aluminium,Guhring Aus Stock Reseller,
3472 20.000,Solid Carbide RF100 A Short Series 3 Flute End Mill for Aluminium,Guhring Aus Stock Reseller,
3473 6.000,Solid Carbide RF100 A Long Series 3 Flute End Mill for Aluminium,Guhring Aus Stock Reseller,
3473 8.000,Solid Carbide RF100 A Long Series 3 Flute End Mill for Aluminium,Guhring Aus Stock Reseller,
3473 10.000,Solid Carbide RF100 A Long Series 3 Flute End Mill for Aluminium,Guhring Aus Stock Reseller,
3473 12.000,Solid Carbide RF100 A Long Series 3 Flute End Mill for Aluminium,Guhring Aus Stock Reseller,
3473 16.000,Solid Carbide RF100 A Long Series 3 Flute End Mill for Aluminium,Guhring Aus Stock Reseller,
3473 20.000,Solid Carbide RF100 A Long Series 3 Flute End Mill for Aluminium,Guhring Aus Stock Reseller,
3570 12.500,T-slot cutters HSCO,Guhring Aus Stock Reseller,
3570 16.000,T-slot cutters HSCO,Guhring Aus Stock Reseller,
3570 18.000,T-slot cutters HSCO,Guhring Aus Stock Reseller,
3570 19.000,T-slot cutters HSCO,Guhring Aus Stock Reseller,
3570 21.000,T-slot cutters HSCO,Guhring Aus Stock Reseller,
3570 22.000,T-slot cutters HSCO,Guhring Aus Stock Reseller,
3570 25.000,T-slot cutters HSCO,Guhring Aus Stock Reseller,
3570 28.000,T-slot cutters HSCO,Guhring Aus Stock Reseller,
3570 32.000,T-slot cutters HSCO,Guhring Aus Stock Reseller,
3572 16.000,Dove tail cutter 45deg 8 Flute HSCO,Guhring Aus Stock Reseller,
3572 20.000,Dove tail cutter 45deg 10 Flute HSCO,Guhring Aus Stock Reseller,
3572 25.000,Dove tail cutter 45deg 10 Flute HSCO,Guhring Aus Stock Reseller,
3572 32.000,Dove tail cutter 45deg 12 Flute HSCO,Guhring Aus Stock Reseller,
3574 16.000,Dove tail cutter 60deg 8 Flute HSCO,Guhring Aus Stock Reseller,
3574 20.000,Dove tail cutter 60deg 10 Flute HSCO,Guhring Aus Stock Reseller,
3574 25.000,Dove tail cutter 60deg 10 Flute HSCO,Guhring Aus Stock Reseller,
3574 32.000,Dove tail cutter 60deg 12 Flute HSCO,Guhring Aus Stock Reseller,
3599 6.005,6MM RF100 A END MILL 3-FL R0.5 For Aluminium,Guhring Aus Stock Reseller,
3599 6.010,6MM RF100 A END MILL 3-FL R1.0 For Aluminium,Guhring Aus Stock Reseller,
3599 8.005,8MM RF100 A END MILL 3-FL R0.5 For Aluminium,Guhring Aus Stock Reseller,
3599 8.010,8MM RF100 A END MILL 3-FL R1.0 For Aluminium,Guhring Aus Stock Reseller,
3599 10.005,10MM RF100 A END MILL 3-FL R0.5 For Aluminium,Guhring Aus Stock Reseller,
3599 10.010,10MM RF100 A END MILL 3-FL R1.0 For Aluminium,Guhring Aus Stock Reseller,
3599 10.015,10MM RF100 A END MILL 3-FL R1.5 For Aluminium,Guhring Aus Stock Reseller,
3599 12.005,12MM RF100 A END MILL 3-FL R0.5 For Aluminium,Guhring Aus Stock Reseller,
3599 12.010,12MM RF100 A END MILL 3-FL R1.0 For Aluminium,Guhring Aus Stock Reseller,
3599 12.015,12MM RF100 A END MILL 3-FL R1.5 For Aluminium,Guhring Aus Stock Reseller,
3599 12.020,12MM RF100 A END MILL 3-FL R2.0 For Aluminium,Guhring Aus Stock Reseller,
3599 12.025,12MM RF100 A END MILL 3-FL R2.5 For Aluminium,Guhring Aus Stock Reseller,
3599 12.030,12MM RF100 A END MILL 3-FL R3.0 For Aluminium,Guhring Aus Stock Reseller,
3599 12.040,12MM RF100 A END MILL 3-FL R4.0 For Aluminium,Guhring Aus Stock Reseller,
3599 16.010,16MM RF100 A END MILL 3-FL R1.0 For Aluminium,Guhring Aus Stock Reseller,
3599 16.020,16MM RF100 A END MILL 3-FL R2.0 For Aluminium,Guhring Aus Stock Reseller,
3599 16.025,16MM RF100 A END MILL 3-FL R2.5 For Aluminium,Guhring Aus Stock Reseller,
3599 16.030,16MM RF100 A END MILL 3-FL R3.0 For Aluminium,Guhring Aus Stock Reseller,
3599 16.040,16MM RF100 A END MILL 3-FL R4.0 For Aluminium,Guhring Aus Stock Reseller,
3599 20.010,20MM RF100 A END MILL 3-FL R1.0 For Aluminium,Guhring Aus Stock Reseller,
3599 20.020,20MM RF100 A END MILL 3-FL R2.0 For Aluminium,Guhring Aus Stock Reseller,
3599 20.025,20MM RF100 A END MILL 3-FL R2.5 For Aluminium,Guhring Aus Stock Reseller,
3599 20.030,20MM RF100 A END MILL 3-FL R3.0 For Aluminium,Guhring Aus Stock Reseller,
3599 20.040,20MM RF100 A END MILL 3-FL R4.0 For Aluminium,Guhring Aus Stock Reseller,
3599 25.020,25MM RF100 A END MILL 3-FL R2.0 For Aluminium,Guhring Aus Stock Reseller,
3599 25.030,25MM RF100 A END MILL 3-FL R3.0 For Aluminium,Guhring Aus Stock Reseller,
3599 25.040,25MM RF100 A END MILL 3-FL R4.0 For Aluminium,Guhring Aus Stock Reseller,
3676 3.000,Carbide 2 Flute Slot mills,Guhring Aus Stock Reseller,
3676 4.000,Carbide 2 Flute Slot mills,Guhring Aus Stock Reseller,
3676 5.000,Carbide 2 Flute Slot mills,Guhring Aus Stock Reseller,
3676 6.000,Carbide 2 Flute Slot mills,Guhring Aus Stock Reseller,
3676 8.000,Carbide 2 Flute Slot mills,Guhring Aus Stock Reseller,
3676 10.000,Carbide 2 Flute Slot mills,Guhring Aus Stock Reseller,
3676 12.000,Carbide 2 Flute Slot mills,Guhring Aus Stock Reseller,
3676 16.000,Carbide 2 Flute Slot mills,Guhring Aus Stock Reseller,
3676 20.000,Carbide 2 Flute Slot mills,Guhring Aus Stock Reseller,
3679 0.500,Ballnose slot drill 2 Flute Carbide Fire Coat,Guhring Aus Stock Reseller,
3679 0.800,Ballnose slot drill 2 Flute Carbide Fire Coat,Guhring Aus Stock Reseller,
3679 1.000,Ballnose slot drill 2 Flute Carbide Fire Coat,Guhring Aus Stock Reseller,
3679 1.500,Ballnose slot drill 2 Flute Carbide Fire Coat,Guhring Aus Stock Reseller,
3679 2.000,Ballnose slot drill 2 Flute Carbide Fire Coat,Guhring Aus Stock Reseller,
3679 3.000,Ballnose slot drill 2 Flute Carbide Fire Coat,Guhring Aus Stock Reseller,
3679 4.000,Ballnose slot drill 2 Flute Carbide Fire Coat,Guhring Aus Stock Reseller,
3679 5.000,Ballnose slot drill 2 Flute Carbide Fire Coat,Guhring Aus Stock Reseller,
3679 6.000,Ballnose slot drill 2 Flute Carbide Fire Coat,Guhring Aus Stock Reseller,
3679 8.000,Ballnose slot drill 2 Flute Carbide Fire Coat,Guhring Aus Stock Reseller,
3679 10.000,Ballnose slot drill 2 Flute Carbide Fire Coat,Guhring Aus Stock Reseller,
3679 12.000,Ballnose slot drill 2 Flute Carbide Fire Coat,Guhring Aus Stock Reseller,
3679 14.000,Ballnose slot drill 2 Flute Carbide Fire Coat,Guhring Aus Stock Reseller,
3679 16.000,Ballnose slot drill 2 Flute Carbide Fire Coat,Guhring Aus Stock Reseller,
3679 18.000,Ballnose slot drill 2 Flute Carbide Fire Coat,Guhring Aus Stock Reseller,
3679 20.000,Ballnose slot drill 2 Flute Carbide Fire Coat,Guhring Aus Stock Reseller,
3680 3.000,Long series Endmill 3 Flute Carbide Fire Coat,Guhring Aus Stock Reseller,
3680 4.000,Long series Endmill 3 Flute Carbide Fire Coat,Guhring Aus Stock Reseller,
3680 5.000,Long series Endmill 3 Flute Carbide Fire Coat,Guhring Aus Stock Reseller,
3680 6.000,Long series Endmill 3 Flute Carbide Fire Coat,Guhring Aus Stock Reseller,
3680 8.000,Long series Endmill 3 Flute Carbide Fire Coat,Guhring Aus Stock Reseller,
3680 10.000,Long series Endmill 3 Flute Carbide Fire Coat,Guhring Aus Stock Reseller,
3680 12.000,Long series Endmill 3 Flute Carbide Fire Coat,Guhring Aus Stock Reseller,
3680 16.000,Long series Endmill 3 Flute Carbide Fire Coat,Guhring Aus Stock Reseller,
3680 20.000,Long series Endmill 3 Flute Carbide Fire Coat,Guhring Aus Stock Reseller,
3715 3.000,Hard Multi Tooth End Mill GH100H 63HRC,Guhring Aus Stock Reseller,
3715 4.000,Hard Multi Tooth End Mill GH100H 63HRC,Guhring Aus Stock Reseller,
3715 5.000,Hard Multi Tooth End Mill GH100H 63HRC,Guhring Aus Stock Reseller,
3715 6.000,Hard Multi Tooth End Mill GH100H 63HRC,Guhring Aus Stock Reseller,
3715 8.000,Hard Multi Tooth End Mill GH100H 63HRC,Guhring Aus Stock Reseller,
3715 10.000,Hard Multi Tooth End Mill GH100H 63HRC,Guhring Aus Stock Reseller,
3715 12.000,Hard Multi Tooth End Mill GH100H 63HRC,Guhring Aus Stock Reseller,
3715 14.000,Hard Multi Tooth End Mill GH100H 63HRC,Guhring Aus Stock Reseller,
3715 14.001,Hard Multi Tooth End Mill GH100H 63HRC,Guhring Aus Stock Reseller,
3715 16.000,Hard Multi Tooth End Mill GH100H 63HRC,Guhring Aus Stock Reseller,
3715 18.000,Hard Multi Tooth End Mill GH100H 63HRC,Guhring Aus Stock Reseller,
3715 18.001,Hard Multi Tooth End Mill GH100H 63HRC,Guhring Aus Stock Reseller,
3715 20.000,Hard Multi Tooth End Mill GH100H 63HRC,Guhring Aus Stock Reseller,
3748 9.728,Thread Milling Cutter Sirius Coating 2 x D BSP G 1/8,Guhring Aus Stock Reseller,
3748 13.157,Thread Milling Cutter Sirius Coating 2 x D BSP G1/4,Guhring Aus Stock Reseller,
3748 16.662,Thread Milling Cutter Sirius Coating 2 x D BSP G 3/8,Guhring Aus Stock Reseller,
3799 1.000,"4-flute carbide endmill set, 6,8,10,12 mm",Guhring Aus Stock Reseller,
3803 3.000,Carbide Ratio Endmill 4-fl  For Stainless Fire Coated,Guhring Aus Stock Reseller,
3803 4.000,Carbide Ratio Endmill 4-fl  For Stainless Fire Coated,Guhring Aus Stock Reseller,
3803 5.000,Carbide Ratio Endmill 4-fl  For Stainless Fire Coated,Guhring Aus Stock Reseller,
3803 6.000,Carbide Ratio Endmill 4-fl  For Stainless Fire Coated,Guhring Aus Stock Reseller,
3803 8.000,Carbide Ratio Endmill 4-fl  For Stainless Fire Coated,Guhring Aus Stock Reseller,
3803 10.000,Carbide Ratio Endmill 4-fl  For Stainless Fire Coated,Guhring Aus Stock Reseller,
3803 12.000,Carbide Ratio Endmill 4-fl  For Stainless Fire Coated,Guhring Aus Stock Reseller,
3803 16.000,Carbide Ratio Endmill 4-fl  For Stainless Fire Coated,Guhring Aus Stock Reseller,
3803 20.000,Carbide Ratio Endmill 4-fl  For Stainless Fire Coated,Guhring Aus Stock Reseller,
3803 25.000,Carbide Ratio Endmill 4-fl  For Stainless Fire Coated,Guhring Aus Stock Reseller,
3872 6.005,6MM RF100 U END MILL 4-FL R0.5,Guhring Aus Stock Reseller,
3872 6.010,6MM RF100 U END MILL 4-FL R1.0,Guhring Aus Stock Reseller,
3872 6.020,6MM RF100 U END MILL 4-FL R2.0,Guhring Aus Stock Reseller,
3872 8.005,8MM RF100 U END MILL 4-FL R0.5,Guhring Aus Stock Reseller,
3872 8.010,8MM RF100 U END MILL 4-FL R1.0,Guhring Aus Stock Reseller,
3872 8.020,8MM RF100 U END MILL 4-FL R2.0,Guhring Aus Stock Reseller,
3872 10.005,10MM RF100 U END MILL 4-FL R0.5,Guhring Aus Stock Reseller,
3872 10.010,10MM RF100 U END MILL 4-FL R1.0,Guhring Aus Stock Reseller,
3872 10.020,10MM RF100 U END MILL 4-FL R2.0,Guhring Aus Stock Reseller,
3872 12.005,12MM RF100 U END MILL 4-FL R0.5,Guhring Aus Stock Reseller,
3872 12.010,12MM RF100 U END MILL 4-FL R1.0,Guhring Aus Stock Reseller,
3872 12.020,12MM RF100 U END MILL 4-FL R2.0,Guhring Aus Stock Reseller,
3872 16.005,16MM RF100 U END MILL 4-FL R0.5,Guhring Aus Stock Reseller,
3872 16.010,16MM RF100 U END MILL 4-FL R1.0,Guhring Aus Stock Reseller,
3872 16.020,16MM RF100 U END MILL 4-FL R2.0,Guhring Aus Stock Reseller,
3872 16.030,16MM RF100 U END MILL 4-FL R3.0,Guhring Aus Stock Reseller,
3872 20.005,20MM RF100 U END MILL 4-FL R0.5,Guhring Aus Stock Reseller,
3872 20.010,20MM RF100 U END MILL 4-FL R1.0,Guhring Aus Stock Reseller,
3872 20.020,20MM RF100 U END MILL 4-FL R2.0,Guhring Aus Stock Reseller,
3872 20.030,20MM RF100 U END MILL 4-FL R3.0,Guhring Aus Stock Reseller,
3872 25.020,25MM RF100 U END MILL 4-FL R2.0,Guhring Aus Stock Reseller,
3872 25.030,25MM RF100 U END MILL 4-FL R3.0,Guhring Aus Stock Reseller,
3892 6.000,Carbide Ratio Endmill 3-fl Fire Coated,Guhring Aus Stock Reseller,
3892 8.000,Carbide Ratio Endmill 3-fl Fire Coated,Guhring Aus Stock Reseller,
3892 10.000,Carbide Ratio Endmill 3-fl Fire Coated,Guhring Aus Stock Reseller,
3892 12.000,Carbide Ratio Endmill 3-fl Fire Coated,Guhring Aus Stock Reseller,
3892 16.000,Carbide Ratio Endmill 3-fl Fire Coated,Guhring Aus Stock Reseller,
3892 20.000,Carbide Ratio Endmill 3-fl Fire Coated,Guhring Aus Stock Reseller,
3897 4.000,Ratio End Mill  Superfinish RF 100 SF 5 Flute,Guhring Aus Stock Reseller,
3897 5.000,Ratio End Mill  Superfinish RF 100 SF 5 Flute,Guhring Aus Stock Reseller,
3897 6.000,Ratio End Mill  Superfinish RF 100 SF 5 Flute,Guhring Aus Stock Reseller,
3897 8.000,Ratio End Mill  Superfinish RF 100 SF 5 Flute,Guhring Aus Stock Reseller,
3897 10.000,Ratio End Mill  Superfinish RF 100 SF 5 Flute,Guhring Aus Stock Reseller,
3897 12.000,Ratio End Mill  Superfinish RF 100 SF 5 Flute,Guhring Aus Stock Reseller,
3897 16.000,Ratio End Mill  Superfinish RF 100 SF 5 Flute,Guhring Aus Stock Reseller,
3897 20.000,Ratio End Mill  Superfinish RF 100 SF 5 Flute,Guhring Aus Stock Reseller,
3992 6.350,1/4-20 UNC 2B PM HSS-E Gun Nose Tap TiN Coated Red Ring,Guhring Aus Stock Reseller,
3992 9.525,3/8-16 UNC 2B PM HSS-E Gun Nose Tap TiN Coated Red Ring,Guhring Aus Stock Reseller,
3992 11.113,7/16-14 UNC 2B PM HSS-E Gun Nose Tap TiN Coated Red Ring,Guhring Aus Stock Reseller,
3992 12.700,1/2-13 UNC 2B PM HSS-E Gun Nose Tap TiN Coated Red Ring,Guhring Aus Stock Reseller,
3992 14.288,9/16-12 UNC 2B PM HSS-E Gun Nose Tap TiN Coated Red Ring,Guhring Aus Stock Reseller,
3992 15.875,5/8-11 UNC 2B PM HSS-E Gun Nose Tap TiN Coated Red Ring,Guhring Aus Stock Reseller,
3992 19.050,3/4-10 UNC 2B PM HSS-E Gun Nose Tap TiN Coated Red Ring,Guhring Aus Stock Reseller,
3992 22.225,7/8-9 UNC 2B PM HSS-E Gun Nose Tap TiN Coated Red Ring,Guhring Aus Stock Reseller,
3992 28.575,1 1/8-7 UNC 2B PM HSS-E Gun Nose Tap TiN Coated Red Ring,Guhring Aus Stock Reseller,
3992 31.750,1 1/4-7 UNC 2B PM HSS-E Gun Nose Tap TiN Coated Red Ring,Guhring Aus Stock Reseller,
3992 34.925,1 3/8-6 UNC 2B PM HSS-E Gun Nose Tap TiN Coated Red Ring,Guhring Aus Stock Reseller,
3992 38.100,1 1/2-6 UNC 2B PM HSS-E Gun Nose Tap TiN Coated Red Ring,Guhring Aus Stock Reseller,
3993 6.350,1/4-20 UNC 2B PM HSS-E Spiral Tap TiN Coated Red Ring,Guhring Aus Stock Reseller,
3993 7.938,5/16-18 UNC 2B PM HSS-E Spiral Tap TiN Coated Red Ring,Guhring Aus Stock Reseller,
3993 9.525,3/8-16 UNC 2B PM HSS-E Spiral Tap TiN Coated Red Ring,Guhring Aus Stock Reseller,
3993 11.113,7/16-14 UNC 2B PM HSS-E Spiral Tap TiN Coated Red Ring,Guhring Aus Stock Reseller,
3993 12.700,1/2-13 UNC 2B PM HSS-E Spiral Tap TiN Coated Red Ring,Guhring Aus Stock Reseller,
3993 14.288,9/16-12 UNC 2B PM HSS-E Spiral Tap TiN Coated Red Ring,Guhring Aus Stock Reseller,
3993 15.875,5/8-11 UNC 2B PM HSS-E Spiral Tap TiN Coated Red Ring,Guhring Aus Stock Reseller,
3993 19.050,3/4-10 UNC 2B PM HSS-E Spiral Tap TiN Coated Red Ring,Guhring Aus Stock Reseller,
3993 22.225,7/8-9 UNC 2B PM HSS-E Spiral Tap TiN Coated Red Ring,Guhring Aus Stock Reseller,
3994 9.525,3/8-24 UNF 2B PM HSS-E Gun Nose Tap TiN Coated Red Ring,Guhring Aus Stock Reseller,
3994 11.113,7/16-20 UNF 2B PM HSS-E Gun Nose Tap TiN Coated Red Ring,Guhring Aus Stock Reseller,
3994 12.700,1/2-20 UNF 2B PM HSS-E Gun Nose Tap TiN Coated Red Ring,Guhring Aus Stock Reseller,
3994 14.288,9/16-18 UNF 2B PM HSS-E Gun Nose Tap TiN Coated Red Ring,Guhring Aus Stock Reseller,
3994 15.875,5/8-18 UNF 2B PM HSS-E Gun Nose Tap TiN Coated Red Ring,Guhring Aus Stock Reseller,
3994 19.050,3/4-16 UNF 2B PM HSS-E Gun Nose Tap TiN Coated Red Ring,Guhring Aus Stock Reseller,
3994 22.225,7/8-14 UNF 2B PM HSS-E Gun Nose Tap TiN Coated Red Ring,Guhring Aus Stock Reseller,
3995 6.350,1/4-28 UNF 2B PM HSS-E Spiral Tap TiN Coated Red Ring,Guhring Aus Stock Reseller,
3995 7.938,5/16-24 UNF 2B PM HSS-E Spiral Tap TiN Coated Red Ring,Guhring Aus Stock Reseller,
3995 9.525,3/8-24 UNF 2B PM HSS-E Spiral Tap TiN Coated Red Ring,Guhring Aus Stock Reseller,
3995 11.113,7/16-20 UNF 2B PM HSS-E Spiral Tap TiN Coated Red Ring,Guhring Aus Stock Reseller,
3995 12.700,1/2-20 UNF 2B PM HSS-E Spiral Tap TiN Coated Red Ring,Guhring Aus Stock Reseller,
3995 14.288,9/16-18 UNF 2B PM HSS-E Spiral Tap TiN Coated Red Ring,Guhring Aus Stock Reseller,
3995 15.875,5/8-18 UNF 2B PM HSS-E Spiral Tap TiN Coated Red Ring,Guhring Aus Stock Reseller,
3995 19.050,3/4-16 UNF 2B PM HSS-E Spiral Tap TiN Coated Red Ring,Guhring Aus Stock Reseller,
3995 22.225,7/8-14 UNF 2B PM HSS-E Spiral Tap TiN Coated Red Ring,Guhring Aus Stock Reseller,
4107 11.000,"INTERCHANGEABLE INSERT HOLDER HT800 3XD 110 11,0-11,49",Guhring Aus Stock Reseller,
4107 11.500,"INTERCHANGEABLE INSERT HOLDER HT800 3XD 115 11,5-11,99",Guhring Aus Stock Reseller,
4107 12.000,"INTERCHANGEABLE INSERT HOLDER HT800 3XD 120 12,0-12,49",Guhring Aus Stock Reseller,
4107 12.500,"INTERCHANGEABLE INSERT HOLDER HT800 3XD 125 12,5-12,99",Guhring Aus Stock Reseller,
4107 13.000,"INTERCHANGEABLE INSERT HOLDER HT800 3XD 130 13,0-13,49",Guhring Aus Stock Reseller,
4107 13.500,"INTERCHANGEABLE INSERT HOLDER HT800 3XD 135 13,5-13,99",Guhring Aus Stock Reseller,
4107 14.000,"INTERCHANGEABLE INSERT HOLDER HT800 3XD 140 14,0-14,49",Guhring Aus Stock Reseller,
4107 14.500,"INTERCHANGEABLE INSERT HOLDER HT800 3XD 145 14,5-14,99",Guhring Aus Stock Reseller,
4107 15.000,"INTERCHANGEABLE INSERT HOLDER HT800 3XD 150 15,0-15,49",Guhring Aus Stock Reseller,
4107 15.500,"INTERCHANGEABLE INSERT HOLDER HT800 3XD 155 15,5-15,99",Guhring Aus Stock Reseller,
4107 16.000,"INTERCHANGEABLE INSERT HOLDER HT800 3XD 160 16,0-16,49",Guhring Aus Stock Reseller,
4107 16.500,"INTERCHANGEABLE INSERT HOLDER HT800 3XD 165 16,5-16,99",Guhring Aus Stock Reseller,
4107 17.000,"INTERCHANGEABLE INSERT HOLDER HT800 3XD 170 17,0-17,49",Guhring Aus Stock Reseller,
4107 17.500,"INTERCHANGEABLE INSERT HOLDER HT800 3XD 175 17,5-17,99",Guhring Aus Stock Reseller,
4107 18.000,"INTERCHANGEABLE INSERT HOLDER HT800 3XD 180 18,0-18,49",Guhring Aus Stock Reseller,
4107 18.500,"INTERCHANGEABLE INSERT HOLDER HT800 3XD 185 18,5-18,99",Guhring Aus Stock Reseller,
4107 19.000,"INTERCHANGEABLE INSERT HOLDER HT800 3XD 190 19,0-19,49",Guhring Aus Stock Reseller,
4107 19.500,"INTERCHANGEABLE INSERT HOLDER HT800 3XD 195 19,5-19,99",Guhring Aus Stock Reseller,
4107 20.000,"INTERCHANGEABLE INSERT HOLDER HT800 3XD 200 20,0-20,49",Guhring Aus Stock Reseller,
4107 20.500,"INTERCHANGEABLE INSERT HOLDER HT800 3XD 205 20,5-20,99",Guhring Aus Stock Reseller,
4107 21.000,"INTERCHANGEABLE INSERT HOLDER HT800 3XD 210 21,0-21,49",Guhring Aus Stock Reseller,
4107 21.500,"INTERCHANGEABLE INSERT HOLDER HT800 3XD 215 21,5-21,99",Guhring Aus Stock Reseller,
4107 22.000,"INTERCHANGEABLE INSERT HOLDER HT800 3XD 220 22,0-22,49",Guhring Aus Stock Reseller,
4107 22.500,"INTERCHANGEABLE INSERT HOLDER HT800 3XD 225 22,5-22,99",Guhring Aus Stock Reseller,
4107 23.000,"INTERCHANGEABLE INSERT HOLDER HT800 3XD 230 23,0-23,49",Guhring Aus Stock Reseller,
4107 23.500,"INTERCHANGEABLE INSERT HOLDER HT800 3XD 235 23,5-23,99",Guhring Aus Stock Reseller,
4107 24.000,"INTERCHANGEABLE INSERT HOLDER HT800 3XD 240 24,0-24,49",Guhring Aus Stock Reseller,
4107 24.500,"INTERCHANGEABLE INSERT HOLDER HT800 3XD 245 24,5-24,99",Guhring Aus Stock Reseller,
4107 25.000,"INTERCHANGEABLE INSERT HOLDER HT800 3XD 250 25,0-25,49",Guhring Aus Stock Reseller,
4107 26.000,"INTERCHANGEABLE INSERT HOLDER HT800 3XD 260 26,0-26,49",Guhring Aus Stock Reseller,
4107 27.000,"INTERCHANGEABLE INSERT HOLDER HT800 3XD 270 27,0-27,49",Guhring Aus Stock Reseller,
4107 28.000,"INTERCHANGEABLE INSERT HOLDER HT800 3XD 280 28,0-28,49",Guhring Aus Stock Reseller,
4107 29.000,"INTERCHANGEABLE INSERT HOLDER HT800 3XD 290 29,0-29,49",Guhring Aus Stock Reseller,
4107 30.000,"INTERCHANGEABLE INSERT HOLDER HT800 3XD 300 30,0-30,49",Guhring Aus Stock Reseller,
4107 31.000,"INTERCHANGEABLE INSERT HOLDER HT800 3XD 310 31,0-31,49",Guhring Aus Stock Reseller,
4107 32.000,"INTERCHANGEABLE INSERT HOLDER HT800 3XD 320 32,0-32,99",Guhring Aus Stock Reseller,
4107 33.000,"INTERCHANGEABLE INSERT HOLDER HT800 3XD 330 33,0-33,99",Guhring Aus Stock Reseller,
4108 11.000,"INTERCHANGEABLE INSERT HOLDER HT800 5XD 110 11,0-11,49",Guhring Aus Stock Reseller,
4108 11.500,"INTERCHANGEABLE INSERT HOLDER HT800 5XD 115 11,5-11,99",Guhring Aus Stock Reseller,
4108 12.000,"INTERCHANGEABLE INSERT HOLDER HT800 5XD 120 12,0-12,49",Guhring Aus Stock Reseller,
4108 12.500,"INTERCHANGEABLE INSERT HOLDER HT800 5XD 125 12,5-12,99",Guhring Aus Stock Reseller,
4108 13.000,"INTERCHANGEABLE INSERT HOLDER HT800 5XD 130 13,0-13,49",Guhring Aus Stock Reseller,
4108 13.500,"INTERCHANGEABLE INSERT HOLDER HT800 5XD 135 13,5-13,99",Guhring Aus Stock Reseller,
4108 14.000,"INTERCHANGEABLE INSERT HOLDER HT800 5XD 140 14,0-14,49",Guhring Aus Stock Reseller,
4108 14.500,"INTERCHANGEABLE INSERT HOLDER HT800 5XD 145 14,5-14,99",Guhring Aus Stock Reseller,
4108 15.000,"INTERCHANGEABLE INSERT HOLDER HT800 5XD 150 15,0-15,49",Guhring Aus Stock Reseller,
4108 15.500,"INTERCHANGEABLE INSERT HOLDER HT800 5XD 155 15,5-15,99",Guhring Aus Stock Reseller,
4108 16.000,"INTERCHANGEABLE INSERT HOLDER HT800 5XD 160 16,0-16,49",Guhring Aus Stock Reseller,
4108 16.500,"INTERCHANGEABLE INSERT HOLDER HT800 5XD 165 16,5-16,99",Guhring Aus Stock Reseller,
4108 17.000,"INTERCHANGEABLE INSERT HOLDER HT800 5XD 170 17,0-17,49",Guhring Aus Stock Reseller,
4108 17.500,"INTERCHANGEABLE INSERT HOLDER HT800 5XD 175 17,5-17,99",Guhring Aus Stock Reseller,
4108 18.000,"INTERCHANGEABLE INSERT HOLDER HT800 5XD 180 18,0-18,49",Guhring Aus Stock Reseller,
4108 18.500,"INTERCHANGEABLE INSERT HOLDER HT800 5XD 185 18,5-18,99",Guhring Aus Stock Reseller,
4108 19.000,"INTERCHANGEABLE INSERT HOLDER HT800 5XD 190 19,0-19,49",Guhring Aus Stock Reseller,
4108 19.500,"INTERCHANGEABLE INSERT HOLDER HT800 5XD 195 19,5-19,99",Guhring Aus Stock Reseller,
4108 20.000,"INTERCHANGEABLE INSERT HOLDER HT800 5XD 200 20,0-20,49",Guhring Aus Stock Reseller,
4108 20.500,"INTERCHANGEABLE INSERT HOLDER HT800 5XD 205 20,5-20,99",Guhring Aus Stock Reseller,
4108 21.000,"INTERCHANGEABLE INSERT HOLDER HT800 5XD 210 21,0-21,49",Guhring Aus Stock Reseller,
4108 21.500,"INTERCHANGEABLE INSERT HOLDER HT800 5XD 215 21,5-21,99",Guhring Aus Stock Reseller,
4108 22.000,"INTERCHANGEABLE INSERT HOLDER HT800 5XD 220 22,0-22,49",Guhring Aus Stock Reseller,
4108 22.500,"INTERCHANGEABLE INSERT HOLDER HT800 5XD 225 22,5-22,99",Guhring Aus Stock Reseller,
4108 23.000,"INTERCHANGEABLE INSERT HOLDER HT800 5XD 230 23,0-23,49",Guhring Aus Stock Reseller,
4108 23.500,"INTERCHANGEABLE INSERT HOLDER HT800 5XD 235 23,5-23,99",Guhring Aus Stock Reseller,
4108 24.000,"INTERCHANGEABLE INSERT HOLDER HT800 5XD 240 24,0-24,49",Guhring Aus Stock Reseller,
4108 24.500,"INTERCHANGEABLE INSERT HOLDER HT800 5XD 245 24,5-24,99",Guhring Aus Stock Reseller,
4108 25.000,"INTERCHANGEABLE INSERT HOLDER HT800 5XD 250 25,0-25,49",Guhring Aus Stock Reseller,
4108 26.000,"INTERCHANGEABLE INSERT HOLDER HT800 5XD 260 26,0-26,49",Guhring Aus Stock Reseller,
4108 27.000,"INTERCHANGEABLE INSERT HOLDER HT800 5XD 270 27,0-27,49",Guhring Aus Stock Reseller,
4108 28.000,"INTERCHANGEABLE INSERT HOLDER HT800 5XD 280 28,0-28,49",Guhring Aus Stock Reseller,
4108 29.000,"INTERCHANGEABLE INSERT HOLDER HT800 5XD 290 29,0-29,49",Guhring Aus Stock Reseller,
4108 30.000,"INTERCHANGEABLE INSERT HOLDER HT800 5XD 300 30,0-30,49",Guhring Aus Stock Reseller,
4108 31.000,"INTERCHANGEABLE INSERT HOLDER HT800 5XD 310 31,0-31,49",Guhring Aus Stock Reseller,
4108 32.000,"INTERCHANGEABLE INSERT HOLDER HT800 5XD 320 32,0-32,99",Guhring Aus Stock Reseller,
4109 11.000,"INTERCHANGEABLE INSERT HOLDER HT800 7XD 110 11,0-11,49",Guhring Aus Stock Reseller,
4109 11.500,"INTERCHANGEABLE INSERT HOLDER HT800 7XD 115 11,5-11,99",Guhring Aus Stock Reseller,
4109 12.000,"INTERCHANGEABLE INSERT HOLDER HT800 7XD 120 12,0-12,49",Guhring Aus Stock Reseller,
4109 12.500,"INTERCHANGEABLE INSERT HOLDER HT800 7XD 125 12,5-12,99",Guhring Aus Stock Reseller,
4109 13.000,"INTERCHANGEABLE INSERT HOLDER HT800 7XD 130 13,0-13,49",Guhring Aus Stock Reseller,
4109 13.500,"INTERCHANGEABLE INSERT HOLDER HT800 7XD 135 13,5-13,99",Guhring Aus Stock Reseller,
4109 14.000,"INTERCHANGEABLE INSERT HOLDER HT800 7XD 140 14,0-14,49",Guhring Aus Stock Reseller,
4109 14.500,"INTERCHANGEABLE INSERT HOLDER HT800 7XD 145 14,5-14,99",Guhring Aus Stock Reseller,
4109 15.000,"INTERCHANGEABLE INSERT HOLDER HT800 7XD 150 15,0-15,49",Guhring Aus Stock Reseller,
4109 15.500,"INTERCHANGEABLE INSERT HOLDER HT800 7XD 155 15,5-15,99",Guhring Aus Stock Reseller,
4109 16.000,"INTERCHANGEABLE INSERT HOLDER HT800 7XD 160 16,0-16,49",Guhring Aus Stock Reseller,
4109 16.500,"INTERCHANGEABLE INSERT HOLDER HT800 7XD 165 16,5-16,99",Guhring Aus Stock Reseller,
4109 17.000,"INTERCHANGEABLE INSERT HOLDER HT800 7XD 170 17,0-17,49",Guhring Aus Stock Reseller,
4109 17.500,"INTERCHANGEABLE INSERT HOLDER HT800 7XD 175 17,5-17,99",Guhring Aus Stock Reseller,
4109 18.000,"INTERCHANGEABLE INSERT HOLDER HT800 7XD 180 18,0-18,49",Guhring Aus Stock Reseller,
4109 18.500,"INTERCHANGEABLE INSERT HOLDER HT800 7XD 185 18,5-18,99",Guhring Aus Stock Reseller,
4109 19.000,"INTERCHANGEABLE INSERT HOLDER HT800 7XD 190 19,0-19,49",Guhring Aus Stock Reseller,
4109 19.500,"INTERCHANGEABLE INSERT HOLDER HT800 7XD 195 19,5-19,99",Guhring Aus Stock Reseller,
4109 20.000,"INTERCHANGEABLE INSERT HOLDER HT800 7XD 200 20,0-20,49",Guhring Aus Stock Reseller,
4109 20.500,"INTERCHANGEABLE INSERT HOLDER HT800 7XD 205 20,5-20,99",Guhring Aus Stock Reseller,
4109 21.000,"INTERCHANGEABLE INSERT HOLDER HT800 7XD 210 21,0-21,49",Guhring Aus Stock Reseller,
4109 21.500,"INTERCHANGEABLE INSERT HOLDER HT800 7XD 215 21,5-21,99",Guhring Aus Stock Reseller,
4109 22.000,"INTERCHANGEABLE INSERT HOLDER HT800 7XD 220 22,0-22,49",Guhring Aus Stock Reseller,
4109 22.500,"INTERCHANGEABLE INSERT HOLDER HT800 7XD 225 22,5-22,99",Guhring Aus Stock Reseller,
4109 23.000,"INTERCHANGEABLE INSERT HOLDER HT800 7XD 230 23,0-23,49",Guhring Aus Stock Reseller,
4109 23.500,"INTERCHANGEABLE INSERT HOLDER HT800 7XD 235 23,5-23,99",Guhring Aus Stock Reseller,
4109 24.000,"INTERCHANGEABLE INSERT HOLDER HT800 7XD 240 24,0-24,49",Guhring Aus Stock Reseller,
4109 24.500,"INTERCHANGEABLE INSERT HOLDER HT800 7XD 245 24,5-24,99",Guhring Aus Stock Reseller,
4109 25.000,"INTERCHANGEABLE INSERT HOLDER HT800 7XD 250 25,0-25,49",Guhring Aus Stock Reseller,
4109 26.000,"INTERCHANGEABLE INSERT HOLDER HT800 7XD 260 26,0-26,49",Guhring Aus Stock Reseller,
4109 27.000,"INTERCHANGEABLE INSERT HOLDER HT800 7XD 270 27,0-27,49",Guhring Aus Stock Reseller,
4109 28.000,"INTERCHANGEABLE INSERT HOLDER HT800 7XD 280 28,0-28,49",Guhring Aus Stock Reseller,
4109 29.000,"INTERCHANGEABLE INSERT HOLDER HT800 7XD 290 29,0-29,49",Guhring Aus Stock Reseller,
4109 30.000,"INTERCHANGEABLE INSERT HOLDER HT800 7XD 300 30,0-30,49",Guhring Aus Stock Reseller,
4109 31.000,"INTERCHANGEABLE INSERT HOLDER HT800 7XD 310 31,0-31,49",Guhring Aus Stock Reseller,
4110 11.000,"INTERCHANGEABLE INSERT HOLDER HT800 10XD 110 11,0-11,49",Guhring Aus Stock Reseller,
4110 11.500,"INTERCHANGEABLE INSERT HOLDER HT800 10XD 115 11,5-11,99",Guhring Aus Stock Reseller,
4110 12.000,"INTERCHANGEABLE INSERT HOLDER HT800 10XD 120 12,0-12,49",Guhring Aus Stock Reseller,
4110 12.500,"INTERCHANGEABLE INSERT HOLDER HT800 10XD 125 12,5-12,99",Guhring Aus Stock Reseller,
4110 13.000,"INTERCHANGEABLE INSERT HOLDER HT800 10XD 130 13,0-13,49",Guhring Aus Stock Reseller,
4110 13.500,"INTERCHANGEABLE INSERT HOLDER HT800 10XD 135 13,5-13,99",Guhring Aus Stock Reseller,
4110 14.000,"INTERCHANGEABLE INSERT HOLDER HT800 10XD 140 14,0-14,49",Guhring Aus Stock Reseller,
4110 16.500,"INTERCHANGEABLE INSERT HOLDER HT800 10XD 165 16,5-16,99",Guhring Aus Stock Reseller,
4110 26.000,"INTERCHANGEABLE INSERT HOLDER HT800 10XD 260 26,0-26,49",Guhring Aus Stock Reseller,
4110 27.000,"INTERCHANGEABLE INSERT HOLDER HT800 10XD 270 27,0-27,49",Guhring Aus Stock Reseller,
4110 29.000,"INTERCHANGEABLE INSERT HOLDER HT800 10XD 290 29,0-29,49",Guhring Aus Stock Reseller,
4110 30.000,"INTERCHANGEABLE INSERT HOLDER HT800 10XD 300 30,0-30,49",Guhring Aus Stock Reseller,
4110 31.000,"INTERCHANGEABLE INSERT HOLDER HT800 10XD 310 31,0-31,49",Guhring Aus Stock Reseller,
4112 11.000,"Carbide HT800 Interchangeable Drilling Insert. Fire Coated, For Steel",Guhring Aus Stock Reseller,
4112 11.200,"Carbide HT800 Interchangeable Drilling Insert. Fire Coated, For Steel",Guhring Aus Stock Reseller,
4112 11.500,"Carbide HT800 Interchangeable Drilling Insert. Fire Coated, For Steel",Guhring Aus Stock Reseller,
4112 11.800,"Carbide HT800 Interchangeable Drilling Insert. Fire Coated, For Steel",Guhring Aus Stock Reseller,
4112 11.910,"Carbide HT800 Interchangeable Drilling Insert. Fire Coated, For Steel",Guhring Aus Stock Reseller,
4112 12.000,"Carbide HT800 Interchangeable Drilling Insert. Fire Coated, For Steel",Guhring Aus Stock Reseller,
4112 12.200,"Carbide HT800 Interchangeable Drilling Insert. Fire Coated, For Steel",Guhring Aus Stock Reseller,
4112 12.500,"Carbide HT800 Interchangeable Drilling Insert. Fire Coated, For Steel",Guhring Aus Stock Reseller,
4112 12.700,"Carbide HT800 Interchangeable Drilling Insert. Fire Coated, For Steel",Guhring Aus Stock Reseller,
4112 12.800,"Carbide HT800 Interchangeable Drilling Insert. Fire Coated, For Steel",Guhring Aus Stock Reseller,
4112 13.000,"Carbide HT800 Interchangeable Drilling Insert. Fire Coated, For Steel",Guhring Aus Stock Reseller,
4112 13.100,"Carbide HT800 Interchangeable Drilling Insert. Fire Coated, For Steel",Guhring Aus Stock Reseller,
4112 13.500,"Carbide HT800 Interchangeable Drilling Insert. Fire Coated, For Steel",Guhring Aus Stock Reseller,
4112 13.800,"Carbide HT800 Interchangeable Drilling Insert. Fire Coated, For Steel",Guhring Aus Stock Reseller,
4112 14.000,"Carbide HT800 Interchangeable Drilling Insert. Fire Coated, For Steel",Guhring Aus Stock Reseller,
4112 14.500,"Carbide HT800 Interchangeable Drilling Insert. Fire Coated, For Steel",Guhring Aus Stock Reseller,
4112 14.800,"Carbide HT800 Interchangeable Drilling Insert. Fire Coated, For Steel",Guhring Aus Stock Reseller,
4112 15.000,"Carbide HT800 Interchangeable Drilling Insert. Fire Coated, For Steel",Guhring Aus Stock Reseller,
4112 15.100,"Carbide HT800 Interchangeable Drilling Insert. Fire Coated, For Steel",Guhring Aus Stock Reseller,
4112 15.200,"Carbide HT800 Interchangeable Drilling Insert. Fire Coated, For Steel",Guhring Aus Stock Reseller,
4112 15.500,"Carbide HT800 Interchangeable Drilling Insert. Fire Coated, For Steel",Guhring Aus Stock Reseller,
4112 15.870,"Carbide HT800 Interchangeable Drilling Insert. Fire Coated, For Steel",Guhring Aus Stock Reseller,
4112 16.000,"Carbide HT800 Interchangeable Drilling Insert. Fire Coated, For Steel",Guhring Aus Stock Reseller,
4112 16.500,"Carbide HT800 Interchangeable Drilling Insert. Fire Coated, For Steel",Guhring Aus Stock Reseller,
4112 17.000,"Carbide HT800 Interchangeable Drilling Insert. Fire Coated, For Steel",Guhring Aus Stock Reseller,
4112 17.500,"Carbide HT800 Interchangeable Drilling Insert. Fire Coated, For Steel",Guhring Aus Stock Reseller,
4112 17.600,"Carbide HT800 Interchangeable Drilling Insert. Fire Coated, For Steel",Guhring Aus Stock Reseller,
4112 18.000,"Carbide HT800 Interchangeable Drilling Insert. Fire Coated, For Steel",Guhring Aus Stock Reseller,
4112 18.500,"Carbide HT800 Interchangeable Drilling Insert. Fire Coated, For Steel",Guhring Aus Stock Reseller,
4112 19.000,"Carbide HT800 Interchangeable Drilling Insert. Fire Coated, For Steel",Guhring Aus Stock Reseller,
4112 19.050,"Carbide HT800 Interchangeable Drilling Insert. Fire Coated, For Steel",Guhring Aus Stock Reseller,
4112 19.250,"Carbide HT800 Interchangeable Drilling Insert. Fire Coated, For Steel",Guhring Aus Stock Reseller,
4112 19.500,"Carbide HT800 Interchangeable Drilling Insert. Fire Coated, For Steel",Guhring Aus Stock Reseller,
4112 19.600,"Carbide HT800 Interchangeable Drilling Insert. Fire Coated, For Steel",Guhring Aus Stock Reseller,
4112 20.000,"Carbide HT800 Interchangeable Drilling Insert. Fire Coated, For Steel",Guhring Aus Stock Reseller,
4112 20.500,"Carbide HT800 Interchangeable Drilling Insert. Fire Coated, For Steel",Guhring Aus Stock Reseller,
4112 21.000,"Carbide HT800 Interchangeable Drilling Insert. Fire Coated, For Steel",Guhring Aus Stock Reseller,
4112 21.500,"Carbide HT800 Interchangeable Drilling Insert. Fire Coated, For Steel",Guhring Aus Stock Reseller,
4112 22.000,"Carbide HT800 Interchangeable Drilling Insert. Fire Coated, For Steel",Guhring Aus Stock Reseller,
4112 22.220,"Carbide HT800 Interchangeable Drilling Insert. Fire Coated, For Steel",Guhring Aus Stock Reseller,
4112 22.500,"Carbide HT800 Interchangeable Drilling Insert. Fire Coated, For Steel",Guhring Aus Stock Reseller,
4112 23.000,"Carbide HT800 Interchangeable Drilling Insert. Fire Coated, For Steel",Guhring Aus Stock Reseller,
4112 23.500,"Carbide HT800 Interchangeable Drilling Insert. Fire Coated, For Steel",Guhring Aus Stock Reseller,
4112 24.000,"Carbide HT800 Interchangeable Drilling Insert. Fire Coated, For Steel",Guhring Aus Stock Reseller,
4112 24.500,"Carbide HT800 Interchangeable Drilling Insert. Fire Coated, For Steel",Guhring Aus Stock Reseller,
4112 25.000,"Carbide HT800 Interchangeable Drilling Insert. Fire Coated, For Steel",Guhring Aus Stock Reseller,
4112 25.400,"Carbide HT800 Interchangeable Drilling Insert. Fire Coated, For Steel",Guhring Aus Stock Reseller,
4112 26.000,"Carbide HT800 Interchangeable Drilling Insert. Fire Coated, For Steel",Guhring Aus Stock Reseller,
4112 27.000,"Carbide HT800 Interchangeable Drilling Insert. Fire Coated, For Steel",Guhring Aus Stock Reseller,
4112 28.000,"Carbide HT800 Interchangeable Drilling Insert. Fire Coated, For Steel",Guhring Aus Stock Reseller,
4112 29.000,"Carbide HT800 Interchangeable Drilling Insert. Fire Coated, For Steel",Guhring Aus Stock Reseller,
4112 30.000,"Carbide HT800 Interchangeable Drilling Insert. Fire Coated, For Steel",Guhring Aus Stock Reseller,
4112 31.000,"Carbide HT800 Interchangeable Drilling Insert. Fire Coated, For Steel",Guhring Aus Stock Reseller,
4112 31.500,"Carbide HT800 Interchangeable Drilling Insert. Fire Coated, For Steel",Guhring Aus Stock Reseller,
4112 31.750,"Carbide HT800 Interchangeable Drilling Insert. Fire Coated, For Steel",Guhring Aus Stock Reseller,
4112 32.000,"Carbide HT800 Interchangeable Drilling Insert. Fire Coated, For Steel",Guhring Aus Stock Reseller,
4112 33.000,"Carbide HT800 Interchangeable Drilling Insert. Fire Coated, For Steel",Guhring Aus Stock Reseller,
4112 34.000,"Carbide HT800 Interchangeable Drilling Insert. Fire Coated, For Steel",Guhring Aus Stock Reseller,
4112 36.000,"Carbide HT800 Interchangeable Drilling Insert. Fire Coated, For Steel",Guhring Aus Stock Reseller,
4112 37.500,"Carbide HT800 Interchangeable Drilling Insert. Fire Coated, For Steel",Guhring Aus Stock Reseller,
4112 38.000,"Carbide HT800 Interchangeable Drilling Insert. Fire Coated, For Steel",Guhring Aus Stock Reseller,
4112 40.000,"Carbide HT800 Interchangeable Drilling Insert. Fire Coated, For Steel",Guhring Aus Stock Reseller,
4115 11.000,"Carbide HT800 Interchangeable Drilling Insert. Fire Coated, For Stainless Steel",Guhring Aus Stock Reseller,
4115 11.500,"Carbide HT800 Interchangeable Drilling Insert. Fire Coated, For Stainless Steel",Guhring Aus Stock Reseller,
4115 12.000,"Carbide HT800 Interchangeable Drilling Insert. Fire Coated, For Stainless Steel",Guhring Aus Stock Reseller,
4115 12.500,"Carbide HT800 Interchangeable Drilling Insert. Fire Coated, For Stainless Steel",Guhring Aus Stock Reseller,
4115 13.000,"Carbide HT800 Interchangeable Drilling Insert. Fire Coated, For Stainless Steel",Guhring Aus Stock Reseller,
4115 13.500,"Carbide HT800 Interchangeable Drilling Insert. Fire Coated, For Stainless Steel",Guhring Aus Stock Reseller,
4115 14.000,"Carbide HT800 Interchangeable Drilling Insert. Fire Coated, For Stainless Steel",Guhring Aus Stock Reseller,
4115 14.500,"Carbide HT800 Interchangeable Drilling Insert. Fire Coated, For Stainless Steel",Guhring Aus Stock Reseller,
4115 14.600,"Carbide HT800 Interchangeable Drilling Insert. Fire Coated, For Stainless Steel",Guhring Aus Stock Reseller,
4115 14.700,"Carbide HT800 Interchangeable Drilling Insert. Fire Coated, For Stainless Steel",Guhring Aus Stock Reseller,
4115 15.000,"Carbide HT800 Interchangeable Drilling Insert. Fire Coated, For Stainless Steel",Guhring Aus Stock Reseller,
4115 15.870,"Carbide HT800 Interchangeable Drilling Insert. Fire Coated, For Stainless Steel",Guhring Aus Stock Reseller,
4115 16.000,"Carbide HT800 Interchangeable Drilling Insert. Fire Coated, For Stainless Steel",Guhring Aus Stock Reseller,
4115 16.500,"Carbide HT800 Interchangeable Drilling Insert. Fire Coated, For Stainless Steel",Guhring Aus Stock Reseller,
4115 16.670,"Carbide HT800 Interchangeable Drilling Insert. Fire Coated, For Stainless Steel",Guhring Aus Stock Reseller,
4115 17.000,"Carbide HT800 Interchangeable Drilling Insert. Fire Coated, For Stainless Steel",Guhring Aus Stock Reseller,
4115 17.500,"Carbide HT800 Interchangeable Drilling Insert. Fire Coated, For Stainless Steel",Guhring Aus Stock Reseller,
4115 17.860,"Carbide HT800 Interchangeable Drilling Insert. Fire Coated, For Stainless Steel",Guhring Aus Stock Reseller,
4115 18.000,"Carbide HT800 Interchangeable Drilling Insert. Fire Coated, For Stainless Steel",Guhring Aus Stock Reseller,
4115 18.500,"Carbide HT800 Interchangeable Drilling Insert. Fire Coated, For Stainless Steel",Guhring Aus Stock Reseller,
4115 19.000,"Carbide HT800 Interchangeable Drilling Insert. Fire Coated, For Stainless Steel",Guhring Aus Stock Reseller,
4115 19.050,"Carbide HT800 Interchangeable Drilling Insert. Fire Coated, For Stainless Steel",Guhring Aus Stock Reseller,
4115 19.250,"Carbide HT800 Interchangeable Drilling Insert. Fire Coated, For Stainless Steel",Guhring Aus Stock Reseller,
4115 19.500,"Carbide HT800 Interchangeable Drilling Insert. Fire Coated, For Stainless Steel",Guhring Aus Stock Reseller,
4115 20.000,"Carbide HT800 Interchangeable Drilling Insert. Fire Coated, For Stainless Steel",Guhring Aus Stock Reseller,
4115 20.500,"Carbide HT800 Interchangeable Drilling Insert. Fire Coated, For Stainless Steel",Guhring Aus Stock Reseller,
4115 21.000,"Carbide HT800 Interchangeable Drilling Insert. Fire Coated, For Stainless Steel",Guhring Aus Stock Reseller,
4115 21.500,"Carbide HT800 Interchangeable Drilling Insert. Fire Coated, For Stainless Steel",Guhring Aus Stock Reseller,
4115 22.000,"Carbide HT800 Interchangeable Drilling Insert. Fire Coated, For Stainless Steel",Guhring Aus Stock Reseller,
4115 22.220,"Carbide HT800 Interchangeable Drilling Insert. Fire Coated, For Stainless Steel",Guhring Aus Stock Reseller,
4115 22.500,"Carbide HT800 Interchangeable Drilling Insert. Fire Coated, For Stainless Steel",Guhring Aus Stock Reseller,
4115 23.000,"Carbide HT800 Interchangeable Drilling Insert. Fire Coated, For Stainless Steel",Guhring Aus Stock Reseller,
4115 23.500,"Carbide HT800 Interchangeable Drilling Insert. Fire Coated, For Stainless Steel",Guhring Aus Stock Reseller,
4115 24.000,"Carbide HT800 Interchangeable Drilling Insert. Fire Coated, For Stainless Steel",Guhring Aus Stock Reseller,
4115 24.500,"Carbide HT800 Interchangeable Drilling Insert. Fire Coated, For Stainless Steel",Guhring Aus Stock Reseller,
4115 25.000,"Carbide HT800 Interchangeable Drilling Insert. Fire Coated, For Stainless Steel",Guhring Aus Stock Reseller,
4115 25.400,"Carbide HT800 Interchangeable Drilling Insert. Fire Coated, For Stainless Steel",Guhring Aus Stock Reseller,
4115 26.000,"Carbide HT800 Interchangeable Drilling Insert. Fire Coated, For Stainless Steel",Guhring Aus Stock Reseller,
4115 27.000,"Carbide HT800 Interchangeable Drilling Insert. Fire Coated, For Stainless Steel",Guhring Aus Stock Reseller,
4115 28.000,"Carbide HT800 Interchangeable Drilling Insert. Fire Coated, For Stainless Steel",Guhring Aus Stock Reseller,
4115 29.000,"Carbide HT800 Interchangeable Drilling Insert. Fire Coated, For Stainless Steel",Guhring Aus Stock Reseller,
4115 29.370,"Carbide HT800 Interchangeable Drilling Insert. Fire Coated, For Stainless Steel",Guhring Aus Stock Reseller,
4115 29.500,"Carbide HT800 Interchangeable Drilling Insert. Fire Coated, For Stainless Steel",Guhring Aus Stock Reseller,
4115 30.000,"Carbide HT800 Interchangeable Drilling Insert. Fire Coated, For Stainless Steel",Guhring Aus Stock Reseller,
4115 31.000,"Carbide HT800 Interchangeable Drilling Insert. Fire Coated, For Stainless Steel",Guhring Aus Stock Reseller,
4115 32.000,"Carbide HT800 Interchangeable Drilling Insert. Fire Coated, For Stainless Steel",Guhring Aus Stock Reseller,
4115 33.000,"Carbide HT800 Interchangeable Drilling Insert. Fire Coated, For Stainless Steel",Guhring Aus Stock Reseller,
4115 34.000,"Carbide HT800 Interchangeable Drilling Insert. Fire Coated, For Stainless Steel",Guhring Aus Stock Reseller,
4115 35.000,"Carbide HT800 Interchangeable Drilling Insert. Fire Coated, For Stainless Steel",Guhring Aus Stock Reseller,
4115 36.000,"Carbide HT800 Interchangeable Drilling Insert. Fire Coated, For Stainless Steel",Guhring Aus Stock Reseller,
4115 37.000,"Carbide HT800 Interchangeable Drilling Insert. Fire Coated, For Stainless Steel",Guhring Aus Stock Reseller,
4115 39.000,"Carbide HT800 Interchangeable Drilling Insert. Fire Coated, For Stainless Steel",Guhring Aus Stock Reseller,
4115 40.000,"Carbide HT800 Interchangeable Drilling Insert. Fire Coated, For Stainless Steel",Guhring Aus Stock Reseller,
4128 6.350,Thread Milling Cutter Sirius Coating 2 x D UNC 1/4-20,Guhring Aus Stock Reseller,
4128 7.938,Thread Milling Cutter Sirius Coating 2 x D UNC 5/16-18,Guhring Aus Stock Reseller,
4128 9.525,Thread Milling Cutter Sirius Coating 2 x D UNC 3/8-16,Guhring Aus Stock Reseller,
4128 11.113,Thread Milling Cutter Sirius Coating 2 x D UNC 7/16-14,Guhring Aus Stock Reseller,
4128 12.700,Thread Milling Cutter Sirius Coating 2 x D UNC 1/2-13,Guhring Aus Stock Reseller,
4128 14.288,Thread Milling Cutter Sirius Coating 2 x D UNC 9/16-12,Guhring Aus Stock Reseller,
4128 15.875,Thread Milling Cutter Sirius Coating 2 x D UNC 5/8-11,Guhring Aus Stock Reseller,
4129 6.350,Thread Milling Cutter Sirius Coating 2 x D UNF1/4-28,Guhring Aus Stock Reseller,
4129 7.938,Thread Milling Cutter Sirius Coating 2 x D UNF 5/16-24,Guhring Aus Stock Reseller,
4129 9.525,Thread Milling Cutter Sirius Coating 2 x D UNF 3/8-24,Guhring Aus Stock Reseller,
4129 11.113,Thread Milling Cutter Sirius Coating 2 x D UNF 7/16-20,Guhring Aus Stock Reseller,
4129 12.700,Thread Milling Cutter Sirius Coating 2 x D UNF 1/2-20,Guhring Aus Stock Reseller,
4129 14.288,Thread Milling Cutter Sirius Coating 2 x D UNF 9/16-18,Guhring Aus Stock Reseller,
4129 15.875,Thread Milling Cutter Sirius Coating 2 x D UNF 5/8-18,Guhring Aus Stock Reseller,
4130 8.190,Thread Milling Cutter Sirius Coating 2 x D NPT 1/16,Guhring Aus Stock Reseller,
4130 10.620,Thread Milling Cutter Sirius Coating 2 x D NPT 1/8,Guhring Aus Stock Reseller,
4130 14.140,Thread Milling Cutter Sirius Coating 2 x D NPT 1/4,Guhring Aus Stock Reseller,
4130 17.570,Thread Milling Cutter Sirius Coating 2 x D NPT 3/8,Guhring Aus Stock Reseller,
4130 21.900,Thread Milling Cutter Sirius Coating 2 x D NPT 1/2,Guhring Aus Stock Reseller,
4131 14.140,VHM KI SIRIUS GFR TM 2XD 1/4 NPTF,Guhring Aus Stock Reseller,
4133 6.000,Thread milling cutters without chamfer 2 x D M6 Sirius Coating,Guhring Aus Stock Reseller,
4133 8.000,Thread milling cutters without chamfer 2 x D M8 Sirius Coating,Guhring Aus Stock Reseller,
4133 10.000,Thread milling cutters without chamfer 2 x D M10 Sirius Coating,Guhring Aus Stock Reseller,
4133 12.000,Thread milling cutters without chamfer 2 x D M12 Sirius Coating,Guhring Aus Stock Reseller,
4133 14.000,Thread milling cutters without chamfer 2 x D M14 Sirius Coating,Guhring Aus Stock Reseller,
4133 16.000,Thread milling cutters without chamfer 2 x D M16 Sirius Coating,Guhring Aus Stock Reseller,
4133 20.000,Thread milling cutters without chamfer 2 x D M20 Sirius Coating,Guhring Aus Stock Reseller,
4218 2.000,Metric Gun Nose Taps HSS-E 6HX SIRIUS Coated,Guhring Aus Stock Reseller,
4218 2.500,Metric Gun Nose Taps HSS-E 6HX SIRIUS Coated,Guhring Aus Stock Reseller,
4218 3.000,Metric Gun Nose Taps HSS-E 6HX SIRIUS Coated,Guhring Aus Stock Reseller,
4218 4.000,Metric Gun Nose Taps HSS-E 6HX SIRIUS Coated,Guhring Aus Stock Reseller,
4218 5.000,Metric Gun Nose Taps HSS-E 6HX SIRIUS Coated,Guhring Aus Stock Reseller,
4218 6.000,Metric Gun Nose Taps HSS-E 6HX SIRIUS Coated,Guhring Aus Stock Reseller,
4218 8.000,Metric Gun Nose Taps HSS-E 6HX SIRIUS Coated,Guhring Aus Stock Reseller,
4218 10.000,Metric Gun Nose Taps HSS-E 6HX SIRIUS Coated,Guhring Aus Stock Reseller,
4218 12.000,Metric Gun Nose Taps HSS-E 6HX SIRIUS Coated,Guhring Aus Stock Reseller,
4218 16.000,Metric Gun Nose Taps HSS-E 6HX SIRIUS Coated,Guhring Aus Stock Reseller,
4218 18.000,Metric Gun Nose Taps HSS-E 6HX SIRIUS Coated,Guhring Aus Stock Reseller,
4218 20.000,Metric Gun Nose Taps HSS-E 6HX SIRIUS Coated,Guhring Aus Stock Reseller,
4218 24.000,Metric Gun Nose Taps HSS-E 6HX SIRIUS Coated,Guhring Aus Stock Reseller,
4218 30.000,Metric Gun Nose Taps HSS-E 6HX SIRIUS Coated,Guhring Aus Stock Reseller,
4220 7.723,BSP Gun Tap HSS-E Blue Bland Sirius Coated G 1/16,Guhring Aus Stock Reseller,
4220 9.728,BSP Gun Tap HSS-E Blue Bland Sirius Coated G 1/8,Guhring Aus Stock Reseller,
4220 13.157,BSP Gun Tap HSS-E Blue Bland Sirius Coated G 1/4,Guhring Aus Stock Reseller,
4220 16.662,BSP Gun Tap HSS-E Blue Bland Sirius Coated G 3/8,Guhring Aus Stock Reseller,
4220 20.955,BSP Gun Tap HSS-E Blue Bland Sirius Coated G 1/2,Guhring Aus Stock Reseller,
4220 22.911,BSP Gun Tap HSS-E Blue Bland Sirius Coated G 5/8,Guhring Aus Stock Reseller,
4220 26.441,BSP Gun Tap HSS-E Blue Bland Sirius Coated G 3/4,Guhring Aus Stock Reseller,
4220 30.201,BSP Gun Tap HSS-E Blue Bland Sirius Coated G 7/8,Guhring Aus Stock Reseller,
4220 33.249,"BSP Gun Tap HSS-E Blue Bland Sirius Coated G 1""",Guhring Aus Stock Reseller,
4221 6.040,BT40 Hydraulic chuck,Guhring Aus Stock Reseller,
4221 8.040,BT40 Hydraulic chuck,Guhring Aus Stock Reseller,
4221 10.040,BT40 Hydraulic chuck,Guhring Aus Stock Reseller,
4221 12.040,BT40 Hydraulic chuck,Guhring Aus Stock Reseller,
4221 14.040,BT40 Hydraulic chuck,Guhring Aus Stock Reseller,
4221 16.040,BT40 Hydraulic chuck,Guhring Aus Stock Reseller,
4221 18.040,BT40 Hydraulic chuck,Guhring Aus Stock Reseller,
4221 20.040,BT40 Hydraulic chuck,Guhring Aus Stock Reseller,
4221 20.140,BT40 Hydraulic chuck,Guhring Aus Stock Reseller,
4221 25.040,BT40 Hydraulic chuck,Guhring Aus Stock Reseller,
4221 32.040,BT40 Hydraulic chuck,Guhring Aus Stock Reseller,
4226 1.600,"Micro-thread milling cutters 3 x D Sirius Coating M 1,6",Guhring Aus Stock Reseller,
4226 1.800,"Micro-thread milling cutters 3 x D Sirius Coating M 1,8",Guhring Aus Stock Reseller,
4226 2.000,Micro-thread milling cutters 3 x D Sirius Coating M 2,Guhring Aus Stock Reseller,
4226 2.500,"Micro-thread milling cutters 3 x D Sirius Coating M 2,5",Guhring Aus Stock Reseller,
4226 3.000,Micro-thread milling cutters 3 x D Sirius Coating M 3,Guhring Aus Stock Reseller,
4226 3.500,"Micro-thread milling cutters 3 x D Sirius Coating M 3,5",Guhring Aus Stock Reseller,
4226 4.000,Micro-thread milling cutters 3 x D Sirius Coating M 4,Guhring Aus Stock Reseller,
4226 5.000,Micro-thread milling cutters 3 x D Sirius Coating M 5,Guhring Aus Stock Reseller,
4226 6.000,Micro-thread milling cutters 3 x D Sirius Coating M 6,Guhring Aus Stock Reseller,
4226 8.000,Micro-thread milling cutters 3 x D Sirius Coating M 8,Guhring Aus Stock Reseller,
4226 10.000,Micro-thread milling cutters 3 x D Sirius Coating M10,Guhring Aus Stock Reseller,
4226 12.000,Micro-thread milling cutters 3 x D Sirius Coating M12,Guhring Aus Stock Reseller,
4229 16.000,Carbide HT800 Interchangeable Beam Drilling Insert Fire Coated,Guhring Aus Stock Reseller,
4229 18.000,Carbide HT800 Interchangeable Beam Drilling Insert Fire Coated,Guhring Aus Stock Reseller,
4229 20.000,Carbide HT800 Interchangeable Beam Drilling Insert Fire Coated,Guhring Aus Stock Reseller,
4229 21.000,Carbide HT800 Interchangeable Beam Drilling Insert Fire Coated,Guhring Aus Stock Reseller,
4229 22.000,Carbide HT800 Interchangeable Beam Drilling Insert Fire Coated,Guhring Aus Stock Reseller,
4229 28.000,Carbide HT800 Interchangeable Beam Drilling Insert Fire Coated,Guhring Aus Stock Reseller,
4229 30.000,Carbide HT800 Interchangeable Beam Drilling Insert Fire Coated,Guhring Aus Stock Reseller,
4229 32.000,Carbide HT800 Interchangeable Beam Drilling Insert Fire Coated,Guhring Aus Stock Reseller,
4229 33.000,Carbide HT800 Interchangeable Beam Drilling Insert Fire Coated,Guhring Aus Stock Reseller,
4229 36.000,Carbide HT800 Interchangeable Beam Drilling Insert Fire Coated,Guhring Aus Stock Reseller,
4229 38.000,Carbide HT800 Interchangeable Beam Drilling Insert Fire Coated,Guhring Aus Stock Reseller,
4229 40.000,Carbide HT800 Interchangeable Beam Drilling Insert Fire Coated,Guhring Aus Stock Reseller,
4233 6.040,BT40 Side Lock Holder 6.0 mm,Guhring Aus Stock Reseller,
4233 8.040,BT40 Side Lock Holder 8.0 mm,Guhring Aus Stock Reseller,
4233 10.040,BT40 Side Lock Holder 10.0 mm,Guhring Aus Stock Reseller,
4233 12.040,"BT40 Side Lock Holder 12,0 mm",Guhring Aus Stock Reseller,
4233 14.040,BT40 Side Lock Holder 14.0 mm,Guhring Aus Stock Reseller,
4233 16.040,BT40 Side Lock Holder 16.0 mm,Guhring Aus Stock Reseller,
4233 18.040,BT40 Side Lock Holder 18.0 mm,Guhring Aus Stock Reseller,
4233 20.040,BT40 Side Lock Holder 20.0 mm,Guhring Aus Stock Reseller,
4233 25.040,BT40 Side Lock Holder 25.0 mm,Guhring Aus Stock Reseller,
4233 32.040,BT40 Side Lock Holder 32.0 mm,Guhring Aus Stock Reseller,
4245 16.040,BT40 ER16 Collet Chuck,Guhring Aus Stock Reseller,
4245 16.140,BT40 ER16 Collet Chuck,Guhring Aus Stock Reseller,
4245 25.040,BT40 ER25 Collet Chuck,Guhring Aus Stock Reseller,
4245 25.140,BT40 ER25 Collet Chuck,Guhring Aus Stock Reseller,
4245 32.040,BT40 ER32 Collet Chuck,Guhring Aus Stock Reseller,
4245 32.140,BT40 ER32 Collet Chuck,Guhring Aus Stock Reseller,
4299 6.063,HSK63-A Hydraulic Chuck,Guhring Aus Stock Reseller,
4299 8.063,HSK63-A Hydraulic Chuck,Guhring Aus Stock Reseller,
4299 10.063,HSK63-A Hydraulic Chuck,Guhring Aus Stock Reseller,
4299 12.063,HSK63-A Hydraulic Chuck,Guhring Aus Stock Reseller,
4299 14.063,HSK63-A Hydraulic Chuck,Guhring Aus Stock Reseller,
4299 16.063,HSK63-A Hydraulic Chuck,Guhring Aus Stock Reseller,
4299 18.063,HSK63-A Hydraulic Chuck,Guhring Aus Stock Reseller,
4299 20.063,HSK63-A Hydraulic Chuck,Guhring Aus Stock Reseller,
4299 25.063,HSK63-A Hydraulic Chuck,Guhring Aus Stock Reseller,
4307 2.032,ER32 Collet 2 mm Dia,Guhring Aus Stock Reseller,
4307 2.532,ER32 Collet 2.5 mm Dia,Guhring Aus Stock Reseller,
4307 3.032,ER32 Collet 3 mm Dia,Guhring Aus Stock Reseller,
4307 4.032,ER32 Collet 4 mm Dia,Guhring Aus Stock Reseller,
4307 5.032,ER32 Collet 5 mm Dia,Guhring Aus Stock Reseller,
4307 6.032,ER32 Collet 6 mm Dia,Guhring Aus Stock Reseller,
4307 7.032,ER32 Collet 7 mm Dia,Guhring Aus Stock Reseller,
4307 8.032,ER32 Collet 8 mm Dia,Guhring Aus Stock Reseller,
4307 9.032,ER32 Collet 9 mm Dia,Guhring Aus Stock Reseller,
4307 10.032,ER32 Collet 10 mm Dia,Guhring Aus Stock Reseller,
4307 11.032,ER32 Collet 11 mm Dia,Guhring Aus Stock Reseller,
4307 12.032,ER32 Collet 12 mm Dia,Guhring Aus Stock Reseller,
4307 13.032,ER32 Collet 13 mm Dia,Guhring Aus Stock Reseller,
4307 14.032,ER32 Collet 14 mm Dia,Guhring Aus Stock Reseller,
4307 15.032,ER32 Collet 15 mm Dia,Guhring Aus Stock Reseller,
4307 16.032,ER32 Collet 16 mm Dia,Guhring Aus Stock Reseller,
4307 17.032,ER32 Collet 17 mm Dia,Guhring Aus Stock Reseller,
4307 18.032,ER32 Collet 18 mm Dia,Guhring Aus Stock Reseller,
4307 19.032,ER32 Collet 19 mm Dia,Guhring Aus Stock Reseller,
4307 20.032,ER32 Collet 20 mm Dia,Guhring Aus Stock Reseller,
4485 5.000,Metric Fluteless Taps HSS-E-PM TiCN Coated IC,Guhring Aus Stock Reseller,
4485 6.000,Metric Fluteless Taps HSS-E-PM TiCN Coated IC,Guhring Aus Stock Reseller,
4485 8.000,Metric Fluteless Taps HSS-E-PM TiCN Coated IC,Guhring Aus Stock Reseller,
4485 10.000,Metric Fluteless Taps HSS-E-PM TiCN Coated IC,Guhring Aus Stock Reseller,
4485 12.000,Metric Fluteless Taps HSS-E-PM TiCN Coated IC,Guhring Aus Stock Reseller,
4485 14.000,Metric Fluteless Taps HSS-E-PM TiCN Coated IC,Guhring Aus Stock Reseller,
4485 16.000,Metric Fluteless Taps HSS-E-PM TiCN Coated IC,Guhring Aus Stock Reseller,
4485 20.000,Metric Fluteless Taps HSS-E-PM TiCN Coated IC,Guhring Aus Stock Reseller,
4487 1.000,Metric Fluteless Taps HSS-E-PM TiCN Coated,Guhring Aus Stock Reseller,
4487 1.200,Metric Fluteless Taps HSS-E-PM TiCN Coated,Guhring Aus Stock Reseller,
4487 1.400,Metric Fluteless Taps HSS-E-PM TiCN Coated,Guhring Aus Stock Reseller,
4487 1.600,Metric Fluteless Taps HSS-E-PM TiCN Coated,Guhring Aus Stock Reseller,
4487 1.700,Metric Fluteless Taps HSS-E-PM TiCN Coated,Guhring Aus Stock Reseller,
4487 1.800,Metric Fluteless Taps HSS-E-PM TiCN Coated,Guhring Aus Stock Reseller,
4487 2.000,Metric Fluteless Taps HSS-E-PM TiCN Coated,Guhring Aus Stock Reseller,
4487 2.500,Metric Fluteless Taps HSS-E-PM TiCN Coated,Guhring Aus Stock Reseller,
4487 3.000,Metric Fluteless Taps HSS-E-PM TiCN Coated,Guhring Aus Stock Reseller,
4487 4.000,Metric Fluteless Taps HSS-E-PM TiCN Coated,Guhring Aus Stock Reseller,
4487 5.000,Metric Fluteless Taps HSS-E-PM TiCN Coated,Guhring Aus Stock Reseller,
4487 6.000,Metric Fluteless Taps HSS-E-PM TiCN Coated,Guhring Aus Stock Reseller,
4487 8.000,Metric Fluteless Taps HSS-E-PM TiCN Coated,Guhring Aus Stock Reseller,
4487 10.000,Metric Fluteless Taps HSS-E-PM TiCN Coated,Guhring Aus Stock Reseller,
4487 12.000,Metric Fluteless Taps HSS-E-PM TiCN Coated,Guhring Aus Stock Reseller,
4487 14.000,Metric Fluteless Taps HSS-E-PM TiCN Coated,Guhring Aus Stock Reseller,
4487 16.000,Metric Fluteless Taps HSS-E-PM TiCN Coated,Guhring Aus Stock Reseller,
4489 3.002,Fine Pitch Metric Fluteless Taps HSS-E-PM TiCN Coated,Guhring Aus Stock Reseller,
4489 4.002,Fine Pitch Metric Fluteless Taps HSS-E-PM TiCN Coated,Guhring Aus Stock Reseller,
4489 4.003,Fine Pitch Metric Fluteless Taps HSS-E-PM TiCN Coated,Guhring Aus Stock Reseller,
4489 5.003,Fine Pitch Metric Fluteless Taps HSS-E-PM TiCN Coated,Guhring Aus Stock Reseller,
4489 6.003,Fine Pitch Metric Fluteless Taps HSS-E-PM TiCN Coated,Guhring Aus Stock Reseller,
4489 6.004,Fine Pitch Metric Fluteless Taps HSS-E-PM TiCN Coated,Guhring Aus Stock Reseller,
4489 8.004,Fine Pitch Metric Fluteless Taps HSS-E-PM TiCN Coated,Guhring Aus Stock Reseller,
4489 8.005,Fine Pitch Metric Fluteless Taps HSS-E-PM TiCN Coated,Guhring Aus Stock Reseller,
4489 9.005,Fine Pitch Metric Fluteless Taps HSS-E-PM TiCN Coated,Guhring Aus Stock Reseller,
4489 10.004,Fine Pitch Metric Fluteless Taps HSS-E-PM TiCN Coated,Guhring Aus Stock Reseller,
4489 10.005,Fine Pitch Metric Fluteless Taps HSS-E-PM TiCN Coated,Guhring Aus Stock Reseller,
4489 10.006,Fine Pitch Metric Fluteless Taps HSS-E-PM TiCN Coated,Guhring Aus Stock Reseller,
4489 11.005,Fine Pitch Metric Fluteless Taps HSS-E-PM TiCN Coated,Guhring Aus Stock Reseller,
4489 12.005,Fine Pitch Metric Fluteless Taps HSS-E-PM TiCN Coated,Guhring Aus Stock Reseller,
4489 12.006,Fine Pitch Metric Fluteless Taps HSS-E-PM TiCN Coated,Guhring Aus Stock Reseller,
4489 12.007,Fine Pitch Metric Fluteless Taps HSS-E-PM TiCN Coated,Guhring Aus Stock Reseller,
4489 14.005,Fine Pitch Metric Fluteless Taps HSS-E-PM TiCN Coated,Guhring Aus Stock Reseller,
4489 14.006,Fine Pitch Metric Fluteless Taps HSS-E-PM TiCN Coated,Guhring Aus Stock Reseller,
4489 14.007,Fine Pitch Metric Fluteless Taps HSS-E-PM TiCN Coated,Guhring Aus Stock Reseller,
4489 16.005,Fine Pitch Metric Fluteless Taps HSS-E-PM TiCN Coated,Guhring Aus Stock Reseller,
4489 16.007,Fine Pitch Metric Fluteless Taps HSS-E-PM TiCN Coated,Guhring Aus Stock Reseller,
4489 18.005,Fine Pitch Metric Fluteless Taps HSS-E-PM TiCN Coated,Guhring Aus Stock Reseller,
4489 18.007,Fine Pitch Metric Fluteless Taps HSS-E-PM TiCN Coated,Guhring Aus Stock Reseller,
4489 18.008,Fine Pitch Metric Fluteless Taps HSS-E-PM TiCN Coated,Guhring Aus Stock Reseller,
4489 20.005,Fine Pitch Metric Fluteless Taps HSS-E-PM TiCN Coated,Guhring Aus Stock Reseller,
4489 20.007,Fine Pitch Metric Fluteless Taps HSS-E-PM TiCN Coated,Guhring Aus Stock Reseller,
4489 20.008,Fine Pitch Metric Fluteless Taps HSS-E-PM TiCN Coated,Guhring Aus Stock Reseller,
4489 22.005,Fine Pitch Metric Fluteless Taps HSS-E-PM TiCN Coated,Guhring Aus Stock Reseller,
4489 22.007,Fine Pitch Metric Fluteless Taps HSS-E-PM TiCN Coated,Guhring Aus Stock Reseller,
4489 22.008,Fine Pitch Metric Fluteless Taps HSS-E-PM TiCN Coated,Guhring Aus Stock Reseller,
4489 24.005,Fine Pitch Metric Fluteless Taps HSS-E-PM TiCN Coated,Guhring Aus Stock Reseller,
4489 24.007,Fine Pitch Metric Fluteless Taps HSS-E-PM TiCN Coated,Guhring Aus Stock Reseller,
4489 24.008,Fine Pitch Metric Fluteless Taps HSS-E-PM TiCN Coated,Guhring Aus Stock Reseller,
4491 4.826,PM HSS-E FLUTELESS TAPS NR 10 - 24 UNC TiCN-COATED,Guhring Aus Stock Reseller,
4491 6.350,PM HSS-E FLUTELESS TAPS 1/4 -20 UNC TiCN-COATED,Guhring Aus Stock Reseller,
4491 7.938,PM HSS-E FLUTELESS TAPS 5/16 -18 UNC TiCN-COATED,Guhring Aus Stock Reseller,
4491 9.525,PM HSS-E FLUTELESS TAPS 3/8 -16 UNC TiCN-COATED,Guhring Aus Stock Reseller,
4491 12.700,PM HSS-E FLUTELESS TAPS 1/2 -13 UNC TiCN-COATED,Guhring Aus Stock Reseller,
4491 15.875,PM HSS-E FLUTELESS TAPS 5/8 -11 UNC TiCN-COATED,Guhring Aus Stock Reseller,
4492 6.350,PM HSS-E FLUTELESS TAPS 1/4 -28 UNF TiCN-COATED,Guhring Aus Stock Reseller,
4492 7.938,PM HSS-E FLUTELESS TAPS 5/16 -24 UNF TiCN-COATED,Guhring Aus Stock Reseller,
4492 9.525,PM HSS-E FLUTELESS TAPS 3/8 - 24 UNF TiCN-COATED,Guhring Aus Stock Reseller,
4492 12.700,PM HSS-E FLUTELESS TAPS 1/2 -20 UNF TiCN-COATED,Guhring Aus Stock Reseller,
4492 15.875,PM HSS-E FLUTELESS TAPS 5/8 -18 UNF TiCN-COATED,Guhring Aus Stock Reseller,
4627 2.000,Metric Spiral Tap HSS-E  Blue band TIAlN coated 6H +0.1,Guhring Aus Stock Reseller,
4627 2.500,Metric Spiral Tap HSS-E  Blue band TIAlN coated 6H +0.1,Guhring Aus Stock Reseller,
4627 3.000,Metric Spiral Tap HSS-E  Blue band TIAlN coated 6H +0.1,Guhring Aus Stock Reseller,
4627 3.500,Metric Spiral Tap HSS-E  Blue band TIAlN coated 6H +0.1,Guhring Aus Stock Reseller,
4627 4.000,Metric Spiral Tap HSS-E  Blue band TIAlN coated 6H +0.1,Guhring Aus Stock Reseller,
4627 5.000,Metric Spiral Tap HSS-E  Blue band TIAlN coated 6H +0.1,Guhring Aus Stock Reseller,
4627 6.000,Metric Spiral Tap HSS-E  Blue band TIAlN coated 6H +0.1,Guhring Aus Stock Reseller,
4627 8.000,Metric Spiral Tap HSS-E  Blue band TIAlN coated 6H +0.1,Guhring Aus Stock Reseller,
4627 10.000,Metric Spiral Tap HSS-E  Blue band TIAlN coated 6H +0.1,Guhring Aus Stock Reseller,
4627 12.000,Metric Spiral Tap HSS-E  Blue band TIAlN coated 6H +0.1,Guhring Aus Stock Reseller,
4627 14.000,Metric Spiral Tap HSS-E  Blue band TIAlN coated 6H +0.1,Guhring Aus Stock Reseller,
4627 16.000,Metric Spiral Tap HSS-E  Blue band TIAlN coated 6H +0.1,Guhring Aus Stock Reseller,
4627 18.000,Metric Spiral Tap HSS-E  Blue band TIAlN coated 6H +0.1,Guhring Aus Stock Reseller,
4627 20.000,Metric Spiral Tap HSS-E  Blue band TIAlN coated 6H +0.1,Guhring Aus Stock Reseller,
4627 24.000,Metric Spiral Tap HSS-E  Blue band TIAlN coated 6H +0.1,Guhring Aus Stock Reseller,
4627 30.000,Metric Spiral Tap HSS-E  Blue band TIAlN coated 6H +0.1,Guhring Aus Stock Reseller,
4633 3.000,Metric Spiral Tap HSS-E  Blue band TIAlN coated 6HX long series,Guhring Aus Stock Reseller,
4633 4.000,Metric Spiral Tap HSS-E  Blue band TIAlN coated 6HX long series,Guhring Aus Stock Reseller,
4633 5.000,Metric Spiral Tap HSS-E  Blue band TIAlN coated 6HX long series,Guhring Aus Stock Reseller,
4633 6.000,Metric Spiral Tap HSS-E  Blue band TIAlN coated 6HX long series,Guhring Aus Stock Reseller,
4633 8.010,Metric Spiral Tap HSS-E  Blue band TIAlN coated 6HX long series,Guhring Aus Stock Reseller,
4633 10.010,Metric Spiral Tap HSS-E  Blue band TIAlN coated 6HX long series,Guhring Aus Stock Reseller,
4633 12.000,Metric Spiral Tap HSS-E  Blue band TIAlN coated 6HX long series,Guhring Aus Stock Reseller,
4633 14.000,Metric Spiral Tap HSS-E  Blue band TIAlN coated 6HX long series,Guhring Aus Stock Reseller,
4633 16.000,Metric Spiral Tap HSS-E  Blue band TIAlN coated 6HX long series,Guhring Aus Stock Reseller,
4633 20.000,Metric Spiral Tap HSS-E  Blue band TIAlN coated 6HX long series,Guhring Aus Stock Reseller,
4640 2.000,Metric Gun Nose Taps HSS-E 6HX SIRIUS Coated 6H +.1,Guhring Aus Stock Reseller,
4640 2.500,Metric Gun Nose Taps HSS-E 6HX SIRIUS Coated 6H +.1,Guhring Aus Stock Reseller,
4640 3.000,Metric Gun Nose Taps HSS-E 6HX SIRIUS Coated 6H +.1,Guhring Aus Stock Reseller,
4640 4.000,Metric Gun Nose Taps HSS-E 6HX SIRIUS Coated 6H +.1,Guhring Aus Stock Reseller,
4640 5.000,Metric Gun Nose Taps HSS-E 6HX SIRIUS Coated 6H +.1,Guhring Aus Stock Reseller,
4640 6.000,Metric Gun Nose Taps HSS-E 6HX SIRIUS Coated 6H +.1,Guhring Aus Stock Reseller,
4640 8.000,Metric Gun Nose Taps HSS-E 6HX SIRIUS Coated 6H +.1,Guhring Aus Stock Reseller,
4640 10.000,Metric Gun Nose Taps HSS-E 6HX SIRIUS Coated 6H +.1,Guhring Aus Stock Reseller,
4640 12.000,Metric Gun Nose Taps HSS-E 6HX SIRIUS Coated 6H +.1,Guhring Aus Stock Reseller,
4640 14.000,Metric Gun Nose Taps HSS-E 6HX SIRIUS Coated 6H +.1,Guhring Aus Stock Reseller,
4640 16.000,Metric Gun Nose Taps HSS-E 6HX SIRIUS Coated 6H +.1,Guhring Aus Stock Reseller,
4640 18.000,Metric Gun Nose Taps HSS-E 6HX SIRIUS Coated 6H +.1,Guhring Aus Stock Reseller,
4640 20.000,Metric Gun Nose Taps HSS-E 6HX SIRIUS Coated 6H +.1,Guhring Aus Stock Reseller,
4640 24.000,Metric Gun Nose Taps HSS-E 6HX SIRIUS Coated 6H +.1,Guhring Aus Stock Reseller,
4640 30.000,Metric Gun Nose Taps HSS-E 6HX SIRIUS Coated 6H +.1,Guhring Aus Stock Reseller,
4642 2.184,UNC Gun Taps HSS-E  Blue band Sirius coated No 2-56,Guhring Aus Stock Reseller,
4642 2.845,UNC Gun Taps HSS-E  Blue band Sirius coated No 4-40,Guhring Aus Stock Reseller,
4642 3.505,UNC Gun Taps HSS-E  Blue band Sirius coated No 6-32,Guhring Aus Stock Reseller,
4642 4.166,UNC Gun Taps HSS-E  Blue band Sirius coated No 8-32,Guhring Aus Stock Reseller,
4642 4.826,UNC Gun Taps HSS-E  Blue band Sirius coated No 10-24,Guhring Aus Stock Reseller,
4642 5.486,UNC Gun Taps HSS-E  Blue band Sirius coated No 12-24,Guhring Aus Stock Reseller,
4642 6.350,UNC Gun Taps HSS-E  Blue band Sirius coated 1/4,Guhring Aus Stock Reseller,
4642 7.938,UNC Gun Taps HSS-E  Blue band Sirius coated 5/16,Guhring Aus Stock Reseller,
4642 9.525,UNC Gun Taps HSS-E  Blue band Sirius coated 3/8,Guhring Aus Stock Reseller,
4642 11.113,UNC Gun Taps HSS-E  Blue band Sirius coated 7/16,Guhring Aus Stock Reseller,
4642 12.700,UNC Gun Taps HSS-E  Blue band Sirius coated 1/2,Guhring Aus Stock Reseller,
4642 14.288,UNC Gun Taps HSS-E  Blue band Sirius coated 9/16,Guhring Aus Stock Reseller,
4642 15.875,UNC Gun Taps HSS-E  Blue band Sirius coated 5/8,Guhring Aus Stock Reseller,
4642 19.050,UNC Gun Taps HSS-E  Blue band Sirius coated 3/4,Guhring Aus Stock Reseller,
4642 22.225,UNC Gun Taps HSS-E  Blue band Sirius coated 7/8,Guhring Aus Stock Reseller,
4642 25.400,"UNC Gun Taps HSS-E  Blue band Sirius coated 1""",Guhring Aus Stock Reseller,
4643 2.184,UNF Gun Taps HSS-E  Blue band Sirius coated No 2-64,Guhring Aus Stock Reseller,
4643 2.845,UNF Gun Taps HSS-E  Blue band Sirius coated No 4-48,Guhring Aus Stock Reseller,
4643 3.505,UNF Gun Taps HSS-E  Blue band Sirius coated No 6-40,Guhring Aus Stock Reseller,
4643 4.166,UNF Gun Taps HSS-E  Blue band Sirius coated No 8-36,Guhring Aus Stock Reseller,
4643 4.826,UNF Gun Taps HSS-E  Blue band Sirius coated No 10-32,Guhring Aus Stock Reseller,
4643 5.486,UNF Gun Taps HSS-E  Blue band Sirius coated No 12-28,Guhring Aus Stock Reseller,
4643 6.350,UNF Gun Taps HSS-E  Blue band Sirius coated 1/4,Guhring Aus Stock Reseller,
4643 7.938,UNF Gun Taps HSS-E  Blue band Sirius coated 5/16,Guhring Aus Stock Reseller,
4643 9.525,UNF Gun Taps HSS-E  Blue band Sirius coated 3/8,Guhring Aus Stock Reseller,
4643 11.113,UNF Gun Taps HSS-E  Blue band Sirius coated 7/16,Guhring Aus Stock Reseller,
4643 12.700,UNF Gun Taps HSS-E  Blue band Sirius coated 1/2,Guhring Aus Stock Reseller,
4643 14.288,UNF Gun Taps HSS-E  Blue band Sirius coated 9/16,Guhring Aus Stock Reseller,
4643 15.875,UNF Gun Taps HSS-E  Blue band Sirius coated 5/8,Guhring Aus Stock Reseller,
4643 19.050,UNF Gun Taps HSS-E  Blue band Sirius coated 3/4,Guhring Aus Stock Reseller,
4643 22.225,UNF Gun Taps HSS-E  Blue band Sirius coated 7/8,Guhring Aus Stock Reseller,
4645 3.000,Metric Gun Nose Taps HSS-E 6HX SIRIUS Coated long,Guhring Aus Stock Reseller,
4645 4.000,Metric Gun Nose Taps HSS-E 6HX SIRIUS Coated long,Guhring Aus Stock Reseller,
4645 5.000,Metric Gun Nose Taps HSS-E 6HX SIRIUS Coated long,Guhring Aus Stock Reseller,
4645 6.000,Metric Gun Nose Taps HSS-E 6HX SIRIUS Coated long,Guhring Aus Stock Reseller,
4645 8.010,Metric Gun Nose Taps HSS-E 6HX SIRIUS Coated long,Guhring Aus Stock Reseller,
4645 10.010,Metric Gun Nose Taps HSS-E 6HX SIRIUS Coated long,Guhring Aus Stock Reseller,
4645 12.000,Metric Gun Nose Taps HSS-E 6HX SIRIUS Coated long,Guhring Aus Stock Reseller,
4645 14.000,Metric Gun Nose Taps HSS-E 6HX SIRIUS Coated long,Guhring Aus Stock Reseller,
4645 16.000,Metric Gun Nose Taps HSS-E 6HX SIRIUS Coated long,Guhring Aus Stock Reseller,
4645 20.000,Metric Gun Nose Taps HSS-E 6HX SIRIUS Coated long,Guhring Aus Stock Reseller,
4666 20.040,Hydraulic Chuck Set SK-40 with collets,Guhring Aus Stock Reseller,
4666 20.063,Hydraulic Chuck Set HSK-63 with collets,Guhring Aus Stock Reseller,
4666 20.140,Hydraulic Chuck Set BT-40 with collets,Guhring Aus Stock Reseller,
4670 2.000,Metric Spiral Taps HSS-E  Black band Carbo Coated,Guhring Aus Stock Reseller,
4670 2.500,Metric Spiral Taps HSS-E  Black band Carbo Coated,Guhring Aus Stock Reseller,
4670 3.000,Metric Spiral Taps HSS-E  Black band Carbo Coated,Guhring Aus Stock Reseller,
4670 4.000,Metric Spiral Taps HSS-E  Black band Carbo Coated,Guhring Aus Stock Reseller,
4670 5.000,Metric Spiral Taps HSS-E  Black band Carbo Coated,Guhring Aus Stock Reseller,
4670 6.000,Metric Spiral Taps HSS-E  Black band Carbo Coated,Guhring Aus Stock Reseller,
4670 8.000,Metric Spiral Taps HSS-E  Black band Carbo Coated,Guhring Aus Stock Reseller,
4670 10.000,Metric Spiral Taps HSS-E  Black band Carbo Coated,Guhring Aus Stock Reseller,
4670 12.000,Metric Spiral Taps HSS-E  Black band Carbo Coated,Guhring Aus Stock Reseller,
4670 14.000,Metric Spiral Taps HSS-E  Black band Carbo Coated,Guhring Aus Stock Reseller,
4670 16.000,Metric Spiral Taps HSS-E  Black band Carbo Coated,Guhring Aus Stock Reseller,
4672 2.000,Metric Gun Taps HSS-E  Black band Carbo Coated,Guhring Aus Stock Reseller,
4672 2.500,Metric Gun Taps HSS-E  Black band Carbo Coated,Guhring Aus Stock Reseller,
4672 3.000,Metric Gun Taps HSS-E  Black band Carbo Coated,Guhring Aus Stock Reseller,
4672 4.000,Metric Gun Taps HSS-E  Black band Carbo Coated,Guhring Aus Stock Reseller,
4672 5.000,Metric Gun Taps HSS-E  Black band Carbo Coated,Guhring Aus Stock Reseller,
4672 6.000,Metric Gun Taps HSS-E  Black band Carbo Coated,Guhring Aus Stock Reseller,
4672 8.000,Metric Gun Taps HSS-E  Black band Carbo Coated,Guhring Aus Stock Reseller,
4672 10.000,Metric Gun Taps HSS-E  Black band Carbo Coated,Guhring Aus Stock Reseller,
4672 12.000,Metric Gun Taps HSS-E  Black band Carbo Coated,Guhring Aus Stock Reseller,
4672 14.000,Metric Gun Taps HSS-E  Black band Carbo Coated,Guhring Aus Stock Reseller,
4672 16.000,Metric Gun Taps HSS-E  Black band Carbo Coated,Guhring Aus Stock Reseller,
4676 2.000,Fluteless taps M2 Carbo Coating For Aluminium,Guhring Aus Stock Reseller,
4676 2.500,Fluteless taps M2.5 Carbo Coating For Aluminium,Guhring Aus Stock Reseller,
4676 3.000,Fluteless taps M3 Carbo Coating For Aluminium,Guhring Aus Stock Reseller,
4676 4.000,Fluteless taps M4 Carbo Coating For Aluminium,Guhring Aus Stock Reseller,
4676 5.000,Fluteless taps M5 Carbo Coating For Aluminium,Guhring Aus Stock Reseller,
4676 6.000,Fluteless taps M6 Carbo Coating For Aluminium,Guhring Aus Stock Reseller,
4676 8.000,Fluteless taps M8 Carbo Coating For Aluminium,Guhring Aus Stock Reseller,
4676 10.000,Fluteless taps M10 Carbo Coating For Aluminium,Guhring Aus Stock Reseller,
4676 12.000,Fluteless taps M12 Carbo Coating For Aluminium,Guhring Aus Stock Reseller,
4676 14.000,Fluteless taps M14 Carbo Coating For Aluminium,Guhring Aus Stock Reseller,
4676 16.000,Fluteless taps M16 Carbo Coating For Aluminium,Guhring Aus Stock Reseller,
4679 3.175,W 1/8 BSW Spiral Taps HSS-E  Blue band TiALN coated,Guhring Aus Stock Reseller,
4679 4.762,W 3/16 BSW Spiral Taps HSS-E  Blue band TiALN coated,Guhring Aus Stock Reseller,
4679 6.350,W 1/4 BSW Spiral Taps HSS-E  Blue band TiALN coated,Guhring Aus Stock Reseller,
4679 7.938,W 5/16 BSW Spiral Taps HSS-E  Blue band TiALN coated,Guhring Aus Stock Reseller,
4679 9.525,W 3/8 BSW Spiral Taps HSS-E  Blue band TiALN coated,Guhring Aus Stock Reseller,
4679 11.113,W 7/16 BSW Spiral Taps HSS-E  Blue band TiALN coated,Guhring Aus Stock Reseller,
4679 12.700,W 1/2 BSW Spiral Taps HSS-E  Blue band TiALN coated,Guhring Aus Stock Reseller,
4679 15.876,W 5/8 BSW Spiral Taps HSS-E  Blue band TiALN coated,Guhring Aus Stock Reseller,
4679 19.051,W 3/4 BSW Spiral Taps HSS-E  Blue band TiALN coated,Guhring Aus Stock Reseller,
4679 22.226,W 7/8 BSW Spiral Taps HSS-E  Blue band TiALN coated,Guhring Aus Stock Reseller,
4679 25.401,"W 1"" BSW Spiral Taps HSS-E  Blue band TiALN coated",Guhring Aus Stock Reseller,
4680 3.175,W 1/8 BSW Gun Nose Taps HSS-E  Blue band Sirius Coated,Guhring Aus Stock Reseller,
4680 4.762,W 3/16 BSW Gun Nose Taps HSS-E  Blue band Sirius Coated,Guhring Aus Stock Reseller,
4680 6.350,W 1/4 BSW Gun Nose Taps HSS-E  Blue band Sirius Coated,Guhring Aus Stock Reseller,
4680 7.938,W 5/16 BSW Gun Nose Taps HSS-E  Blue band Sirius Coated,Guhring Aus Stock Reseller,
4680 9.525,W 3/8 BSW Gun Nose Taps HSS-E  Blue band Sirius Coated,Guhring Aus Stock Reseller,
4680 11.113,W 7/16 BSW Gun Nose Taps HSS-E  Blue band Sirius Coated,Guhring Aus Stock Reseller,
4680 12.700,W 1/2 BSW Gun Nose Taps HSS-E  Blue band Sirius Coated,Guhring Aus Stock Reseller,
4680 15.876,W 5/8 BSW Gun Nose Taps HSS-E  Blue band Sirius Coated,Guhring Aus Stock Reseller,
4680 19.051,W 3/4 BSW Gun Nose Taps HSS-E  Blue band Sirius Coated,Guhring Aus Stock Reseller,
4680 22.226,W 7/8 BSW Gun Nose Taps HSS-E  Blue band Sirius Coated,Guhring Aus Stock Reseller,
4680 25.401,"W 1"" BSW Gun Nose Taps HSS-E  Blue band Sirius Coated",Guhring Aus Stock Reseller,
4683 9.728,BSPT Gun Tap PM-HSSE TiAlN coated 1/8,Guhring Aus Stock Reseller,
4683 13.157,BSPT Gun Tap PM-HSSE TiAlN coated 1/4,Guhring Aus Stock Reseller,
4683 16.662,BSPT Gun Tap PM-HSSE TiAlN coated 3/8,Guhring Aus Stock Reseller,
4683 20.955,BSPT Gun Tap PM-HSSE TiAlN coated 1/2,Guhring Aus Stock Reseller,
4683 26.441,BSPT Gun Tap PM-HSSE TiAlN coated 3/4,Guhring Aus Stock Reseller,
4683 33.249,"BSPT Gun Tap PM-HSSE TiAlN coated 1""",Guhring Aus Stock Reseller,
4739 3.040,BT40 Shrink chucks 3.0 mm,Guhring Aus Stock Reseller,
4739 4.040,BT40 Shrink chucks 4.0 mm,Guhring Aus Stock Reseller,
4739 5.040,BT40 Shrink chucks 5.0 mm,Guhring Aus Stock Reseller,
4739 6.040,BT40 Shrink chucks 6.0 mm,Guhring Aus Stock Reseller,
4739 6.140,BT40 Shrink chucks 6.0 mm,Guhring Aus Stock Reseller,
4739 8.040,BT40 Shrink chucks 8.0 mm,Guhring Aus Stock Reseller,
4739 8.140,BT40 Shrink chucks 8.0 mm,Guhring Aus Stock Reseller,
4739 10.040,BT40 Shrink chucks 10.0 mm,Guhring Aus Stock Reseller,
4739 10.140,BT40 Shrink chucks 10.0 mm,Guhring Aus Stock Reseller,
4739 12.040,BT40 Shrink chucks 12.0 mm,Guhring Aus Stock Reseller,
4739 12.140,BT40 Shrink chucks 12.0 mm,Guhring Aus Stock Reseller,
4739 14.040,BT40 Shrink chucks 14.0 mm,Guhring Aus Stock Reseller,
4739 14.140,BT40 Shrink chucks 14.0 mm,Guhring Aus Stock Reseller,
4739 16.040,BT40 Shrink chucks 16.0 mm,Guhring Aus Stock Reseller,
4739 16.140,BT40 Shrink chucks 16.0 mm,Guhring Aus Stock Reseller,
4739 18.040,BT40 Shrink chucks 18.0 mm,Guhring Aus Stock Reseller,
4739 18.140,BT40 Shrink chucks 18.0 mm,Guhring Aus Stock Reseller,
4739 20.040,BT40 Shrink chucks 20.0 mm,Guhring Aus Stock Reseller,
4739 20.140,BT40 Shrink chucks 20.0 mm,Guhring Aus Stock Reseller,
4739 25.040,BT40 Shrink chucks 25.0 mm,Guhring Aus Stock Reseller,
4739 25.140,BT40 Shrink chucks 25.0 mm,Guhring Aus Stock Reseller,
4739 32.040,BT40 Shrink chucks 32.0 mm,Guhring Aus Stock Reseller,
4739 32.140,BT40 Shrink chucks 32.0 mm,Guhring Aus Stock Reseller,
4755 20.100,HSK100-A Shrink Chuck GUHROJET,Guhring Aus Stock Reseller,
5500 6.300,Spyrotec countersink 90° HSCO TiAlN coated,Guhring Aus Stock Reseller,
5500 8.000,Spyrotec countersink 90° HSCO TiAlN coated,Guhring Aus Stock Reseller,
5500 8.300,Spyrotec countersink 90° HSCO TiAlN coated,Guhring Aus Stock Reseller,
5500 10.000,Spyrotec countersink 90° HSCO TiAlN coated,Guhring Aus Stock Reseller,
5500 10.400,Spyrotec countersink 90° HSCO TiAlN coated,Guhring Aus Stock Reseller,
5500 11.500,Spyrotec countersink 90° HSCO TiAlN coated,Guhring Aus Stock Reseller,
5500 12.400,Spyrotec countersink 90° HSCO TiAlN coated,Guhring Aus Stock Reseller,
5500 16.500,Spyrotec countersink 90° HSCO TiAlN coated,Guhring Aus Stock Reseller,
5500 19.000,Spyrotec countersink 90° HSCO TiAlN coated,Guhring Aus Stock Reseller,
5500 20.500,Spyrotec countersink 90° HSCO TiAlN coated,Guhring Aus Stock Reseller,
5500 23.000,Spyrotec countersink 90° HSCO TiAlN coated,Guhring Aus Stock Reseller,
5500 25.000,Spyrotec countersink 90° HSCO TiAlN coated,Guhring Aus Stock Reseller,
5500 31.000,Spyrotec countersink 90° HSCO TiAlN coated,Guhring Aus Stock Reseller,
5500 40.000,Spyrotec countersink 90° HSCO TiAlN coated,Guhring Aus Stock Reseller,
5506 3.000,Metric Endmill 3 Flute Carbide Fire Coat,Guhring Aus Stock Reseller,
5506 3.500,Metric Endmill 3 Flute Carbide Fire Coat,Guhring Aus Stock Reseller,
5506 4.000,Metric Endmill 3 Flute Carbide Fire Coat,Guhring Aus Stock Reseller,
5506 5.000,Metric Endmill 3 Flute Carbide Fire Coat,Guhring Aus Stock Reseller,
5506 6.000,Metric Endmill 3 Flute Carbide Fire Coat,Guhring Aus Stock Reseller,
5506 7.000,Metric Endmill 3 Flute Carbide Fire Coat,Guhring Aus Stock Reseller,
5506 8.000,Metric Endmill 3 Flute Carbide Fire Coat,Guhring Aus Stock Reseller,
5506 10.000,Metric Endmill 3 Flute Carbide Fire Coat,Guhring Aus Stock Reseller,
5506 12.000,Metric Endmill 3 Flute Carbide Fire Coat,Guhring Aus Stock Reseller,
5506 14.000,Metric Endmill 3 Flute Carbide Fire Coat,Guhring Aus Stock Reseller,
5506 16.000,Metric Endmill 3 Flute Carbide Fire Coat,Guhring Aus Stock Reseller,
5506 18.000,Metric Endmill 3 Flute Carbide Fire Coat,Guhring Aus Stock Reseller,
5506 20.000,Metric Endmill 3 Flute Carbide Fire Coat,Guhring Aus Stock Reseller,
5510 3.000,3 x D ratio drill thru cool Carbide Fire Coated,Guhring Aus Stock Reseller,
5510 3.170,3 x D ratio drill thru cool Carbide Fire Coated 1/8,Guhring Aus Stock Reseller,
5510 3.500,3 x D ratio drill thru cool Carbide Fire Coated,Guhring Aus Stock Reseller,
5510 3.700,3 x D ratio drill thru cool Carbide Fire Coated,Guhring Aus Stock Reseller,
5510 4.000,3 x D ratio drill thru cool Carbide Fire Coated,Guhring Aus Stock Reseller,
5510 4.100,3 x D ratio drill thru cool Carbide Fire Coated,Guhring Aus Stock Reseller,
5510 4.370,3 x D ratio drill thru cool Carbide Fire Coated 11/64,Guhring Aus Stock Reseller,
5510 4.500,3 x D ratio drill thru cool Carbide Fire Coated,Guhring Aus Stock Reseller,
5510 5.000,3 x D ratio drill thru cool Carbide Fire Coated,Guhring Aus Stock Reseller,
5510 5.100,3 x D ratio drill thru cool Carbide Fire Coated,Guhring Aus Stock Reseller,
5510 5.800,3 x D ratio drill thru cool Carbide Fire Coated,Guhring Aus Stock Reseller,
5510 6.000,3 x D ratio drill thru cool Carbide Fire Coated,Guhring Aus Stock Reseller,
5510 6.300,3 x D ratio drill thru cool Carbide Fire Coated,Guhring Aus Stock Reseller,
5510 6.350,3 x D ratio drill thru cool Carbide Fire Coated 1/4,Guhring Aus Stock Reseller,
5510 6.400,3 x D ratio drill thru cool Carbide Fire Coated,Guhring Aus Stock Reseller,
5510 6.500,3 x D ratio drill thru cool Carbide Fire Coated,Guhring Aus Stock Reseller,
5510 7.000,3 x D ratio drill thru cool Carbide Fire Coated,Guhring Aus Stock Reseller,
5510 7.400,3 x D ratio drill thru cool Carbide Fire Coated,Guhring Aus Stock Reseller,
5510 8.000,3 x D ratio drill thru cool Carbide Fire Coated,Guhring Aus Stock Reseller,
5510 8.200,3 x D ratio drill thru cool Carbide Fire Coated,Guhring Aus Stock Reseller,
5510 8.500,3 x D ratio drill thru cool Carbide Fire Coated,Guhring Aus Stock Reseller,
5510 8.600,3 x D ratio drill thru cool Carbide Fire Coated,Guhring Aus Stock Reseller,
5510 8.800,3 x D ratio drill thru cool Carbide Fire Coated,Guhring Aus Stock Reseller,
5510 8.900,3 x D ratio drill thru cool Carbide Fire Coated,Guhring Aus Stock Reseller,
5510 9.000,3 x D ratio drill thru cool Carbide Fire Coated,Guhring Aus Stock Reseller,
5510 9.520,3 x D ratio drill thru cool Carbide Fire Coated 3/8,Guhring Aus Stock Reseller,
5510 9.800,3 x D ratio drill thru cool Carbide Fire Coated,Guhring Aus Stock Reseller,
5510 10.000,3 x D ratio drill thru cool Carbide Fire Coated,Guhring Aus Stock Reseller,
5510 10.100,3 x D ratio drill thru cool Carbide Fire Coated,Guhring Aus Stock Reseller,
5510 10.700,3 x D ratio drill thru cool Carbide Fire Coated,Guhring Aus Stock Reseller,
5510 10.800,3 x D ratio drill thru cool Carbide Fire Coated,Guhring Aus Stock Reseller,
5510 11.000,3 x D ratio drill thru cool Carbide Fire Coated,Guhring Aus Stock Reseller,
5510 11.700,3 x D ratio drill thru cool Carbide Fire Coated,Guhring Aus Stock Reseller,
5510 12.000,3 x D ratio drill thru cool Carbide Fire Coated,Guhring Aus Stock Reseller,
5510 13.000,3 x D ratio drill thru cool Carbide Fire Coated,Guhring Aus Stock Reseller,
5510 14.000,3 x D ratio drill thru cool Carbide Fire Coated,Guhring Aus Stock Reseller,
5510 15.000,3 x D ratio drill thru cool Carbide Fire Coated,Guhring Aus Stock Reseller,
5510 15.870,3 x D ratio drill thru cool Carbide Fire Coated,Guhring Aus Stock Reseller,
5510 16.000,3 x D ratio drill thru cool Carbide Fire Coated,Guhring Aus Stock Reseller,
5510 16.100,3 x D ratio drill thru cool Carbide Fire Coated,Guhring Aus Stock Reseller,
5510 16.900,3 x D ratio drill thru cool Carbide Fire Coated,Guhring Aus Stock Reseller,
5510 17.000,3 x D ratio drill thru cool Carbide Fire Coated,Guhring Aus Stock Reseller,
5510 18.000,3 x D ratio drill thru cool Carbide Fire Coated,Guhring Aus Stock Reseller,
5510 19.000,3 x D ratio drill thru cool Carbide Fire Coated,Guhring Aus Stock Reseller,
5510 20.000,3 x D ratio drill thru cool Carbide Fire Coated,Guhring Aus Stock Reseller,
5511 2.500,5 x D ratio drill thru cool Carbide Fire Coated,Guhring Aus Stock Reseller,
5511 2.800,5 x D ratio drill thru cool Carbide Fire Coated,Guhring Aus Stock Reseller,
5511 2.900,5 x D ratio drill thru cool Carbide Fire Coated,Guhring Aus Stock Reseller,
5511 3.000,5 x D ratio drill thru cool Carbide Fire Coated,Guhring Aus Stock Reseller,
5511 3.100,5 x D ratio drill thru cool Carbide Fire Coated,Guhring Aus Stock Reseller,
5511 3.170,5 x D ratio drill thru cool Carbide Fire Coated 1/8,Guhring Aus Stock Reseller,
5511 3.200,5 x D ratio drill thru cool Carbide Fire Coated,Guhring Aus Stock Reseller,
5511 3.300,5 x D ratio drill thru cool Carbide Fire Coated,Guhring Aus Stock Reseller,
5511 3.400,5 x D ratio drill thru cool Carbide Fire Coated,Guhring Aus Stock Reseller,
5511 3.500,5 x D ratio drill thru cool Carbide Fire Coated,Guhring Aus Stock Reseller,
5511 3.570,5 x D ratio drill thru cool Carbide Fire Coated 9/64,Guhring Aus Stock Reseller,
5511 3.600,5 x D ratio drill thru cool Carbide Fire Coated,Guhring Aus Stock Reseller,
5511 3.700,5 x D ratio drill thru cool Carbide Fire Coated,Guhring Aus Stock Reseller,
5511 3.800,5 x D ratio drill thru cool Carbide Fire Coated,Guhring Aus Stock Reseller,
5511 3.900,5 x D ratio drill thru cool Carbide Fire Coated,Guhring Aus Stock Reseller,
5511 3.970,5 x D ratio drill thru cool Carbide Fire Coated 5/32,Guhring Aus Stock Reseller,
5511 4.000,5 x D ratio drill thru cool Carbide Fire Coated,Guhring Aus Stock Reseller,
5511 4.100,5 x D ratio drill thru cool Carbide Fire Coated,Guhring Aus Stock Reseller,
5511 4.200,5 x D ratio drill thru cool Carbide Fire Coated,Guhring Aus Stock Reseller,
5511 4.300,5 x D ratio drill thru cool Carbide Fire Coated,Guhring Aus Stock Reseller,
5511 4.370,5 x D ratio drill thru cool Carbide Fire Coated 11/64,Guhring Aus Stock Reseller,
5511 4.400,5 x D ratio drill thru cool Carbide Fire Coated,Guhring Aus Stock Reseller,
5511 4.500,5 x D ratio drill thru cool Carbide Fire Coated,Guhring Aus Stock Reseller,
5511 4.600,5 x D ratio drill thru cool Carbide Fire Coated,Guhring Aus Stock Reseller,
5511 4.650,5 x D ratio drill thru cool Carbide Fire Coated,Guhring Aus Stock Reseller,
5511 4.700,5 x D ratio drill thru cool Carbide Fire Coated,Guhring Aus Stock Reseller,
5511 4.760,5 x D ratio drill thru cool Carbide Fire Coated 3/16,Guhring Aus Stock Reseller,
5511 4.800,5 x D ratio drill thru cool Carbide Fire Coated,Guhring Aus Stock Reseller,
5511 4.900,5 x D ratio drill thru cool Carbide Fire Coated,Guhring Aus Stock Reseller,
5511 5.000,5 x D ratio drill thru cool Carbide Fire Coated,Guhring Aus Stock Reseller,
5511 5.100,5 x D ratio drill thru cool Carbide Fire Coated,Guhring Aus Stock Reseller,
5511 5.160,5 x D ratio drill thru cool Carbide Fire Coated 13/64,Guhring Aus Stock Reseller,
5511 5.200,5 x D ratio drill thru cool Carbide Fire Coated,Guhring Aus Stock Reseller,
5511 5.300,5 x D ratio drill thru cool Carbide Fire Coated,Guhring Aus Stock Reseller,
5511 5.400,5 x D ratio drill thru cool Carbide Fire Coated,Guhring Aus Stock Reseller,
5511 5.500,5 x D ratio drill thru cool Carbide Fire Coated,Guhring Aus Stock Reseller,
5511 5.550,5 x D ratio drill thru cool Carbide Fire Coated,Guhring Aus Stock Reseller,
5511 5.560,5 x D ratio drill thru cool Carbide Fire Coated 7/32,Guhring Aus Stock Reseller,
5511 5.600,5 x D ratio drill thru cool Carbide Fire Coated,Guhring Aus Stock Reseller,
5511 5.700,5 x D ratio drill thru cool Carbide Fire Coated,Guhring Aus Stock Reseller,
5511 5.800,5 x D ratio drill thru cool Carbide Fire Coated,Guhring Aus Stock Reseller,
5511 5.900,5 x D ratio drill thru cool Carbide Fire Coated,Guhring Aus Stock Reseller,
5511 5.950,5 x D ratio drill thru cool Carbide Fire Coated 15/64,Guhring Aus Stock Reseller,
5511 6.000,5 x D ratio drill thru cool Carbide Fire Coated,Guhring Aus Stock Reseller,
5511 6.100,5 x D ratio drill thru cool Carbide Fire Coated,Guhring Aus Stock Reseller,
5511 6.200,5 x D ratio drill thru cool Carbide Fire Coated,Guhring Aus Stock Reseller,
5511 6.300,5 x D ratio drill thru cool Carbide Fire Coated,Guhring Aus Stock Reseller,
5511 6.350,5 x D ratio drill thru cool Carbide Fire Coated 1/4,Guhring Aus Stock Reseller,
5511 6.400,5 x D ratio drill thru cool Carbide Fire Coated,Guhring Aus Stock Reseller,
5511 6.500,5 x D ratio drill thru cool Carbide Fire Coated,Guhring Aus Stock Reseller,
5511 6.600,5 x D ratio drill thru cool Carbide Fire Coated,Guhring Aus Stock Reseller,
5511 6.700,5 x D ratio drill thru cool Carbide Fire Coated,Guhring Aus Stock Reseller,
5511 6.750,5 x D ratio drill thru cool Carbide Fire Coated 17/64,Guhring Aus Stock Reseller,
5511 6.800,5 x D ratio drill thru cool Carbide Fire Coated,Guhring Aus Stock Reseller,
5511 6.900,5 x D ratio drill thru cool Carbide Fire Coated,Guhring Aus Stock Reseller,
5511 7.000,5 x D ratio drill thru cool Carbide Fire Coated,Guhring Aus Stock Reseller,
5511 7.100,5 x D ratio drill thru cool Carbide Fire Coated,Guhring Aus Stock Reseller,
5511 7.140,5 x D ratio drill thru cool Carbide Fire Coated 9/32,Guhring Aus Stock Reseller,
5511 7.200,5 x D ratio drill thru cool Carbide Fire Coated,Guhring Aus Stock Reseller,
5511 7.300,5 x D ratio drill thru cool Carbide Fire Coated,Guhring Aus Stock Reseller,
5511 7.400,5 x D ratio drill thru cool Carbide Fire Coated,Guhring Aus Stock Reseller,
5511 7.500,5 x D ratio drill thru cool Carbide Fire Coated,Guhring Aus Stock Reseller,
5511 7.540,5 x D ratio drill thru cool Carbide Fire Coated 19/64,Guhring Aus Stock Reseller,
5511 7.600,5 x D ratio drill thru cool Carbide Fire Coated,Guhring Aus Stock Reseller,
5511 7.700,5 x D ratio drill thru cool Carbide Fire Coated,Guhring Aus Stock Reseller,
5511 7.800,5 x D ratio drill thru cool Carbide Fire Coated,Guhring Aus Stock Reseller,
5511 7.900,5 x D ratio drill thru cool Carbide Fire Coated,Guhring Aus Stock Reseller,
5511 7.940,5 x D ratio drill thru cool Carbide Fire Coated 5/16,Guhring Aus Stock Reseller,
5511 8.000,5 x D ratio drill thru cool Carbide Fire Coated,Guhring Aus Stock Reseller,
5511 8.100,5 x D ratio drill thru cool Carbide Fire Coated,Guhring Aus Stock Reseller,
5511 8.200,5 x D ratio drill thru cool Carbide Fire Coated,Guhring Aus Stock Reseller,
5511 8.300,5 x D ratio drill thru cool Carbide Fire Coated,Guhring Aus Stock Reseller,
5511 8.330,5 x D ratio drill thru cool Carbide Fire Coated 21/64,Guhring Aus Stock Reseller,
5511 8.400,5 x D ratio drill thru cool Carbide Fire Coated,Guhring Aus Stock Reseller,
5511 8.500,5 x D ratio drill thru cool Carbide Fire Coated,Guhring Aus Stock Reseller,
5511 8.600,5 x D ratio drill thru cool Carbide Fire Coated,Guhring Aus Stock Reseller,
5511 8.700,5 x D ratio drill thru cool Carbide Fire Coated,Guhring Aus Stock Reseller,
5511 8.730,5 x D ratio drill thru cool Carbide Fire Coated 11/32,Guhring Aus Stock Reseller,
5511 8.800,5 x D ratio drill thru cool Carbide Fire Coated,Guhring Aus Stock Reseller,
5511 8.900,5 x D ratio drill thru cool Carbide Fire Coated,Guhring Aus Stock Reseller,
5511 9.000,5 x D ratio drill thru cool Carbide Fire Coated,Guhring Aus Stock Reseller,
5511 9.100,5 x D ratio drill thru cool Carbide Fire Coated,Guhring Aus Stock Reseller,
5511 9.130,5 x D ratio drill thru cool Carbide Fire Coated 23/64,Guhring Aus Stock Reseller,
5511 9.200,5 x D ratio drill thru cool Carbide Fire Coated,Guhring Aus Stock Reseller,
5511 9.250,5 x D ratio drill thru cool Carbide Fire Coated,Guhring Aus Stock Reseller,
5511 9.300,5 x D ratio drill thru cool Carbide Fire Coated,Guhring Aus Stock Reseller,
5511 9.400,5 x D ratio drill thru cool Carbide Fire Coated,Guhring Aus Stock Reseller,
5511 9.500,5 x D ratio drill thru cool Carbide Fire Coated,Guhring Aus Stock Reseller,
5511 9.520,5 x D ratio drill thru cool Carbide Fire Coated 3/8,Guhring Aus Stock Reseller,
5511 9.600,5 x D ratio drill thru cool Carbide Fire Coated,Guhring Aus Stock Reseller,
5511 9.700,5 x D ratio drill thru cool Carbide Fire Coated,Guhring Aus Stock Reseller,
5511 9.800,5 x D ratio drill thru cool Carbide Fire Coated,Guhring Aus Stock Reseller,
5511 9.900,5 x D ratio drill thru cool Carbide Fire Coated,Guhring Aus Stock Reseller,
5511 9.920,5 x D ratio drill thru cool Carbide Fire Coated 25/64,Guhring Aus Stock Reseller,
5511 10.000,5 x D ratio drill thru cool Carbide Fire Coated,Guhring Aus Stock Reseller,
5511 10.100,5 x D ratio drill thru cool Carbide Fire Coated,Guhring Aus Stock Reseller,
5511 10.200,5 x D ratio drill thru cool Carbide Fire Coated,Guhring Aus Stock Reseller,
5511 10.300,5 x D ratio drill thru cool Carbide Fire Coated,Guhring Aus Stock Reseller,
5511 10.320,5 x D ratio drill thru cool Carbide Fire Coated 13/32,Guhring Aus Stock Reseller,
5511 10.400,5 x D ratio drill thru cool Carbide Fire Coated,Guhring Aus Stock Reseller,
5511 10.500,5 x D ratio drill thru cool Carbide Fire Coated,Guhring Aus Stock Reseller,
5511 10.600,5 x D ratio drill thru cool Carbide Fire Coated,Guhring Aus Stock Reseller,
5511 10.700,5 x D ratio drill thru cool Carbide Fire Coated,Guhring Aus Stock Reseller,
5511 10.800,5 x D ratio drill thru cool Carbide Fire Coated,Guhring Aus Stock Reseller,
5511 10.900,5 x D ratio drill thru cool Carbide Fire Coated,Guhring Aus Stock Reseller,
5511 11.000,5 x D ratio drill thru cool Carbide Fire Coated,Guhring Aus Stock Reseller,
5511 11.100,5 x D ratio drill thru cool Carbide Fire Coated,Guhring Aus Stock Reseller,
5511 11.110,5 x D ratio drill thru cool Carbide Fire Coated 7/16,Guhring Aus Stock Reseller,
5511 11.200,5 x D ratio drill thru cool Carbide Fire Coated,Guhring Aus Stock Reseller,
5511 11.300,5 x D ratio drill thru cool Carbide Fire Coated,Guhring Aus Stock Reseller,
5511 11.400,5 x D ratio drill thru cool Carbide Fire Coated,Guhring Aus Stock Reseller,
5511 11.500,5 x D ratio drill thru cool Carbide Fire Coated,Guhring Aus Stock Reseller,
5511 11.600,5 x D ratio drill thru cool Carbide Fire Coated,Guhring Aus Stock Reseller,
5511 11.700,5 x D ratio drill thru cool Carbide Fire Coated,Guhring Aus Stock Reseller,
5511 11.800,5 x D ratio drill thru cool Carbide Fire Coated,Guhring Aus Stock Reseller,
5511 11.900,5 x D ratio drill thru cool Carbide Fire Coated,Guhring Aus Stock Reseller,
5511 11.910,5 x D ratio drill thru cool Carbide Fire Coated 15/32,Guhring Aus Stock Reseller,
5511 12.000,5 x D ratio drill thru cool Carbide Fire Coated,Guhring Aus Stock Reseller,
5511 12.200,5 x D ratio drill thru cool Carbide Fire Coated,Guhring Aus Stock Reseller,
5511 12.500,5 x D ratio drill thru cool Carbide Fire Coated,Guhring Aus Stock Reseller,
5511 12.700,5 x D ratio drill thru cool Carbide Fire Coated 1/2,Guhring Aus Stock Reseller,
5511 13.000,5 x D ratio drill thru cool Carbide Fire Coated,Guhring Aus Stock Reseller,
5511 13.500,5 x D ratio drill thru cool Carbide Fire Coated,Guhring Aus Stock Reseller,
5511 13.700,5 x D ratio drill thru cool Carbide Fire Coated,Guhring Aus Stock Reseller,
5511 14.000,5 x D ratio drill thru cool Carbide Fire Coated,Guhring Aus Stock Reseller,
5511 14.200,5 x D ratio drill thru cool Carbide Fire Coated,Guhring Aus Stock Reseller,
5511 14.290,5 x D ratio drill thru cool Carbide Fire Coated 9/16,Guhring Aus Stock Reseller,
5511 14.500,5 x D ratio drill thru cool Carbide Fire Coated,Guhring Aus Stock Reseller,
5511 14.700,5 x D ratio drill thru cool Carbide Fire Coated,Guhring Aus Stock Reseller,
5511 14.800,5 x D ratio drill thru cool Carbide Fire Coated,Guhring Aus Stock Reseller,
5511 15.700,5 x D ratio drill thru cool Carbide Fire Coated,Guhring Aus Stock Reseller,
5511 16.000,5 x D ratio drill thru cool Carbide Fire Coated,Guhring Aus Stock Reseller,
5511 17.000,5 x D ratio drill thru cool Carbide Fire Coated,Guhring Aus Stock Reseller,
5511 17.500,5 x D ratio drill thru cool Carbide Fire Coated,Guhring Aus Stock Reseller,
5511 18.000,5 x D ratio drill thru cool Carbide Fire Coated,Guhring Aus Stock Reseller,
5511 20.000,5 x D ratio drill thru cool Carbide Fire Coated,Guhring Aus Stock Reseller,
5512 4.000,7 x D ratio drill thru cool Carbide Fire Coated,Guhring Aus Stock Reseller,
5512 4.600,7 x D ratio drill thru cool Carbide Fire Coated,Guhring Aus Stock Reseller,
5512 5.000,7 x D ratio drill thru cool Carbide Fire Coated,Guhring Aus Stock Reseller,
5512 5.200,7 x D ratio drill thru cool Carbide Fire Coated,Guhring Aus Stock Reseller,
5512 5.500,7 x D ratio drill thru cool Carbide Fire Coated,Guhring Aus Stock Reseller,
5512 5.560,7 x D ratio drill thru cool Carbide Fire Coated,Guhring Aus Stock Reseller,
5512 5.800,7 x D ratio drill thru cool Carbide Fire Coated,Guhring Aus Stock Reseller,
5512 5.950,7 x D ratio drill thru cool Carbide Fire Coated,Guhring Aus Stock Reseller,
5512 6.000,7 x D ratio drill thru cool Carbide Fire Coated,Guhring Aus Stock Reseller,
5512 6.350,7 x D ratio drill thru cool Carbide Fire Coated 1/4,Guhring Aus Stock Reseller,
5512 6.500,7 x D ratio drill thru cool Carbide Fire Coated,Guhring Aus Stock Reseller,
5512 6.750,7 x D ratio drill thru cool Carbide Fire Coated 17/64,Guhring Aus Stock Reseller,
5512 6.800,7 x D ratio drill thru cool Carbide Fire Coated,Guhring Aus Stock Reseller,
5512 7.000,7 x D ratio drill thru cool Carbide Fire Coated,Guhring Aus Stock Reseller,
5512 7.140,7 x D ratio drill thru cool Carbide Fire Coated 9/32,Guhring Aus Stock Reseller,
5512 7.500,7 x D ratio drill thru cool Carbide Fire Coated,Guhring Aus Stock Reseller,
5512 7.540,7 x D ratio drill thru cool Carbide Fire Coated 19/64,Guhring Aus Stock Reseller,
5512 7.800,7 x D ratio drill thru cool Carbide Fire Coated,Guhring Aus Stock Reseller,
5512 7.940,7 x D ratio drill thru cool Carbide Fire Coated 5/16,Guhring Aus Stock Reseller,
5512 8.000,7 x D ratio drill thru cool Carbide Fire Coated,Guhring Aus Stock Reseller,
5512 8.330,7 x D ratio drill thru cool Carbide Fire Coated 21/64,Guhring Aus Stock Reseller,
5512 8.500,7 x D ratio drill thru cool Carbide Fire Coated,Guhring Aus Stock Reseller,
5512 8.730,7 x D ratio drill thru cool Carbide Fire Coated 11/32,Guhring Aus Stock Reseller,
5512 9.000,7 x D ratio drill thru cool Carbide Fire Coated,Guhring Aus Stock Reseller,
5512 9.130,7 x D ratio drill thru cool Carbide Fire Coated,Guhring Aus Stock Reseller,
5512 9.500,7 x D ratio drill thru cool Carbide Fire Coated,Guhring Aus Stock Reseller,
5512 9.520,7 x D ratio drill thru cool Carbide Fire Coated 3/8,Guhring Aus Stock Reseller,
5512 9.800,7 x D ratio drill thru cool Carbide Fire Coated,Guhring Aus Stock Reseller,
5512 10.000,7 x D ratio drill thru cool Carbide Fire Coated,Guhring Aus Stock Reseller,
5512 10.200,7 x D ratio drill thru cool Carbide Fire Coated,Guhring Aus Stock Reseller,
5512 10.320,7 x D ratio drill thru cool Carbide Fire Coated 13/32,Guhring Aus Stock Reseller,
5512 10.500,7 x D ratio drill thru cool Carbide Fire Coated,Guhring Aus Stock Reseller,
5512 11.000,7 x D ratio drill thru cool Carbide Fire Coated,Guhring Aus Stock Reseller,
5512 11.110,7 x D ratio drill thru cool Carbide Fire Coated 7/16,Guhring Aus Stock Reseller,
5512 11.500,7 x D ratio drill thru cool Carbide Fire Coated,Guhring Aus Stock Reseller,
5512 11.910,7 x D ratio drill thru cool Carbide Fire Coated 15/32,Guhring Aus Stock Reseller,
5512 12.000,7 x D ratio drill thru cool Carbide Fire Coated,Guhring Aus Stock Reseller,
5512 12.500,7 x D ratio drill thru cool Carbide Fire Coated,Guhring Aus Stock Reseller,
5512 12.700,7 x D ratio drill thru cool Carbide Fire Coated 1/2,Guhring Aus Stock Reseller,
5512 13.000,7 x D ratio drill thru cool Carbide Fire Coated,Guhring Aus Stock Reseller,
5512 16.000,7 x D ratio drill thru cool Carbide Fire Coated,Guhring Aus Stock Reseller,
5514 3.000,3 x D ratio drill Carbide Fire Coated,Guhring Aus Stock Reseller,
5514 3.100,3 x D ratio drill Carbide Fire Coated,Guhring Aus Stock Reseller,
5514 3.170,3 x D ratio drill Carbide Fire Coated 1/8,Guhring Aus Stock Reseller,
5514 3.200,3 x D ratio drill Carbide Fire Coated,Guhring Aus Stock Reseller,
5514 3.250,3 x D ratio drill Carbide Fire Coated,Guhring Aus Stock Reseller,
5514 3.300,3 x D ratio drill Carbide Fire Coated,Guhring Aus Stock Reseller,
5514 3.400,3 x D ratio drill Carbide Fire Coated,Guhring Aus Stock Reseller,
5514 3.500,3 x D ratio drill Carbide Fire Coated,Guhring Aus Stock Reseller,
5514 3.570,3 x D ratio drill Carbide Fire Coated 9/64,Guhring Aus Stock Reseller,
5514 3.600,3 x D ratio drill Carbide Fire Coated,Guhring Aus Stock Reseller,
5514 3.700,3 x D ratio drill Carbide Fire Coated,Guhring Aus Stock Reseller,
5514 3.800,3 x D ratio drill Carbide Fire Coated,Guhring Aus Stock Reseller,
5514 3.900,3 x D ratio drill Carbide Fire Coated,Guhring Aus Stock Reseller,
5514 3.970,3 x D ratio drill Carbide Fire Coated 5/32,Guhring Aus Stock Reseller,
5514 4.000,3 x D ratio drill Carbide Fire Coated,Guhring Aus Stock Reseller,
5514 4.100,3 x D ratio drill Carbide Fire Coated,Guhring Aus Stock Reseller,
5514 4.200,3 x D ratio drill Carbide Fire Coated,Guhring Aus Stock Reseller,
5514 4.300,3 x D ratio drill Carbide Fire Coated,Guhring Aus Stock Reseller,
5514 4.370,3 x D ratio drill Carbide Fire Coated 11/64,Guhring Aus Stock Reseller,
5514 4.400,3 x D ratio drill Carbide Fire Coated,Guhring Aus Stock Reseller,
5514 4.500,3 x D ratio drill Carbide Fire Coated,Guhring Aus Stock Reseller,
5514 4.600,3 x D ratio drill Carbide Fire Coated,Guhring Aus Stock Reseller,
5514 4.650,3 x D ratio drill Carbide Fire Coated,Guhring Aus Stock Reseller,
5514 4.700,3 x D ratio drill Carbide Fire Coated,Guhring Aus Stock Reseller,
5514 4.760,3 x D ratio drill Carbide Fire Coated 3/16,Guhring Aus Stock Reseller,
5514 4.800,3 x D ratio drill Carbide Fire Coated,Guhring Aus Stock Reseller,
5514 4.900,3 x D ratio drill Carbide Fire Coated,Guhring Aus Stock Reseller,
5514 5.000,3 x D ratio drill Carbide Fire Coated,Guhring Aus Stock Reseller,
5514 5.100,3 x D ratio drill Carbide Fire Coated,Guhring Aus Stock Reseller,
5514 5.160,3 x D ratio drill Carbide Fire Coated 13/64,Guhring Aus Stock Reseller,
5514 5.200,3 x D ratio drill Carbide Fire Coated,Guhring Aus Stock Reseller,
5514 5.300,3 x D ratio drill Carbide Fire Coated,Guhring Aus Stock Reseller,
5514 5.500,3 x D ratio drill Carbide Fire Coated,Guhring Aus Stock Reseller,
5514 5.550,3 x D ratio drill Carbide Fire Coated,Guhring Aus Stock Reseller,
5514 5.560,3 x D ratio drill Carbide Fire Coated 7/32,Guhring Aus Stock Reseller,
5514 5.600,3 x D ratio drill Carbide Fire Coated,Guhring Aus Stock Reseller,
5514 5.700,3 x D ratio drill Carbide Fire Coated,Guhring Aus Stock Reseller,
5514 5.800,3 x D ratio drill Carbide Fire Coated,Guhring Aus Stock Reseller,
5514 5.900,3 x D ratio drill Carbide Fire Coated,Guhring Aus Stock Reseller,
5514 5.950,3 x D ratio drill Carbide Fire Coated 15/64,Guhring Aus Stock Reseller,
5514 6.000,3 x D ratio drill Carbide Fire Coated,Guhring Aus Stock Reseller,
5514 6.100,3 x D ratio drill Carbide Fire Coated,Guhring Aus Stock Reseller,
5514 6.200,3 x D ratio drill Carbide Fire Coated,Guhring Aus Stock Reseller,
5514 6.300,3 x D ratio drill Carbide Fire Coated,Guhring Aus Stock Reseller,
5514 6.350,3 x D ratio drill Carbide Fire Coatedv 1/4,Guhring Aus Stock Reseller,
5514 6.400,3 x D ratio drill Carbide Fire Coated,Guhring Aus Stock Reseller,
5514 6.500,3 x D ratio drill Carbide Fire Coated,Guhring Aus Stock Reseller,
5514 6.600,3 x D ratio drill Carbide Fire Coated,Guhring Aus Stock Reseller,
5514 6.700,3 x D ratio drill Carbide Fire Coated,Guhring Aus Stock Reseller,
5514 6.750,3 x D ratio drill Carbide Fire Coated 17/64,Guhring Aus Stock Reseller,
5514 6.800,3 x D ratio drill Carbide Fire Coated,Guhring Aus Stock Reseller,
5514 6.900,3 x D ratio drill Carbide Fire Coated,Guhring Aus Stock Reseller,
5514 7.000,3 x D ratio drill Carbide Fire Coated,Guhring Aus Stock Reseller,
5514 7.100,3 x D ratio drill Carbide Fire Coated,Guhring Aus Stock Reseller,
5514 7.140,3 x D ratio drill Carbide Fire Coated 9/32,Guhring Aus Stock Reseller,
5514 7.200,3 x D ratio drill Carbide Fire Coated,Guhring Aus Stock Reseller,
5514 7.300,3 x D ratio drill Carbide Fire Coated,Guhring Aus Stock Reseller,
5514 7.400,3 x D ratio drill Carbide Fire Coated,Guhring Aus Stock Reseller,
5514 7.500,3 x D ratio drill Carbide Fire Coated,Guhring Aus Stock Reseller,
5514 7.540,3 x D ratio drill Carbide Fire Coated 19/64,Guhring Aus Stock Reseller,
5514 7.600,3 x D ratio drill Carbide Fire Coated,Guhring Aus Stock Reseller,
5514 7.700,3 x D ratio drill Carbide Fire Coated,Guhring Aus Stock Reseller,
5514 7.800,3 x D ratio drill Carbide Fire Coated,Guhring Aus Stock Reseller,
5514 7.900,3 x D ratio drill Carbide Fire Coated,Guhring Aus Stock Reseller,
5514 7.940,3 x D ratio drill Carbide Fire Coated 5/16,Guhring Aus Stock Reseller,
5514 8.000,3 x D ratio drill Carbide Fire Coated,Guhring Aus Stock Reseller,
5514 8.100,3 x D ratio drill Carbide Fire Coated,Guhring Aus Stock Reseller,
5514 8.200,3 x D ratio drill Carbide Fire Coated,Guhring Aus Stock Reseller,
5514 8.300,3 x D ratio drill Carbide Fire Coated,Guhring Aus Stock Reseller,
5514 8.330,3 x D ratio drill Carbide Fire Coated 21/64,Guhring Aus Stock Reseller,
5514 8.400,3 x D ratio drill Carbide Fire Coated,Guhring Aus Stock Reseller,
5514 8.500,3 x D ratio drill Carbide Fire Coated,Guhring Aus Stock Reseller,
5514 8.600,3 x D ratio drill Carbide Fire Coated,Guhring Aus Stock Reseller,
5514 8.700,3 x D ratio drill Carbide Fire Coated,Guhring Aus Stock Reseller,
5514 8.730,3 x D ratio drill Carbide Fire Coated 11/32,Guhring Aus Stock Reseller,
5514 8.800,3 x D ratio drill Carbide Fire Coated,Guhring Aus Stock Reseller,
5514 8.900,3 x D ratio drill Carbide Fire Coated,Guhring Aus Stock Reseller,
5514 9.000,3 x D ratio drill Carbide Fire Coated,Guhring Aus Stock Reseller,
5514 9.100,3 x D ratio drill Carbide Fire Coated,Guhring Aus Stock Reseller,
5514 9.130,3 x D ratio drill Carbide Fire Coated 23/64,Guhring Aus Stock Reseller,
5514 9.200,3 x D ratio drill Carbide Fire Coated,Guhring Aus Stock Reseller,
5514 9.250,3 x D ratio drill Carbide Fire Coated,Guhring Aus Stock Reseller,
5514 9.300,3 x D ratio drill Carbide Fire Coated,Guhring Aus Stock Reseller,
5514 9.400,3 x D ratio drill Carbide Fire Coated,Guhring Aus Stock Reseller,
5514 9.500,3 x D ratio drill Carbide Fire Coated,Guhring Aus Stock Reseller,
5514 9.520,3 x D ratio drill Carbide Fire Coated 3/8,Guhring Aus Stock Reseller,
5514 9.600,3 x D ratio drill Carbide Fire Coated,Guhring Aus Stock Reseller,
5514 9.700,3 x D ratio drill Carbide Fire Coated,Guhring Aus Stock Reseller,
5514 9.800,3 x D ratio drill Carbide Fire Coated,Guhring Aus Stock Reseller,
5514 9.900,3 x D ratio drill Carbide Fire Coated,Guhring Aus Stock Reseller,
5514 9.920,3 x D ratio drill Carbide Fire Coated 25/64,Guhring Aus Stock Reseller,
5514 10.000,3 x D ratio drill Carbide Fire Coated,Guhring Aus Stock Reseller,
5514 10.100,3 x D ratio drill Carbide Fire Coated,Guhring Aus Stock Reseller,
5514 10.200,3 x D ratio drill Carbide Fire Coated,Guhring Aus Stock Reseller,
5514 10.300,3 x D ratio drill Carbide Fire Coated,Guhring Aus Stock Reseller,
5514 10.320,3 x D ratio drill Carbide Fire Coated 13/32,Guhring Aus Stock Reseller,
5514 10.400,3 x D ratio drill Carbide Fire Coated,Guhring Aus Stock Reseller,
5514 10.500,3 x D ratio drill Carbide Fire Coated,Guhring Aus Stock Reseller,
5514 10.600,3 x D ratio drill Carbide Fire Coated,Guhring Aus Stock Reseller,
5514 10.800,3 x D ratio drill Carbide Fire Coated,Guhring Aus Stock Reseller,
5514 11.000,3 x D ratio drill Carbide Fire Coated,Guhring Aus Stock Reseller,
5514 11.100,3 x D ratio drill Carbide Fire Coated,Guhring Aus Stock Reseller,
5514 11.110,3 x D ratio drill Carbide Fire Coated 7/16,Guhring Aus Stock Reseller,
5514 11.200,3 x D ratio drill Carbide Fire Coated,Guhring Aus Stock Reseller,
5514 11.300,3 x D ratio drill Carbide Fire Coated,Guhring Aus Stock Reseller,
5514 11.400,3 x D ratio drill Carbide Fire Coated,Guhring Aus Stock Reseller,
5514 11.500,3 x D ratio drill Carbide Fire Coated,Guhring Aus Stock Reseller,
5514 11.700,3 x D ratio drill Carbide Fire Coated,Guhring Aus Stock Reseller,
5514 11.800,3 x D ratio drill Carbide Fire Coated,Guhring Aus Stock Reseller,
5514 11.900,3 x D ratio drill Carbide Fire Coated,Guhring Aus Stock Reseller,
5514 12.000,3 x D ratio drill Carbide Fire Coated,Guhring Aus Stock Reseller,
5514 12.200,3 x D ratio drill Carbide Fire Coated,Guhring Aus Stock Reseller,
5514 12.500,3 x D ratio drill Carbide Fire Coated,Guhring Aus Stock Reseller,
5514 12.700,3 x D ratio drill Carbide Fire Coated 1/2,Guhring Aus Stock Reseller,
5514 12.800,3 x D ratio drill Carbide Fire Coated,Guhring Aus Stock Reseller,
5514 13.000,3 x D ratio drill Carbide Fire Coated,Guhring Aus Stock Reseller,
5514 13.500,3 x D ratio drill Carbide Fire Coated,Guhring Aus Stock Reseller,
5514 14.000,3 x D ratio drill Carbide Fire Coated,Guhring Aus Stock Reseller,
5514 14.500,3 x D ratio drill Carbide Fire Coated,Guhring Aus Stock Reseller,
5514 15.000,3 x D ratio drill Carbide Fire Coated,Guhring Aus Stock Reseller,
5514 15.100,3 x D ratio drill Carbide Fire Coated,Guhring Aus Stock Reseller,
5514 15.200,3 x D ratio drill Carbide Fire Coated,Guhring Aus Stock Reseller,
5514 15.500,3 x D ratio drill Carbide Fire Coated,Guhring Aus Stock Reseller,
5514 15.870,3 x D ratio drill Carbide Fire Coated,Guhring Aus Stock Reseller,
5514 16.000,3 x D ratio drill Carbide Fire Coated,Guhring Aus Stock Reseller,
5515 2.500,5 x D ratio drill Carbide Fire Coated,Guhring Aus Stock Reseller,
5515 2.800,5 x D ratio drill Carbide Fire Coated,Guhring Aus Stock Reseller,
5515 2.900,5 x D ratio drill Carbide Fire Coated,Guhring Aus Stock Reseller,
5515 3.000,5 x D ratio drill Carbide Fire Coated,Guhring Aus Stock Reseller,
5515 3.100,5 x D ratio drill Carbide Fire Coated,Guhring Aus Stock Reseller,
5515 3.170,5 x D ratio drill Carbide Fire Coated 1/8,Guhring Aus Stock Reseller,
5515 3.200,5 x D ratio drill Carbide Fire Coated,Guhring Aus Stock Reseller,
5515 3.300,5 x D ratio drill Carbide Fire Coated,Guhring Aus Stock Reseller,
5515 3.400,5 x D ratio drill Carbide Fire Coated,Guhring Aus Stock Reseller,
5515 3.500,5 x D ratio drill Carbide Fire Coated,Guhring Aus Stock Reseller,
5515 3.570,5 x D ratio drill Carbide Fire Coated 9/64,Guhring Aus Stock Reseller,
5515 3.700,5 x D ratio drill Carbide Fire Coated,Guhring Aus Stock Reseller,
5515 3.800,5 x D ratio drill Carbide Fire Coated,Guhring Aus Stock Reseller,
5515 3.900,5 x D ratio drill Carbide Fire Coated,Guhring Aus Stock Reseller,
5515 3.970,5 x D ratio drill Carbide Fire Coatedm 5/32,Guhring Aus Stock Reseller,
5515 4.000,5 x D ratio drill Carbide Fire Coated,Guhring Aus Stock Reseller,
5515 4.200,5 x D ratio drill Carbide Fire Coated,Guhring Aus Stock Reseller,
5515 4.300,5 x D ratio drill Carbide Fire Coated,Guhring Aus Stock Reseller,
5515 4.370,5 x D ratio drill Carbide Fire Coated 11/64,Guhring Aus Stock Reseller,
5515 4.500,5 x D ratio drill Carbide Fire Coated,Guhring Aus Stock Reseller,
5515 4.600,5 x D ratio drill Carbide Fire Coated,Guhring Aus Stock Reseller,
5515 4.700,5 x D ratio drill Carbide Fire Coated,Guhring Aus Stock Reseller,
5515 4.760,5 x D ratio drill Carbide Fire Coated 3/16,Guhring Aus Stock Reseller,
5515 4.800,5 x D ratio drill Carbide Fire Coated,Guhring Aus Stock Reseller,
5515 5.000,5 x D ratio drill Carbide Fire Coated,Guhring Aus Stock Reseller,
5515 5.100,5 x D ratio drill Carbide Fire Coated,Guhring Aus Stock Reseller,
5515 5.160,5 x D ratio drill Carbide Fire Coated 13/64,Guhring Aus Stock Reseller,
5515 5.200,5 x D ratio drill Carbide Fire Coated,Guhring Aus Stock Reseller,
5515 5.300,5 x D ratio drill Carbide Fire Coated,Guhring Aus Stock Reseller,
5515 5.500,5 x D ratio drill Carbide Fire Coated,Guhring Aus Stock Reseller,
5515 5.550,5 x D ratio drill Carbide Fire Coated,Guhring Aus Stock Reseller,
5515 5.560,5 x D ratio drill Carbide Fire Coated 7/32,Guhring Aus Stock Reseller,
5515 5.800,5 x D ratio drill Carbide Fire Coated,Guhring Aus Stock Reseller,
5515 5.950,5 x D ratio drill Carbide Fire Coated 15/64,Guhring Aus Stock Reseller,
5515 6.000,5 x D ratio drill Carbide Fire Coated,Guhring Aus Stock Reseller,
5515 6.200,5 x D ratio drill Carbide Fire Coated,Guhring Aus Stock Reseller,
5515 6.350,5 x D ratio drill Carbide Fire Coated 1/4,Guhring Aus Stock Reseller,
5515 6.500,5 x D ratio drill Carbide Fire Coated,Guhring Aus Stock Reseller,
5515 6.600,5 x D ratio drill Carbide Fire Coated,Guhring Aus Stock Reseller,
5515 6.750,5 x D ratio drill Carbide Fire Coated 17/64,Guhring Aus Stock Reseller,
5515 6.800,5 x D ratio drill Carbide Fire Coated,Guhring Aus Stock Reseller,
5515 7.000,5 x D ratio drill Carbide Fire Coated,Guhring Aus Stock Reseller,
5515 7.140,5 x D ratio drill Carbide Fire Coated 9/32,Guhring Aus Stock Reseller,
5515 7.200,5 x D ratio drill Carbide Fire Coated,Guhring Aus Stock Reseller,
5515 7.300,5 x D ratio drill Carbide Fire Coated,Guhring Aus Stock Reseller,
5515 7.400,5 x D ratio drill Carbide Fire Coated,Guhring Aus Stock Reseller,
5515 7.500,5 x D ratio drill Carbide Fire Coated,Guhring Aus Stock Reseller,
5515 7.540,5 x D ratio drill Carbide Fire Coated 19/64,Guhring Aus Stock Reseller,
5515 7.800,5 x D ratio drill Carbide Fire Coated,Guhring Aus Stock Reseller,
5515 7.940,5 x D ratio drill Carbide Fire Coated 5/16,Guhring Aus Stock Reseller,
5515 8.000,5 x D ratio drill Carbide Fire Coated,Guhring Aus Stock Reseller,
5515 8.330,5 x D ratio drill Carbide Fire Coated 21/64,Guhring Aus Stock Reseller,
5515 8.500,5 x D ratio drill Carbide Fire Coated,Guhring Aus Stock Reseller,
5515 8.600,5 x D ratio drill Carbide Fire Coated,Guhring Aus Stock Reseller,
5515 8.730,5 x D ratio drill Carbide Fire Coated 11/32,Guhring Aus Stock Reseller,
5515 8.800,5 x D ratio drill Carbide Fire Coated,Guhring Aus Stock Reseller,
5515 9.000,5 x D ratio drill Carbide Fire Coated,Guhring Aus Stock Reseller,
5515 9.300,5 x D ratio drill Carbide Fire Coated,Guhring Aus Stock Reseller,
5515 9.500,5 x D ratio drill Carbide Fire Coated,Guhring Aus Stock Reseller,
5515 9.520,5 x D ratio drill Carbide Fire Coated 3/8,Guhring Aus Stock Reseller,
5515 9.600,5 x D ratio drill Carbide Fire Coated,Guhring Aus Stock Reseller,
5515 9.800,5 x D ratio drill Carbide Fire Coated,Guhring Aus Stock Reseller,
5515 10.000,5 x D ratio drill Carbide Fire Coated,Guhring Aus Stock Reseller,
5515 10.200,5 x D ratio drill Carbide Fire Coated,Guhring Aus Stock Reseller,
5515 10.320,5 x D ratio drill Carbide Fire Coated 13/32,Guhring Aus Stock Reseller,
5515 10.500,5 x D ratio drill Carbide Fire Coated,Guhring Aus Stock Reseller,
5515 10.800,5 x D ratio drill Carbide Fire Coated,Guhring Aus Stock Reseller,
5515 11.000,5 x D ratio drill Carbide Fire Coated,Guhring Aus Stock Reseller,
5515 11.110,5 x D ratio drill Carbide Fire Coated 7/16,Guhring Aus Stock Reseller,
5515 11.200,5 x D ratio drill Carbide Fire Coated,Guhring Aus Stock Reseller,
5515 11.500,5 x D ratio drill Carbide Fire Coated,Guhring Aus Stock Reseller,
5515 11.800,5 x D ratio drill Carbide Fire Coated,Guhring Aus Stock Reseller,
5515 12.000,5 x D ratio drill Carbide Fire Coated,Guhring Aus Stock Reseller,
5515 12.100,5 x D ratio drill Carbide Fire Coated,Guhring Aus Stock Reseller,
5515 12.500,5 x D ratio drill Carbide Fire Coated,Guhring Aus Stock Reseller,
5515 13.000,5 x D ratio drill Carbide Fire Coated,Guhring Aus Stock Reseller,
5515 13.500,5 x D ratio drill Carbide Fire Coated,Guhring Aus Stock Reseller,
5515 14.000,5 x D ratio drill Carbide Fire Coated,Guhring Aus Stock Reseller,
5515 14.500,5 x D ratio drill Carbide Fire Coated,Guhring Aus Stock Reseller,
5515 15.000,5 x D ratio drill Carbide Fire Coated,Guhring Aus Stock Reseller,
5515 16.000,5 x D ratio drill Carbide Fire Coated,Guhring Aus Stock Reseller,
5516 2.000,Stub drill Solid Carbide,Guhring Aus Stock Reseller,
5516 2.100,Stub drill Solid Carbide,Guhring Aus Stock Reseller,
5516 2.200,Stub drill Solid Carbide,Guhring Aus Stock Reseller,
5516 2.300,Stub drill Solid Carbide,Guhring Aus Stock Reseller,
5516 2.380,Stub drill Solid Carbide 3/32,Guhring Aus Stock Reseller,
5516 2.400,Stub drill Solid Carbide,Guhring Aus Stock Reseller,
5516 2.500,Stub drill Solid Carbide,Guhring Aus Stock Reseller,
5516 2.600,Stub drill Solid Carbide,Guhring Aus Stock Reseller,
5516 2.700,Stub drill Solid Carbide,Guhring Aus Stock Reseller,
5516 2.780,Stub drill Solid Carbide 7/64,Guhring Aus Stock Reseller,
5516 2.800,Stub drill Solid Carbide,Guhring Aus Stock Reseller,
5516 2.900,Stub drill Solid Carbide,Guhring Aus Stock Reseller,
5516 3.000,Stub drill Solid Carbide,Guhring Aus Stock Reseller,
5516 3.100,Stub drill Solid Carbide,Guhring Aus Stock Reseller,
5516 3.170,Stub drill Solid Carbide 1/8,Guhring Aus Stock Reseller,
5516 3.200,Stub drill Solid Carbide,Guhring Aus Stock Reseller,
5516 3.300,Stub drill Solid Carbide,Guhring Aus Stock Reseller,
5516 3.400,Stub drill Solid Carbide,Guhring Aus Stock Reseller,
5516 3.500,Stub drill Solid Carbide,Guhring Aus Stock Reseller,
5516 3.570,Stub drill Solid Carbide 9/64,Guhring Aus Stock Reseller,
5516 3.600,Stub drill Solid Carbide,Guhring Aus Stock Reseller,
5516 3.700,Stub drill Solid Carbide,Guhring Aus Stock Reseller,
5516 3.800,Stub drill Solid Carbide,Guhring Aus Stock Reseller,
5516 3.900,Stub drill Solid Carbide,Guhring Aus Stock Reseller,
5516 3.970,Stub drill Solid Carbide 5/32,Guhring Aus Stock Reseller,
5516 4.000,Stub drill Solid Carbide,Guhring Aus Stock Reseller,
5516 4.100,Stub drill Solid Carbide,Guhring Aus Stock Reseller,
5516 4.200,Stub drill Solid Carbide,Guhring Aus Stock Reseller,
5516 4.300,Stub drill Solid Carbide,Guhring Aus Stock Reseller,
5516 4.370,Stub drill Solid Carbide 11/64,Guhring Aus Stock Reseller,
5516 4.400,Stub drill Solid Carbide,Guhring Aus Stock Reseller,
5516 4.500,Stub drill Solid Carbide,Guhring Aus Stock Reseller,
5516 4.600,Stub drill Solid Carbide,Guhring Aus Stock Reseller,
5516 4.700,Stub drill Solid Carbide,Guhring Aus Stock Reseller,
5516 4.760,Stub drill Solid Carbide 3/16,Guhring Aus Stock Reseller,
5516 4.800,Stub drill Solid Carbide,Guhring Aus Stock Reseller,
5516 4.900,Stub drill Solid Carbide,Guhring Aus Stock Reseller,
5516 5.000,Stub drill Solid Carbide,Guhring Aus Stock Reseller,
5516 5.100,Stub drill Solid Carbide,Guhring Aus Stock Reseller,
5516 5.200,Stub drill Solid Carbide,Guhring Aus Stock Reseller,
5516 5.500,Stub drill Solid Carbide,Guhring Aus Stock Reseller,
5516 5.800,Stub drill Solid Carbide,Guhring Aus Stock Reseller,
5516 6.000,Stub drill Solid Carbide,Guhring Aus Stock Reseller,
5516 6.350,Stub drill Solid Carbide 1/4,Guhring Aus Stock Reseller,
5516 6.400,Stub drill Solid Carbide,Guhring Aus Stock Reseller,
5516 6.500,Stub drill Solid Carbide,Guhring Aus Stock Reseller,
5516 6.800,Stub drill Solid Carbide,Guhring Aus Stock Reseller,
5516 6.900,Stub drill Solid Carbide,Guhring Aus Stock Reseller,
5516 7.000,Stub drill Solid Carbide,Guhring Aus Stock Reseller,
5516 7.140,Stub drill Solid Carbide 9/32,Guhring Aus Stock Reseller,
5516 7.500,Stub drill Solid Carbide,Guhring Aus Stock Reseller,
5516 7.940,Stub drill Solid Carbide 5/16,Guhring Aus Stock Reseller,
5516 8.000,Stub drill Solid Carbide,Guhring Aus Stock Reseller,
5516 8.500,Stub drill Solid Carbide,Guhring Aus Stock Reseller,
5516 8.600,Stub drill Solid Carbide,Guhring Aus Stock Reseller,
5516 8.730,Stub drill Solid Carbide 11/32,Guhring Aus Stock Reseller,
5516 8.800,Stub drill Solid Carbide,Guhring Aus Stock Reseller,
5516 9.000,Stub drill Solid Carbide,Guhring Aus Stock Reseller,
5516 9.500,Stub drill Solid Carbide,Guhring Aus Stock Reseller,
5516 10.000,Stub drill Solid Carbide,Guhring Aus Stock Reseller,
5516 10.200,Stub drill Solid Carbide,Guhring Aus Stock Reseller,
5516 10.500,Stub drill Solid Carbide,Guhring Aus Stock Reseller,
5516 11.000,Stub drill Solid Carbide,Guhring Aus Stock Reseller,
5516 11.110,Stub drill Solid Carbide 7/16,Guhring Aus Stock Reseller,
5516 11.500,Stub drill Solid Carbide,Guhring Aus Stock Reseller,
5516 12.000,Stub drill Solid Carbide,Guhring Aus Stock Reseller,
5517 2.000,Jobber drill Solid Carbide,Guhring Aus Stock Reseller,
5517 2.100,Jobber drill Solid Carbide,Guhring Aus Stock Reseller,
5517 2.200,Jobber drill Solid Carbide,Guhring Aus Stock Reseller,
5517 2.300,Jobber drill Solid Carbide,Guhring Aus Stock Reseller,
5517 2.380,Jobber drill Solid Carbide 3/32,Guhring Aus Stock Reseller,
5517 2.400,Jobber drill Solid Carbide,Guhring Aus Stock Reseller,
5517 2.500,Jobber drill Solid Carbide,Guhring Aus Stock Reseller,
5517 2.600,Jobber drill Solid Carbide,Guhring Aus Stock Reseller,
5517 2.700,Jobber drill Solid Carbide,Guhring Aus Stock Reseller,
5517 2.800,Jobber drill Solid Carbide,Guhring Aus Stock Reseller,
5517 2.900,Jobber drill Solid Carbide,Guhring Aus Stock Reseller,
5517 3.000,Jobber drill Solid Carbide,Guhring Aus Stock Reseller,
5517 3.100,Jobber drill Solid Carbide,Guhring Aus Stock Reseller,
5517 3.170,Jobber drill Solid Carbide 1/8,Guhring Aus Stock Reseller,
5517 3.200,Jobber drill Solid Carbide,Guhring Aus Stock Reseller,
5517 3.300,Jobber drill Solid Carbide,Guhring Aus Stock Reseller,
5517 3.400,Jobber drill Solid Carbide,Guhring Aus Stock Reseller,
5517 3.500,Jobber drill Solid Carbide,Guhring Aus Stock Reseller,
5517 3.570,Jobber drill Solid Carbide 9/64,Guhring Aus Stock Reseller,
5517 3.600,Jobber drill Solid Carbide,Guhring Aus Stock Reseller,
5517 3.700,Jobber drill Solid Carbide,Guhring Aus Stock Reseller,
5517 3.800,Jobber drill Solid Carbide,Guhring Aus Stock Reseller,
5517 3.900,Jobber drill Solid Carbide,Guhring Aus Stock Reseller,
5517 4.000,Jobber drill Solid Carbide,Guhring Aus Stock Reseller,
5517 4.100,Jobber drill Solid Carbide,Guhring Aus Stock Reseller,
5517 4.200,Jobber drill Solid Carbide,Guhring Aus Stock Reseller,
5517 4.300,Jobber drill Solid Carbide,Guhring Aus Stock Reseller,
5517 4.370,Jobber drill Solid Carbide 11/64,Guhring Aus Stock Reseller,
5517 4.400,Jobber drill Solid Carbide,Guhring Aus Stock Reseller,
5517 4.500,Jobber drill Solid Carbide,Guhring Aus Stock Reseller,
5517 4.600,Jobber drill Solid Carbide,Guhring Aus Stock Reseller,
5517 4.700,Jobber drill Solid Carbide,Guhring Aus Stock Reseller,
5517 4.760,Jobber drill Solid Carbide 3/16,Guhring Aus Stock Reseller,
5517 4.800,Jobber drill Solid Carbide,Guhring Aus Stock Reseller,
5517 4.900,Jobber drill Solid Carbide,Guhring Aus Stock Reseller,
5517 5.000,Jobber drill Solid Carbide,Guhring Aus Stock Reseller,
5517 5.160,Jobber drill Solid Carbide 13/64,Guhring Aus Stock Reseller,
5517 5.500,Jobber drill Solid Carbide,Guhring Aus Stock Reseller,
5517 5.560,Jobber drill Solid Carbide 7/32,Guhring Aus Stock Reseller,
5517 5.950,Jobber drill Solid Carbide 15/64,Guhring Aus Stock Reseller,
5517 6.000,Jobber drill Solid Carbide,Guhring Aus Stock Reseller,
5517 6.350,Jobber drill Solid Carbide 1/4,Guhring Aus Stock Reseller,
5517 6.500,Jobber drill Solid Carbide,Guhring Aus Stock Reseller,
5517 6.800,Jobber drill Solid Carbide,Guhring Aus Stock Reseller,
5517 7.000,Jobber drill Solid Carbide,Guhring Aus Stock Reseller,
5517 7.140,Jobber drill Solid Carbide 9/32,Guhring Aus Stock Reseller,
5517 7.500,Jobber drill Solid Carbide,Guhring Aus Stock Reseller,
5517 7.940,Jobber drill Solid Carbide 5/16,Guhring Aus Stock Reseller,
5517 8.000,Jobber drill Solid Carbide,Guhring Aus Stock Reseller,
5517 8.500,Jobber drill Solid Carbide,Guhring Aus Stock Reseller,
5517 8.730,Jobber drill Solid Carbide 11/32,Guhring Aus Stock Reseller,
5517 9.000,Jobber drill Solid Carbide,Guhring Aus Stock Reseller,
5517 9.500,Jobber drill Solid Carbide,Guhring Aus Stock Reseller,
5517 10.000,Jobber drill Solid Carbide,Guhring Aus Stock Reseller,
5517 10.200,Jobber drill Solid Carbide,Guhring Aus Stock Reseller,
5517 10.300,Jobber drill Solid Carbide,Guhring Aus Stock Reseller,
5517 10.500,Jobber drill Solid Carbide,Guhring Aus Stock Reseller,
5517 11.000,Jobber drill Solid Carbide,Guhring Aus Stock Reseller,
5517 11.110,Jobber drill Solid Carbide 7/16,Guhring Aus Stock Reseller,
5517 11.500,Jobber drill Solid Carbide,Guhring Aus Stock Reseller,
5517 12.000,Jobber drill Solid Carbide,Guhring Aus Stock Reseller,
5520 1.000,Stub drill HSCO TiN Coated,Guhring Aus Stock Reseller,
5520 1.100,Stub drill HSCO TiN Coated,Guhring Aus Stock Reseller,
5520 1.200,Stub drill HSCO TiN Coated,Guhring Aus Stock Reseller,
5520 1.300,Stub drill HSCO TiN Coated,Guhring Aus Stock Reseller,
5520 1.400,Stub drill HSCO TiN Coated,Guhring Aus Stock Reseller,
5520 1.500,Stub drill HSCO TiN Coated,Guhring Aus Stock Reseller,
5520 1.600,Stub drill HSCO TiN Coated,Guhring Aus Stock Reseller,
5520 1.700,Stub drill HSCO TiN Coated,Guhring Aus Stock Reseller,
5520 1.800,Stub drill HSCO TiN Coated,Guhring Aus Stock Reseller,
5520 1.900,Stub drill HSCO TiN Coated,Guhring Aus Stock Reseller,
5520 2.000,Stub drill HSCO TiN Coated,Guhring Aus Stock Reseller,
5520 2.100,Stub drill HSCO TiN Coated,Guhring Aus Stock Reseller,
5520 2.200,Stub drill HSCO TiN Coated,Guhring Aus Stock Reseller,
5520 2.300,Stub drill HSCO TiN Coated,Guhring Aus Stock Reseller,
5520 2.380,Stub drill HSCO TiN Coated 3/32,Guhring Aus Stock Reseller,
5520 2.400,Stub drill HSCO TiN Coated,Guhring Aus Stock Reseller,
5520 2.500,Stub drill HSCO TiN Coated,Guhring Aus Stock Reseller,
5520 2.600,Stub drill HSCO TiN Coated,Guhring Aus Stock Reseller,
5520 2.700,Stub drill HSCO TiN Coated,Guhring Aus Stock Reseller,
5520 2.780,Stub drill HSCO TiN Coated 7/64,Guhring Aus Stock Reseller,
5520 2.800,Stub drill HSCO TiN Coated,Guhring Aus Stock Reseller,
5520 2.900,Stub drill HSCO TiN Coated,Guhring Aus Stock Reseller,
5520 3.000,Stub drill HSCO TiN Coated,Guhring Aus Stock Reseller,
5520 3.100,Stub drill HSCO TiN Coated,Guhring Aus Stock Reseller,
5520 3.170,Stub drill HSCO TiN Coated 1/8,Guhring Aus Stock Reseller,
5520 3.200,Stub drill HSCO TiN Coated,Guhring Aus Stock Reseller,
5520 3.300,Stub drill HSCO TiN Coated,Guhring Aus Stock Reseller,
5520 3.400,Stub drill HSCO TiN Coated,Guhring Aus Stock Reseller,
5520 3.500,Stub drill HSCO TiN Coated,Guhring Aus Stock Reseller,
5520 3.570,Stub drill HSCO TiN Coated 9/64,Guhring Aus Stock Reseller,
5520 3.600,Stub drill HSCO TiN Coated,Guhring Aus Stock Reseller,
5520 3.700,Stub drill HSCO TiN Coated,Guhring Aus Stock Reseller,
5520 3.800,Stub drill HSCO TiN Coated,Guhring Aus Stock Reseller,
5520 3.900,Stub drill HSCO TiN Coated,Guhring Aus Stock Reseller,
5520 3.970,Stub drill HSCO TiN Coated 5/32,Guhring Aus Stock Reseller,
5520 4.000,Stub drill HSCO TiN Coated,Guhring Aus Stock Reseller,
5520 4.100,Stub drill HSCO TiN Coated,Guhring Aus Stock Reseller,
5520 4.200,Stub drill HSCO TiN Coated,Guhring Aus Stock Reseller,
5520 4.300,Stub drill HSCO TiN Coated,Guhring Aus Stock Reseller,
5520 4.370,Stub drill HSCO TiN Coated 11/64,Guhring Aus Stock Reseller,
5520 4.400,Stub drill HSCO TiN Coated,Guhring Aus Stock Reseller,
5520 4.500,Stub drill HSCO TiN Coated,Guhring Aus Stock Reseller,
5520 4.600,Stub drill HSCO TiN Coated,Guhring Aus Stock Reseller,
5520 4.700,Stub drill HSCO TiN Coated,Guhring Aus Stock Reseller,
5520 4.760,Stub drill HSCO TiN Coated 3/16,Guhring Aus Stock Reseller,
5520 4.800,Stub drill HSCO TiN Coated,Guhring Aus Stock Reseller,
5520 4.900,Stub drill HSCO TiN Coated,Guhring Aus Stock Reseller,
5520 5.000,Stub drill HSCO TiN Coated,Guhring Aus Stock Reseller,
5520 5.100,Stub drill HSCO TiN Coated,Guhring Aus Stock Reseller,
5520 5.160,Stub drill HSCO TiN Coated 13/64,Guhring Aus Stock Reseller,
5520 5.200,Stub drill HSCO TiN Coated,Guhring Aus Stock Reseller,
5520 5.300,Stub drill HSCO TiN Coated,Guhring Aus Stock Reseller,
5520 5.400,Stub drill HSCO TiN Coated,Guhring Aus Stock Reseller,
5520 5.500,Stub drill HSCO TiN Coated,Guhring Aus Stock Reseller,
5520 5.560,Stub drill HSCO TiN Coated 7/32,Guhring Aus Stock Reseller,
5520 5.600,Stub drill HSCO TiN Coated,Guhring Aus Stock Reseller,
5520 5.700,Stub drill HSCO TiN Coated,Guhring Aus Stock Reseller,
5520 5.800,Stub drill HSCO TiN Coated,Guhring Aus Stock Reseller,
5520 5.900,Stub drill HSCO TiN Coated,Guhring Aus Stock Reseller,
5520 5.950,Stub drill HSCO TiN Coated 15/64,Guhring Aus Stock Reseller,
5520 6.000,Stub drill HSCO TiN Coated,Guhring Aus Stock Reseller,
5520 6.100,Stub drill HSCO TiN Coated,Guhring Aus Stock Reseller,
5520 6.200,Stub drill HSCO TiN Coated,Guhring Aus Stock Reseller,
5520 6.300,Stub drill HSCO TiN Coated,Guhring Aus Stock Reseller,
5520 6.350,Stub drill HSCO TiN Coated 1/4,Guhring Aus Stock Reseller,
5520 6.400,Stub drill HSCO TiN Coated,Guhring Aus Stock Reseller,
5520 6.500,Stub drill HSCO TiN Coated,Guhring Aus Stock Reseller,
5520 6.600,Stub drill HSCO TiN Coated,Guhring Aus Stock Reseller,
5520 6.700,Stub drill HSCO TiN Coated,Guhring Aus Stock Reseller,
5520 6.800,Stub drill HSCO TiN Coated,Guhring Aus Stock Reseller,
5520 6.900,Stub drill HSCO TiN Coated,Guhring Aus Stock Reseller,
5520 7.000,Stub drill HSCO TiN Coated,Guhring Aus Stock Reseller,
5520 7.100,Stub drill HSCO TiN Coated,Guhring Aus Stock Reseller,
5520 7.140,Stub drill HSCO TiN Coated 9/32,Guhring Aus Stock Reseller,
5520 7.200,Stub drill HSCO TiN Coated,Guhring Aus Stock Reseller,
5520 7.300,Stub drill HSCO TiN Coated,Guhring Aus Stock Reseller,
5520 7.400,Stub drill HSCO TiN Coated,Guhring Aus Stock Reseller,
5520 7.500,Stub drill HSCO TiN Coated,Guhring Aus Stock Reseller,
5520 7.600,Stub drill HSCO TiN Coated,Guhring Aus Stock Reseller,
5520 7.700,Stub drill HSCO TiN Coated,Guhring Aus Stock Reseller,
5520 7.800,Stub drill HSCO TiN Coated,Guhring Aus Stock Reseller,
5520 7.900,Stub drill HSCO TiN Coated,Guhring Aus Stock Reseller,
5520 7.940,Stub drill HSCO TiN Coated 5/16,Guhring Aus Stock Reseller,
5520 8.000,Stub drill HSCO TiN Coated,Guhring Aus Stock Reseller,
5520 8.100,Stub drill HSCO TiN Coated,Guhring Aus Stock Reseller,
5520 8.200,Stub drill HSCO TiN Coated,Guhring Aus Stock Reseller,
5520 8.300,Stub drill HSCO TiN Coated,Guhring Aus Stock Reseller,
5520 8.400,Stub drill HSCO TiN Coated,Guhring Aus Stock Reseller,
5520 8.500,Stub drill HSCO TiN Coated,Guhring Aus Stock Reseller,
5520 8.600,Stub drill HSCO TiN Coated,Guhring Aus Stock Reseller,
5520 8.700,Stub drill HSCO TiN Coated,Guhring Aus Stock Reseller,
5520 8.730,Stub drill HSCO TiN Coated 11/32,Guhring Aus Stock Reseller,
5520 8.800,Stub drill HSCO TiN Coated,Guhring Aus Stock Reseller,
5520 9.000,Stub drill HSCO TiN Coated,Guhring Aus Stock Reseller,
5520 9.200,Stub drill HSCO TiN Coated,Guhring Aus Stock Reseller,
5520 9.300,Stub drill HSCO TiN Coated,Guhring Aus Stock Reseller,
5520 9.400,Stub drill HSCO TiN Coated,Guhring Aus Stock Reseller,
5520 9.500,Stub drill HSCO TiN Coated,Guhring Aus Stock Reseller,
5520 9.700,Stub drill HSCO TiN Coated,Guhring Aus Stock Reseller,
5520 9.800,Stub drill HSCO TiN Coated,Guhring Aus Stock Reseller,
5520 9.900,Stub drill HSCO TiN Coated,Guhring Aus Stock Reseller,
5520 10.000,Stub drill HSCO TiN Coated,Guhring Aus Stock Reseller,
5520 10.200,Stub drill HSCO TiN Coated,Guhring Aus Stock Reseller,
5520 10.300,Stub drill HSCO TiN Coated,Guhring Aus Stock Reseller,
5520 10.500,Stub drill HSCO TiN Coated,Guhring Aus Stock Reseller,
5520 11.000,Stub drill HSCO TiN Coated,Guhring Aus Stock Reseller,
5520 11.110,Stub drill HSCO TiN Coated 7/16,Guhring Aus Stock Reseller,
5520 11.500,Stub drill HSCO TiN Coated,Guhring Aus Stock Reseller,
5520 11.910,Stub drill HSCO TiN Coated 15/32,Guhring Aus Stock Reseller,
5520 12.000,Stub drill HSCO TiN Coated,Guhring Aus Stock Reseller,
5520 12.500,Stub drill HSCO TiN Coated,Guhring Aus Stock Reseller,
5520 13.000,Stub drill HSCO TiN Coated,Guhring Aus Stock Reseller,
5520 13.500,Stub drill HSCO TiN Coated,Guhring Aus Stock Reseller,
5520 14.000,Stub drill HSCO TiN Coated,Guhring Aus Stock Reseller,
5522 1.000,Jobber drill HSS-E-PM TiN Coated,Guhring Aus Stock Reseller,
5522 1.100,Jobber drill HSS-E-PM TiN Coated,Guhring Aus Stock Reseller,
5522 1.200,Jobber drill HSS-E-PM TiN Coated,Guhring Aus Stock Reseller,
5522 1.300,Jobber drill HSS-E-PM TiN Coated,Guhring Aus Stock Reseller,
5522 1.400,Jobber drill HSS-E-PM TiN Coated,Guhring Aus Stock Reseller,
5522 1.500,Jobber drill HSS-E-PM TiN Coated,Guhring Aus Stock Reseller,
5522 1.600,Jobber drill HSS-E-PM TiN Coated,Guhring Aus Stock Reseller,
5522 1.700,Jobber drill HSS-E-PM TiN Coated,Guhring Aus Stock Reseller,
5522 1.800,Jobber drill HSS-E-PM TiN Coated,Guhring Aus Stock Reseller,
5522 1.900,Jobber drill HSS-E-PM TiN Coated,Guhring Aus Stock Reseller,
5522 2.000,Jobber drill HSS-E-PM TiN Coated,Guhring Aus Stock Reseller,
5522 2.100,Jobber drill HSS-E-PM TiN Coated,Guhring Aus Stock Reseller,
5522 2.200,Jobber drill HSS-E-PM TiN Coated,Guhring Aus Stock Reseller,
5522 2.300,Jobber drill HSS-E-PM TiN Coated,Guhring Aus Stock Reseller,
5522 2.380,Jobber drill HSS-E-PM TiN Coated 3/32,Guhring Aus Stock Reseller,
5522 2.400,Jobber drill HSS-E-PM TiN Coated,Guhring Aus Stock Reseller,
5522 2.500,Jobber drill HSS-E-PM TiN Coated,Guhring Aus Stock Reseller,
5522 2.600,Jobber drill HSS-E-PM TiN Coated,Guhring Aus Stock Reseller,
5522 2.700,Jobber drill HSS-E-PM TiN Coated,Guhring Aus Stock Reseller,
5522 2.800,Jobber drill HSS-E-PM TiN Coated,Guhring Aus Stock Reseller,
5522 2.900,Jobber drill HSS-E-PM TiN Coated,Guhring Aus Stock Reseller,
5522 3.000,Jobber drill HSS-E-PM TiN Coated,Guhring Aus Stock Reseller,
5522 3.100,Jobber drill HSS-E-PM TiN Coated,Guhring Aus Stock Reseller,
5522 3.170,Jobber drill HSS-E-PM TiN Coated 1/8,Guhring Aus Stock Reseller,
5522 3.200,Jobber drill HSS-E-PM TiN Coated,Guhring Aus Stock Reseller,
5522 3.300,Jobber drill HSS-E-PM TiN Coated,Guhring Aus Stock Reseller,
5522 3.400,Jobber drill HSS-E-PM TiN Coated,Guhring Aus Stock Reseller,
5522 3.500,Jobber drill HSS-E-PM TiN Coated,Guhring Aus Stock Reseller,
5522 3.570,Jobber drill HSS-E-PM TiN Coated 9/64,Guhring Aus Stock Reseller,
5522 3.600,Jobber drill HSS-E-PM TiN Coated,Guhring Aus Stock Reseller,
5522 3.700,Jobber drill HSS-E-PM TiN Coated,Guhring Aus Stock Reseller,
5522 3.800,Jobber drill HSS-E-PM TiN Coated,Guhring Aus Stock Reseller,
5522 3.900,Jobber drill HSS-E-PM TiN Coated,Guhring Aus Stock Reseller,
5522 4.000,Jobber drill HSS-E-PM TiN Coated,Guhring Aus Stock Reseller,
5522 4.100,Jobber drill HSS-E-PM TiN Coated,Guhring Aus Stock Reseller,
5522 4.200,Jobber drill HSS-E-PM TiN Coated,Guhring Aus Stock Reseller,
5522 4.300,Jobber drill HSS-E-PM TiN Coated,Guhring Aus Stock Reseller,
5522 4.370,Jobber drill HSS-E-PM TiN Coated 11/64,Guhring Aus Stock Reseller,
5522 4.400,Jobber drill HSS-E-PM TiN Coated,Guhring Aus Stock Reseller,
5522 4.500,Jobber drill HSS-E-PM TiN Coated,Guhring Aus Stock Reseller,
5522 4.600,Jobber drill HSS-E-PM TiN Coated,Guhring Aus Stock Reseller,
5522 4.700,Jobber drill HSS-E-PM TiN Coated,Guhring Aus Stock Reseller,
5522 4.760,Jobber drill HSS-E-PM TiN Coated 3/16,Guhring Aus Stock Reseller,
5522 4.800,Jobber drill HSS-E-PM TiN Coated,Guhring Aus Stock Reseller,
5522 4.900,Jobber drill HSS-E-PM TiN Coated,Guhring Aus Stock Reseller,
5522 5.000,Jobber drill HSS-E-PM TiN Coated,Guhring Aus Stock Reseller,
5522 5.100,Jobber drill HSS-E-PM TiN Coated,Guhring Aus Stock Reseller,
5522 5.160,Jobber drill HSS-E-PM TiN Coated 13/64,Guhring Aus Stock Reseller,
5522 5.200,Jobber drill HSS-E-PM TiN Coated,Guhring Aus Stock Reseller,
5522 5.300,Jobber drill HSS-E-PM TiN Coated,Guhring Aus Stock Reseller,
5522 5.400,Jobber drill HSS-E-PM TiN Coated,Guhring Aus Stock Reseller,
5522 5.500,Jobber drill HSS-E-PM TiN Coated,Guhring Aus Stock Reseller,
5522 5.560,Jobber drill HSS-E-PM TiN Coated 7/32,Guhring Aus Stock Reseller,
5522 5.600,Jobber drill HSS-E-PM TiN Coated,Guhring Aus Stock Reseller,
5522 5.700,Jobber drill HSS-E-PM TiN Coated,Guhring Aus Stock Reseller,
5522 5.800,Jobber drill HSS-E-PM TiN Coated,Guhring Aus Stock Reseller,
5522 5.900,Jobber drill HSS-E-PM TiN Coated,Guhring Aus Stock Reseller,
5522 6.000,Jobber drill HSS-E-PM TiN Coated,Guhring Aus Stock Reseller,
5522 6.100,Jobber drill HSS-E-PM TiN Coated,Guhring Aus Stock Reseller,
5522 6.200,Jobber drill HSS-E-PM TiN Coated,Guhring Aus Stock Reseller,
5522 6.300,Jobber drill HSS-E-PM TiN Coated,Guhring Aus Stock Reseller,
5522 6.350,Jobber drill HSS-E-PM TiN Coated 1/4,Guhring Aus Stock Reseller,
5522 6.400,Jobber drill HSS-E-PM TiN Coated,Guhring Aus Stock Reseller,
5522 6.500,Jobber drill HSS-E-PM TiN Coated,Guhring Aus Stock Reseller,
5522 6.600,Jobber drill HSS-E-PM TiN Coated,Guhring Aus Stock Reseller,
5522 6.700,Jobber drill HSS-E-PM TiN Coated,Guhring Aus Stock Reseller,
5522 6.800,Jobber drill HSS-E-PM TiN Coated,Guhring Aus Stock Reseller,
5522 6.900,Jobber drill HSS-E-PM TiN Coated,Guhring Aus Stock Reseller,
5522 7.000,Jobber drill HSS-E-PM TiN Coated,Guhring Aus Stock Reseller,
5522 7.100,Jobber drill HSS-E-PM TiN Coated,Guhring Aus Stock Reseller,
5522 7.140,Jobber drill HSS-E-PM TiN Coated 9/32,Guhring Aus Stock Reseller,
5522 7.200,Jobber drill HSS-E-PM TiN Coated,Guhring Aus Stock Reseller,
5522 7.300,Jobber drill HSS-E-PM TiN Coated,Guhring Aus Stock Reseller,
5522 7.400,Jobber drill HSS-E-PM TiN Coated,Guhring Aus Stock Reseller,
5522 7.500,Jobber drill HSS-E-PM TiN Coated,Guhring Aus Stock Reseller,
5522 7.600,Jobber drill HSS-E-PM TiN Coated,Guhring Aus Stock Reseller,
5522 7.700,Jobber drill HSS-E-PM TiN Coated,Guhring Aus Stock Reseller,
5522 7.800,Jobber drill HSS-E-PM TiN Coated,Guhring Aus Stock Reseller,
5522 7.900,Jobber drill HSS-E-PM TiN Coated,Guhring Aus Stock Reseller,
5522 7.940,Jobber drill HSS-E-PM TiN Coated 5/16,Guhring Aus Stock Reseller,
5522 8.000,Jobber drill HSS-E-PM TiN Coated,Guhring Aus Stock Reseller,
5522 8.100,Jobber drill HSS-E-PM TiN Coated,Guhring Aus Stock Reseller,
5522 8.200,Jobber drill HSS-E-PM TiN Coated,Guhring Aus Stock Reseller,
5522 8.300,Jobber drill HSS-E-PM TiN Coated,Guhring Aus Stock Reseller,
5522 8.330,Jobber drill HSS-E-PM TiN Coated 21/64,Guhring Aus Stock Reseller,
5522 8.400,Jobber drill HSS-E-PM TiN Coated,Guhring Aus Stock Reseller,
5522 8.500,Jobber drill HSS-E-PM TiN Coated,Guhring Aus Stock Reseller,
5522 8.800,Jobber drill HSS-E-PM TiN Coated,Guhring Aus Stock Reseller,
5522 9.000,Jobber drill HSS-E-PM TiN Coated,Guhring Aus Stock Reseller,
5522 9.300,Jobber drill HSS-E-PM TiN Coated,Guhring Aus Stock Reseller,
5522 9.500,Jobber drill HSS-E-PM TiN Coated,Guhring Aus Stock Reseller,
5522 9.800,Jobber drill HSS-E-PM TiN Coated,Guhring Aus Stock Reseller,
5522 10.000,Jobber drill HSS-E-PM TiN Coated,Guhring Aus Stock Reseller,
5522 10.200,Jobber drill HSS-E-PM TiN Coated,Guhring Aus Stock Reseller,
5522 10.500,Jobber drill HSS-E-PM TiN Coated,Guhring Aus Stock Reseller,
5522 11.000,Jobber drill HSS-E-PM TiN Coated,Guhring Aus Stock Reseller,
5522 11.110,Jobber drill HSS-E-PM TiN Coated 7/16,Guhring Aus Stock Reseller,
5522 11.500,Jobber drill HSS-E-PM TiN Coated,Guhring Aus Stock Reseller,
5522 12.000,Jobber drill HSS-E-PM TiN Coated,Guhring Aus Stock Reseller,
5522 12.500,Jobber drill HSS-E-PM TiN Coated,Guhring Aus Stock Reseller,
5522 13.000,Jobber drill HSS-E-PM TiN Coated,Guhring Aus Stock Reseller,
5522 13.500,Jobber drill HSS-E-PM TiN Coated,Guhring Aus Stock Reseller,
5523 1.000,Jobber drill HSCO,Guhring Aus Stock Reseller,
5523 1.100,Jobber drill HSCO,Guhring Aus Stock Reseller,
5523 1.200,Jobber drill HSCO,Guhring Aus Stock Reseller,
5523 1.300,Jobber drill HSCO,Guhring Aus Stock Reseller,
5523 1.400,Jobber drill HSCO,Guhring Aus Stock Reseller,
5523 1.500,Jobber drill HSCO,Guhring Aus Stock Reseller,
5523 1.700,Jobber drill HSCO,Guhring Aus Stock Reseller,
5523 1.800,Jobber drill HSCO,Guhring Aus Stock Reseller,
5523 1.900,Jobber drill HSCO,Guhring Aus Stock Reseller,
5523 2.000,Jobber drill HSCO,Guhring Aus Stock Reseller,
5523 2.100,Jobber drill HSCO,Guhring Aus Stock Reseller,
5523 2.200,Jobber drill HSCO,Guhring Aus Stock Reseller,
5523 2.300,Jobber drill HSCO,Guhring Aus Stock Reseller,
5523 2.380,Jobber drill HSCO 3/32,Guhring Aus Stock Reseller,
5523 2.500,Jobber drill HSCO,Guhring Aus Stock Reseller,
5523 2.600,Jobber drill HSCO,Guhring Aus Stock Reseller,
5523 2.700,Jobber drill HSCO,Guhring Aus Stock Reseller,
5523 2.800,Jobber drill HSCO,Guhring Aus Stock Reseller,
5523 2.900,Jobber drill HSCO,Guhring Aus Stock Reseller,
5523 3.000,Jobber drill HSCO,Guhring Aus Stock Reseller,
5523 3.170,Jobber drill HSCO 1/8,Guhring Aus Stock Reseller,
5523 3.200,Jobber drill HSCO,Guhring Aus Stock Reseller,
5523 3.300,Jobber drill HSCO,Guhring Aus Stock Reseller,
5523 3.400,Jobber drill HSCO,Guhring Aus Stock Reseller,
5523 3.500,Jobber drill HSCO,Guhring Aus Stock Reseller,
5523 3.600,Jobber drill HSCO,Guhring Aus Stock Reseller,
5523 3.700,Jobber drill HSCO,Guhring Aus Stock Reseller,
5523 3.800,Jobber drill HSCO,Guhring Aus Stock Reseller,
5523 4.000,Jobber drill HSCO,Guhring Aus Stock Reseller,
5523 4.100,Jobber drill HSCO,Guhring Aus Stock Reseller,
5523 4.200,Jobber drill HSCO,Guhring Aus Stock Reseller,
5523 4.300,Jobber drill HSCO,Guhring Aus Stock Reseller,
5523 4.370,Jobber drill HSCO 11/64,Guhring Aus Stock Reseller,
5523 4.500,Jobber drill HSCO,Guhring Aus Stock Reseller,
5523 4.600,Jobber drill HSCO,Guhring Aus Stock Reseller,
5523 5.000,Jobber drill HSCO,Guhring Aus Stock Reseller,
5523 5.100,Jobber drill HSCO,Guhring Aus Stock Reseller,
5523 5.200,Jobber drill HSCO,Guhring Aus Stock Reseller,
5523 5.300,Jobber drill HSCO,Guhring Aus Stock Reseller,
5523 5.500,Jobber drill HSCO,Guhring Aus Stock Reseller,
5523 5.560,Jobber drill HSCO 7/32,Guhring Aus Stock Reseller,
5523 5.900,Jobber drill HSCO,Guhring Aus Stock Reseller,
5523 5.950,Jobber drill HSCO 15/64,Guhring Aus Stock Reseller,
5523 6.000,Jobber drill HSCO,Guhring Aus Stock Reseller,
5523 6.100,Jobber drill HSCO,Guhring Aus Stock Reseller,
5523 6.200,Jobber drill HSCO,Guhring Aus Stock Reseller,
5523 6.300,Jobber drill HSCO,Guhring Aus Stock Reseller,
5523 6.350,Jobber drill HSCO 1/4,Guhring Aus Stock Reseller,
5523 6.500,Jobber drill HSCO,Guhring Aus Stock Reseller,
5523 6.700,Jobber drill HSCO,Guhring Aus Stock Reseller,
5523 6.750,Jobber drill HSCO 17/64,Guhring Aus Stock Reseller,
5523 6.800,Jobber drill HSCO,Guhring Aus Stock Reseller,
5523 7.000,Jobber drill HSCO,Guhring Aus Stock Reseller,
5523 7.140,Jobber drill HSCO 9/32,Guhring Aus Stock Reseller,
5523 7.300,Jobber drill HSCO,Guhring Aus Stock Reseller,
5523 7.400,Jobber drill HSCO,Guhring Aus Stock Reseller,
5523 7.500,Jobber drill HSCO,Guhring Aus Stock Reseller,
5523 7.900,Jobber drill HSCO,Guhring Aus Stock Reseller,
5523 7.940,Jobber drill HSCO 5/16,Guhring Aus Stock Reseller,
5523 8.000,Jobber drill HSCO,Guhring Aus Stock Reseller,
5523 8.300,Jobber drill HSCO,Guhring Aus Stock Reseller,
5523 8.330,Jobber drill HSCO 21/64,Guhring Aus Stock Reseller,
5523 8.500,Jobber drill HSCO,Guhring Aus Stock Reseller,
5523 8.600,Jobber drill HSCO,Guhring Aus Stock Reseller,
5523 8.700,Jobber drill HSCO,Guhring Aus Stock Reseller,
5523 8.730,Jobber drill HSCO 11/32,Guhring Aus Stock Reseller,
5523 8.800,Jobber drill HSCO,Guhring Aus Stock Reseller,
5523 8.900,Jobber drill HSCO,Guhring Aus Stock Reseller,
5523 9.000,Jobber drill HSCO,Guhring Aus Stock Reseller,
5523 9.100,Jobber drill HSCO,Guhring Aus Stock Reseller,
5523 9.200,Jobber drill HSCO,Guhring Aus Stock Reseller,
5523 9.300,Jobber drill HSCO,Guhring Aus Stock Reseller,
5523 9.400,Jobber drill HSCO,Guhring Aus Stock Reseller,
5523 9.500,Jobber drill HSCO,Guhring Aus Stock Reseller,
5523 9.520,Jobber drill HSCO 3/8,Guhring Aus Stock Reseller,
5523 9.920,Jobber drill HSCO 25/64,Guhring Aus Stock Reseller,
5523 10.000,Jobber drill HSCO,Guhring Aus Stock Reseller,
5523 10.200,Jobber drill HSCO,Guhring Aus Stock Reseller,
5523 10.500,Jobber drill HSCO,Guhring Aus Stock Reseller,
5523 11.000,Jobber drill HSCO,Guhring Aus Stock Reseller,
5523 11.500,Jobber drill HSCO,Guhring Aus Stock Reseller,
5523 11.510,Jobber drill HSCO 29/64,Guhring Aus Stock Reseller,
5523 12.000,Jobber drill HSCO,Guhring Aus Stock Reseller,
5523 12.500,Jobber drill HSCO,Guhring Aus Stock Reseller,
5523 13.000,Jobber drill HSCO,Guhring Aus Stock Reseller,
5523 13.500,Jobber drill HSCO,Guhring Aus Stock Reseller,
5523 14.000,Jobber drill HSCO,Guhring Aus Stock Reseller,
5524 1.000,Stub drill HSCO,Guhring Aus Stock Reseller,
5524 1.500,Stub drill HSCO,Guhring Aus Stock Reseller,
5524 2.000,Stub drill HSCO,Guhring Aus Stock Reseller,
5524 2.500,Stub drill HSCO,Guhring Aus Stock Reseller,
5524 3.000,Stub drill HSCO,Guhring Aus Stock Reseller,
5524 3.500,Stub drill HSCO,Guhring Aus Stock Reseller,
5524 4.000,Stub drill HSCO,Guhring Aus Stock Reseller,
5524 4.500,Stub drill HSCO,Guhring Aus Stock Reseller,
5524 5.000,Stub drill HSCO,Guhring Aus Stock Reseller,
5524 5.500,Stub drill HSCO,Guhring Aus Stock Reseller,
5524 6.000,Stub drill HSCO,Guhring Aus Stock Reseller,
5524 6.500,Stub drill HSCO,Guhring Aus Stock Reseller,
5524 7.000,Stub drill HSCO,Guhring Aus Stock Reseller,
5524 7.500,Stub drill HSCO,Guhring Aus Stock Reseller,
5524 8.000,Stub drill HSCO,Guhring Aus Stock Reseller,
5524 8.500,Stub drill HSCO,Guhring Aus Stock Reseller,
5524 9.000,Stub drill HSCO,Guhring Aus Stock Reseller,
5524 9.500,Stub drill HSCO,Guhring Aus Stock Reseller,
5524 10.000,Stub drill HSCO,Guhring Aus Stock Reseller,
5524 10.500,Stub drill HSCO,Guhring Aus Stock Reseller,
5524 11.000,Stub drill HSCO,Guhring Aus Stock Reseller,
5524 11.500,Stub drill HSCO,Guhring Aus Stock Reseller,
5524 12.000,Stub drill HSCO,Guhring Aus Stock Reseller,
5524 12.500,Stub drill HSCO,Guhring Aus Stock Reseller,
5524 13.000,Stub drill HSCO,Guhring Aus Stock Reseller,
5524 13.500,Stub drill HSCO,Guhring Aus Stock Reseller,
5524 14.000,Stub drill HSCO,Guhring Aus Stock Reseller,
5525 3.000,Carbide 12xd Radio Drill With Oil Feed. Fire Coated,Guhring Aus Stock Reseller,
5525 3.170,Carbide 12xd Radio Drill With Oil Feed. Fire Coated 1/8,Guhring Aus Stock Reseller,
5525 3.200,Carbide 12xd Radio Drill With Oil Feed. Fire Coated,Guhring Aus Stock Reseller,
5525 4.000,Carbide 12xd Radio Drill With Oil Feed. Fire Coated,Guhring Aus Stock Reseller,
5525 5.000,Carbide 12xd Radio Drill With Oil Feed. Fire Coated,Guhring Aus Stock Reseller,
5525 5.200,Carbide 12xd Radio Drill With Oil Feed. Fire Coated,Guhring Aus Stock Reseller,
5525 6.000,Carbide 12xd Radio Drill With Oil Feed. Fire Coated,Guhring Aus Stock Reseller,
5525 8.000,12 x D ratio drill thru cool Carbide Fire Coated,Guhring Aus Stock Reseller,
5525 10.000,Carbide 12xd Radio Drill With Oil Feed. Fire Coated,Guhring Aus Stock Reseller,
5525 12.000,Carbide 12xd Radio Drill With Oil Feed. Fire Coated,Guhring Aus Stock Reseller,
5525 14.000,Carbide 12xd Radio Drill With Oil Feed. Fire Coated,Guhring Aus Stock Reseller,
5525 16.000,Carbide 12xd Radio Drill With Oil Feed. Fire Coated,Guhring Aus Stock Reseller,
5526 3.000,3 x D Ratio Drill Thru Cool Carbide TiAlN Coated Stainless Steel,Guhring Aus Stock Reseller,
5526 3.100,3 x D Ratio Drill Thru Cool Carbide TiAlN Coated Stainless Steel,Guhring Aus Stock Reseller,
5526 3.170,3 x D Ratio Drill Thru Cool Carbide TiAlN Coated Stainless Steel 1/8,Guhring Aus Stock Reseller,
5526 3.200,3 x D Ratio Drill Thru Cool Carbide TiAlN Coated Stainless Steel,Guhring Aus Stock Reseller,
5526 3.250,3 x D Ratio Drill Thru Cool Carbide TiAlN Coated Stainless Steel,Guhring Aus Stock Reseller,
5526 3.300,3 x D Ratio Drill Thru Cool Carbide TiAlN Coated Stainless Steel,Guhring Aus Stock Reseller,
5526 3.400,3 x D Ratio Drill Thru Cool Carbide TiAlN Coated Stainless Steel,Guhring Aus Stock Reseller,
5526 3.500,3 x D Ratio Drill Thru Cool Carbide TiAlN Coated Stainless Steel,Guhring Aus Stock Reseller,
5526 3.570,3 x D Ratio Drill Thru Cool Carbide TiAlN Coated Stainless Steel 9/64,Guhring Aus Stock Reseller,
5526 3.600,3 x D Ratio Drill Thru Cool Carbide TiAlN Coated Stainless Steel,Guhring Aus Stock Reseller,
5526 3.700,3 x D Ratio Drill Thru Cool Carbide TiAlN Coated Stainless Steel,Guhring Aus Stock Reseller,
5526 3.800,3 x D Ratio Drill Thru Cool Carbide TiAlN Coated Stainless Steel,Guhring Aus Stock Reseller,
5526 3.900,3 x D Ratio Drill Thru Cool Carbide TiAlN Coated Stainless Steel,Guhring Aus Stock Reseller,
5526 3.970,3 x D Ratio Drill Thru Cool Carbide TiAlN Coated Stainless Steel 5/32,Guhring Aus Stock Reseller,
5526 4.000,3 x D Ratio Drill Thru Cool Carbide TiAlN Coated Stainless Steel,Guhring Aus Stock Reseller,
5526 4.100,3 x D Ratio Drill Thru Cool Carbide TiAlN Coated Stainless Steel,Guhring Aus Stock Reseller,
5526 4.200,3 x D Ratio Drill Thru Cool Carbide TiAlN Coated Stainless Steel,Guhring Aus Stock Reseller,
5526 4.300,3 x D Ratio Drill Thru Cool Carbide TiAlN Coated Stainless Steel,Guhring Aus Stock Reseller,
5526 4.370,3 x D Ratio Drill Thru Cool Carbide TiAlN Coated Stainless Steel 11/64,Guhring Aus Stock Reseller,
5526 4.400,3 x D Ratio Drill Thru Cool Carbide TiAlN Coated Stainless Steel,Guhring Aus Stock Reseller,
5526 4.500,3 x D Ratio Drill Thru Cool Carbide TiAlN Coated Stainless Steel,Guhring Aus Stock Reseller,
5526 4.600,3 x D Ratio Drill Thru Cool Carbide TiAlN Coated Stainless Steel,Guhring Aus Stock Reseller,
5526 4.650,3 x D Ratio Drill Thru Cool Carbide TiAlN Coated Stainless Steel,Guhring Aus Stock Reseller,
5526 4.700,3 x D Ratio Drill Thru Cool Carbide TiAlN Coated Stainless Steel,Guhring Aus Stock Reseller,
5526 4.760,3 x D Ratio Drill Thru Cool Carbide TiAlN Coated Stainless Steel 3/16,Guhring Aus Stock Reseller,
5526 4.800,3 x D Ratio Drill Thru Cool Carbide TiAlN Coated Stainless Steel,Guhring Aus Stock Reseller,
5526 4.900,3 x D Ratio Drill Thru Cool Carbide TiAlN Coated Stainless Steel,Guhring Aus Stock Reseller,
5526 5.000,3 x D Ratio Drill Thru Cool Carbide TiAlN Coated Stainless Steel,Guhring Aus Stock Reseller,
5526 5.100,3 x D Ratio Drill Thru Cool Carbide TiAlN Coated Stainless Steel,Guhring Aus Stock Reseller,
5526 5.160,3 x D Ratio Drill Thru Cool Carbide TiAlN Coated Stainless Steel 13/64,Guhring Aus Stock Reseller,
5526 5.200,3 x D Ratio Drill Thru Cool Carbide TiAlN Coated Stainless Steel,Guhring Aus Stock Reseller,
5526 5.300,3 x D Ratio Drill Thru Cool Carbide TiAlN Coated Stainless Steel,Guhring Aus Stock Reseller,
5526 5.400,3 x D Ratio Drill Thru Cool Carbide TiAlN Coated Stainless Steel,Guhring Aus Stock Reseller,
5526 5.500,3 x D Ratio Drill Thru Cool Carbide TiAlN Coated Stainless Steel,Guhring Aus Stock Reseller,
5526 5.550,3 x D Ratio Drill Thru Cool Carbide TiAlN Coated Stainless Steel,Guhring Aus Stock Reseller,
5526 5.560,3 x D Ratio Drill Thru Cool Carbide TiAlN Coated Stainless Steel 7/32,Guhring Aus Stock Reseller,
5526 5.600,3 x D Ratio Drill Thru Cool Carbide TiAlN Coated Stainless Steel,Guhring Aus Stock Reseller,
5526 5.700,3 x D Ratio Drill Thru Cool Carbide TiAlN Coated Stainless Steel,Guhring Aus Stock Reseller,
5526 5.800,3 x D Ratio Drill Thru Cool Carbide TiAlN Coated Stainless Steel,Guhring Aus Stock Reseller,
5526 5.900,3 x D Ratio Drill Thru Cool Carbide TiAlN Coated Stainless Steel,Guhring Aus Stock Reseller,
5526 5.950,3 x D Ratio Drill Thru Cool Carbide TiAlN Coated Stainless Steel 15/64,Guhring Aus Stock Reseller,
5526 6.000,3 x D Ratio Drill Thru Cool Carbide TiAlN Coated Stainless Steel,Guhring Aus Stock Reseller,
5526 6.100,3 x D Ratio Drill Thru Cool Carbide TiAlN Coated Stainless Steel,Guhring Aus Stock Reseller,
5526 6.200,3 x D Ratio Drill Thru Cool Carbide TiAlN Coated Stainless Steel,Guhring Aus Stock Reseller,
5526 6.300,3 x D Ratio Drill Thru Cool Carbide TiAlN Coated Stainless Steel,Guhring Aus Stock Reseller,
5526 6.350,3 x D Ratio Drill Thru Cool Carbide TiAlN Coated Stainless Steel 1/4,Guhring Aus Stock Reseller,
5526 6.400,3 x D Ratio Drill Thru Cool Carbide TiAlN Coated Stainless Steel,Guhring Aus Stock Reseller,
5526 6.500,3 x D Ratio Drill Thru Cool Carbide TiAlN Coated Stainless Steel,Guhring Aus Stock Reseller,
5526 6.600,3 x D Ratio Drill Thru Cool Carbide TiAlN Coated Stainless Steel,Guhring Aus Stock Reseller,
5526 6.700,3 x D Ratio Drill Thru Cool Carbide TiAlN Coated Stainless Steel,Guhring Aus Stock Reseller,
5526 6.750,3 x D Ratio Drill Thru Cool Carbide TiAlN Coated Stainless Steel 17/64,Guhring Aus Stock Reseller,
5526 6.800,3 x D Ratio Drill Thru Cool Carbide TiAlN Coated Stainless Steel,Guhring Aus Stock Reseller,
5526 6.900,3 x D Ratio Drill Thru Cool Carbide TiAlN Coated Stainless Steel,Guhring Aus Stock Reseller,
5526 7.000,3 x D Ratio Drill Thru Cool Carbide TiAlN Coated Stainless Steel,Guhring Aus Stock Reseller,
5526 7.100,3 x D Ratio Drill Thru Cool Carbide TiAlN Coated Stainless Steel,Guhring Aus Stock Reseller,
5526 7.140,3 x D Ratio Drill Thru Cool Carbide TiAlN Coated Stainless Steel 9/32,Guhring Aus Stock Reseller,
5526 7.200,3 x D Ratio Drill Thru Cool Carbide TiAlN Coated Stainless Steel,Guhring Aus Stock Reseller,
5526 7.300,3 x D Ratio Drill Thru Cool Carbide TiAlN Coated Stainless Steel,Guhring Aus Stock Reseller,
5526 7.400,3 x D Ratio Drill Thru Cool Carbide TiAlN Coated Stainless Steel,Guhring Aus Stock Reseller,
5526 7.500,3 x D Ratio Drill Thru Cool Carbide TiAlN Coated Stainless Steel,Guhring Aus Stock Reseller,
5526 7.540,3 x D Ratio Drill Thru Cool Carbide TiAlN Coated Stainless Steel 19/64,Guhring Aus Stock Reseller,
5526 7.600,3 x D Ratio Drill Thru Cool Carbide TiAlN Coated Stainless Steel,Guhring Aus Stock Reseller,
5526 7.700,3 x D Ratio Drill Thru Cool Carbide TiAlN Coated Stainless Steel,Guhring Aus Stock Reseller,
5526 7.800,3 x D Ratio Drill Thru Cool Carbide TiAlN Coated Stainless Steel,Guhring Aus Stock Reseller,
5526 7.900,3 x D Ratio Drill Thru Cool Carbide TiAlN Coated Stainless Steel,Guhring Aus Stock Reseller,
5526 7.940,3 x D Ratio Drill Thru Cool Carbide TiAlN Coated Stainless Steel 5/16,Guhring Aus Stock Reseller,
5526 8.000,3 x D Ratio Drill Thru Cool Carbide TiAlN Coated Stainless Steel,Guhring Aus Stock Reseller,
5526 8.100,3 x D Ratio Drill Thru Cool Carbide TiAlN Coated Stainless Steel,Guhring Aus Stock Reseller,
5526 8.200,3 x D Ratio Drill Thru Cool Carbide TiAlN Coated Stainless Steel,Guhring Aus Stock Reseller,
5526 8.300,3 x D Ratio Drill Thru Cool Carbide TiAlN Coated Stainless Steel,Guhring Aus Stock Reseller,
5526 8.330,3 x D Ratio Drill Thru Cool Carbide TiAlN Coated Stainless Steel 21/64,Guhring Aus Stock Reseller,
5526 8.400,3 x D Ratio Drill Thru Cool Carbide TiAlN Coated Stainless Steel,Guhring Aus Stock Reseller,
5526 8.500,3 x D Ratio Drill Thru Cool Carbide TiAlN Coated Stainless Steel,Guhring Aus Stock Reseller,
5526 8.600,3 x D Ratio Drill Thru Cool Carbide TiAlN Coated Stainless Steel,Guhring Aus Stock Reseller,
5526 8.700,3 x D Ratio Drill Thru Cool Carbide TiAlN Coated Stainless Steel,Guhring Aus Stock Reseller,
5526 8.730,3 x D Ratio Drill Thru Cool Carbide TiAlN Coated Stainless Steel 11/32,Guhring Aus Stock Reseller,
5526 8.800,3 x D Ratio Drill Thru Cool Carbide TiAlN Coated Stainless Steel,Guhring Aus Stock Reseller,
5526 8.900,3 x D Ratio Drill Thru Cool Carbide TiAlN Coated Stainless Steel,Guhring Aus Stock Reseller,
5526 9.000,3 x D Ratio Drill Thru Cool Carbide TiAlN Coated Stainless Steel,Guhring Aus Stock Reseller,
5526 9.100,3 x D Ratio Drill Thru Cool Carbide TiAlN Coated Stainless Steel,Guhring Aus Stock Reseller,
5526 9.130,3 x D Ratio Drill Thru Cool Carbide TiAlN Coated Stainless Steel 23/64,Guhring Aus Stock Reseller,
5526 9.200,3 x D Ratio Drill Thru Cool Carbide TiAlN Coated Stainless Steel,Guhring Aus Stock Reseller,
5526 9.250,3 x D Ratio Drill Thru Cool Carbide TiAlN Coated Stainless Steel,Guhring Aus Stock Reseller,
5526 9.300,3 x D Ratio Drill Thru Cool Carbide TiAlN Coated Stainless Steel,Guhring Aus Stock Reseller,
5526 9.400,3 x D Ratio Drill Thru Cool Carbide TiAlN Coated Stainless Steel,Guhring Aus Stock Reseller,
5526 9.500,3 x D Ratio Drill Thru Cool Carbide TiAlN Coated Stainless Steel,Guhring Aus Stock Reseller,
5526 9.520,3 x D Ratio Drill Thru Cool Carbide TiAlN Coated Stainless Steel 3/8,Guhring Aus Stock Reseller,
5526 9.600,3 x D Ratio Drill Thru Cool Carbide TiAlN Coated Stainless Steel,Guhring Aus Stock Reseller,
5526 9.700,3 x D Ratio Drill Thru Cool Carbide TiAlN Coated Stainless Steel,Guhring Aus Stock Reseller,
5526 9.800,3 x D Ratio Drill Thru Cool Carbide TiAlN Coated Stainless Steel,Guhring Aus Stock Reseller,
5526 9.900,3 x D Ratio Drill Thru Cool Carbide TiAlN Coated Stainless Steel,Guhring Aus Stock Reseller,
5526 9.920,3 x D Ratio Drill Thru Cool Carbide TiAlN Coated Stainless Steel 25/64,Guhring Aus Stock Reseller,
5526 10.000,3 x D Ratio Drill Thru Cool Carbide TiAlN Coated Stainless Steel,Guhring Aus Stock Reseller,
5526 10.100,3 x D Ratio Drill Thru Cool Carbide TiAlN Coated Stainless Steel,Guhring Aus Stock Reseller,
5526 10.200,3 x D Ratio Drill Thru Cool Carbide TiAlN Coated Stainless Steel,Guhring Aus Stock Reseller,
5526 10.300,3 x D Ratio Drill Thru Cool Carbide TiAlN Coated Stainless Steel,Guhring Aus Stock Reseller,
5526 10.320,3 x D Ratio Drill Thru Cool Carbide TiAlN Coated Stainless Steel 13/32,Guhring Aus Stock Reseller,
5526 10.400,3 x D Ratio Drill Thru Cool Carbide TiAlN Coated Stainless Steel,Guhring Aus Stock Reseller,
5526 10.500,3 x D Ratio Drill Thru Cool Carbide TiAlN Coated Stainless Steel,Guhring Aus Stock Reseller,
5526 10.600,3 x D Ratio Drill Thru Cool Carbide TiAlN Coated Stainless Steel,Guhring Aus Stock Reseller,
5526 10.700,3 x D Ratio Drill Thru Cool Carbide TiAlN Coated Stainless Steel,Guhring Aus Stock Reseller,
5526 10.800,3 x D Ratio Drill Thru Cool Carbide TiAlN Coated Stainless Steel,Guhring Aus Stock Reseller,
5526 10.900,3 x D Ratio Drill Thru Cool Carbide TiAlN Coated Stainless Steel,Guhring Aus Stock Reseller,
5526 11.000,3 x D Ratio Drill Thru Cool Carbide TiAlN Coated Stainless Steel,Guhring Aus Stock Reseller,
5526 11.100,3 x D Ratio Drill Thru Cool Carbide TiAlN Coated Stainless Steel,Guhring Aus Stock Reseller,
5526 11.110,3 x D Ratio Drill Thru Cool Carbide TiAlN Coated Stainless Steel 7/16,Guhring Aus Stock Reseller,
5526 11.200,3 x D Ratio Drill Thru Cool Carbide TiAlN Coated Stainless Steel,Guhring Aus Stock Reseller,
5526 11.300,3 x D Ratio Drill Thru Cool Carbide TiAlN Coated Stainless Steel,Guhring Aus Stock Reseller,
5526 11.400,3 x D Ratio Drill Thru Cool Carbide TiAlN Coated Stainless Steel,Guhring Aus Stock Reseller,
5526 11.500,3 x D Ratio Drill Thru Cool Carbide TiAlN Coated Stainless Steel,Guhring Aus Stock Reseller,
5526 11.600,3 x D Ratio Drill Thru Cool Carbide TiAlN Coated Stainless Steel,Guhring Aus Stock Reseller,
5526 11.700,3 x D Ratio Drill Thru Cool Carbide TiAlN Coated Stainless Steel,Guhring Aus Stock Reseller,
5526 11.800,3 x D Ratio Drill Thru Cool Carbide TiAlN Coated Stainless Steel,Guhring Aus Stock Reseller,
5526 11.900,3 x D Ratio Drill Thru Cool Carbide TiAlN Coated Stainless Steel,Guhring Aus Stock Reseller,
5526 11.910,3 x D Ratio Drill Thru Cool Carbide TiAlN Coated Stainless Steel 15/32,Guhring Aus Stock Reseller,
5526 12.000,3 x D Ratio Drill Thru Cool Carbide TiAlN Coated Stainless Steel,Guhring Aus Stock Reseller,
5526 12.200,3 x D Ratio Drill Thru Cool Carbide TiAlN Coated Stainless Steel,Guhring Aus Stock Reseller,
5526 12.500,3 x D Ratio Drill Thru Cool Carbide TiAlN Coated Stainless Steel,Guhring Aus Stock Reseller,
5526 12.700,3 x D Ratio Drill Thru Cool Carbide TiAlN Coated Stainless Steel 1/2,Guhring Aus Stock Reseller,
5526 13.000,3 x D Ratio Drill Thru Cool Carbide TiAlN Coated Stainless Steel,Guhring Aus Stock Reseller,
5526 13.500,3 x D Ratio Drill Thru Cool Carbide TiAlN Coated Stainless Steel,Guhring Aus Stock Reseller,
5526 13.700,3 x D Ratio Drill Thru Cool Carbide TiAlN Coated Stainless Steel,Guhring Aus Stock Reseller,
5526 14.000,3 x D Ratio Drill Thru Cool Carbide TiAlN Coated Stainless Steel,Guhring Aus Stock Reseller,
5526 14.200,3 x D Ratio Drill Thru Cool Carbide TiAlN Coated Stainless Steel,Guhring Aus Stock Reseller,
5526 14.290,3 x D Ratio Drill Thru Cool Carbide TiAlN Coated Stainless Steell 9/16,Guhring Aus Stock Reseller,
5526 14.500,3 x D Ratio Drill Thru Cool Carbide TiAlN Coated Stainless Steel,Guhring Aus Stock Reseller,
5526 14.700,3 x D Ratio Drill Thru Cool Carbide TiAlN Coated Stainless Steel,Guhring Aus Stock Reseller,
5526 15.000,3 x D Ratio Drill Thru Cool Carbide TiAlN Coated Stainless Steel,Guhring Aus Stock Reseller,
5526 15.200,3 x D Ratio Drill Thru Cool Carbide TiAlN Coated Stainless Steel,Guhring Aus Stock Reseller,
5526 15.500,3 x D Ratio Drill Thru Cool Carbide TiAlN Coated Stainless Steel,Guhring Aus Stock Reseller,
5526 15.700,3 x D Ratio Drill Thru Cool Carbide TiAlN Coated Stainless Steel,Guhring Aus Stock Reseller,
5526 16.000,3 x D Ratio Drill Thru Cool Carbide TiAlN Coated Stainless Steel,Guhring Aus Stock Reseller,
5526 16.500,3 x D Ratio Drill Thru Cool Carbide TiAlN Coated Stainless Steel,Guhring Aus Stock Reseller,
5526 17.000,3 x D Ratio Drill Thru Cool Carbide TiAlN Coated Stainless Steel,Guhring Aus Stock Reseller,
5526 17.500,3 x D Ratio Drill Thru Cool Carbide TiAlN Coated Stainless Steel,Guhring Aus Stock Reseller,
5526 18.000,3 x D Ratio Drill Thru Cool Carbide TiAlN Coated Stainless Steel,Guhring Aus Stock Reseller,
5526 18.500,3 x D Ratio Drill Thru Cool Carbide TiAlN Coated Stainless Steel,Guhring Aus Stock Reseller,
5526 19.000,3 x D Ratio Drill Thru Cool Carbide TiAlN Coated Stainless Steel,Guhring Aus Stock Reseller,
5526 19.500,3 x D Ratio Drill Thru Cool Carbide TiAlN Coated Stainless Steel,Guhring Aus Stock Reseller,
5526 20.000,3 x D Ratio Drill Thru Cool Carbide TiAlN Coated Stainless Steel,Guhring Aus Stock Reseller,
5535 4.000,Carbide Ratio Endmill 4-fl Fire Coated,Guhring Aus Stock Reseller,
5535 5.000,Carbide Ratio Endmill 4-fl Fire Coated,Guhring Aus Stock Reseller,
5535 6.000,Carbide Ratio Endmill 4-fl Fire Coated,Guhring Aus Stock Reseller,
5535 8.000,Carbide Ratio Endmill 4-fl Fire Coated,Guhring Aus Stock Reseller,
5535 10.000,Carbide Ratio Endmill 4-fl Fire Coated,Guhring Aus Stock Reseller,
5535 12.000,Carbide Ratio Endmill 4-fl Fire Coated,Guhring Aus Stock Reseller,
5535 14.000,Carbide Ratio Endmill 4-fl Fire Coated,Guhring Aus Stock Reseller,
5535 16.000,Carbide Ratio Endmill 4-fl Fire Coated,Guhring Aus Stock Reseller,
5535 20.000,Carbide Ratio Endmill 4-fl Fire Coated,Guhring Aus Stock Reseller,
5535 25.000,Carbide Ratio Endmill 4-fl Fire Coated,Guhring Aus Stock Reseller,
5538 1.000,Spyrotec countersink 90° HSCO TiAlN Set 6.3mm-20.5mm - 6 pieces,Guhring Aus Stock Reseller,
5549 3.000,Long Slot drill 2 Flute Carbide Fire Coat,Guhring Aus Stock Reseller,
5549 4.000,Long Slot drill 2 Flute Carbide Fire Coat,Guhring Aus Stock Reseller,
5549 5.000,Long Slot drill 2 Flute Carbide Fire Coat,Guhring Aus Stock Reseller,
5549 6.000,Long Slot drill 2 Flute Carbide Fire Coat,Guhring Aus Stock Reseller,
5549 8.000,Long Slot drill 2 Flute Carbide Fire Coat,Guhring Aus Stock Reseller,
5549 10.000,Long Slot drill 2 Flute Carbide Fire Coat,Guhring Aus Stock Reseller,
5549 12.000,Long Slot drill 2 Flute Carbide Fire Coat,Guhring Aus Stock Reseller,
5549 16.000,Long Slot drill 2 Flute Carbide Fire Coat,Guhring Aus Stock Reseller,
5549 20.000,Long Slot drill 2 Flute Carbide Fire Coat,Guhring Aus Stock Reseller,
5550 4.000,Metric Gun Nose Taps HSS-E  White band,Guhring Aus Stock Reseller,
5550 5.000,Metric Gun Nose Taps HSS-E  White band,Guhring Aus Stock Reseller,
5550 6.000,Metric Gun Nose Taps HSS-E  White band,Guhring Aus Stock Reseller,
5550 8.000,Metric Gun Nose Taps HSS-E  White band,Guhring Aus Stock Reseller,
5550 10.000,Metric Gun Nose Taps HSS-E  White band,Guhring Aus Stock Reseller,
5551 4.000,Metric Spiral Taps HSS-E  Black band,Guhring Aus Stock Reseller,
5551 5.000,Metric Spiral Taps HSS-E  Black band,Guhring Aus Stock Reseller,
5551 6.000,Metric Spiral Taps HSS-E  Black band,Guhring Aus Stock Reseller,
5551 8.000,Metric Spiral Taps HSS-E  Black band,Guhring Aus Stock Reseller,
5551 10.000,Metric Spiral Taps HSS-E  Black band,Guhring Aus Stock Reseller,
5552 4.000,Metric Spiral Taps HSS-E  Red Band,Guhring Aus Stock Reseller,
5552 5.000,Metric Spiral Taps HSS-E  Red Band,Guhring Aus Stock Reseller,
5552 6.000,Metric Spiral Taps HSS-E  Red Band,Guhring Aus Stock Reseller,
5552 8.000,Metric Spiral Taps HSS-E  Red Band,Guhring Aus Stock Reseller,
5552 10.000,Metric Spiral Taps HSS-E  Red Band,Guhring Aus Stock Reseller,
5553 4.000,Metric Spiral Taps HSS-E  Blue band,Guhring Aus Stock Reseller,
5553 5.000,Metric Spiral Taps HSS-E  Blue band,Guhring Aus Stock Reseller,
5553 6.000,Metric Spiral Taps HSS-E  Blue band,Guhring Aus Stock Reseller,
5553 8.000,Metric Spiral Taps HSS-E  Blue band,Guhring Aus Stock Reseller,
5553 10.000,Metric Spiral Taps HSS-E  Blue band,Guhring Aus Stock Reseller,
5553 12.000,Metric Spiral Taps HSS-E  Blue band,Guhring Aus Stock Reseller,
5553 16.000,Metric Spiral Taps HSS-E  Blue band,Guhring Aus Stock Reseller,
5556 3.000,Metric Endmill 4 Flute Carbide Fire Coat,Guhring Aus Stock Reseller,
5556 4.000,Metric Endmill 4 Flute Carbide Fire Coat,Guhring Aus Stock Reseller,
5556 5.000,Metric Endmill 4 Flute Carbide Fire Coat,Guhring Aus Stock Reseller,
5556 6.000,Metric Endmill 4 Flute Carbide Fire Coat,Guhring Aus Stock Reseller,
5556 8.000,Metric Endmill 4 Flute Carbide Fire Coat,Guhring Aus Stock Reseller,
5556 10.000,Metric Endmill 4 Flute Carbide Fire Coat,Guhring Aus Stock Reseller,
5556 12.000,Metric Endmill 4 Flute Carbide Fire Coat,Guhring Aus Stock Reseller,
5556 14.000,Metric Endmill 4 Flute Carbide Fire Coat,Guhring Aus Stock Reseller,
5556 16.000,Metric Endmill 4 Flute Carbide Fire Coat,Guhring Aus Stock Reseller,
5556 18.000,Metric Endmill 4 Flute Carbide Fire Coat,Guhring Aus Stock Reseller,
5556 20.000,Metric Endmill 4 Flute Carbide Fire Coat,Guhring Aus Stock Reseller,
5557 4.000,Metric Gun Nose Taps HSS-E  Black band,Guhring Aus Stock Reseller,
5557 5.000,Metric Gun Nose Taps HSS-E  Black band,Guhring Aus Stock Reseller,
5557 6.000,Metric Gun Nose Taps HSS-E  Black band,Guhring Aus Stock Reseller,
5557 8.000,Metric Gun Nose Taps HSS-E  Black band,Guhring Aus Stock Reseller,
5557 10.000,Metric Gun Nose Taps HSS-E  Black band,Guhring Aus Stock Reseller,
5558 4.000,Metric Gun Nose Taps HSS-E  Red Band,Guhring Aus Stock Reseller,
5558 5.000,Metric Gun Nose Taps HSS-E  Red Band,Guhring Aus Stock Reseller,
5558 6.000,Metric Gun Nose Taps HSS-E  Red Band,Guhring Aus Stock Reseller,
5558 8.000,Metric Gun Nose Taps HSS-E  Red Band,Guhring Aus Stock Reseller,
5558 10.000,Metric Gun Nose Taps HSS-E  Red Band,Guhring Aus Stock Reseller,
5559 4.000,Metric Gun Nose Taps PM HSS-E  Blue band,Guhring Aus Stock Reseller,
5559 5.000,Metric Gun Nose Taps PM HSS-E  Blue band,Guhring Aus Stock Reseller,
5559 6.000,Metric Gun Nose Taps PM HSS-E  Blue band,Guhring Aus Stock Reseller,
5559 8.000,Metric Gun Nose Taps PM HSS-E  Blue band,Guhring Aus Stock Reseller,
5559 10.000,Metric Gun Nose Taps PM HSS-E  Blue band,Guhring Aus Stock Reseller,
5573 0.500,Metric Endmill 3 Flute Carbide Fire Coat,Guhring Aus Stock Reseller,
5573 0.600,Metric Endmill 3 Flute Carbide Fire Coat,Guhring Aus Stock Reseller,
5573 0.800,Metric Endmill 3 Flute Carbide Fire Coat,Guhring Aus Stock Reseller,
5574 1.000,Metric Endmill 3 Flute Carbide Fire Coat,Guhring Aus Stock Reseller,
5574 1.200,Metric Endmill 3 Flute Carbide Fire Coat,Guhring Aus Stock Reseller,
5574 1.500,Metric Endmill 3 Flute Carbide Fire Coat,Guhring Aus Stock Reseller,
5574 1.800,Metric Endmill 3 Flute Carbide Fire Coat,Guhring Aus Stock Reseller,
5574 2.000,Metric Endmill 3 Flute Carbide Fire Coat,Guhring Aus Stock Reseller,
5574 3.000,Metric Endmill 3 Flute Carbide Fire Coat,Guhring Aus Stock Reseller,
5574 4.500,Metric Endmill 3 Flute Carbide Fire Coat,Guhring Aus Stock Reseller,
5574 5.500,Metric Endmill 3 Flute Carbide Fire Coat,Guhring Aus Stock Reseller,
5574 7.000,Metric Endmill 3 Flute Carbide Fire Coat,Guhring Aus Stock Reseller,
5574 8.000,Metric Endmill 3 Flute Carbide Fire Coat,Guhring Aus Stock Reseller,
5574 9.000,Metric Endmill 3 Flute Carbide Fire Coat,Guhring Aus Stock Reseller,
5580 3.000,5 x D ratio drill thru cool Carbide Fire Coated Stainless Steel,Guhring Aus Stock Reseller,
5580 3.200,5 x D ratio drill thru cool Carbide Fire Coated Stainless Steel,Guhring Aus Stock Reseller,
5580 3.500,5 x D ratio drill thru cool Carbide Fire Coated Stainless Steel,Guhring Aus Stock Reseller,
5580 3.800,5 x D ratio drill thru cool Carbide Fire Coated Stainless Steel,Guhring Aus Stock Reseller,
5580 4.000,5 x D ratio drill thru cool Carbide Fire Coated Stainless Steel,Guhring Aus Stock Reseller,
5580 4.200,5 x D ratio drill thru cool Carbide Fire Coated Stainless Steel,Guhring Aus Stock Reseller,
5580 4.500,5 x D ratio drill thru cool Carbide Fire Coated Stainless Steel,Guhring Aus Stock Reseller,
5580 4.700,5 x D ratio drill thru cool Carbide Fire Coated Stainless Steel,Guhring Aus Stock Reseller,
5580 5.000,5 x D ratio drill thru cool Carbide Fire Coated Stainless Steel,Guhring Aus Stock Reseller,
5580 5.100,5 x D ratio drill thru cool Carbide Fire Coated Stainless Steel,Guhring Aus Stock Reseller,
5580 5.160,5 x D ratio drill thru cool Carbide Fire Coated Stainless Steel 13/64,Guhring Aus Stock Reseller,
5580 5.500,5 x D ratio drill thru cool Carbide Fire Coated Stainless Steel,Guhring Aus Stock Reseller,
5580 6.000,5 x D ratio drill thru cool Carbide Fire Coated Stainless Steel,Guhring Aus Stock Reseller,
5580 6.500,5 x D ratio drill thru cool Carbide Fire Coated Stainless Steel,Guhring Aus Stock Reseller,
5580 6.600,5 x D ratio drill thru cool Carbide Fire Coated Stainless Steel,Guhring Aus Stock Reseller,
5580 6.800,5 x D ratio drill thru cool Carbide Fire Coated Stainless Steel,Guhring Aus Stock Reseller,
5580 7.000,5 x D ratio drill thru cool Carbide Fire Coated Stainless Steel,Guhring Aus Stock Reseller,
5580 7.500,5 x D ratio drill thru cool Carbide Fire Coated Stainless Steel,Guhring Aus Stock Reseller,
5580 7.700,5 x D ratio drill thru cool Carbide Fire Coated Stainless Steel,Guhring Aus Stock Reseller,
5580 8.000,5 x D ratio drill thru cool Carbide Fire Coated Stainless Steel,Guhring Aus Stock Reseller,
5580 8.500,5 x D ratio drill thru cool Carbide Fire Coated Stainless Steel,Guhring Aus Stock Reseller,
5580 8.700,5 x D ratio drill thru cool Carbide Fire Coated Stainless Steel,Guhring Aus Stock Reseller,
5580 8.900,5 x D ratio drill thru cool Carbide Fire Coated Stainless Steel,Guhring Aus Stock Reseller,
5580 9.000,5 x D ratio drill thru cool Carbide Fire Coated Stainless Steel,Guhring Aus Stock Reseller,
5580 9.500,5 x D ratio drill thru cool Carbide Fire Coated Stainless Steel,Guhring Aus Stock Reseller,
5580 10.000,5 x D ratio drill thru cool Carbide Fire Coated Stainless Steel,Guhring Aus Stock Reseller,
5580 10.300,5 x D ratio drill thru cool Carbide Fire Coated Stainless Steel,Guhring Aus Stock Reseller,
5580 10.500,5 x D ratio drill thru cool Carbide Fire Coated Stainless Steel,Guhring Aus Stock Reseller,
5580 11.800,5 x D ratio drill thru cool Carbide Fire Coated Stainless Steel,Guhring Aus Stock Reseller,
5580 12.000,5 x D ratio drill thru cool Carbide Fire Coated Stainless Steel,Guhring Aus Stock Reseller,
5582 10.000,Carbide Ratio Endmill 4-fl Fire Coated Long Series,Guhring Aus Stock Reseller,
5582 12.000,Carbide Ratio Endmill 4-fl Fire Coated Long Series,Guhring Aus Stock Reseller,
5582 16.000,Carbide Ratio Endmill 4-fl Fire Coated Long Series,Guhring Aus Stock Reseller,
5582 20.000,Carbide Ratio Endmill 4-fl Fire Coated Long Series,Guhring Aus Stock Reseller,
5582 25.000,Carbide Ratio Endmill 4-fl Fire Coated Long Series,Guhring Aus Stock Reseller,
5584 3.000,Carbide Ballnose 4-fl Endmill Fire Coated,Guhring Aus Stock Reseller,
5584 4.000,Carbide Ballnose 4-fl Endmill Fire Coated,Guhring Aus Stock Reseller,
5584 5.000,Carbide Ballnose 4-fl Endmill Fire Coated,Guhring Aus Stock Reseller,
5584 6.000,Carbide Ballnose 4-fl Endmill Fire Coated,Guhring Aus Stock Reseller,
5584 8.000,Carbide Ballnose 4-fl Endmill Fire Coated,Guhring Aus Stock Reseller,
5584 10.000,Carbide Ballnose 4-fl Endmill Fire Coated,Guhring Aus Stock Reseller,
5584 12.000,Carbide Ballnose 4-fl Endmill Fire Coated,Guhring Aus Stock Reseller,
5584 16.000,Carbide Ballnose 4-fl Endmill Fire Coated,Guhring Aus Stock Reseller,
5584 20.000,Carbide Ballnose 4-fl Endmill Fire Coated,Guhring Aus Stock Reseller,
5598 3.000,Metric Fluteless Taps  HSS-E TiN Coat,Guhring Aus Stock Reseller,
5598 4.000,Metric Fluteless Taps  HSS-E TiN Coat,Guhring Aus Stock Reseller,
5598 5.000,Metric Fluteless Taps  HSS-E TiN Coat,Guhring Aus Stock Reseller,
5598 6.000,Metric Fluteless Taps  HSS-E TiN Coat,Guhring Aus Stock Reseller,
5598 8.000,Metric Fluteless Taps  HSS-E TiN Coat,Guhring Aus Stock Reseller,
5598 10.000,Metric Fluteless Taps  HSS-E TiN Coat,Guhring Aus Stock Reseller,
5599 12.000,Metric Fluteless Taps  HSS-E TiN Coat,Guhring Aus Stock Reseller,
5599 14.000,Metric Fluteless Taps  HSS-E TiN Coat,Guhring Aus Stock Reseller,
5599 16.000,Metric Fluteless Taps  HSS-E TiN Coat,Guhring Aus Stock Reseller,
5635 1.000,Milling cutter set; RF100 Solid carbide,Guhring Aus Stock Reseller,
5639 4.000,20 x D Carbide Gun drills Carbide TiCN Coated,Guhring Aus Stock Reseller,
5639 5.000,20 x D Carbide Gun drills Carbide TiCN Coated,Guhring Aus Stock Reseller,
5639 6.000,20 x D Carbide Gun drills Carbide TiCN Coated,Guhring Aus Stock Reseller,
5639 8.000,20 x D Carbide Gun drills Carbide TiCN Coated,Guhring Aus Stock Reseller,
5639 9.000,20 x D Carbide Gun drills Carbide TiCN Coated,Guhring Aus Stock Reseller,
5639 10.000,20 x D Carbide Gun drills Carbide TiCN Coated,Guhring Aus Stock Reseller,
5639 12.000,20 x D Carbide Gun drills Carbide TiCN Coated,Guhring Aus Stock Reseller,
5639 13.000,20 x D Carbide Gun drills Carbide TiCN Coated,Guhring Aus Stock Reseller,
5639 13.500,20 x D Carbide Gun drills Carbide TiCN Coated,Guhring Aus Stock Reseller,
5639 14.000,20 x D Carbide Gun drills Carbide TiCN Coated,Guhring Aus Stock Reseller,
5639 14.500,20 x D Carbide Gun drills Carbide TiCN Coated,Guhring Aus Stock Reseller,
5639 15.000,20 x D Carbide Gun drills Carbide TiCN Coated,Guhring Aus Stock Reseller,
5639 15.500,20 x D Carbide Gun drills Carbide TiCN Coated,Guhring Aus Stock Reseller,
5639 16.000,20 x D Carbide Gun drills Carbide TiCN Coated,Guhring Aus Stock Reseller,
5639 17.000,20 x D Carbide Gun drills Carbide TiCN Coated,Guhring Aus Stock Reseller,
5639 18.000,20 x D Carbide Gun drills Carbide TiCN Coated,Guhring Aus Stock Reseller,
5639 19.000,20 x D Carbide Gun drills Carbide TiCN Coated,Guhring Aus Stock Reseller,
5639 20.000,20 x D Carbide Gun drills Carbide TiCN Coated,Guhring Aus Stock Reseller,
5639 22.000,20 x D Carbide Gun drills Carbide TiCN Coated,Guhring Aus Stock Reseller,
5639 25.000,20 x D Carbide Gun drills Carbide TiCN Coated,Guhring Aus Stock Reseller,
5641 4.000,40 x D Carbide Gun drills Carbide TiCN Coated,Guhring Aus Stock Reseller,
5641 5.000,40 x D Carbide Gun drills Carbide TiCN Coated,Guhring Aus Stock Reseller,
5641 6.000,40 x D Carbide Gun drills Carbide TiCN Coated,Guhring Aus Stock Reseller,
5641 7.000,40 x D Carbide Gun drills Carbide TiCN Coated,Guhring Aus Stock Reseller,
5641 8.000,40 x D Carbide Gun drills Carbide TiCN Coated,Guhring Aus Stock Reseller,
5641 10.000,40 x D Carbide Gun drills Carbide TiCN Coated,Guhring Aus Stock Reseller,
5641 12.000,40 x D Carbide Gun drills Carbide TiCN Coated,Guhring Aus Stock Reseller,
5641 13.000,40 x D Carbide Gun drills Carbide TiCN Coated,Guhring Aus Stock Reseller,
5641 13.500,40 x D Carbide Gun drills Carbide TiCN Coated,Guhring Aus Stock Reseller,
5641 14.000,40 x D Carbide Gun drills Carbide TiCN Coated,Guhring Aus Stock Reseller,
5641 14.500,40 x D Carbide Gun drills Carbide TiCN Coated,Guhring Aus Stock Reseller,
5641 15.000,40 x D Carbide Gun drills Carbide TiCN Coated,Guhring Aus Stock Reseller,
5641 15.500,40 x D Carbide Gun drills Carbide TiCN Coated,Guhring Aus Stock Reseller,
5641 16.000,40 x D Carbide Gun drills Carbide TiCN Coated,Guhring Aus Stock Reseller,
5641 17.000,40 x D Carbide Gun drills Carbide TiCN Coated,Guhring Aus Stock Reseller,
5641 18.000,40 x D Carbide Gun drills Carbide TiCN Coated,Guhring Aus Stock Reseller,
5641 19.000,40 x D Carbide Gun drills Carbide TiCN Coated,Guhring Aus Stock Reseller,
5641 20.000,40 x D Carbide Gun drills Carbide TiCN Coated,Guhring Aus Stock Reseller,
5641 22.000,40 x D Carbide Gun drills Carbide TiCN Coated,Guhring Aus Stock Reseller,
5641 25.000,40 x D Carbide Gun drills Carbide TiCN Coated,Guhring Aus Stock Reseller,
5642 4.950,80 x D Carbide Gun drills Carbide TiCN Coated,Guhring Aus Stock Reseller,
5642 5.950,80 x D Carbide Gun drills Carbide TiCN Coated,Guhring Aus Stock Reseller,
5642 7.950,80 x D Carbide Gun drills Carbide TiCN Coated,Guhring Aus Stock Reseller,
5642 9.950,80 x D Carbide Gun drills Carbide TiCN Coated,Guhring Aus Stock Reseller,
5642 11.950,80 x D Carbide Gun drills Carbide TiCN Coated,Guhring Aus Stock Reseller,
5642 12.950,80 x D Carbide Gun drills Carbide TiCN Coated,Guhring Aus Stock Reseller,
5642 13.450,80 x D Carbide Gun drills Carbide TiCN Coated,Guhring Aus Stock Reseller,
5642 13.950,80 x D Carbide Gun drills Carbide TiCN Coated,Guhring Aus Stock Reseller,
5642 14.450,80 x D Carbide Gun drills Carbide TiCN Coated,Guhring Aus Stock Reseller,
5642 14.950,80 x D Carbide Gun drills Carbide TiCN Coated,Guhring Aus Stock Reseller,
5642 15.450,80 x D Carbide Gun drills Carbide TiCN Coated,Guhring Aus Stock Reseller,
5642 15.950,80 x D Carbide Gun drills Carbide TiCN Coated,Guhring Aus Stock Reseller,
5649 6.000,Solid Carbide NC Spotting Drill  142°,Guhring Aus Stock Reseller,
5649 10.000,Solid Carbide NC Spotting Drill  142°,Guhring Aus Stock Reseller,
5649 12.000,Solid Carbide NC Spotting Drill  142°,Guhring Aus Stock Reseller,
5652 0.100,Solid carbide drill 38 OAL x 1.2mm flute TiAlN coated,Guhring Aus Stock Reseller,
5652 0.200,Solid carbide drill 38 OAL x 2.5mm flute TiAlN coated,Guhring Aus Stock Reseller,
5652 0.300,Solid carbide drill 38 OAL x 5mm flute TiAlN coated,Guhring Aus Stock Reseller,
5652 0.400,Solid carbide drill 38 OAL x 7mm flute TiAlN coated,Guhring Aus Stock Reseller,
5652 0.500,Solid carbide drill 38 OAL x 7mm flute TiAlN coated,Guhring Aus Stock Reseller,
5652 0.600,Solid carbide drill 38 OAL x 7mm flute TiAlN coated,Guhring Aus Stock Reseller,
5652 0.700,Solid carbide drill 38 OAL x 8mm flute TiAlN coated,Guhring Aus Stock Reseller,
5652 0.800,Solid carbide drill 38 OAL x 10mm flute TiAlN coated,Guhring Aus Stock Reseller,
5652 0.900,Solid carbide drill 38 OAL x 10mm flute TiAlN coated,Guhring Aus Stock Reseller,
5652 1.000,Solid carbide drill 38 OAL x 10mm flute TiAlN coated,Guhring Aus Stock Reseller,
5652 1.100,Solid carbide drill 38 OAL x 10mm flute TiAlN coated,Guhring Aus Stock Reseller,
5652 1.200,Solid carbide drill 38 OAL x 10mm flute TiAlN coated,Guhring Aus Stock Reseller,
5652 1.300,Solid carbide drill 38 OAL x 10mm flute TiAlN coated,Guhring Aus Stock Reseller,
5652 1.400,Solid carbide drill 38 OAL x 10mm flute TiAlN coated,Guhring Aus Stock Reseller,
5652 1.500,Solid carbide drill 38 OAL x 10mm flute TiAlN coated,Guhring Aus Stock Reseller,
5652 1.600,Solid carbide drill 38 OAL x 12mm flute TiAlN coated,Guhring Aus Stock Reseller,
5652 1.700,Solid carbide drill 38 OAL x 12mm flute TiAlN coated,Guhring Aus Stock Reseller,
5652 1.800,Solid carbide drill 38 OAL x 12mm flute TiAlN coated,Guhring Aus Stock Reseller,
5654 3.000,Carbide Ratio Endmill 4-fl  For Stainless Fire Coated,Guhring Aus Stock Reseller,
5654 4.000,Carbide Ratio Endmill 4-fl  For Stainless Fire Coated,Guhring Aus Stock Reseller,
5654 5.000,Carbide Ratio Endmill 4-fl  For Stainless Fire Coated,Guhring Aus Stock Reseller,
5654 6.000,Carbide Ratio Endmill 4-fl  For Stainless Fire Coated,Guhring Aus Stock Reseller,
5654 8.000,Carbide Ratio Endmill 4-fl  For Stainless Fire Coated,Guhring Aus Stock Reseller,
5654 10.000,Carbide Ratio Endmill 4-fl  For Stainless Fire Coated,Guhring Aus Stock Reseller,
5654 12.000,Carbide Ratio Endmill 4-fl  For Stainless Fire Coated,Guhring Aus Stock Reseller,
5654 14.000,Carbide Ratio Endmill 4-fl  For Stainless Fire Coated,Guhring Aus Stock Reseller,
5654 16.000,Carbide Ratio Endmill 4-fl  For Stainless Fire Coated,Guhring Aus Stock Reseller,
5654 18.000,Carbide Ratio Endmill 4-fl  For Stainless Fire Coated,Guhring Aus Stock Reseller,
5654 20.000,Carbide Ratio Endmill 4-fl  For Stainless Fire Coated,Guhring Aus Stock Reseller,
5654 25.000,Carbide Ratio Endmill 4-fl  For Stainless Fire Coated,Guhring Aus Stock Reseller,
5670 6.300,Countersink SpyroTec 60deg 6.3mm HSCO Ti,Guhring Aus Stock Reseller,
5670 8.000,Countersink SpyroTec 60deg 8mm HSCO TiAl,Guhring Aus Stock Reseller,
5670 10.000,Countersink SpyroTec 60deg 10mm HSCO TiA,Guhring Aus Stock Reseller,
5670 12.500,Countersink SpyroTec 60deg 12.5mm HSCO T,Guhring Aus Stock Reseller,
5670 16.000,Countersink SpyroTec 60deg 16mm HSCO TiA,Guhring Aus Stock Reseller,
5670 20.000,Countersink SpyroTec 60deg 20mm HSCO TiA,Guhring Aus Stock Reseller,
5670 25.000,Countersink SpyroTec 60deg 25mm HSCO TiA,Guhring Aus Stock Reseller,
5674 6.350,Countersink SpyroTec 82deg 1/4 HSCO TiAlN coated,Guhring Aus Stock Reseller,
5674 7.938,Countersink SpyroTec 82deg 5/16 HSCO TiAlN coated,Guhring Aus Stock Reseller,
5674 9.525,Countersink SpyroTec 82deg 3/8 HSCO TiAlN coated,Guhring Aus Stock Reseller,
5674 12.700,Countersink SpyroTec 82deg 1/2 HSCO TiAlN coated,Guhring Aus Stock Reseller,
5674 15.875,Countersink SpyroTec 82deg 5/8 HSCO TiAlN coated,Guhring Aus Stock Reseller,
5674 19.050,Countersink SpyroTec 82deg 3/4 HSCO TiAlN coated,Guhring Aus Stock Reseller,
5674 22.225,Countersink SpyroTec 82deg 7/8 HSCO TiAlN coated,Guhring Aus Stock Reseller,
5674 25.400,"Countersink SpyroTec 82deg 1"" HSCO TiAlN coated",Guhring Aus Stock Reseller,
5674 31.750,Countersink SpyroTec 82deg 1-1/4 HSCO TiAlN coated,Guhring Aus Stock Reseller,
5676 1.000,Countersink set Spyrotec 82deg 1/4 - 3/4 HSCO TiAlN coated,Guhring Aus Stock Reseller,
5678 6.000,HSCo spot drill 90° fire coated,Guhring Aus Stock Reseller,
5678 8.000,HSCo spot drill 90° fire coated,Guhring Aus Stock Reseller,
5678 10.000,HSCo spot drill 90° fire coated,Guhring Aus Stock Reseller,
5678 12.000,HSCo spot drill 90° fire coated,Guhring Aus Stock Reseller,
5678 16.000,HSCo spot drill 90° fire coated,Guhring Aus Stock Reseller,
5691 5.000,EB80 GUN DRILL  TiN  5MM x 800MM,Guhring Aus Stock Reseller,
5691 6.000,EB80 GUN DRILL  TiN  6MM x 800MM,Guhring Aus Stock Reseller,
5691 7.000,EB80 GUN DRILL  TiN  7MM x 800MM,Guhring Aus Stock Reseller,
5691 8.000,EB80 GUN DRILL  TiN  8MM x 800MM,Guhring Aus Stock Reseller,
5691 9.000,EB80 GUN DRILL  TiN  9MM x 800MM,Guhring Aus Stock Reseller,
5691 10.000,EB80 GUN DRILL  TiN  10MM x 800MM,Guhring Aus Stock Reseller,
5691 11.500,EB80 GUN DRILL  TiN  11.5MM x 800MM,Guhring Aus Stock Reseller,
5691 12.000,EB80 GUN DRILL  TiN  12MM x 800MM,Guhring Aus Stock Reseller,
5691 14.000,EB80 GUN DRILL  TiN  14MM x 800MM,Guhring Aus Stock Reseller,
5691 15.000,EB80 GUN DRILL  TiN  15MM x 800MM,Guhring Aus Stock Reseller,
5691 16.000,EB80 GUN DRILL  TiN  16MM x 800MM,Guhring Aus Stock Reseller,
5691 18.000,EB80 GUN DRILL  TiN  18MM x 800MM,Guhring Aus Stock Reseller,
5691 19.000,EB80 GUN DRILL  TiN  19MM x 800MM,Guhring Aus Stock Reseller,
5691 20.000,EB80 GUN DRILL  TiN  20MM x 800MM,Guhring Aus Stock Reseller,
5691 21.000,EB80 GUN DRILL  TiN  21MM x 800MM,Guhring Aus Stock Reseller,
5691 22.000,EB80 GUN DRILL  TiN  22MM x 800MM,Guhring Aus Stock Reseller,
5691 25.000,EB80 GUN DRILL  TiN  25MM x 800MM,Guhring Aus Stock Reseller,
5692 5.000,EB80 GUN DRILL  TiN  5MM x 1200MM,Guhring Aus Stock Reseller,
5692 6.000,EB80 GUN DRILL  TiN  6MM x 1200MM,Guhring Aus Stock Reseller,
5692 7.000,EB80 GUN DRILL  TiN  7MM x 1200MM,Guhring Aus Stock Reseller,
5692 8.000,EB80 GUN DRILL  TiN  8MM x 1200MM,Guhring Aus Stock Reseller,
5692 9.000,EB80 GUN DRILL  TiN  9MM x 1200MM,Guhring Aus Stock Reseller,
5692 10.000,EB80 GUN DRILL  TiN  10MM x 1200MM,Guhring Aus Stock Reseller,
5692 11.000,EB80 GUN DRILL  TiN  11MM x 1200MM,Guhring Aus Stock Reseller,
5692 11.500,EB80 GUN DRILL  TiN  11.5MM x 1200MM,Guhring Aus Stock Reseller,
5692 12.000,EB80 GUN DRILL  TiN  12MM x 1200MM,Guhring Aus Stock Reseller,
5692 14.000,EB80 GUN DRILL  TiN  14MM x 1200MM,Guhring Aus Stock Reseller,
5692 15.000,EB80 GUN DRILL  TiN  15MM x 1200MM,Guhring Aus Stock Reseller,
5692 16.000,EB80 GUN DRILL  TiN  16MM x 1200MM,Guhring Aus Stock Reseller,
5692 18.000,EB80 GUN DRILL  TiN  18MM x 1200MM,Guhring Aus Stock Reseller,
5692 19.000,EB80 GUN DRILL  TiN  19MM x 1200MM,Guhring Aus Stock Reseller,
5692 20.000,EB80 GUN DRILL  TiN  20MM x 1200MM,Guhring Aus Stock Reseller,
5692 22.000,EB80 GUN DRILL  TiN  22MM x 1200MM,Guhring Aus Stock Reseller,
5693 4.000,EB80 GUN DRILL  TiN  4MM x 1600MM,Guhring Aus Stock Reseller,
5693 5.000,EB80 GUN DRILL  TiN  5MM x 1600MM,Guhring Aus Stock Reseller,
5693 5.500,EB80 GUN DRILL  TiN  5.5MM x 1600MM,Guhring Aus Stock Reseller,
5693 6.000,EB80 GUN DRILL  TiN  6MM x 1600MM,Guhring Aus Stock Reseller,
5693 6.500,EB80 GUN DRILL  TiN  6.5MM x 1600MM,Guhring Aus Stock Reseller,
5693 7.000,EB80 GUN DRILL  TiN  7MM x 1600MM,Guhring Aus Stock Reseller,
5693 7.500,EB80 GUN DRILL  TiN  7.5MM x 1600MM,Guhring Aus Stock Reseller,
5693 8.000,EB80 GUN DRILL  TiN  8MM x 1600MM,Guhring Aus Stock Reseller,
5693 9.000,EB80 GUN DRILL  TiN  9MM x 1600MM,Guhring Aus Stock Reseller,
5693 9.500,EB80 GUN DRILL  TiN  9.5MM x 1600MM,Guhring Aus Stock Reseller,
5693 10.000,EB80 GUN DRILL  TiN  10MM x 1600MM,Guhring Aus Stock Reseller,
5693 11.000,EB80 GUN DRILL  TiN  11MM x 1600MM,Guhring Aus Stock Reseller,
5693 11.500,EB80 GUN DRILL  TiN  11.5MM x 1600MM,Guhring Aus Stock Reseller,
5693 12.000,EB80 GUN DRILL  TiN  12MM x 1600MM,Guhring Aus Stock Reseller,
5693 13.000,EB80 GUN DRILL  TiN  13MM x 1600MM,Guhring Aus Stock Reseller,
5693 14.000,EB80 GUN DRILL  TiN  14MM x 1600MM,Guhring Aus Stock Reseller,
5693 15.000,EB80 GUN DRILL  TiN  15MM x 1600MM,Guhring Aus Stock Reseller,
5693 16.000,EB80 GUN DRILL  TiN  16MM x 1600MM,Guhring Aus Stock Reseller,
5693 17.000,EB80 GUN DRILL  TiN  17MM x 1600MM,Guhring Aus Stock Reseller,
5693 18.000,EB80 GUN DRILL  TiN  18MM x 1600MM,Guhring Aus Stock Reseller,
5693 19.000,EB80 GUN DRILL  TiN  19MM x 1600MM,Guhring Aus Stock Reseller,
5693 20.000,EB80 GUN DRILL  TiN  20MM x 1600MM,Guhring Aus Stock Reseller,
5693 22.000,EB80 GUN DRILL  TiN  22MM x 1600MM,Guhring Aus Stock Reseller,
5694 5.000,EB80 GUN DRILL  TiN  5MM x 2000MM,Guhring Aus Stock Reseller,
5694 6.000,EB80 GUN DRILL  TiN  6MM x 2000MM,Guhring Aus Stock Reseller,
5694 7.000,EB80 GUN DRILL  TiN  7MM x 2000MM,Guhring Aus Stock Reseller,
5694 8.000,EB80 GUN DRILL  TiN  8MM x 2000MM,Guhring Aus Stock Reseller,
5694 9.000,EB80 GUN DRILL  TiN  9MM x 2000MM,Guhring Aus Stock Reseller,
5694 10.000,EB80 GUN DRILL  TiN  10MM x 2000MM,Guhring Aus Stock Reseller,
5694 11.500,EB80 GUN DRILL  TiN  11.5MM x 2000MM,Guhring Aus Stock Reseller,
5694 12.000,EB80 GUN DRILL  TiN  12MM x 2000MM,Guhring Aus Stock Reseller,
5694 15.000,EB80 GUN DRILL  TiN  15MM x 2000MM,Guhring Aus Stock Reseller,
5694 16.000,EB80 GUN DRILL  TiN  16MM x 2000MM,Guhring Aus Stock Reseller,
5694 18.000,EB80 GUN DRILL  TiN  18MM x 2000MM,Guhring Aus Stock Reseller,
5694 19.000,EB80 GUN DRILL  TiN  19MM x 2000MM,Guhring Aus Stock Reseller,
5694 20.000,EB80 GUN DRILL  TiN  20MM x 2000MM,Guhring Aus Stock Reseller,
5694 22.000,EB80 GUN DRILL  TiN  22MM x 2000MM,Guhring Aus Stock Reseller,
5695 17.000,"Metric GUN HSS-E  Gold Band Tap Set 5,6,8,10,12(5 pieces)",Guhring Aus Stock Reseller,
5696 17.100,"Drill tap set, gun nose - Gold Ring, 7 drills & 7 taps",Guhring Aus Stock Reseller,
5697 17.000,"Metric SPIRAL  HSS-E  Gold Band Tap Set 5,6,8,10,12(5 pieces)",Guhring Aus Stock Reseller,
5698 17.100,"Drill tap set, Spiral Flute - Gold Ring, 7 drills & 7 taps",Guhring Aus Stock Reseller,
5716 12.000,Metric Gun Tap HSS-E  Gold Band,Guhring Aus Stock Reseller,
5716 14.000,Metric Gun Tap HSS-E  Gold Band,Guhring Aus Stock Reseller,
5716 16.000,Metric Gun Tap HSS-E  Gold Band,Guhring Aus Stock Reseller,
5716 20.000,Metric Gun Tap HSS-E  Gold Band,Guhring Aus Stock Reseller,
5717 12.000,Metric Spiral Tap HSS-E  Gold Band,Guhring Aus Stock Reseller,
5717 16.000,Metric Spiral Tap HSS-E  Gold Band,Guhring Aus Stock Reseller,
5717 20.000,Metric Spiral Tap HSS-E  Gold Band,Guhring Aus Stock Reseller,
5718 3.000,Metric Spiral Long Series Tap-TiN Coated HSS-E  Gold Band,Guhring Aus Stock Reseller,
5718 4.000,Metric Spiral Long Series Tap-TiN Coated HSS-E  Gold Band,Guhring Aus Stock Reseller,
5718 5.000,Metric Spiral Long Series Tap-TiN Coated HSS-E  Gold Band,Guhring Aus Stock Reseller,
5718 6.000,Metric Spiral Long Series Tap-TiN Coated HSS-E  Gold Band,Guhring Aus Stock Reseller,
5718 8.000,Metric Spiral Long Series Tap-TiN Coated HSS-E  Gold Band,Guhring Aus Stock Reseller,
5718 10.000,Metric Spiral Long Series Tap-TiN Coated HSS-E  Gold Band,Guhring Aus Stock Reseller,
5718 12.000,Metric Spiral Long Series Tap-TiN Coated HSS-E  Gold Band,Guhring Aus Stock Reseller,
5718 16.000,Metric Spiral Long Series Tap-TiN Coated HSS-E  Gold Band,Guhring Aus Stock Reseller,
5718 20.000,Metric Spiral Long Series Tap-TiN Coated HSS-E  Gold Band,Guhring Aus Stock Reseller,
5722 3.000,Metric Spiral Tap-TiN Coated HSS-E-PM  Gold Band,Guhring Aus Stock Reseller,
5722 4.000,Metric Spiral Tap-TiN Coated HSS-E-PM  Gold Band,Guhring Aus Stock Reseller,
5722 5.000,Metric Spiral Tap-TiN Coated HSS-E-PM  Gold Band,Guhring Aus Stock Reseller,
5722 6.000,Metric Spiral Tap-TiN Coated HSS-E-PM  Gold Band,Guhring Aus Stock Reseller,
5722 8.000,Metric Spiral Tap-TiN Coated HSS-E-PM  Gold Band,Guhring Aus Stock Reseller,
5722 10.000,Metric Spiral Tap-TiN Coated HSS-E-PM  Gold Band,Guhring Aus Stock Reseller,
5722 12.000,Metric Spiral Tap-TiN Coated HSS-E-PM  Gold Band,Guhring Aus Stock Reseller,
5722 14.000,Metric Spiral Tap-TiN Coated HSS-E-PM  Gold Band,Guhring Aus Stock Reseller,
5722 16.000,Metric Spiral Tap-TiN Coated HSS-E-PM  Gold Band,Guhring Aus Stock Reseller,
5722 20.000,Metric Spiral Tap-TiN Coated HSS-E-PM  Gold Band,Guhring Aus Stock Reseller,
5725 2.845,UNC Gun Taps HSS-E Gold Band NR. 4 -40,Guhring Aus Stock Reseller,
5725 3.505,UNC Gun Taps HSS-E Gold Band NR. 6 -32,Guhring Aus Stock Reseller,
5725 4.166,UNC Gun Taps HSS-E Gold Band NR. 8 -32,Guhring Aus Stock Reseller,
5725 4.826,UNC Gun Taps HSS-E Gold Band NR.10 -24,Guhring Aus Stock Reseller,
5725 6.350,UNC Gun Taps HSS-E Gold Band 1/4 -20,Guhring Aus Stock Reseller,
5725 7.938,UNC Gun Taps HSS-E Gold Band 5/16-18,Guhring Aus Stock Reseller,
5725 9.525,UNC Gun Taps HSS-E Gold Band 3/8 -16,Guhring Aus Stock Reseller,
5725 11.113,UNC Gun Taps HSS-E Gold Band 7/16-14,Guhring Aus Stock Reseller,
5725 12.700,UNC Gun Taps HSS-E Gold Band 1/2 -13,Guhring Aus Stock Reseller,
5725 15.875,UNC Gun Taps HSS-E Gold Band 5/8 -11,Guhring Aus Stock Reseller,
5725 19.050,UNC Gun Taps HSS-E Gold Band 3/4 -10,Guhring Aus Stock Reseller,
5726 2.845,UNC Spiral Taps HSS-E Gold Band NR.4 -40,Guhring Aus Stock Reseller,
5726 3.505,UNC Spiral Taps HSS-E Gold Band NR.6 -32,Guhring Aus Stock Reseller,
5726 4.166,UNC Spiral Taps HSS-E Gold Band  NR.8 -32,Guhring Aus Stock Reseller,
5726 4.826,UNC Spiral Taps HSS-E Gold Band NR.10-24,Guhring Aus Stock Reseller,
5726 6.350,UNC Spiral Taps HSS-E Gold Band  1/4 -20,Guhring Aus Stock Reseller,
5726 7.938,UNC Spiral Taps HSS-E Gold Band  5/16-18,Guhring Aus Stock Reseller,
5726 9.525,UNC Spiral Taps HSS-E Gold Band  3/8 -16,Guhring Aus Stock Reseller,
5726 11.113,UNC Spiral Taps HSS-E Gold Band  7/16-14,Guhring Aus Stock Reseller,
5726 12.700,UNC Spiral Taps HSS-E Gold Band  1/2 -13 UNC,Guhring Aus Stock Reseller,
5726 15.875,UNC Spiral Taps HSS-E Gold Band  5/8 -11,Guhring Aus Stock Reseller,
5726 19.050,UNC Spiral Taps HSS-E Gold Band 3/4 -10,Guhring Aus Stock Reseller,
5727 2.845,UNF Gun Taps HSS-E Gold Band NR. 4 -48,Guhring Aus Stock Reseller,
5727 3.505,UNF Gun Taps HSS-E Gold Band NR. 6 -40,Guhring Aus Stock Reseller,
5727 4.826,UNF Gun Taps HSS-E Gold Band NR.10 -32,Guhring Aus Stock Reseller,
5727 6.350,UNF Gun Taps HSS-E Gold Band 1/4 -28,Guhring Aus Stock Reseller,
5727 9.525,UNF Gun Taps HSS-E Gold Band 3/8 -24,Guhring Aus Stock Reseller,
5727 15.875,UNF Gun Taps HSS-E Gold Band 5/8 -18,Guhring Aus Stock Reseller,
5728 2.845,UNF Spiral Taps HSS-E Gold Band NR 4 -48,Guhring Aus Stock Reseller,
5728 3.505,UNF Spiral Taps HSS-E Gold Band NR.6 -40,Guhring Aus Stock Reseller,
5728 4.826,UNF Spiral Taps HSS-E Gold Band NR.10-32,Guhring Aus Stock Reseller,
5728 6.350,UNF Spiral Taps HSS-E Gold Band 1/4 -28,Guhring Aus Stock Reseller,
5728 9.525,UNF Spiral Taps HSS-E Gold Band 3/8 -24,Guhring Aus Stock Reseller,
5728 15.875,UNF Spiral Taps HSS-E Gold Band 5/8 -18,Guhring Aus Stock Reseller,
5731 9.728,BSP Gun Taps HSS-E Gold Band G 1/8,Guhring Aus Stock Reseller,
5731 13.157,BSP Gun Taps HSS-E Gold Band  G 1/4,Guhring Aus Stock Reseller,
5731 16.662,BSP Gun Taps HSS-E Gold Band  G 3/8,Guhring Aus Stock Reseller,
5731 20.955,BSP Gun Taps HSS-E Gold Band  G 1/2,Guhring Aus Stock Reseller,
5731 26.441,BSP Gun Taps HSS-E Gold Band  G 3/4,Guhring Aus Stock Reseller,
5731 33.249,BSP Gun Taps HSS-E Gold Band  G1,Guhring Aus Stock Reseller,
5732 9.728,BSP Spiral Taps HSS-E Gold Band  G 1/8,Guhring Aus Stock Reseller,
5732 13.157,BSP Spiral Taps HSS-E Gold Band  G 1/4,Guhring Aus Stock Reseller,
5732 16.662,BSP Spiral Taps HSS-E Gold Band  G 3/8,Guhring Aus Stock Reseller,
5732 20.955,BSP Spiral Taps HSS-E Gold Band  G 1/2,Guhring Aus Stock Reseller,
5732 26.441,BSP Spiral Taps HSS-E Gold Band  G 3/4,Guhring Aus Stock Reseller,
5732 33.249,BSP Spiral Taps HSS-E Gold Band G1,Guhring Aus Stock Reseller,
5733 4.000,Metric Gun Tap HSS-E  Gold Band,Guhring Aus Stock Reseller,
5733 5.000,Metric Gun Tap HSS-E  Gold Band,Guhring Aus Stock Reseller,
5733 6.000,Metric Gun Tap HSS-E  Gold Band,Guhring Aus Stock Reseller,
5733 8.000,Metric Gun Tap HSS-E  Gold Band,Guhring Aus Stock Reseller,
5733 10.000,Metric Gun Tap HSS-E  Gold Band,Guhring Aus Stock Reseller,
5734 3.000,Metric Spiral Tap HSS-E  Gold Band,Guhring Aus Stock Reseller,
5734 4.000,Metric Spiral Tap HSS-E  Gold Band,Guhring Aus Stock Reseller,
5734 5.000,Metric Spiral Tap HSS-E  Gold Band,Guhring Aus Stock Reseller,
5734 6.000,Metric Spiral Tap HSS-E  Gold Band,Guhring Aus Stock Reseller,
5734 8.000,Metric Spiral Tap HSS-E  Gold Band,Guhring Aus Stock Reseller,
5734 10.000,Metric Spiral Tap HSS-E  Gold Band,Guhring Aus Stock Reseller,
5735 4.000,Carbide Ratio Endmill 4-fl Fire Coated,Guhring Aus Stock Reseller,
5735 5.000,Carbide Ratio Endmill 4-fl Fire Coated,Guhring Aus Stock Reseller,
5735 6.000,Carbide Ratio Endmill 4-fl Fire Coated,Guhring Aus Stock Reseller,
5735 8.000,Carbide Ratio Endmill 4-fl Fire Coated,Guhring Aus Stock Reseller,
5735 10.000,Carbide Ratio Endmill 4-fl Fire Coated,Guhring Aus Stock Reseller,
5735 12.000,Carbide Ratio Endmill 4-fl Fire Coated,Guhring Aus Stock Reseller,
5735 14.000,Carbide Ratio Endmill 4-fl Fire Coated,Guhring Aus Stock Reseller,
5735 16.000,Carbide Ratio Endmill 4-fl Fire Coated,Guhring Aus Stock Reseller,
5735 18.000,Carbide Ratio Endmill 4-fl Fire Coated,Guhring Aus Stock Reseller,
5735 20.000,Carbide Ratio Endmill 4-fl Fire Coated,Guhring Aus Stock Reseller,
5735 25.000,Carbide Ratio Endmill 4-fl Fire Coated,Guhring Aus Stock Reseller,
5736 3.000,Metric Gun Tap-TiN Coated HSS-E-PM  Gold Band,Guhring Aus Stock Reseller,
5736 4.000,Metric Gun Tap-TiN Coated HSS-E-PM  Gold Band,Guhring Aus Stock Reseller,
5736 5.000,Metric Gun Tap-TiN Coated HSS-E-PM  Gold Band,Guhring Aus Stock Reseller,
5736 6.000,Metric Gun Tap-TiN Coated HSS-E-PM  Gold Band,Guhring Aus Stock Reseller,
5736 8.000,Metric Gun Tap-TiN Coated HSS-E-PM  Gold Band,Guhring Aus Stock Reseller,
5736 10.000,Metric Gun Tap-TiN Coated HSS-E-PM  Gold Band,Guhring Aus Stock Reseller,
5736 12.000,Metric Gun Tap-TiN Coated HSS-E-PM  Gold Band,Guhring Aus Stock Reseller,
5736 14.000,Metric Gun Tap-TiN Coated HSS-E-PM  Gold Band,Guhring Aus Stock Reseller,
5736 16.000,Metric Gun Tap-TiN Coated HSS-E-PM  Gold Band,Guhring Aus Stock Reseller,
5736 18.000,Metric Gun Tap-TiN Coated HSS-E-PM  Gold Band,Guhring Aus Stock Reseller,
5736 20.000,Metric Gun Tap-TiN Coated HSS-E-PM  Gold Band,Guhring Aus Stock Reseller,
5743 3.000,Metric Carbide slot drill for Aluminium,Guhring Aus Stock Reseller,
5743 4.000,Metric Carbide slot drill for Aluminium,Guhring Aus Stock Reseller,
5743 5.000,Metric Carbide slot drill for Aluminium,Guhring Aus Stock Reseller,
5743 6.000,Metric Carbide slot drill for Aluminium,Guhring Aus Stock Reseller,
5743 8.000,Metric Carbide slot drill for Aluminium,Guhring Aus Stock Reseller,
5743 10.000,Metric Carbide slot drill for Aluminium,Guhring Aus Stock Reseller,
5743 12.000,Metric Carbide slot drill for Aluminium,Guhring Aus Stock Reseller,
5743 14.000,Metric Carbide slot drill for Aluminium,Guhring Aus Stock Reseller,
5743 16.000,Metric Carbide slot drill for Aluminium,Guhring Aus Stock Reseller,
5743 20.000,Metric Carbide slot drill for Aluminium,Guhring Aus Stock Reseller,
5768 3.000,5 x D Ratio Drill Thru Coolant Carbide RF100 A Polished For Aluminium,Guhring Aus Stock Reseller,
5768 3.100,5 x D Ratio Drill Thru Coolant Carbide RF100 A Polished For Aluminium,Guhring Aus Stock Reseller,
5768 3.170,5 x D Ratio Drill Thru Coolant Carbide RF100 A Polished For Aluminium 1/8,Guhring Aus Stock Reseller,
5768 3.200,5 x D Ratio Drill Thru Coolant Carbide RF100 A Polished For Aluminium,Guhring Aus Stock Reseller,
5768 3.250,5 x D Ratio Drill Thru Coolant Carbide RF100 A Polished For Aluminium,Guhring Aus Stock Reseller,
5768 3.300,5 x D Ratio Drill Thru Coolant Carbide RF100 A Polished For Aluminium,Guhring Aus Stock Reseller,
5768 3.400,5 x D Ratio Drill Thru Coolant Carbide RF100 A Polished For Aluminium,Guhring Aus Stock Reseller,
5768 3.500,5 x D Ratio Drill Thru Coolant Carbide RF100 A Polished For Aluminium,Guhring Aus Stock Reseller,
5768 3.570,5 x D Ratio Drill Thru Coolant Carbide RF100 A Polished For Aluminium 9/64,Guhring Aus Stock Reseller,
5768 3.600,5 x D Ratio Drill Thru Coolant Carbide RF100 A Polished For Aluminium,Guhring Aus Stock Reseller,
5768 3.700,5 x D Ratio Drill Thru Coolant Carbide RF100 A Polished For Aluminium,Guhring Aus Stock Reseller,
5768 3.800,5 x D Ratio Drill Thru Coolant Carbide RF100 A Polished For Aluminium,Guhring Aus Stock Reseller,
5768 3.900,5 x D Ratio Drill Thru Coolant Carbide RF100 A Polished For Aluminium,Guhring Aus Stock Reseller,
5768 3.970,5 x D Ratio Drill Thru Coolant Carbide RF100 A Polished For Aluminium 5/32,Guhring Aus Stock Reseller,
5768 4.000,5 x D Ratio Drill Thru Coolant Carbide RF100 A Polished For Aluminium,Guhring Aus Stock Reseller,
5768 4.100,5 x D Ratio Drill Thru Coolant Carbide RF100 A Polished For Aluminium,Guhring Aus Stock Reseller,
5768 4.200,5 x D Ratio Drill Thru Coolant Carbide RF100 A Polished For Aluminium,Guhring Aus Stock Reseller,
5768 4.300,5 x D Ratio Drill Thru Coolant Carbide RF100 A Polished For Aluminium,Guhring Aus Stock Reseller,
5768 4.370,5 x D Ratio Drill Thru Coolant Carbide RF100 A Polished For Aluminium 11/64,Guhring Aus Stock Reseller,
5768 4.400,5 x D Ratio Drill Thru Coolant Carbide RF100 A Polished For Aluminium,Guhring Aus Stock Reseller,
5768 4.500,5 x D Ratio Drill Thru Coolant Carbide RF100 A Polished For Aluminium,Guhring Aus Stock Reseller,
5768 4.600,5 x D Ratio Drill Thru Coolant Carbide RF100 A Polished For Aluminium,Guhring Aus Stock Reseller,
5768 4.650,5 x D Ratio Drill Thru Coolant Carbide RF100 A Polished For Aluminium,Guhring Aus Stock Reseller,
5768 4.700,5 x D Ratio Drill Thru Coolant Carbide RF100 A Polished For Aluminium,Guhring Aus Stock Reseller,
5768 4.760,5 x D Ratio Drill Thru Coolant Carbide RF100 A Polished For Aluminium 3/16,Guhring Aus Stock Reseller,
5768 4.800,5 x D Ratio Drill Thru Coolant Carbide RF100 A Polished For Aluminium,Guhring Aus Stock Reseller,
5768 4.900,5 x D Ratio Drill Thru Coolant Carbide RF100 A Polished For Aluminium,Guhring Aus Stock Reseller,
5768 5.000,5 x D Ratio Drill Thru Coolant Carbide RF100 A Polished For Aluminium,Guhring Aus Stock Reseller,
5768 5.100,5 x D Ratio Drill Thru Coolant Carbide RF100 A Polished For Aluminium,Guhring Aus Stock Reseller,
5768 5.160,5 x D Ratio Drill Thru Coolant Carbide RF100 A Polished For Aluminium 13/64,Guhring Aus Stock Reseller,
5768 5.200,5 x D Ratio Drill Thru Coolant Carbide RF100 A Polished For Aluminium,Guhring Aus Stock Reseller,
5768 5.300,5 x D Ratio Drill Thru Coolant Carbide RF100 A Polished For Aluminium,Guhring Aus Stock Reseller,
5768 5.400,5 x D Ratio Drill Thru Coolant Carbide RF100 A Polished For Aluminium,Guhring Aus Stock Reseller,
5768 5.500,5 x D Ratio Drill Thru Coolant Carbide RF100 A Polished For Aluminium,Guhring Aus Stock Reseller,
5768 5.550,5 x D Ratio Drill Thru Coolant Carbide RF100 A Polished For Aluminium,Guhring Aus Stock Reseller,
5768 5.560,5 x D Ratio Drill Thru Coolant Carbide RF100 A Polished For Aluminium 7/32,Guhring Aus Stock Reseller,
5768 5.600,5 x D Ratio Drill Thru Coolant Carbide RF100 A Polished For Aluminium,Guhring Aus Stock Reseller,
5768 5.700,5 x D Ratio Drill Thru Coolant Carbide RF100 A Polished For Aluminium,Guhring Aus Stock Reseller,
5768 5.800,5 x D Ratio Drill Thru Coolant Carbide RF100 A Polished For Aluminium,Guhring Aus Stock Reseller,
5768 5.900,5 x D Ratio Drill Thru Coolant Carbide RF100 A Polished For Aluminium,Guhring Aus Stock Reseller,
5768 5.950,5 x D Ratio Drill Thru Coolant Carbide RF100 A Polished For Aluminium 15/64,Guhring Aus Stock Reseller,
5768 6.000,5 x D Ratio Drill Thru Coolant Carbide RF100 A Polished For Aluminium,Guhring Aus Stock Reseller,
5768 6.100,5 x D Ratio Drill Thru Coolant Carbide RF100 A Polished For Aluminium,Guhring Aus Stock Reseller,
5768 6.200,5 x D Ratio Drill Thru Coolant Carbide RF100 A Polished For Aluminium,Guhring Aus Stock Reseller,
5768 6.300,5 x D Ratio Drill Thru Coolant Carbide RF100 A Polished For Aluminium,Guhring Aus Stock Reseller,
5768 6.350,5 x D Ratio Drill Thru Coolant Carbide RF100 A Polished For Aluminium 1/4,Guhring Aus Stock Reseller,
5768 6.400,5 x D Ratio Drill Thru Coolant Carbide RF100 A Polished For Aluminium,Guhring Aus Stock Reseller,
5768 6.500,5 x D Ratio Drill Thru Coolant Carbide RF100 A Polished For Aluminium,Guhring Aus Stock Reseller,
5768 6.600,5 x D Ratio Drill Thru Coolant Carbide RF100 A Polished For Aluminium,Guhring Aus Stock Reseller,
5768 6.700,5 x D Ratio Drill Thru Coolant Carbide RF100 A Polished For Aluminium,Guhring Aus Stock Reseller,
5768 6.750,5 x D Ratio Drill Thru Coolant Carbide RF100 A Polished For Aluminium 17/64,Guhring Aus Stock Reseller,
5768 6.800,5 x D Ratio Drill Thru Coolant Carbide RF100 A Polished For Aluminium,Guhring Aus Stock Reseller,
5768 6.900,5 x D Ratio Drill Thru Coolant Carbide RF100 A Polished For Aluminium,Guhring Aus Stock Reseller,
5768 7.000,5 x D Ratio Drill Thru Coolant Carbide RF100 A Polished For Aluminium,Guhring Aus Stock Reseller,
5768 7.100,5 x D Ratio Drill Thru Coolant Carbide RF100 A Polished For Aluminium,Guhring Aus Stock Reseller,
5768 7.140,5 x D Ratio Drill Thru Coolant Carbide RF100 A Polished For Aluminium 9/32,Guhring Aus Stock Reseller,
5768 7.200,5 x D Ratio Drill Thru Coolant Carbide RF100 A Polished For Aluminium,Guhring Aus Stock Reseller,
5768 7.300,5 x D Ratio Drill Thru Coolant Carbide RF100 A Polished For Aluminium,Guhring Aus Stock Reseller,
5768 7.400,5 x D Ratio Drill Thru Coolant Carbide RF100 A Polished For Aluminium,Guhring Aus Stock Reseller,
5768 7.500,5 x D Ratio Drill Thru Coolant Carbide RF100 A Polished For Aluminium,Guhring Aus Stock Reseller,
5768 7.540,5 x D Ratio Drill Thru Coolant Carbide RF100 A Polished For Aluminium 19/64,Guhring Aus Stock Reseller,
5768 7.600,5 x D Ratio Drill Thru Coolant Carbide RF100 A Polished For Aluminium,Guhring Aus Stock Reseller,
5768 7.700,5 x D Ratio Drill Thru Coolant Carbide RF100 A Polished For Aluminium,Guhring Aus Stock Reseller,
5768 7.800,5 x D Ratio Drill Thru Coolant Carbide RF100 A Polished For Aluminium,Guhring Aus Stock Reseller,
5768 7.900,5 x D Ratio Drill Thru Coolant Carbide RF100 A Polished For Aluminium,Guhring Aus Stock Reseller,
5768 7.940,5 x D Ratio Drill Thru Coolant Carbide RF100 A Polished For Aluminium 5/16,Guhring Aus Stock Reseller,
5768 8.000,5 x D Ratio Drill Thru Coolant Carbide RF100 A Polished For Aluminium,Guhring Aus Stock Reseller,
5768 8.100,5 x D Ratio Drill Thru Coolant Carbide RF100 A Polished For Aluminium,Guhring Aus Stock Reseller,
5768 8.200,5 x D Ratio Drill Thru Coolant Carbide RF100 A Polished For Aluminium,Guhring Aus Stock Reseller,
5768 8.300,5 x D Ratio Drill Thru Coolant Carbide RF100 A Polished For Aluminium,Guhring Aus Stock Reseller,
5768 8.330,5 x D Ratio Drill Thru Coolant Carbide RF100 A Polished For Aluminium 21/64,Guhring Aus Stock Reseller,
5768 8.400,5 x D Ratio Drill Thru Coolant Carbide RF100 A Polished For Aluminium,Guhring Aus Stock Reseller,
5768 8.500,5 x D Ratio Drill Thru Coolant Carbide RF100 A Polished For Aluminium,Guhring Aus Stock Reseller,
5768 8.600,5 x D Ratio Drill Thru Coolant Carbide RF100 A Polished For Aluminium,Guhring Aus Stock Reseller,
5768 8.700,5 x D Ratio Drill Thru Coolant Carbide RF100 A Polished For Aluminium,Guhring Aus Stock Reseller,
5768 8.730,5 x D Ratio Drill Thru Coolant Carbide RF100 A Polished For Aluminium 11/64,Guhring Aus Stock Reseller,
5768 8.800,5 x D Ratio Drill Thru Coolant Carbide RF100 A Polished For Aluminium,Guhring Aus Stock Reseller,
5768 8.900,5 x D Ratio Drill Thru Coolant Carbide RF100 A Polished For Aluminium,Guhring Aus Stock Reseller,
5768 9.000,5 x D Ratio Drill Thru Coolant Carbide RF100 A Polished For Aluminium,Guhring Aus Stock Reseller,
5768 9.100,5 x D Ratio Drill Thru Coolant Carbide RF100 A Polished For Aluminium,Guhring Aus Stock Reseller,
5768 9.130,5 x D Ratio Drill Thru Coolant Carbide RF100 A Polished For Aluminium 23/64,Guhring Aus Stock Reseller,
5768 9.200,5 x D Ratio Drill Thru Coolant Carbide RF100 A Polished For Aluminium,Guhring Aus Stock Reseller,
5768 9.250,5 x D Ratio Drill Thru Coolant Carbide RF100 A Polished For Aluminium,Guhring Aus Stock Reseller,
5768 9.300,5 x D Ratio Drill Thru Coolant Carbide RF100 A Polished For Aluminium,Guhring Aus Stock Reseller,
5768 9.340,5 x D Ratio Drill Thru Coolant Carbide RF100 A Polished For Aluminium,Guhring Aus Stock Reseller,
5768 9.400,5 x D Ratio Drill Thru Coolant Carbide RF100 A Polished For Aluminium,Guhring Aus Stock Reseller,
5768 9.500,5 x D Ratio Drill Thru Coolant Carbide RF100 A Polished For Aluminium,Guhring Aus Stock Reseller,
5768 9.520,5 x D Ratio Drill Thru Coolant Carbide RF100 A Polished For Aluminium 3/8,Guhring Aus Stock Reseller,
5768 9.600,5 x D Ratio Drill Thru Coolant Carbide RF100 A Polished For Aluminium,Guhring Aus Stock Reseller,
5768 9.700,5 x D Ratio Drill Thru Coolant Carbide RF100 A Polished For Aluminium,Guhring Aus Stock Reseller,
5768 9.800,5 x D Ratio Drill Thru Coolant Carbide RF100 A Polished For Aluminium,Guhring Aus Stock Reseller,
5768 9.900,5 x D Ratio Drill Thru Coolant Carbide RF100 A Polished For Aluminium,Guhring Aus Stock Reseller,
5768 9.920,5 x D Ratio Drill Thru Coolant Carbide RF100 A Polished For Aluminium 25/64,Guhring Aus Stock Reseller,
5768 10.000,5 x D Ratio Drill Thru Coolant Carbide RF100 A Polished For Aluminium,Guhring Aus Stock Reseller,
5768 10.100,5 x D Ratio Drill Thru Coolant Carbide RF100 A Polished For Aluminium,Guhring Aus Stock Reseller,
5768 10.200,5 x D Ratio Drill Thru Coolant Carbide RF100 A Polished For Aluminium,Guhring Aus Stock Reseller,
5768 10.300,5 x D Ratio Drill Thru Coolant Carbide RF100 A Polished For Aluminium,Guhring Aus Stock Reseller,
5768 10.320,5 x D Ratio Drill Thru Coolant Carbide RF100 A Polished For Aluminium 13/32,Guhring Aus Stock Reseller,
5768 10.400,5 x D Ratio Drill Thru Coolant Carbide RF100 A Polished For Aluminium,Guhring Aus Stock Reseller,
5768 10.500,5 x D Ratio Drill Thru Coolant Carbide RF100 A Polished For Aluminium,Guhring Aus Stock Reseller,
5768 10.600,5 x D Ratio Drill Thru Coolant Carbide RF100 A Polished For Aluminium,Guhring Aus Stock Reseller,
5768 10.700,5 x D Ratio Drill Thru Coolant Carbide RF100 A Polished For Aluminium,Guhring Aus Stock Reseller,
5768 10.800,5 x D Ratio Drill Thru Coolant Carbide RF100 A Polished For Aluminium,Guhring Aus Stock Reseller,
5768 10.900,5 x D Ratio Drill Thru Coolant Carbide RF100 A Polished For Aluminium,Guhring Aus Stock Reseller,
5768 11.000,5 x D Ratio Drill Thru Coolant Carbide RF100 A Polished For Aluminium,Guhring Aus Stock Reseller,
5768 11.100,5 x D Ratio Drill Thru Coolant Carbide RF100 A Polished For Aluminium,Guhring Aus Stock Reseller,
5768 11.110,5 x D Ratio Drill Thru Coolant Carbide RF100 A Polished For Aluminium 7/16,Guhring Aus Stock Reseller,
5768 11.200,5 x D Ratio Drill Thru Coolant Carbide RF100 A Polished For Aluminium,Guhring Aus Stock Reseller,
5768 11.300,5 x D Ratio Drill Thru Coolant Carbide RF100 A Polished For Aluminium,Guhring Aus Stock Reseller,
5768 11.400,5 x D Ratio Drill Thru Coolant Carbide RF100 A Polished For Aluminium,Guhring Aus Stock Reseller,
5768 11.500,5 x D Ratio Drill Thru Coolant Carbide RF100 A Polished For Aluminium,Guhring Aus Stock Reseller,
5768 11.600,5 x D Ratio Drill Thru Coolant Carbide RF100 A Polished For Aluminium,Guhring Aus Stock Reseller,
5768 11.700,5 x D Ratio Drill Thru Coolant Carbide RF100 A Polished For Aluminium,Guhring Aus Stock Reseller,
5768 11.800,5 x D Ratio Drill Thru Coolant Carbide RF100 A Polished For Aluminium,Guhring Aus Stock Reseller,
5768 11.900,5 x D Ratio Drill Thru Coolant Carbide RF100 A Polished For Aluminium,Guhring Aus Stock Reseller,
5768 11.910,5 x D Ratio Drill Thru Coolant Carbide RF100 A Polished For Aluminium 15/32,Guhring Aus Stock Reseller,
5768 12.000,5 x D Ratio Drill Thru Coolant Carbide RF100 A Polished For Aluminium,Guhring Aus Stock Reseller,
5768 12.100,5 x D Ratio Drill Thru Coolant Carbide RF100 A Polished For Aluminium,Guhring Aus Stock Reseller,
5768 12.200,5 x D Ratio Drill Thru Coolant Carbide RF100 A Polished For Aluminium,Guhring Aus Stock Reseller,
5768 12.500,5 x D Ratio Drill Thru Coolant Carbide RF100 A Polished For Aluminium,Guhring Aus Stock Reseller,
5768 12.600,5 x D Ratio Drill Thru Coolant Carbide RF100 A Polished For Aluminium,Guhring Aus Stock Reseller,
5768 12.700,5 x D Ratio Drill Thru Coolant Carbide RF100 A Polished For Aluminium 1/2,Guhring Aus Stock Reseller,
5768 12.800,5 x D Ratio Drill Thru Coolant Carbide RF100 A Polished For Aluminium,Guhring Aus Stock Reseller,
5768 12.900,5 x D Ratio Drill Thru Coolant Carbide RF100 A Polished For Aluminium,Guhring Aus Stock Reseller,
5768 13.000,5 x D Ratio Drill Thru Coolant Carbide RF100 A Polished For Aluminium,Guhring Aus Stock Reseller,
5768 13.100,5 x D Ratio Drill Thru Coolant Carbide RF100 A Polished For Aluminium 33/64,Guhring Aus Stock Reseller,
5768 13.300,5 x D Ratio Drill Thru Coolant Carbide RF100 A Polished For Aluminium,Guhring Aus Stock Reseller,
5768 13.400,5 x D Ratio Drill Thru Coolant Carbide RF100 A Polished For Aluminium,Guhring Aus Stock Reseller,
5768 13.500,5 x D Ratio Drill Thru Coolant Carbide RF100 A Polished For Aluminium,Guhring Aus Stock Reseller,
5768 13.700,5 x D Ratio Drill Thru Coolant Carbide RF100 A Polished For Aluminium,Guhring Aus Stock Reseller,
5768 13.800,5 x D Ratio Drill Thru Coolant Carbide RF100 A Polished For Aluminium,Guhring Aus Stock Reseller,
5768 14.000,5 x D Ratio Drill Thru Coolant Carbide RF100 A Polished For Aluminium,Guhring Aus Stock Reseller,
5768 14.100,5 x D Ratio Drill Thru Coolant Carbide RF100 A Polished For Aluminium,Guhring Aus Stock Reseller,
5768 14.200,5 x D Ratio Drill Thru Coolant Carbide RF100 A Polished For Aluminium,Guhring Aus Stock Reseller,
5768 14.290,5 x D Ratio Drill Thru Coolant Carbide RF100 A Polished For Aluminium 9/16,Guhring Aus Stock Reseller,
5768 14.300,5 x D Ratio Drill Thru Coolant Carbide RF100 A Polished For Aluminium,Guhring Aus Stock Reseller,
5768 14.400,5 x D Ratio Drill Thru Coolant Carbide RF100 A Polished For Aluminium,Guhring Aus Stock Reseller,
5768 14.500,5 x D Ratio Drill Thru Coolant Carbide RF100 A Polished For Aluminium,Guhring Aus Stock Reseller,
5768 14.700,5 x D Ratio Drill Thru Coolant Carbide RF100 A Polished For Aluminium,Guhring Aus Stock Reseller,
5768 14.800,5 x D Ratio Drill Thru Coolant Carbide RF100 A Polished For Aluminium,Guhring Aus Stock Reseller,
5768 15.000,5 x D Ratio Drill Thru Coolant Carbide RF100 A Polished For Aluminium,Guhring Aus Stock Reseller,
5768 15.100,5 x D Ratio Drill Thru Coolant Carbide RF100 A Polished For Aluminium,Guhring Aus Stock Reseller,
5768 15.200,5 x D Ratio Drill Thru Coolant Carbide RF100 A Polished For Aluminium,Guhring Aus Stock Reseller,
5768 15.300,5 x D Ratio Drill Thru Coolant Carbide RF100 A Polished For Aluminium,Guhring Aus Stock Reseller,
5768 15.500,5 x D Ratio Drill Thru Coolant Carbide RF100 A Polished For Aluminium,Guhring Aus Stock Reseller,
5768 15.700,5 x D Ratio Drill Thru Coolant Carbide RF100 A Polished For Aluminium,Guhring Aus Stock Reseller,
5768 15.800,5 x D Ratio Drill Thru Coolant Carbide RF100 A Polished For Aluminium,Guhring Aus Stock Reseller,
5768 16.000,5 x D Ratio Drill Thru Coolant Carbide RF100 A Polished For Aluminium,Guhring Aus Stock Reseller,
5768 16.500,5 x D Ratio Drill Thru Coolant Carbide RF100 A Polished For Aluminium,Guhring Aus Stock Reseller,
5768 16.700,5 x D Ratio Drill Thru Coolant Carbide RF100 A Polished For Aluminium,Guhring Aus Stock Reseller,
5768 16.900,5 x D Ratio Drill Thru Coolant Carbide RF100 A Polished For Aluminium,Guhring Aus Stock Reseller,
5768 17.000,5 x D Ratio Drill Thru Coolant Carbide RF100 A Polished For Aluminium,Guhring Aus Stock Reseller,
5768 17.500,5 x D Ratio Drill Thru Coolant Carbide RF100 A Polished For Aluminium,Guhring Aus Stock Reseller,
5768 17.700,5 x D Ratio Drill Thru Coolant Carbide RF100 A Polished For Aluminium,Guhring Aus Stock Reseller,
5768 18.000,5 x D Ratio Drill Thru Coolant Carbide RF100 A Polished For Aluminium,Guhring Aus Stock Reseller,
5768 18.500,5 x D Ratio Drill Thru Coolant Carbide RF100 A Polished For Aluminium,Guhring Aus Stock Reseller,
5768 18.900,5 x D Ratio Drill Thru Coolant Carbide RF100 A Polished For Aluminium,Guhring Aus Stock Reseller,
5768 19.000,5 x D Ratio Drill Thru Coolant Carbide RF100 A Polished For Aluminium,Guhring Aus Stock Reseller,
5768 19.050,5 x D Ratio Drill Thru Coolant Carbide RF100 A Polished For Aluminium 3/4,Guhring Aus Stock Reseller,
5768 19.300,5 x D Ratio Drill Thru Coolant Carbide RF100 A Polished For Aluminium,Guhring Aus Stock Reseller,
5768 19.500,5 x D Ratio Drill Thru Coolant Carbide RF100 A Polished For Aluminium,Guhring Aus Stock Reseller,
5768 20.000,5 x D Ratio Drill Thru Coolant Carbide RF100 A Polished For Aluminium,Guhring Aus Stock Reseller,
6027 4.000,90° NC Spotting Drills Fire Coated,Guhring Aus Stock Reseller,
6027 5.000,90° NC Spotting Drills Fire Coated,Guhring Aus Stock Reseller,
6027 6.000,90° NC Spotting Drills Fire Coated,Guhring Aus Stock Reseller,
6027 6.350,90° NC Spotting Drills Fire Coated,Guhring Aus Stock Reseller,
6027 8.000,90° NC Spotting Drills Fire Coated,Guhring Aus Stock Reseller,
6027 9.520,90° NC Spotting Drills Fire Coated,Guhring Aus Stock Reseller,
6027 10.000,90° NC Spotting Drills Fire Coated,Guhring Aus Stock Reseller,
6027 12.000,90° NC Spotting Drills Fire Coated,Guhring Aus Stock Reseller,
6027 12.700,90° NC Spotting Drills Fire Coated,Guhring Aus Stock Reseller,
6027 15.870,90° NC Spotting Drills Fire Coated,Guhring Aus Stock Reseller,
6027 16.000,90° NC Spotting Drills Fire Coated,Guhring Aus Stock Reseller,
6027 19.050,90° NC Spotting Drills Fire Coated,Guhring Aus Stock Reseller,
6027 20.000,90° NC Spotting Drills Fire Coated,Guhring Aus Stock Reseller,
6408 1.400,SOLID CARB. A-DRILL IC - 8XD EXCLUSIVE LINE,Guhring Aus Stock Reseller,
6408 1.500,SOLID CARB. A-DRILL IC - 8XD EXCLUSIVE LINE,Guhring Aus Stock Reseller,
6408 1.600,SOLID CARB. A-DRILL IC - 8XD EXCLUSIVE LINE,Guhring Aus Stock Reseller,
6408 1.700,SOLID CARB. A-DRILL IC - 8XD EXCLUSIVE LINE,Guhring Aus Stock Reseller,
6408 1.800,SOLID CARB. A-DRILL IC - 8XD EXCLUSIVE LINE,Guhring Aus Stock Reseller,
6408 1.900,SOLID CARB. A-DRILL IC - 8XD EXCLUSIVE LINE,Guhring Aus Stock Reseller,
6408 2.000,SOLID CARB. A-DRILL IC - 8XD EXCLUSIVE LINE,Guhring Aus Stock Reseller,
6408 2.100,SOLID CARB. A-DRILL IC - 8XD EXCLUSIVE LINE,Guhring Aus Stock Reseller,
6408 2.200,SOLID CARB. A-DRILL IC - 8XD EXCLUSIVE LINE,Guhring Aus Stock Reseller,
6408 2.300,SOLID CARB. A-DRILL IC - 8XD EXCLUSIVE LINE,Guhring Aus Stock Reseller,
6408 2.400,SOLID CARB. A-DRILL IC - 8XD EXCLUSIVE LINE,Guhring Aus Stock Reseller,
6408 2.500,SOLID CARB. A-DRILL IC - 8XD EXCLUSIVE LINE,Guhring Aus Stock Reseller,
6408 2.600,SOLID CARB. A-DRILL IC - 8XD EXCLUSIVE LINE,Guhring Aus Stock Reseller,
6408 2.700,SOLID CARB. A-DRILL IC - 8XD EXCLUSIVE LINE,Guhring Aus Stock Reseller,
6408 2.800,SOLID CARB. A-DRILL IC - 8XD EXCLUSIVE LINE,Guhring Aus Stock Reseller,
6408 2.900,SOLID CARB. A-DRILL IC - 8XD EXCLUSIVE LINE,Guhring Aus Stock Reseller,
6408 3.000,SOLID CARB. A-DRILL IC - 8XD EXCLUSIVE LINE,Guhring Aus Stock Reseller,
6478 1.000,Carbide End Mill 4 Flute RF100 Sharp AlCrN coated,Guhring Aus Stock Reseller,
6478 1.500,Carbide End Mill 4 Flute RF100 Sharp AlCrN coated,Guhring Aus Stock Reseller,
6478 2.000,Carbide End Mill 4 Flute RF100 Sharp AlCrN coated,Guhring Aus Stock Reseller,
6478 2.500,Carbide End Mill 4 Flute RF100 Sharp AlCrN coated,Guhring Aus Stock Reseller,
6478 3.000,Carbide End Mill 4 Flute RF100 Sharp AlCrN coated,Guhring Aus Stock Reseller,
6478 4.000,Carbide End Mill 4 Flute RF100 Sharp AlCrN coated,Guhring Aus Stock Reseller,
6478 5.000,Carbide End Mill 4 Flute RF100 Sharp AlCrN coated,Guhring Aus Stock Reseller,
6478 6.000,Carbide End Mill 4 Flute RF100 Sharp AlCrN coated,Guhring Aus Stock Reseller,
6478 8.000,Carbide End Mill 4 Flute RF100 Sharp AlCrN coated,Guhring Aus Stock Reseller,
6478 10.000,Carbide End Mill 4 Flute RF100 Sharp AlCrN coated,Guhring Aus Stock Reseller,
6478 12.000,Carbide End Mill 4 Flute RF100 Sharp AlCrN coated,Guhring Aus Stock Reseller,
6478 14.000,Carbide End Mill 4 Flute RF100 Sharp AlCrN coated,Guhring Aus Stock Reseller,
6478 16.000,Carbide End Mill 4 Flute RF100 Sharp AlCrN coated,Guhring Aus Stock Reseller,
6478 20.000,Carbide End Mill 4 Flute RF100 Sharp AlCrN coated,Guhring Aus Stock Reseller,
6480 1.000,Carbide End Mill 4 Flute RF100 Sharp AlCrN Coated Long,Guhring Aus Stock Reseller,
6480 1.500,Carbide End Mill 4 Flute RF100 Sharp AlCrN Coated Long,Guhring Aus Stock Reseller,
6480 2.000,Carbide End Mill 4 Flute RF100 Sharp AlCrN Coated Long,Guhring Aus Stock Reseller,
6480 2.500,Carbide End Mill 4 Flute RF100 Sharp AlCrN Coated Long,Guhring Aus Stock Reseller,
6480 3.000,Carbide End Mill 4 Flute RF100 Sharp AlCrN Coated Long,Guhring Aus Stock Reseller,
6480 4.000,Carbide End Mill 4 Flute RF100 Sharp AlCrN Coated Long,Guhring Aus Stock Reseller,
6480 5.000,Carbide End Mill 4 Flute RF100 Sharp AlCrN Coated Long,Guhring Aus Stock Reseller,
6480 6.000,Carbide End Mill 4 Flute RF100 Sharp AlCrN Coated Long,Guhring Aus Stock Reseller,
6480 8.000,Carbide End Mill 4 Flute RF100 Sharp AlCrN Coated Long,Guhring Aus Stock Reseller,
6480 10.000,Carbide End Mill 4 Flute RF100 Sharp AlCrN Coated Long,Guhring Aus Stock Reseller,
6480 12.000,Carbide End Mill 4 Flute RF100 Sharp AlCrN Coated Long,Guhring Aus Stock Reseller,
6480 14.000,Carbide End Mill 4 Flute RF100 Sharp AlCrN Coated Long,Guhring Aus Stock Reseller,
6480 16.000,Carbide End Mill 4 Flute RF100 Sharp AlCrN Coated Long,Guhring Aus Stock Reseller,
6480 20.000,Carbide End Mill 4 Flute RF100 Sharp AlCrN Coated Long,Guhring Aus Stock Reseller,
6482 1.000,Carbide end Mill Set RF100 Sharp 6mm-16mm AlCrN coated HA,Guhring Aus Stock Reseller,
6482 2.000,Carbide End Mill Set RF100 Sharp 6mm-12mm AlCrN coated HA,Guhring Aus Stock Reseller,
6511 3.000,Ratio Drill 20 x D Solid Carbide with IC,Guhring Aus Stock Reseller,
6511 4.000,Ratio Drill 20 x D Solid Carbide with IC,Guhring Aus Stock Reseller,
6511 4.500,Ratio Drill 20 x D Solid Carbide with IC,Guhring Aus Stock Reseller,
6511 5.000,Ratio Drill 20 x D Solid Carbide with IC,Guhring Aus Stock Reseller,
6511 5.500,Ratio Drill 20 x D Solid Carbide with IC,Guhring Aus Stock Reseller,
6511 6.000,Ratio Drill 20 x D Solid Carbide with IC,Guhring Aus Stock Reseller,
6511 6.500,Ratio Drill 20 x D Solid Carbide with IC,Guhring Aus Stock Reseller,
6511 7.000,Ratio Drill 20 x D Solid Carbide with IC,Guhring Aus Stock Reseller,
6511 7.500,Ratio Drill 20 x D Solid Carbide with IC,Guhring Aus Stock Reseller,
6511 8.000,Ratio Drill 20 x D Solid Carbide with IC,Guhring Aus Stock Reseller,
6511 8.500,Ratio Drill 20 x D Solid Carbide with IC,Guhring Aus Stock Reseller,
6511 8.730,Ratio Drill 20 x D Solid Carbide with IC,Guhring Aus Stock Reseller,
6511 9.000,Ratio Drill 20 x D Solid Carbide with IC,Guhring Aus Stock Reseller,
6511 10.000,20 x D ratio drill thru cool Carbide Fire Coated,Guhring Aus Stock Reseller,
6511 14.000,Ratio Drill 20 x D Solid Carbide with IC,Guhring Aus Stock Reseller,
6513 3.000,Ratio Drill 30 x D Solid Carbide with IC,Guhring Aus Stock Reseller,
6513 3.170,Ratio Drill 30 x D Solid Carbide with IC,Guhring Aus Stock Reseller,
6513 4.000,Ratio Drill 30 x D Solid Carbide with IC,Guhring Aus Stock Reseller,
6513 4.500,Ratio Drill 30 x D Solid Carbide with IC,Guhring Aus Stock Reseller,
6513 5.000,Ratio Drill 30 x D Solid Carbide with IC,Guhring Aus Stock Reseller,
6513 5.500,Ratio Drill 30 x D Solid Carbide with IC,Guhring Aus Stock Reseller,
6513 6.000,Ratio Drill 30 x D Solid Carbide with IC,Guhring Aus Stock Reseller,
6513 6.500,Ratio Drill 30 x D Solid Carbide with IC,Guhring Aus Stock Reseller,
6513 7.000,Ratio Drill 30 x D Solid Carbide with IC,Guhring Aus Stock Reseller,
6513 7.500,Ratio Drill 30 x D Solid Carbide with IC,Guhring Aus Stock Reseller,
6513 8.000,Ratio Drill 30 x D Solid Carbide with IC,Guhring Aus Stock Reseller,
6513 8.500,Ratio Drill 30 x D Solid Carbide with IC,Guhring Aus Stock Reseller,
6513 9.000,Ratio Drill 30 x D Solid Carbide with IC,Guhring Aus Stock Reseller,
6513 9.520,Ratio Drill 30 x D Solid Carbide with IC,Guhring Aus Stock Reseller,
6513 10.000,Ratio Drill 30 x D Solid Carbide with IC,Guhring Aus Stock Reseller,
6514 3.000,Ratio Drill 40 x D Solid Carbide with IC,Guhring Aus Stock Reseller,
6514 4.000,Ratio Drill 40 x D Solid Carbide with IC,Guhring Aus Stock Reseller,
6514 5.000,Ratio Drill 40 x D Solid Carbide with IC,Guhring Aus Stock Reseller,
6514 5.500,Ratio Drill 40 x D Solid Carbide with IC,Guhring Aus Stock Reseller,
6514 6.000,Ratio Drill 40 x D Solid Carbide with IC,Guhring Aus Stock Reseller,
6514 6.500,Ratio Drill 40 x D Solid Carbide with IC,Guhring Aus Stock Reseller,
6514 7.000,Ratio Drill 40 x D Solid Carbide with IC,Guhring Aus Stock Reseller,
6514 7.500,Ratio Drill 40 x D Solid Carbide with IC,Guhring Aus Stock Reseller,
6514 8.000,Ratio Drill 40 x D Solid Carbide with IC,Guhring Aus Stock Reseller,
6700 6.000,Ratio End Mill RF100 VA - IC 36°/38° NANO-A COATED For Stainless Steel,Guhring Aus Stock Reseller,
6700 8.000,Ratio End Mill RF100 VA - IC 36°/38° NANO-A COATED For Stainless Steel,Guhring Aus Stock Reseller,
6700 10.000,Ratio End Mill RF100 VA - IC 36°/38° NANO-A COATED For Stainless Steel,Guhring Aus Stock Reseller,
6700 12.000,Ratio End Mill RF100 VA - IC 36°/38° NANO-A COATED For Stainless Steel,Guhring Aus Stock Reseller,
6700 16.000,Ratio End Mill RF100 VA - IC 36°/38° NANO-A COATED For Stainless Steel,Guhring Aus Stock Reseller,
6700 20.000,Ratio End Mill RF100 VA - IC 36°/38° NANO-A COATED For Stainless Steel,Guhring Aus Stock Reseller,
6709 4.000,Solid Carbide RF100 Finish END MILL S/F 45°,Guhring Aus Stock Reseller,
6709 5.000,Solid Carbide RF100 Finish END MILL S/F 45°,Guhring Aus Stock Reseller,
6709 6.000,Solid Carbide RF100 Finish END MILL S/F 45°,Guhring Aus Stock Reseller,
6709 8.000,Solid Carbide RF100 Finish END MILL S/F 45°,Guhring Aus Stock Reseller,
6709 10.000,Solid Carbide RF100 Finish END MILL S/F 45°,Guhring Aus Stock Reseller,
6709 12.000,Solid Carbide RF100 Finish END MILL S/F 45°,Guhring Aus Stock Reseller,
6709 16.000,Solid Carbide RF100 Finish END MILL S/F 45°,Guhring Aus Stock Reseller,
6709 20.000,Solid Carbide RF100 Finish END MILL S/F 45°,Guhring Aus Stock Reseller,
6709 25.000,Solid Carbide RF100 Finish END MILL S/F 45°,Guhring Aus Stock Reseller,
6713 4.000,Carbide Chamfer Milling Cutter 90 DEG. 4 Flute TiAlN-Coated,Guhring Aus Stock Reseller,
6713 6.000,Carbide Chamfer Milling Cutter 90 DEG. 4 Flute TiAlN-Coated,Guhring Aus Stock Reseller,
6713 8.000,Carbide Chamfer Milling Cutter 90 DEG. 4 Flute TiAlN-Coated,Guhring Aus Stock Reseller,
6713 10.000,Carbide Chamfer Milling Cutter 90 DEG. 4 Flute TiAlN-Coated,Guhring Aus Stock Reseller,
6713 12.000,Carbide Chamfer Milling Cutter 90 DEG. 4 Flute TiAlN-Coated,Guhring Aus Stock Reseller,
6734 6.000,Endmill - Solid Carbide RF100 Long Series 3 Flute for Aluminium,Guhring Aus Stock Reseller,
6734 8.000,Endmill - Solid Carbide RF100 Long Series 3 Flute for Aluminium,Guhring Aus Stock Reseller,
6734 10.000,Endmill - Solid Carbide RF100 Long Series 3 Flute for Aluminium,Guhring Aus Stock Reseller,
6734 12.000,Endmill - Solid Carbide RF100 Long Series 3 Flute for Aluminium,Guhring Aus Stock Reseller,
6734 16.000,Endmill - Solid Carbide RF100 Long Series 3 Flute for Aluminium,Guhring Aus Stock Reseller,
6734 20.000,Endmill - Solid Carbide RF100 Long Series 3 Flute for Aluminium,Guhring Aus Stock Reseller,
6736 4.000,Solid Carbide RF100 DIVER END MILL 4FLUTE 36/38/37° Signum Coating,Guhring Aus Stock Reseller,
6736 5.000,Solid Carbide RF100 DIVER END MILL 4FLUTE 36/38/37° Signum Coating,Guhring Aus Stock Reseller,
6736 5.700,Solid Carbide RF100 DIVER END MILL 4FLUTE 36/38/37° Signum Coating,Guhring Aus Stock Reseller,
6736 6.000,Solid Carbide RF100 DIVER END MILL 4FLUTE 36/38/37° Signum Coating,Guhring Aus Stock Reseller,
6736 7.700,Solid Carbide RF100 DIVER END MILL 4FLUTE 36/38/37° Signum Coating,Guhring Aus Stock Reseller,
6736 8.000,Solid Carbide RF100 DIVER END MILL 4FLUTE 36/38/37° Signum Coating,Guhring Aus Stock Reseller,
6736 9.700,Solid Carbide RF100 DIVER END MILL 4FLUTE 36/38/37° Signum Coating,Guhring Aus Stock Reseller,
6736 10.000,Solid Carbide RF100 DIVER END MILL 4FLUTE 36/38/37° Signum Coating,Guhring Aus Stock Reseller,
6736 11.700,Solid Carbide RF100 DIVER END MILL 4FLUTE 36/38/37° Signum Coating,Guhring Aus Stock Reseller,
6736 12.000,Solid Carbide RF100 DIVER END MILL 4FLUTE 36/38/37° Signum Coating,Guhring Aus Stock Reseller,
6736 13.700,Solid Carbide RF100 DIVER END MILL 4FLUTE 36/38/37° Signum Coating,Guhring Aus Stock Reseller,
6736 14.000,Solid Carbide RF100 DIVER END MILL 4FLUTE 36/38/37° Signum Coating,Guhring Aus Stock Reseller,
6736 15.600,Solid Carbide RF100 DIVER END MILL 4FLUTE 36/38/37° Signum Coating,Guhring Aus Stock Reseller,
6736 16.000,Solid Carbide RF100 DIVER END MILL 4FLUTE 36/38/37° Signum Coating,Guhring Aus Stock Reseller,
6736 19.500,Solid Carbide RF100 DIVER END MILL 4FLUTE 36/38/37° Signum Coating,Guhring Aus Stock Reseller,
6736 20.000,Solid Carbide RF100 DIVER END MILL 4FLUTE 36/38/37° Signum Coating,Guhring Aus Stock Reseller,
6755 2.000,Solid Carbide RF100 END MILL SET 4FLUTE Signum coated 6mm -16mm HA shank,Guhring Aus Stock Reseller,
6761 3.000,SOL.CARBIDE RF100 SPEED END MILL SUPER A GUHRING STD. 4-FLUTE 48° HELIX R.H. HB-SHANK,Guhring Aus Stock Reseller,
6761 4.000,SOL.CARBIDE RF100 SPEED END MILL SUPER A GUHRING STD. 4-FLUTE 48° HELIX R.H. HB-SHANK,Guhring Aus Stock Reseller,
6761 5.000,SOL.CARBIDE RF100 SPEED END MILL SUPER A GUHRING STD. 4-FLUTE 48° HELIX R.H. HB-SHANK,Guhring Aus Stock Reseller,
6761 6.000,SOL.CARBIDE RF100 SPEED END MILL SUPER A GUHRING STD. 4-FLUTE 48° HELIX R.H. HB-SHANK,Guhring Aus Stock Reseller,
6761 8.000,SOL.CARBIDE RF100 SPEED END MILL SUPER A GUHRING STD. 4-FLUTE 48° HELIX R.H. HB-SHANK,Guhring Aus Stock Reseller,
6761 10.000,SOL.CARBIDE RF100 SPEED END MILL SUPER A GUHRING STD. 4-FLUTE 48° HELIX R.H. HB-SHANK,Guhring Aus Stock Reseller,
6761 12.000,SOL.CARBIDE RF100 SPEED END MILL SUPER A GUHRING STD. 4-FLUTE 48° HELIX R.H. HB-SHANK,Guhring Aus Stock Reseller,
6761 16.000,SOL.CARBIDE RF100 SPEED END MILL SUPER A GUHRING STD. 4-FLUTE 48° HELIX R.H. HB-SHANK,Guhring Aus Stock Reseller,
6761 20.000,SOL.CARBIDE RF100 SPEED END MILL SUPER A GUHRING STD. 4-FLUTE 48° HELIX R.H. HB-SHANK,Guhring Aus Stock Reseller,
6765 3.000,SOL.CARBIDE RF100 SPEED END MILL SUPER A GUHRING STD. 4-FLUTE 48° HELIX R.H. HA-SHANK,Guhring Aus Stock Reseller,
6765 4.000,SOL.CARBIDE RF100 SPEED END MILL SUPER A GUHRING STD. 4-FLUTE 48° HELIX R.H. HA-SHANK,Guhring Aus Stock Reseller,
6765 5.000,SOL.CARBIDE RF100 SPEED END MILL SUPER A GUHRING STD. 4-FLUTE 48° HELIX R.H. HA-SHANK,Guhring Aus Stock Reseller,
6765 6.000,SOL.CARBIDE RF100 SPEED END MILL SUPER A GUHRING STD. 4-FLUTE 48° HELIX R.H. HA-SHANK,Guhring Aus Stock Reseller,
6765 8.000,SOL.CARBIDE RF100 SPEED END MILL SUPER A GUHRING STD. 4-FLUTE 48° HELIX R.H. HA-SHANK,Guhring Aus Stock Reseller,
6765 10.000,SOL.CARBIDE RF100 SPEED END MILL SUPER A GUHRING STD. 4-FLUTE 48° HELIX R.H. HA-SHANK,Guhring Aus Stock Reseller,
6765 12.000,SOL.CARBIDE RF100 SPEED END MILL SUPER A GUHRING STD. 4-FLUTE 48° HELIX R.H. HA-SHANK,Guhring Aus Stock Reseller,
6765 16.000,SOL.CARBIDE RF100 SPEED END MILL SUPER A GUHRING STD. 4-FLUTE 48° HELIX R.H. HA-SHANK,Guhring Aus Stock Reseller,
6765 20.000,SOL.CARBIDE RF100 SPEED END MILL SUPER A GUHRING STD. 4-FLUTE 48° HELIX R.H. HA-SHANK,Guhring Aus Stock Reseller,
6778 1.000,Solid Carbide RF100 Speed SET 4FLUTE 5 piece 6mm-16mm,Guhring Aus Stock Reseller,
6778 2.000,Solid Carbide RF100 Speed SET 4FLUTE 4 piece 6mm-12mm,Guhring Aus Stock Reseller,
6778 6.000,Solid Carbide RF100 Speed SET 4FLUTE 5 pieces of 6mm,Guhring Aus Stock Reseller,
6778 8.000,Solid Carbide RF100 Speed SET 4FLUTE 5 pieces of 8mm,Guhring Aus Stock Reseller,
6778 10.000,Solid Carbide RF100 Speed SET 4FLUTE 3 pieces of 10mm,Guhring Aus Stock Reseller,
6778 12.000,Solid Carbide RF100 Speed SET 4FLUTE 3 pieces of 12mm,Guhring Aus Stock Reseller,
6778 16.000,Solid Carbide RF100 Speed SET 4FLUTE 3 pieces of 16mm,Guhring Aus Stock Reseller,
6788 6.005,Carbide Corner Rounding Cutter Fire Coated 0.5 mm Radius,Guhring Aus Stock Reseller,
6788 6.010,Carbide Corner Rounding Cutter Fire Coated 1.0 mm Radius,Guhring Aus Stock Reseller,
6788 8.015,Carbide Corner Rounding Cutter Fire Coated 1.5 mm Radius,Guhring Aus Stock Reseller,
6788 10.020,Carbide Corner Rounding Cutter Fire Coated 2.0 mm Radius,Guhring Aus Stock Reseller,
6788 10.025,Carbide Corner Rounding Cutter Fire Coated 2.5 mm Radius,Guhring Aus Stock Reseller,
6788 12.030,Carbide Corner Rounding Cutter Fire Coated 3.0 mm Radius,Guhring Aus Stock Reseller,
6788 14.035,Carbide Corner Rounding Cutter Fire Coated 3.5 mm Radius,Guhring Aus Stock Reseller,
6788 14.040,Carbide Corner Rounding Cutter Fire Coated 4.0 mm Radius,Guhring Aus Stock Reseller,
6788 16.045,Carbide Corner Rounding Cutter Fire Coated 4.5 mm Radius,Guhring Aus Stock Reseller,
6788 16.050,Carbide Corner Rounding Cutter Fire Coated 5.0 mm Radius,Guhring Aus Stock Reseller,
6788 20.055,Carbide Corner Rounding Cutter Fire Coated 5.5 mm Radius,Guhring Aus Stock Reseller,
6788 20.060,Carbide Corner Rounding Cutter Fire Coated 6.0 mm Radius,Guhring Aus Stock Reseller,
6793 2.000,CARB ENDMILL 1 FLUTE RW HELIX 30° HA BRIGHT,Guhring Aus Stock Reseller,
6793 3.000,CARB ENDMILL 1 FLUTE RW HELIX 30° HA BRIGHT,Guhring Aus Stock Reseller,
6793 4.000,CARB ENDMILL 1 FLUTE RW HELIX 30° HA BRIGHT,Guhring Aus Stock Reseller,
6793 5.000,CARB ENDMILL 1 FLUTE RW HELIX 30° HA BRIGHT,Guhring Aus Stock Reseller,
6793 6.000,CARB ENDMILL 1 FLUTE RW HELIX 30° HA BRIGHT,Guhring Aus Stock Reseller,
6793 8.000,CARB ENDMILL 1 FLUTE RW HELIX 30° HA BRIGHT,Guhring Aus Stock Reseller,
6793 10.000,CARB ENDMILL 1 FLUTE RW HELIX 30° HA BRIGHT,Guhring Aus Stock Reseller,
6793 12.000,CARB ENDMILL 1 FLUTE RW HELIX 30° HA BRIGHT,Guhring Aus Stock Reseller,
6793 16.000,CARB ENDMILL 1 FLUTE RW HELIX 30° HA BRIGHT,Guhring Aus Stock Reseller,
6799 6.000,SOLID CARB. RF100 DIVER END MILL SIGNUM 3 FLUTES I.C. 41/43/45° HELIX HA,Guhring Aus Stock Reseller,
6799 8.000,SOLID CARB. RF100 DIVER END MILL SIGNUM 3 FLUTES I.C. 41/43/45° HELIX HA,Guhring Aus Stock Reseller,
6799 10.000,SOLID CARB. RF100 DIVER END MILL SIGNUM 3 FLUTES I.C. 41/43/45° HELIX HA,Guhring Aus Stock Reseller,
6799 12.000,SOLID CARB. RF100 DIVER END MILL SIGNUM 3 FLUTES I.C. 41/43/45° HELIX HA,Guhring Aus Stock Reseller,
6799 16.000,SOLID CARB. RF100 DIVER END MILL SIGNUM 3 FLUTES I.C. 41/43/45° HELIX HA,Guhring Aus Stock Reseller,
6801 6.000,SOLID CARB. RF100 DIVER END MILL SIGNUM 4 FLUTES I.C. 36/38/37° HELIX HA,Guhring Aus Stock Reseller,
6801 8.000,SOLID CARB. RF100 DIVER END MILL SIGNUM 4 FLUTES I.C. 36/38/37° HELIX HA,Guhring Aus Stock Reseller,
6801 10.000,SOLID CARB. RF100 DIVER END MILL SIGNUM 4 FLUTES I.C. 36/38/37° HELIX HA,Guhring Aus Stock Reseller,
6801 12.000,SOLID CARB. RF100 DIVER END MILL SIGNUM 4 FLUTES I.C. 36/38/37° HELIX HA,Guhring Aus Stock Reseller,
6801 16.000,SOLID CARB. RF100 DIVER END MILL SIGNUM 4 FLUTES I.C. 36/38/37° HELIX HA,Guhring Aus Stock Reseller,
6801 20.000,SOLID CARB. RF100 DIVER END MILL SIGNUM 4 FLUTES I.C. 36/38/37° HELIX HA,Guhring Aus Stock Reseller,
6801 25.000,SOLID CARB. RF100 DIVER END MILL SIGNUM 4 FLUTES I.C. 36/38/37° HELIX HA,Guhring Aus Stock Reseller,
6810 6.000,SPYROTEC Chamfer Mill 60° TIALN Coated,Guhring Aus Stock Reseller,
6810 8.000,SPYROTEC Chamfer Mill 60° TIALN Coated,Guhring Aus Stock Reseller,
6810 10.000,SPYROTEC Chamfer Mill 60° TIALN Coated,Guhring Aus Stock Reseller,
6810 12.000,SPYROTEC Chamfer Mill 60° TIALN Coated,Guhring Aus Stock Reseller,
6810 16.000,SPYROTEC Chamfer Mill 60° TIALN Coated,Guhring Aus Stock Reseller,
6810 20.000,SPYROTEC Chamfer Mill 60° TIALN Coated,Guhring Aus Stock Reseller,
6812 6.000,SPYROTEC Chamfer Mill 120° TIALN Coated,Guhring Aus Stock Reseller,
6812 8.000,SPYROTEC Chamfer Mill 120° TIALN Coated,Guhring Aus Stock Reseller,
6812 10.000,SPYROTEC Chamfer Mill 120° TIALN Coated,Guhring Aus Stock Reseller,
6812 12.000,SPYROTEC Chamfer Mill 120° TIALN Coated,Guhring Aus Stock Reseller,
6812 16.000,SPYROTEC Chamfer Mill 120° TIALN Coated,Guhring Aus Stock Reseller,
6812 20.000,SPYROTEC Chamfer Mill 120° TIALN Coated,Guhring Aus Stock Reseller,
6856 6.000,Carbide RF100 Speed 5Fl End Mill TiAlN Coated With Chip Breaker,Guhring Aus Stock Reseller,
6856 8.000,Carbide RF100 Speed 5Fl End Mill TiAlN Coated With Chip Breaker,Guhring Aus Stock Reseller,
6856 10.000,Carbide RF100 Speed 5Fl End Mill TiAlN Coated With Chip Breaker,Guhring Aus Stock Reseller,
6856 12.000,Carbide RF100 Speed 5Fl End Mill TiAlN Coated With Chip Breaker,Guhring Aus Stock Reseller,
6856 16.000,Carbide RF100 Speed 5Fl End Mill TiAlN Coated With Chip Breaker,Guhring Aus Stock Reseller,
6856 20.000,Carbide RF100 Speed 5Fl End Mill TiAlN Coated With Chip Breaker,Guhring Aus Stock Reseller,
6864 6.000,Carbide RF100 Speed 7fl End Mill TiAlN Coated With Chip Breaker,Guhring Aus Stock Reseller,
6864 8.000,Carbide RF100 Speed 7fl End Mill TiAlN Coated With Chip Breaker,Guhring Aus Stock Reseller,
6864 10.000,Carbide RF100 Speed 7fl End Mill TiAlN Coated With Chip Breaker,Guhring Aus Stock Reseller,
6864 12.000,Carbide RF100 Speed 7fl End Mill TiAlN Coated With Chip Breaker,Guhring Aus Stock Reseller,
6864 16.000,Carbide RF100 Speed 7fl End Mill TiAlN Coated With Chip Breaker,Guhring Aus Stock Reseller,
6864 20.000,Carbide RF100 Speed 7fl End Mill TiAlN Coated With Chip Breaker,Guhring Aus Stock Reseller,
6882 6.000,Carbide RF100 4fl RMR End Mill Fire Coated,Guhring Aus Stock Reseller,
6882 8.000,Carbide RF100 4fl RMR End Mill Fire Coated,Guhring Aus Stock Reseller,
6882 10.000,Carbide RF100 4fl RMR End Mill Fire Coated,Guhring Aus Stock Reseller,
6882 12.000,Carbide RF100 4fl RMR End Mill Fire Coated,Guhring Aus Stock Reseller,
6882 16.000,Carbide RF100 4fl RMR End Mill Fire Coated,Guhring Aus Stock Reseller,
6882 20.000,Carbide RF100 4fl RMR End Mill Fire Coated,Guhring Aus Stock Reseller,
6882 25.000,Carbide RF100 4fl RMR End Mill Fire Coated,Guhring Aus Stock Reseller,
6978 3.000,Carbide Ratio Endmill RF100A 3-fl Carbo Coated,Guhring Aus Stock Reseller,
6978 4.000,Carbide Ratio Endmill RF100A 3-fl Carbo Coated,Guhring Aus Stock Reseller,
6978 5.000,Carbide Ratio Endmill RF100A 3-fl Carbo Coated,Guhring Aus Stock Reseller,
6978 6.000,Carbide Ratio Endmill RF100A 3-fl Carbo Coated,Guhring Aus Stock Reseller,
6978 8.000,Carbide Ratio Endmill RF100A 3-fl Carbo Coated,Guhring Aus Stock Reseller,
6978 10.000,Carbide Ratio Endmill RF100A 3-fl Carbo Coated,Guhring Aus Stock Reseller,
6978 12.000,Carbide Ratio Endmill RF100A 3-fl Carbo Coated,Guhring Aus Stock Reseller,
6978 16.000,Carbide Ratio Endmill RF100A 3-fl Carbo Coated,Guhring Aus Stock Reseller,
6978 20.000,Carbide Ratio Endmill RF100A 3-fl Carbo Coated,Guhring Aus Stock Reseller,
6992 6.000,SPYROTEC Chamfer Mill 90° TIALN Coated,Guhring Aus Stock Reseller,
6992 8.000,SPYROTEC Chamfer Mill 90° TIALN Coated,Guhring Aus Stock Reseller,
6992 10.000,SPYROTEC Chamfer Mill 90° TIALN Coated,Guhring Aus Stock Reseller,
6992 12.000,SPYROTEC Chamfer Mill 90° TIALN Coated,Guhring Aus Stock Reseller,
6992 16.000,SPYROTEC Chamfer Mill 90° TIALN Coated,Guhring Aus Stock Reseller,
6992 20.000,SPYROTEC Chamfer Mill 90° TIALN Coated,Guhring Aus Stock Reseller,
6994 1.000,SPYROTEC Chamfer Mill 90° TIALN Coated Set,Guhring Aus Stock Reseller,
8900 2.000,POWERLINE Stub drill HSS,Guhring Aus Stock Reseller,
8900 2.100,POWERLINE Stub drill HSS,Guhring Aus Stock Reseller,
8900 2.200,POWERLINE Stub drill HSS,Guhring Aus Stock Reseller,
8900 2.300,POWERLINE Stub drill HSS,Guhring Aus Stock Reseller,
8900 2.400,POWERLINE Stub drill HSS,Guhring Aus Stock Reseller,
8900 2.500,POWERLINE Stub drill HSS,Guhring Aus Stock Reseller,
8900 2.600,POWERLINE Stub drill HSS,Guhring Aus Stock Reseller,
8900 2.700,POWERLINE Stub drill HSS,Guhring Aus Stock Reseller,
8900 2.800,POWERLINE Stub drill HSS,Guhring Aus Stock Reseller,
8900 2.900,POWERLINE Stub drill HSS,Guhring Aus Stock Reseller,
8900 3.000,POWERLINE Stub drill HSS,Guhring Aus Stock Reseller,
8900 3.100,POWERLINE Stub drill HSS,Guhring Aus Stock Reseller,
8900 3.200,POWERLINE Stub drill HSS,Guhring Aus Stock Reseller,
8900 3.300,POWERLINE Stub drill HSS,Guhring Aus Stock Reseller,
8900 3.400,POWERLINE Stub drill HSS,Guhring Aus Stock Reseller,
8900 3.500,POWERLINE Stub drill HSS,Guhring Aus Stock Reseller,
8900 3.600,POWERLINE Stub drill HSS,Guhring Aus Stock Reseller,
8900 3.700,POWERLINE Stub drill HSS,Guhring Aus Stock Reseller,
8900 3.800,POWERLINE Stub drill HSS,Guhring Aus Stock Reseller,
8900 3.900,POWERLINE Stub drill HSS,Guhring Aus Stock Reseller,
8900 4.000,POWERLINE Stub drill HSS,Guhring Aus Stock Reseller,
8900 4.100,POWERLINE Stub drill HSS,Guhring Aus Stock Reseller,
8900 4.200,POWERLINE Stub drill HSS,Guhring Aus Stock Reseller,
8900 4.300,POWERLINE Stub drill HSS,Guhring Aus Stock Reseller,
8900 4.400,POWERLINE Stub drill HSS,Guhring Aus Stock Reseller,
8900 4.500,POWERLINE Stub drill HSS,Guhring Aus Stock Reseller,
8900 4.600,POWERLINE Stub drill HSS,Guhring Aus Stock Reseller,
8900 4.700,POWERLINE Stub drill HSS,Guhring Aus Stock Reseller,
8900 4.800,POWERLINE Stub drill HSS,Guhring Aus Stock Reseller,
8900 4.900,POWERLINE Stub drill HSS,Guhring Aus Stock Reseller,
8900 5.000,POWERLINE Stub drill HSS,Guhring Aus Stock Reseller,
8900 5.100,POWERLINE Stub drill HSS,Guhring Aus Stock Reseller,
8900 5.200,POWERLINE Stub drill HSS,Guhring Aus Stock Reseller,
8900 5.300,POWERLINE Stub drill HSS,Guhring Aus Stock Reseller,
8900 5.400,POWERLINE Stub drill HSS,Guhring Aus Stock Reseller,
8900 5.500,POWERLINE Stub drill HSS,Guhring Aus Stock Reseller,
8900 5.600,POWERLINE Stub drill HSS,Guhring Aus Stock Reseller,
8900 5.700,POWERLINE Stub drill HSS,Guhring Aus Stock Reseller,
8900 5.800,POWERLINE Stub drill HSS,Guhring Aus Stock Reseller,
8900 5.900,POWERLINE Stub drill HSS,Guhring Aus Stock Reseller,
8900 6.000,POWERLINE Stub drill HSS,Guhring Aus Stock Reseller,
8900 6.100,POWERLINE Stub drill HSS,Guhring Aus Stock Reseller,
8900 6.200,POWERLINE Stub drill HSS,Guhring Aus Stock Reseller,
8900 6.300,POWERLINE Stub drill HSS,Guhring Aus Stock Reseller,
8900 6.400,POWERLINE Stub drill HSS,Guhring Aus Stock Reseller,
8900 6.500,POWERLINE Stub drill HSS,Guhring Aus Stock Reseller,
8900 6.600,POWERLINE Stub drill HSS,Guhring Aus Stock Reseller,
8900 6.700,POWERLINE Stub drill HSS,Guhring Aus Stock Reseller,
8900 6.800,POWERLINE Stub drill HSS,Guhring Aus Stock Reseller,
8900 6.900,POWERLINE Stub drill HSS,Guhring Aus Stock Reseller,
8900 7.000,POWERLINE Stub drill HSS,Guhring Aus Stock Reseller,
8900 7.100,POWERLINE Stub drill HSS,Guhring Aus Stock Reseller,
8900 7.200,POWERLINE Stub drill HSS,Guhring Aus Stock Reseller,
8900 7.300,POWERLINE Stub drill HSS,Guhring Aus Stock Reseller,
8900 7.400,POWERLINE Stub drill HSS,Guhring Aus Stock Reseller,
8900 7.500,POWERLINE Stub drill HSS,Guhring Aus Stock Reseller,
8900 7.600,POWERLINE Stub drill HSS,Guhring Aus Stock Reseller,
8900 7.700,POWERLINE Stub drill HSS,Guhring Aus Stock Reseller,
8900 7.800,POWERLINE Stub drill HSS,Guhring Aus Stock Reseller,
8900 7.900,POWERLINE Stub drill HSS,Guhring Aus Stock Reseller,
8900 8.000,POWERLINE Stub drill HSS,Guhring Aus Stock Reseller,
8900 8.500,POWERLINE Stub drill HSS,Guhring Aus Stock Reseller,
8900 9.000,POWERLINE Stub drill HSS,Guhring Aus Stock Reseller,
8900 9.500,POWERLINE Stub drill HSS,Guhring Aus Stock Reseller,
8900 10.000,POWERLINE Stub drill HSS,Guhring Aus Stock Reseller,
8900 10.200,POWERLINE Stub drill HSS,Guhring Aus Stock Reseller,
8900 10.500,POWERLINE Stub drill HSS,Guhring Aus Stock Reseller,
8900 11.000,POWERLINE Stub drill HSS,Guhring Aus Stock Reseller,
8900 11.500,POWERLINE Stub drill HSS,Guhring Aus Stock Reseller,
8900 12.000,POWERLINE Stub drill HSS,Guhring Aus Stock Reseller,
8900 12.500,POWERLINE Stub drill HSS,Guhring Aus Stock Reseller,
8900 13.000,POWERLINE Stub drill HSS,Guhring Aus Stock Reseller,
8901 0.014,Jobber drill Set HSS (1.0 - 13mm -25pcs),Guhring Aus Stock Reseller,
8902 1.000,POWERLINE Jobber drill HSS,Guhring Aus Stock Reseller,
8902 1.100,POWERLINE Jobber drill HSS,Guhring Aus Stock Reseller,
8902 1.200,POWERLINE Jobber drill HSS,Guhring Aus Stock Reseller,
8902 1.300,POWERLINE Jobber drill HSS,Guhring Aus Stock Reseller,
8902 1.400,POWERLINE Jobber drill HSS,Guhring Aus Stock Reseller,
8902 1.500,POWERLINE Jobber drill HSS,Guhring Aus Stock Reseller,
8902 1.590,POWERLINE Jobber drill HSS 1/16,Guhring Aus Stock Reseller,
8902 1.600,POWERLINE Jobber drill HSS,Guhring Aus Stock Reseller,
8902 1.700,POWERLINE Jobber drill HSS,Guhring Aus Stock Reseller,
8902 1.800,POWERLINE Jobber drill HSS,Guhring Aus Stock Reseller,
8902 1.900,POWERLINE Jobber drill HSS,Guhring Aus Stock Reseller,
8902 1.980,POWERLINE Jobber drill HSS 5/64,Guhring Aus Stock Reseller,
8902 2.000,POWERLINE Jobber drill HSS,Guhring Aus Stock Reseller,
8902 2.100,POWERLINE Jobber drill HSS,Guhring Aus Stock Reseller,
8902 2.200,POWERLINE Jobber drill HSS,Guhring Aus Stock Reseller,
8902 2.300,POWERLINE Jobber drill HSS,Guhring Aus Stock Reseller,
8902 2.380,POWERLINE Jobber drill HSS 3/32,Guhring Aus Stock Reseller,
8902 2.400,POWERLINE Jobber drill HSS,Guhring Aus Stock Reseller,
8902 2.500,POWERLINE Jobber drill HSS,Guhring Aus Stock Reseller,
8902 2.600,POWERLINE Jobber drill HSS,Guhring Aus Stock Reseller,
8902 2.700,POWERLINE Jobber drill HSS,Guhring Aus Stock Reseller,
8902 2.780,POWERLINE Jobber drill HSS 7/64,Guhring Aus Stock Reseller,
8902 2.800,POWERLINE Jobber drill HSS,Guhring Aus Stock Reseller,
8902 2.900,POWERLINE Jobber drill HSS,Guhring Aus Stock Reseller,
8902 3.100,POWERLINE Jobber drill HSS,Guhring Aus Stock Reseller,
8902 3.170,POWERLINE Jobber drill HSS 1/8,Guhring Aus Stock Reseller,
8902 3.200,POWERLINE Jobber drill HSS,Guhring Aus Stock Reseller,
8902 3.300,POWERLINE Jobber drill HSS,Guhring Aus Stock Reseller,
8902 3.400,POWERLINE Jobber drill HSS,Guhring Aus Stock Reseller,
8902 3.500,POWERLINE Jobber drill HSS,Guhring Aus Stock Reseller,
8902 3.570,POWERLINE Jobber drill HSS 9/64,Guhring Aus Stock Reseller,
8902 3.600,POWERLINE Jobber drill HSS,Guhring Aus Stock Reseller,
8902 3.700,POWERLINE Jobber drill HSS,Guhring Aus Stock Reseller,
8902 3.800,POWERLINE Jobber drill HSS,Guhring Aus Stock Reseller,
8902 3.900,POWERLINE Jobber drill HSS,Guhring Aus Stock Reseller,
8902 3.970,POWERLINE Jobber drill HSS 5/32,Guhring Aus Stock Reseller,
8902 4.000,POWERLINE Jobber drill HSS,Guhring Aus Stock Reseller,
8902 4.100,POWERLINE Jobber drill HSS,Guhring Aus Stock Reseller,
8902 4.200,POWERLINE Jobber drill HSS,Guhring Aus Stock Reseller,
8902 4.300,POWERLINE Jobber drill HSS,Guhring Aus Stock Reseller,
8902 4.370,POWERLINE Jobber drill HSS 11/64,Guhring Aus Stock Reseller,
8902 4.400,POWERLINE Jobber drill HSS,Guhring Aus Stock Reseller,
8902 4.500,POWERLINE Jobber drill HSS,Guhring Aus Stock Reseller,
8902 4.600,POWERLINE Jobber drill HSS,Guhring Aus Stock Reseller,
8902 4.700,POWERLINE Jobber drill HSS,Guhring Aus Stock Reseller,
8902 4.760,POWERLINE Jobber drill HSS 3/16,Guhring Aus Stock Reseller,
8902 4.800,POWERLINE Jobber drill HSS,Guhring Aus Stock Reseller,
8902 4.900,POWERLINE Jobber drill HSS,Guhring Aus Stock Reseller,
8902 5.000,POWERLINE Jobber drill HSS,Guhring Aus Stock Reseller,
8902 5.100,POWERLINE Jobber drill HSS,Guhring Aus Stock Reseller,
8902 5.160,POWERLINE Jobber drill HSS 13/64,Guhring Aus Stock Reseller,
8902 5.200,POWERLINE Jobber drill HSS,Guhring Aus Stock Reseller,
8902 5.300,POWERLINE Jobber drill HSS,Guhring Aus Stock Reseller,
8902 5.400,POWERLINE Jobber drill HSS,Guhring Aus Stock Reseller,
8902 5.500,POWERLINE Jobber drill HSS,Guhring Aus Stock Reseller,
8902 5.560,POWERLINE Jobber drill HSS 7/32,Guhring Aus Stock Reseller,
8902 5.600,POWERLINE Jobber drill HSS,Guhring Aus Stock Reseller,
8902 5.700,POWERLINE Jobber drill HSS,Guhring Aus Stock Reseller,
8902 5.800,POWERLINE Jobber drill HSS,Guhring Aus Stock Reseller,
8902 5.900,POWERLINE Jobber drill HSS,Guhring Aus Stock Reseller,
8902 5.950,POWERLINE Jobber drill HSS 15/64,Guhring Aus Stock Reseller,
8902 6.000,POWERLINE Jobber drill HSS,Guhring Aus Stock Reseller,
8902 6.100,POWERLINE Jobber drill HSS,Guhring Aus Stock Reseller,
8902 6.200,POWERLINE Jobber drill HSS,Guhring Aus Stock Reseller,
8902 6.300,POWERLINE Jobber drill HSS,Guhring Aus Stock Reseller,
8902 6.350,POWERLINE Jobber drill HSS 1/4,Guhring Aus Stock Reseller,
8902 6.400,POWERLINE Jobber drill HSS,Guhring Aus Stock Reseller,
8902 6.500,POWERLINE Jobber drill HSS,Guhring Aus Stock Reseller,
8902 6.600,POWERLINE Jobber drill HSS,Guhring Aus Stock Reseller,
8902 6.700,POWERLINE Jobber drill HSS,Guhring Aus Stock Reseller,
8902 6.750,POWERLINE Jobber drill HSS 17/64,Guhring Aus Stock Reseller,
8902 6.800,POWERLINE Jobber drill HSS,Guhring Aus Stock Reseller,
8902 6.900,POWERLINE Jobber drill HSS,Guhring Aus Stock Reseller,
8902 7.000,POWERLINE Jobber drill HSS,Guhring Aus Stock Reseller,
8902 7.100,POWERLINE Jobber drill HSS,Guhring Aus Stock Reseller,
8902 7.140,POWERLINE Jobber drill HSS 9/32,Guhring Aus Stock Reseller,
8902 7.200,POWERLINE Jobber drill HSS,Guhring Aus Stock Reseller,
8902 7.300,POWERLINE Jobber drill HSS,Guhring Aus Stock Reseller,
8902 7.400,POWERLINE Jobber drill HSS,Guhring Aus Stock Reseller,
8902 7.500,POWERLINE Jobber drill HSS,Guhring Aus Stock Reseller,
8902 7.540,POWERLINE Jobber drill HSS 19/64,Guhring Aus Stock Reseller,
8902 7.600,POWERLINE Jobber drill HSS,Guhring Aus Stock Reseller,
8902 7.700,POWERLINE Jobber drill HSS,Guhring Aus Stock Reseller,
8902 7.800,POWERLINE Jobber drill HSS,Guhring Aus Stock Reseller,
8902 7.900,POWERLINE Jobber drill HSS,Guhring Aus Stock Reseller,
8902 7.940,POWERLINE Jobber drill HSS 5/16,Guhring Aus Stock Reseller,
8902 8.000,POWERLINE Jobber drill HSS,Guhring Aus Stock Reseller,
8902 8.100,POWERLINE Jobber drill HSS,Guhring Aus Stock Reseller,
8902 8.200,POWERLINE Jobber drill HSS,Guhring Aus Stock Reseller,
8902 8.300,POWERLINE Jobber drill HSS,Guhring Aus Stock Reseller,
8902 8.330,POWERLINE Jobber drill HSS 21/64,Guhring Aus Stock Reseller,
8902 8.400,POWERLINE Jobber drill HSS,Guhring Aus Stock Reseller,
8902 8.500,POWERLINE Jobber drill HSS,Guhring Aus Stock Reseller,
8902 8.600,POWERLINE Jobber drill HSS,Guhring Aus Stock Reseller,
8902 8.700,POWERLINE Jobber drill HSS,Guhring Aus Stock Reseller,
8902 8.730,POWERLINE Jobber drill HSS 11/32,Guhring Aus Stock Reseller,
8902 8.800,POWERLINE Jobber drill HSS,Guhring Aus Stock Reseller,
8902 8.900,POWERLINE Jobber drill HSS,Guhring Aus Stock Reseller,
8902 9.000,POWERLINE Jobber drill HSS,Guhring Aus Stock Reseller,
8902 9.100,POWERLINE Jobber drill HSS,Guhring Aus Stock Reseller,
8902 9.130,POWERLINE Jobber drill HSS 23/64,Guhring Aus Stock Reseller,
8902 9.200,POWERLINE Jobber drill HSS,Guhring Aus Stock Reseller,
8902 9.300,POWERLINE Jobber drill HSS,Guhring Aus Stock Reseller,
8902 9.400,POWERLINE Jobber drill HSS,Guhring Aus Stock Reseller,
8902 9.500,POWERLINE Jobber drill HSS,Guhring Aus Stock Reseller,
8902 9.520,POWERLINE Jobber drill HSS 3/8,Guhring Aus Stock Reseller,
8902 9.600,POWERLINE Jobber drill HSS,Guhring Aus Stock Reseller,
8902 9.700,POWERLINE Jobber drill HSS,Guhring Aus Stock Reseller,
8902 9.800,POWERLINE Jobber drill HSS,Guhring Aus Stock Reseller,
8902 9.900,POWERLINE Jobber drill HSS,Guhring Aus Stock Reseller,
8902 9.920,POWERLINE Jobber drill HSS 25/64,Guhring Aus Stock Reseller,
8902 10.000,POWERLINE Jobber drill HSS,Guhring Aus Stock Reseller,
8902 10.100,POWERLINE Jobber drill HSS,Guhring Aus Stock Reseller,
8902 10.200,POWERLINE Jobber drill HSS,Guhring Aus Stock Reseller,
8902 10.300,POWERLINE Jobber drill HSS,Guhring Aus Stock Reseller,
8902 10.320,POWERLINE Jobber drill HSS 13/32,Guhring Aus Stock Reseller,
8902 10.400,POWERLINE Jobber drill HSS,Guhring Aus Stock Reseller,
8902 10.500,POWERLINE Jobber drill HSS,Guhring Aus Stock Reseller,
8902 10.600,POWERLINE Jobber drill HSS,Guhring Aus Stock Reseller,
8902 10.700,POWERLINE Jobber drill HSS,Guhring Aus Stock Reseller,
8902 10.720,POWERLINE Jobber drill HSS 27/64,Guhring Aus Stock Reseller,
8902 10.800,POWERLINE Jobber drill HSS,Guhring Aus Stock Reseller,
8902 10.900,POWERLINE Jobber drill HSS,Guhring Aus Stock Reseller,
8902 11.000,POWERLINE Jobber drill HSS,Guhring Aus Stock Reseller,
8902 11.100,POWERLINE Jobber drill HSS,Guhring Aus Stock Reseller,
8902 11.110,POWERLINE Jobber drill HSS 7/16,Guhring Aus Stock Reseller,
8902 11.200,POWERLINE Jobber drill HSS,Guhring Aus Stock Reseller,
8902 11.300,POWERLINE Jobber drill HSS,Guhring Aus Stock Reseller,
8902 11.400,POWERLINE Jobber drill HSS,Guhring Aus Stock Reseller,
8902 11.500,POWERLINE Jobber drill HSS,Guhring Aus Stock Reseller,
8902 11.510,POWERLINE Jobber drill HSS,Guhring Aus Stock Reseller,
8902 11.600,POWERLINE Jobber drill HSS,Guhring Aus Stock Reseller,
8902 11.700,POWERLINE Jobber drill HSS,Guhring Aus Stock Reseller,
8902 11.800,POWERLINE Jobber drill HSS,Guhring Aus Stock Reseller,
8902 11.900,POWERLINE Jobber drill HSS,Guhring Aus Stock Reseller,
8902 11.910,POWERLINE Jobber drill HSS 15/22,Guhring Aus Stock Reseller,
8902 12.000,POWERLINE Jobber drill HSS,Guhring Aus Stock Reseller,
8902 12.100,POWERLINE Jobber drill HSS,Guhring Aus Stock Reseller,
8902 12.200,POWERLINE Jobber drill HSS,Guhring Aus Stock Reseller,
8902 12.300,POWERLINE Jobber drill HSS 31/64,Guhring Aus Stock Reseller,
8902 12.400,POWERLINE Jobber drill HSS,Guhring Aus Stock Reseller,
8902 12.500,POWERLINE Jobber drill HSS,Guhring Aus Stock Reseller,
8902 12.600,POWERLINE Jobber drill HSS,Guhring Aus Stock Reseller,
8902 12.700,POWERLINE Jobber drill HSS 1/2,Guhring Aus Stock Reseller,
8902 12.800,POWERLINE Jobber drill HSS,Guhring Aus Stock Reseller,
8902 12.900,POWERLINE Jobber drill HSS,Guhring Aus Stock Reseller,
8902 13.000,POWERLINE Jobber drill HSS,Guhring Aus Stock Reseller,
8903 1.000,"SET Spiral Taps M3 - M10 Drills. Ø 2,5-8,5 Counter Sink Ø 6,3 + 12,4",Guhring Aus Stock Reseller,
8906 2.000,POWERLINE HSS Tip Coated Drill,Guhring Aus Stock Reseller,
8906 2.500,POWERLINE HSS Tip Coated Drill,Guhring Aus Stock Reseller,
8906 3.000,POWERLINE HSS Tip Coated Drill,Guhring Aus Stock Reseller,
8906 3.300,POWERLINE HSS Tip Coated Drill,Guhring Aus Stock Reseller,
8906 3.500,POWERLINE HSS Tip Coated Drill,Guhring Aus Stock Reseller,
8906 4.000,POWERLINE HSS Tip Coated Drill,Guhring Aus Stock Reseller,
8906 4.200,POWERLINE HSS Tip Coated Drill,Guhring Aus Stock Reseller,
8906 4.500,POWERLINE HSS Tip Coated Drill,Guhring Aus Stock Reseller,
8906 5.000,POWERLINE HSS Tip Coated Drill,Guhring Aus Stock Reseller,
8906 5.300,POWERLINE HSS Tip Coated Drill,Guhring Aus Stock Reseller,
8906 5.500,POWERLINE HSS Tip Coated Drill,Guhring Aus Stock Reseller,
8906 5.600,POWERLINE HSS Tip Coated Drill,Guhring Aus Stock Reseller,
8906 6.000,POWERLINE HSS Tip Coated Drill,Guhring Aus Stock Reseller,
8906 6.500,POWERLINE HSS Tip Coated Drill,Guhring Aus Stock Reseller,
8906 6.800,POWERLINE HSS Tip Coated Drill,Guhring Aus Stock Reseller,
8906 7.000,POWERLINE HSS Tip Coated Drill,Guhring Aus Stock Reseller,
8906 7.500,POWERLINE HSS Tip Coated Drill,Guhring Aus Stock Reseller,
8906 8.000,POWERLINE HSS Tip Coated Drill,Guhring Aus Stock Reseller,
8906 8.500,POWERLINE HSS Tip Coated Drill,Guhring Aus Stock Reseller,
8906 9.000,POWERLINE HSS Tip Coated Drill,Guhring Aus Stock Reseller,
8906 9.500,POWERLINE HSS Tip Coated Drill,Guhring Aus Stock Reseller,
8906 10.000,POWERLINE HSS Tip Coated Drill,Guhring Aus Stock Reseller,
8906 10.200,POWERLINE HSS Tip Coated Drill,Guhring Aus Stock Reseller,
8906 10.500,POWERLINE HSS Tip Coated Drill,Guhring Aus Stock Reseller,
8906 11.000,POWERLINE HSS Tip Coated Drill,Guhring Aus Stock Reseller,
8906 11.500,POWERLINE HSS Tip Coated Drill,Guhring Aus Stock Reseller,
8906 12.000,POWERLINE HSS Tip Coated Drill,Guhring Aus Stock Reseller,
8906 12.500,POWERLINE HSS Tip Coated Drill,Guhring Aus Stock Reseller,
8906 13.000,POWERLINE HSS Tip Coated Drill,Guhring Aus Stock Reseller,
8908 13.000,"POWERLINE Jobber drills with shank dia, 12,7 mm",Guhring Aus Stock Reseller,
8908 13.500,"POWERLINE Jobber drills with shank dia, 12,7 mm",Guhring Aus Stock Reseller,
8908 14.000,"POWERLINE Jobber drills with shank dia, 12,7 mm",Guhring Aus Stock Reseller,
8908 14.500,"POWERLINE Jobber drills with shank dia, 12,7 mm",Guhring Aus Stock Reseller,
8908 15.000,"POWERLINE Jobber drills with shank dia, 12,7 mm",Guhring Aus Stock Reseller,
8908 15.500,"POWERLINE Jobber drills with shank dia, 12,7 mm",Guhring Aus Stock Reseller,
8908 16.000,"POWERLINE Jobber drills with shank dia, 12,7 mm",Guhring Aus Stock Reseller,
8908 16.500,"POWERLINE Jobber drills with shank dia, 12,7 mm",Guhring Aus Stock Reseller,
8908 17.000,"POWERLINE Jobber drills with shank dia, 12,7 mm",Guhring Aus Stock Reseller,
8908 17.500,"POWERLINE Jobber drills with shank dia, 12,7 mm",Guhring Aus Stock Reseller,
8908 18.000,"POWERLINE Jobber drills with shank dia, 12,7 mm",Guhring Aus Stock Reseller,
8908 19.000,"POWERLINE Jobber drills with shank dia, 12,7 mm",Guhring Aus Stock Reseller,
8908 20.000,"POWERLINE Jobber drills with shank dia, 12,7 mm",Guhring Aus Stock Reseller,
8908 21.000,"POWERLINE Jobber drills with shank dia, 12,7 mm",Guhring Aus Stock Reseller,
8908 22.000,"POWERLINE Jobber drills with shank dia, 12,7 mm",Guhring Aus Stock Reseller,
8908 23.000,"POWERLINE Jobber drills with shank dia, 12,7 mm",Guhring Aus Stock Reseller,
8908 24.000,"POWERLINE Jobber drills with shank dia, 12,7 mm",Guhring Aus Stock Reseller,
8908 25.000,"POWERLINE Jobber drills with shank dia, 12,7 mm",Guhring Aus Stock Reseller,
8910 2.000,POWERLINE Double-ended drills,Guhring Aus Stock Reseller,
8910 2.500,POWERLINE Double-ended drills,Guhring Aus Stock Reseller,
8910 3.000,POWERLINE Double-ended drills,Guhring Aus Stock Reseller,
8910 3.200,POWERLINE Double-ended drills,Guhring Aus Stock Reseller,
8910 3.300,POWERLINE Double-ended drills,Guhring Aus Stock Reseller,
8910 4.000,POWERLINE Double-ended drills,Guhring Aus Stock Reseller,
8910 4.100,POWERLINE Double-ended drills,Guhring Aus Stock Reseller,
8910 4.200,POWERLINE Double-ended drills,Guhring Aus Stock Reseller,
8910 4.800,POWERLINE Double-ended drills,Guhring Aus Stock Reseller,
8910 4.900,POWERLINE Double-ended drills,Guhring Aus Stock Reseller,
8910 5.000,POWERLINE Double-ended drills,Guhring Aus Stock Reseller,
8910 5.200,POWERLINE Double-ended drills,Guhring Aus Stock Reseller,
8910 6.000,POWERLINE Double-ended drills,Guhring Aus Stock Reseller,
8910 8.000,POWERLINE Double-ended drills,Guhring Aus Stock Reseller,
8910 10.000,POWERLINE Double-ended drills,Guhring Aus Stock Reseller,
8926 6.000,POWERLINE Spot Weld Drills HSCO,Guhring Aus Stock Reseller,
8926 8.000,POWERLINE Spot Weld Drills HSCO,Guhring Aus Stock Reseller,
8928 0.014,Jobber drill HSCO Set 1-13mm 0.5mm increments,Guhring Aus Stock Reseller,
8940 5.000,POWERLINE 90° Countersink HSS,Guhring Aus Stock Reseller,
8940 6.300,POWERLINE 90° Countersink HSS,Guhring Aus Stock Reseller,
8940 8.000,POWERLINE 90° Countersink HSS,Guhring Aus Stock Reseller,
8940 8.300,POWERLINE 90° Countersink HSS,Guhring Aus Stock Reseller,
8940 10.000,POWERLINE 90° Countersink HSS,Guhring Aus Stock Reseller,
8940 10.400,POWERLINE 90° Countersink HSS,Guhring Aus Stock Reseller,
8940 11.500,POWERLINE 90° Countersink HSS,Guhring Aus Stock Reseller,
8940 12.400,POWERLINE 90° Countersink HSS,Guhring Aus Stock Reseller,
8940 13.400,POWERLINE 90° Countersink HSS,Guhring Aus Stock Reseller,
8940 15.000,POWERLINE 90° Countersink HSS,Guhring Aus Stock Reseller,
8940 16.500,POWERLINE 90° Countersink HSS,Guhring Aus Stock Reseller,
8940 20.500,POWERLINE 90° Countersink HSS,Guhring Aus Stock Reseller,
8940 25.000,POWERLINE 90° Countersink HSS,Guhring Aus Stock Reseller,
8940 30.000,POWERLINE 90° Countersink HSS,Guhring Aus Stock Reseller,
8940 31.000,POWERLINE 90° Countersink HSS,Guhring Aus Stock Reseller,
8950 3.000,POWERLINE Metric Spiral Tap HSS-E,Guhring Aus Stock Reseller,
8970 1.000,POWERLINE Metric Slot drills 2 Flute HSCO,Guhring Aus Stock Reseller,
8970 1.500,POWERLINE Metric Slot drills 2 Flute HSCO,Guhring Aus Stock Reseller,
8970 2.000,POWERLINE Metric Slot drills 2 Flute HSCO,Guhring Aus Stock Reseller,
8970 2.500,POWERLINE Metric Slot drills 2 Flute HSCO,Guhring Aus Stock Reseller,
8970 3.000,POWERLINE Metric Slot drills 2 Flute HSCO,Guhring Aus Stock Reseller,
8970 4.000,POWERLINE Metric Slot drills 2 Flute HSCO,Guhring Aus Stock Reseller,
8970 5.000,POWERLINE Metric Slot drills 2 Flute HSCO,Guhring Aus Stock Reseller,
8970 6.000,POWERLINE Metric Slot drills 2 Flute HSCO,Guhring Aus Stock Reseller,
8970 6.500,POWERLINE Metric Slot drills 2 Flute HSCO,Guhring Aus Stock Reseller,
8970 7.000,POWERLINE Metric Slot drills 2 Flute HSCO,Guhring Aus Stock Reseller,
8970 8.000,POWERLINE Metric Slot drills 2 Flute HSCO,Guhring Aus Stock Reseller,
8970 9.000,POWERLINE Metric Slot drills 2 Flute HSCO,Guhring Aus Stock Reseller,
8970 10.000,POWERLINE Metric Slot drills 2 Flute HSCO,Guhring Aus Stock Reseller,
8970 11.000,POWERLINE Metric Slot drills 2 Flute HSCO,Guhring Aus Stock Reseller,
8970 12.000,POWERLINE Metric Slot drills 2 Flute HSCO,Guhring Aus Stock Reseller,
8970 13.000,POWERLINE Metric Slot drills 2 Flute HSCO,Guhring Aus Stock Reseller,
8970 14.000,POWERLINE Metric Slot drills 2 Flute HSCO,Guhring Aus Stock Reseller,
8970 15.000,POWERLINE Metric Slot drills 2 Flute HSCO,Guhring Aus Stock Reseller,
8970 16.000,POWERLINE Metric Slot drills 2 Flute HSCO,Guhring Aus Stock Reseller,
8970 17.000,POWERLINE Metric Slot drills 2 Flute HSCO,Guhring Aus Stock Reseller,
8970 18.000,POWERLINE Metric Slot drills 2 Flute HSCO,Guhring Aus Stock Reseller,
8970 19.000,POWERLINE Metric Slot drills 2 Flute HSCO,Guhring Aus Stock Reseller,
8970 20.000,POWERLINE Metric Slot drills 2 Flute HSCO,Guhring Aus Stock Reseller,
8970 22.000,POWERLINE Metric Slot drills 2 Flute HSCO,Guhring Aus Stock Reseller,
8970 25.000,POWERLINE Metric Slot drills 2 Flute HSCO,Guhring Aus Stock Reseller,
9500 1.000,Step Power Drill HSS,Guhring Aus Stock Reseller,
9500 1.500,Step Power Drill HSS,Guhring Aus Stock Reseller,
9500 2.000,Step Power Drill HSS,Guhring Aus Stock Reseller,
9500 2.500,Step Power Drill HSS,Guhring Aus Stock Reseller,
9500 3.000,Step Power Drill HSS,Guhring Aus Stock Reseller,
9500 3.500,Step Power Drill HSS,Guhring Aus Stock Reseller,
9500 4.000,Step Power Drill HSS,Guhring Aus Stock Reseller,
9500 4.200,Step Power Drill HSS,Guhring Aus Stock Reseller,
9500 4.500,Step Power Drill HSS,Guhring Aus Stock Reseller,
9500 5.000,Step Power Drill HSS,Guhring Aus Stock Reseller,
9500 5.500,Step Power Drill HSS,Guhring Aus Stock Reseller,
9500 6.000,Step Power Drill HSS,Guhring Aus Stock Reseller,
9500 6.500,Step Power Drill HSS,Guhring Aus Stock Reseller,
9500 6.800,Step Power Drill HSS,Guhring Aus Stock Reseller,
9500 7.000,Step Power Drill HSS,Guhring Aus Stock Reseller,
9500 7.500,Step Power Drill HSS,Guhring Aus Stock Reseller,
9500 8.000,Step Power Drill HSS,Guhring Aus Stock Reseller,
9500 8.500,Step Power Drill HSS,Guhring Aus Stock Reseller,
9500 9.000,Step Power Drill HSS,Guhring Aus Stock Reseller,
9500 9.500,Step Power Drill HSS,Guhring Aus Stock Reseller,
9500 10.000,Step Power Drill HSS,Guhring Aus Stock Reseller,
9500 10.200,Step Power Drill HSS,Guhring Aus Stock Reseller,
9500 10.500,Step Power Drill HSS,Guhring Aus Stock Reseller,
9500 11.000,Step Power Drill HSS,Guhring Aus Stock Reseller,
9500 11.500,Step Power Drill HSS,Guhring Aus Stock Reseller,
9500 12.000,Step Power Drill HSS,Guhring Aus Stock Reseller,
9500 12.500,Step Power Drill HSS,Guhring Aus Stock Reseller,
9500 13.000,Step Power Drill HSS,Guhring Aus Stock Reseller,
9501 0.013,HSS Step Point  Jobber Drill set 1-10mm in 0.5mm increments,Guhring Aus Stock Reseller,
9501 0.014,"Step Powerdrill Set 1 – 13 mm, 0.5 mm increments",Guhring Aus Stock Reseller,
9651 1.000,HSS Tip Coated Drill,Guhring Aus Stock Reseller,
9651 1.100,HSS Tip Coated Drill,Guhring Aus Stock Reseller,
9651 1.200,HSS Tip Coated Drill,Guhring Aus Stock Reseller,
9651 1.300,HSS Tip Coated Drill,Guhring Aus Stock Reseller,
9651 1.400,HSS Tip Coated Drill,Guhring Aus Stock Reseller,
9651 1.500,HSS Tip Coated Drill,Guhring Aus Stock Reseller,
9651 1.590,"HSS Tip Coated Drill 1/16""",Guhring Aus Stock Reseller,
9651 1.600,HSS Tip Coated Drill,Guhring Aus Stock Reseller,
9651 1.700,HSS Tip Coated Drill,Guhring Aus Stock Reseller,
9651 1.800,HSS Tip Coated Drill,Guhring Aus Stock Reseller,
9651 1.900,HSS Tip Coated Drill,Guhring Aus Stock Reseller,
9651 1.980,"HSS Tip Coated Drill 5/64""",Guhring Aus Stock Reseller,
9651 2.000,HSS Tip Coated Drill,Guhring Aus Stock Reseller,
9651 2.100,HSS Tip Coated Drill,Guhring Aus Stock Reseller,
9651 2.200,HSS Tip Coated Drill,Guhring Aus Stock Reseller,
9651 2.300,HSS Tip Coated Drill,Guhring Aus Stock Reseller,
9651 2.380,"HSS Tip Coated Drill 3/32""",Guhring Aus Stock Reseller,
9651 2.400,HSS Tip Coated Drill,Guhring Aus Stock Reseller,
9651 2.500,HSS Tip Coated Drill,Guhring Aus Stock Reseller,
9651 2.600,HSS Tip Coated Drill,Guhring Aus Stock Reseller,
9651 2.700,HSS Tip Coated Drill,Guhring Aus Stock Reseller,
9651 2.780,"HSS Tip Coated Drill 7/64""",Guhring Aus Stock Reseller,
9651 2.800,HSS Tip Coated Drill,Guhring Aus Stock Reseller,
9651 2.900,HSS Tip Coated Drill,Guhring Aus Stock Reseller,
9651 3.000,HSS Tip Coated Drill,Guhring Aus Stock Reseller,
9651 3.100,HSS Tip Coated Drill,Guhring Aus Stock Reseller,
9651 3.170,"HSS Tip Coated Drill 1/8""",Guhring Aus Stock Reseller,
9651 3.200,HSS Tip Coated Drill,Guhring Aus Stock Reseller,
9651 3.300,HSS Tip Coated Drill,Guhring Aus Stock Reseller,
9651 3.400,HSS Tip Coated Drill,Guhring Aus Stock Reseller,
9651 3.500,HSS Tip Coated Drill,Guhring Aus Stock Reseller,
9651 3.570,"HSS Tip Coated Drill 9/64""",Guhring Aus Stock Reseller,
9651 3.600,HSS Tip Coated Drill,Guhring Aus Stock Reseller,
9651 3.700,HSS Tip Coated Drill,Guhring Aus Stock Reseller,
9651 3.800,HSS Tip Coated Drill,Guhring Aus Stock Reseller,
9651 3.900,HSS Tip Coated Drill,Guhring Aus Stock Reseller,
9651 3.970,"HSS Tip Coated Drill 5/32""",Guhring Aus Stock Reseller,
9651 4.000,HSS Tip Coated Drill,Guhring Aus Stock Reseller,
9651 4.100,HSS Tip Coated Drill,Guhring Aus Stock Reseller,
9651 4.200,HSS Tip Coated Drill,Guhring Aus Stock Reseller,
9651 4.300,HSS Tip Coated Drill,Guhring Aus Stock Reseller,
9651 4.370,"HSS Tip Coated Drill 11/64""",Guhring Aus Stock Reseller,
9651 4.400,HSS Tip Coated Drill,Guhring Aus Stock Reseller,
9651 4.500,HSS Tip Coated Drill,Guhring Aus Stock Reseller,
9651 4.600,HSS Tip Coated Drill,Guhring Aus Stock Reseller,
9651 4.700,HSS Tip Coated Drill,Guhring Aus Stock Reseller,
9651 4.760,"HSS Tip Coated Drill 3/16""",Guhring Aus Stock Reseller,
9651 4.800,HSS Tip Coated Drill,Guhring Aus Stock Reseller,
9651 4.900,HSS Tip Coated Drill,Guhring Aus Stock Reseller,
9651 5.000,HSS Tip Coated Drill,Guhring Aus Stock Reseller,
9651 5.100,HSS Tip Coated Drill,Guhring Aus Stock Reseller,
9651 5.160,"HSS Tip Coated Drill 13/64""",Guhring Aus Stock Reseller,
9651 5.200,HSS Tip Coated Drill,Guhring Aus Stock Reseller,
9651 5.300,HSS Tip Coated Drill,Guhring Aus Stock Reseller,
9651 5.400,HSS Tip Coated Drill,Guhring Aus Stock Reseller,
9651 5.500,HSS Tip Coated Drill,Guhring Aus Stock Reseller,
9651 5.560,"HSS Tip Coated Drill 7/32""",Guhring Aus Stock Reseller,
9651 5.600,HSS Tip Coated Drill,Guhring Aus Stock Reseller,
9651 5.700,HSS Tip Coated Drill,Guhring Aus Stock Reseller,
9651 5.800,HSS Tip Coated Drill,Guhring Aus Stock Reseller,
9651 5.900,HSS Tip Coated Drill,Guhring Aus Stock Reseller,
9651 5.950,"HSS Tip Coated Drill 15/64""",Guhring Aus Stock Reseller,
9651 6.000,HSS Tip Coated Drill,Guhring Aus Stock Reseller,
9651 6.100,HSS Tip Coated Drill,Guhring Aus Stock Reseller,
9651 6.200,HSS Tip Coated Drill,Guhring Aus Stock Reseller,
9651 6.300,HSS Tip Coated Drill,Guhring Aus Stock Reseller,
9651 6.350,"HSS Tip Coated Drill 1/4""",Guhring Aus Stock Reseller,
9651 6.400,HSS Tip Coated Drill,Guhring Aus Stock Reseller,
9651 6.500,HSS Tip Coated Drill,Guhring Aus Stock Reseller,
9651 6.600,HSS Tip Coated Drill,Guhring Aus Stock Reseller,
9651 6.700,HSS Tip Coated Drill,Guhring Aus Stock Reseller,
9651 6.750,"HSS Tip Coated Drill 17/64""",Guhring Aus Stock Reseller,
9651 6.800,HSS Tip Coated Drill,Guhring Aus Stock Reseller,
9651 6.900,HSS Tip Coated Drill,Guhring Aus Stock Reseller,
9651 7.000,HSS Tip Coated Drill,Guhring Aus Stock Reseller,
9651 7.100,HSS Tip Coated Drill,Guhring Aus Stock Reseller,
9651 7.140,"HSS Tip Coated Drill 9/32""",Guhring Aus Stock Reseller,
9651 7.200,HSS Tip Coated Drill,Guhring Aus Stock Reseller,
9651 7.300,HSS Tip Coated Drill,Guhring Aus Stock Reseller,
9651 7.400,HSS Tip Coated Drill,Guhring Aus Stock Reseller,
9651 7.500,HSS Tip Coated Drill,Guhring Aus Stock Reseller,
9651 7.540,"HSS Tip Coated Drill 19/64""",Guhring Aus Stock Reseller,
9651 7.600,HSS Tip Coated Drill,Guhring Aus Stock Reseller,
9651 7.700,HSS Tip Coated Drill,Guhring Aus Stock Reseller,
9651 7.800,HSS Tip Coated Drill,Guhring Aus Stock Reseller,
9651 7.900,HSS Tip Coated Drill,Guhring Aus Stock Reseller,
9651 7.940,"HSS Tip Coated Drill 5/16""",Guhring Aus Stock Reseller,
9651 8.000,HSS Tip Coated Drill,Guhring Aus Stock Reseller,
9651 8.100,HSS Tip Coated Drill,Guhring Aus Stock Reseller,
9651 8.200,HSS Tip Coated Drill,Guhring Aus Stock Reseller,
9651 8.300,HSS Tip Coated Drill,Guhring Aus Stock Reseller,
9651 8.330,"HSS Tip Coated Drill 21/64""",Guhring Aus Stock Reseller,
9651 8.400,HSS Tip Coated Drill,Guhring Aus Stock Reseller,
9651 8.500,HSS Tip Coated Drill,Guhring Aus Stock Reseller,
9651 8.600,HSS Tip Coated Drill,Guhring Aus Stock Reseller,
9651 8.700,HSS Tip Coated Drill,Guhring Aus Stock Reseller,
9651 8.730,"HSS Tip Coated Drill 11/32""",Guhring Aus Stock Reseller,
9651 8.800,HSS Tip Coated Drill,Guhring Aus Stock Reseller,
9651 8.900,HSS Tip Coated Drill,Guhring Aus Stock Reseller,
9651 9.000,HSS Tip Coated Drill,Guhring Aus Stock Reseller,
9651 9.100,HSS Tip Coated Drill,Guhring Aus Stock Reseller,
9651 9.130,"HSS Tip Coated Drill 23/64""",Guhring Aus Stock Reseller,
9651 9.200,HSS Tip Coated Drill,Guhring Aus Stock Reseller,
9651 9.300,HSS Tip Coated Drill,Guhring Aus Stock Reseller,
9651 9.400,HSS Tip Coated Drill,Guhring Aus Stock Reseller,
9651 9.500,HSS Tip Coated Drill,Guhring Aus Stock Reseller,
9651 9.520,"HSS Tip Coated Drill 3/8""",Guhring Aus Stock Reseller,
9651 9.600,HSS Tip Coated Drill,Guhring Aus Stock Reseller,
9651 9.700,HSS Tip Coated Drill,Guhring Aus Stock Reseller,
9651 9.800,HSS Tip Coated Drill,Guhring Aus Stock Reseller,
9651 9.900,HSS Tip Coated Drill,Guhring Aus Stock Reseller,
9651 9.920,"HSS Tip Coated Drill 25/64""",Guhring Aus Stock Reseller,
9651 10.000,HSS Tip Coated Drill,Guhring Aus Stock Reseller,
9651 10.100,HSS Tip Coated Drill,Guhring Aus Stock Reseller,
9651 10.200,HSS Tip Coated Drill,Guhring Aus Stock Reseller,
9651 10.300,HSS Tip Coated Drill,Guhring Aus Stock Reseller,
9651 10.320,"HSS Tip Coated Drill 13/32""",Guhring Aus Stock Reseller,
9651 10.400,HSS Tip Coated Drill,Guhring Aus Stock Reseller,
9651 10.500,HSS Tip Coated Drill,Guhring Aus Stock Reseller,
9651 10.720,"HSS Tip Coated Drill 27/64""",Guhring Aus Stock Reseller,
9651 10.800,HSS Tip Coated Drill,Guhring Aus Stock Reseller,
9651 11.000,HSS Tip Coated Drill,Guhring Aus Stock Reseller,
9651 11.110,"HSS Tip Coated Drill 7/16""",Guhring Aus Stock Reseller,
9651 11.500,HSS Tip Coated Drill,Guhring Aus Stock Reseller,
9651 11.510,"HSS Tip Coated Drill 29/64""",Guhring Aus Stock Reseller,
9651 11.800,HSS Tip Coated Drill,Guhring Aus Stock Reseller,
9651 11.910,"HSS Tip Coated Drill 15/32""",Guhring Aus Stock Reseller,
9651 12.000,HSS Tip Coated Drill,Guhring Aus Stock Reseller,
9651 12.300,"HSS Tip Coated Drill 31/64""",Guhring Aus Stock Reseller,
9651 12.400,HSS Tip Coated Drill,Guhring Aus Stock Reseller,
9651 12.500,HSS Tip Coated Drill,Guhring Aus Stock Reseller,
9651 12.700,"HSS Tip Coated Drill 1/2""",Guhring Aus Stock Reseller,
9651 12.800,HSS Tip Coated Drill,Guhring Aus Stock Reseller,
9651 13.000,HSS Tip Coated Drill,Guhring Aus Stock Reseller,
9651 13.500,HSS Tip Coated Drill,Guhring Aus Stock Reseller,
9651 14.000,HSS Tip Coated Drill,Guhring Aus Stock Reseller,
9651 14.500,HSS Tip Coated Drill,Guhring Aus Stock Reseller,
9651 15.000,HSS Tip Coated Drill,Guhring Aus Stock Reseller,
9651 15.500,HSS Tip Coated Drill,Guhring Aus Stock Reseller,
19978 2.000,Carbide PowerMill 4fl End Mill Fire Coated,Guhring Aus Stock Reseller,
19978 3.000,Carbide PowerMill 4fl End Mill Fire Coated,Guhring Aus Stock Reseller,
19978 4.000,Carbide PowerMill 4fl End Mill Fire Coated,Guhring Aus Stock Reseller,
19978 5.000,Carbide PowerMill 4fl End Mill Fire Coated,Guhring Aus Stock Reseller,
19978 6.000,Carbide PowerMill 4fl End Mill Fire Coated,Guhring Aus Stock Reseller,
19978 7.000,Carbide PowerMill 4fl End Mill Fire Coated,Guhring Aus Stock Reseller,
19978 8.000,Carbide PowerMill 4fl End Mill Fire Coated,Guhring Aus Stock Reseller,
19978 9.000,Carbide PowerMill 4fl End Mill Fire Coated,Guhring Aus Stock Reseller,
19978 10.000,Carbide PowerMill 4fl End Mill Fire Coated,Guhring Aus Stock Reseller,
19978 11.000,Carbide PowerMill 4fl End Mill Fire Coated,Guhring Aus Stock Reseller,
19978 12.000,Carbide PowerMill 4fl End Mill Fire Coated,Guhring Aus Stock Reseller,
19978 14.000,Carbide PowerMill 4fl End Mill Fire Coated,Guhring Aus Stock Reseller,
19978 16.000,Carbide PowerMill 4fl End Mill Fire Coated,Guhring Aus Stock Reseller,
19978 18.000,Carbide PowerMill 4fl End Mill Fire Coated,Guhring Aus Stock Reseller,
19978 20.000,Carbide PowerMill 4fl End Mill Fire Coated,Guhring Aus Stock Reseller,
26100 22.020,"Square Shank Holder Straight, External Machining, without IC 12X12MM RH",Guhring Aus Stock Reseller,
26100 22.030,"Square Shank Holder Straight, External Machining, without IC 12.7X12.7MM RH",Guhring Aus Stock Reseller,
26100 22.040,"Square Shank Holder Straight, External Machining, without IC 18.87X15.87MM RH",Guhring Aus Stock Reseller,
26100 22.050,"Square Shank Holder Straight, External Machining, without IC 16X16MM RH",Guhring Aus Stock Reseller,
26100 22.060,"Square Shank Holder Straight, External Machining, without IC 19.05X19.05MM RH",Guhring Aus Stock Reseller,
26100 22.070,"Square Shank Holder Straight, External Machining, without IC 20X20MM RH",Guhring Aus Stock Reseller,
26100 22.080,"Square Shank Holder Straight, External Machining, without IC 25X25MM RH",Guhring Aus Stock Reseller,
26100 22.090,"Square Shank Holder Straight, External Machining, without IC 25.4X25.4MM RH",Guhring Aus Stock Reseller,
26101 22.020,"Square Shank Holder Straight, External Machining, without IC 12X1MM LH",Guhring Aus Stock Reseller,
26101 22.030,"Square Shank Holder Straight, External Machining, without IC 12.7X12.7MM LH",Guhring Aus Stock Reseller,
26101 22.040,"Square Shank Holder Straight, External Machining, without IC 15.87X15.87MM LH",Guhring Aus Stock Reseller,
26101 22.050,"Square Shank Holder Straight, External Machining, without IC 16X16MM LH",Guhring Aus Stock Reseller,
26101 22.060,"Square Shank Holder Straight, External Machining, without IC 19.05X19.05MM LH",Guhring Aus Stock Reseller,
26101 22.070,"Square Shank Holder Straight, External Machining, without IC 20X20MM LH",Guhring Aus Stock Reseller,
26101 22.080,"Square Shank Holder Straight, External Machining, without IC 25X25MM LH",Guhring Aus Stock Reseller,
26101 22.090,"Square Shank Holder Straight, External Machining, without IC 25.4X25.4MM LH",Guhring Aus Stock Reseller,
26102 22.020,"Square Shank Holder Straight, External Machining, with IC 12X12MM RH",Guhring Aus Stock Reseller,
26102 22.030,"Square Shank Holder Straight, External Machining, with IC 12.7X12.7MM RH",Guhring Aus Stock Reseller,
26102 22.040,"Square Shank Holder Straight, External Machining, with IC 15.87X15.87MM RH",Guhring Aus Stock Reseller,
26102 22.050,"Square Shank Holder Straight, External Machining, with IC 16X16MM RH",Guhring Aus Stock Reseller,
26102 22.060,"Square Shank Holder Straight, External Machining, with IC 19.05X19.05MM RH",Guhring Aus Stock Reseller,
26102 22.070,"Square Shank Holder Straight, External Machining, with IC 20X20MM RH",Guhring Aus Stock Reseller,
26102 22.080,"Square Shank Holder Straight, External Machining, with IC 25X25MM RH",Guhring Aus Stock Reseller,
26102 22.090,"Square Shank Holder Straight, External Machining, with IC 25.4X25.4MM RH",Guhring Aus Stock Reseller,
26103 22.020,"Square Shank Holder Straight, External Machining, with IC 12X12MM LH",Guhring Aus Stock Reseller,
26103 22.030,"Square Shank Holder Straight, External Machining, with IC 12.7X12.7MM LH",Guhring Aus Stock Reseller,
26103 22.040,"Square Shank Holder Straight, External Machining, with IC 15.87X15.87MM LH",Guhring Aus Stock Reseller,
26103 22.050,"Square Shank Holder Straight, External Machining, with IC 16X16MM LH",Guhring Aus Stock Reseller,
26103 22.060,"Square Shank Holder Straight, External Machining, with IC 19.05X19.05MM LH",Guhring Aus Stock Reseller,
26103 22.070,"Square Shank Holder Straight, External Machining, with IC 20X20MM LH",Guhring Aus Stock Reseller,
26103 22.080,"Square Shank Holder Straight, External Machining, with IC 25X25MM LH",Guhring Aus Stock Reseller,
26103 22.090,"Square Shank Holder Straight, External Machining, with IC 25.4X25.4MM LH",Guhring Aus Stock Reseller,
26200 22.002,"Parting off blades, without IC 2.25X26MM N 3 mm",Guhring Aus Stock Reseller,
26200 22.003,"Parting off blades, without IC 2.25X32MM N 3 mm",Guhring Aus Stock Reseller,
26201 22.002,"Parting off blades, with IC 2.25X26MM N 3 mm",Guhring Aus Stock Reseller,
26201 22.003,"Parting off blades, with IC 2.25X32MM N 3 mm",Guhring Aus Stock Reseller,
26601 22.020,Solid Carbide Indexable Parting off Insert Fire Coated Neutral 2.0 mm,Guhring Aus Stock Reseller,
26601 22.030,Solid Carbide Indexable Parting off Insert Fire Coated Neutral,Guhring Aus Stock Reseller,
26602 22.020,GZ222.0200.020.PM.01.R.08,Guhring Aus Stock Reseller,
26602 22.030,Solid Carbide Indexable Parting off Insert Fire Coated Right Hand,Guhring Aus Stock Reseller,
26603 22.020,GZ222.0200.020.PM.01.L.08,Guhring Aus Stock Reseller,
26603 22.030,Solid Carbide Indexable Parting off Insert Fire Coated Left Hand,Guhring Aus Stock Reseller,
26604 22.030,Solid Carbide Indexable Parting off Insert Fire Coated Single Side 1 Cutting Edge,Guhring Aus Stock Reseller,
26605 22.020,GZ222.0200.020.MP.02.N VHM NANOA WSS,Guhring Aus Stock Reseller,
26605 22.030,Solid Carbide Indexable Parting off Insert Fire Coated Neutral St. Steel,Guhring Aus Stock Reseller,
