product_name,supplier_name,sku,unit_price
USB Data Acquisition Cable,Master 01 Apr,,
USB Programmable Data Acquisition Cable,Master 01 Apr,,
150mm Metric Dial Caliper,Master 01 Apr,,
150mm Dial Caliper,Master 01 Apr,,
"6"" Dial Caliper",Master 01 Apr,,
200mm Metric Dial Caliper,Master 01 Apr,,
200mm Dial Caliper,Master 01 Apr,,
"8"" Dial Caliper",Master 01 Apr,,
300mm Metric Dial Caliper,Master 01 Apr,,
"12"" Dial Caliper",Master 01 Apr,,
150mm Dualscale Large Screen Digital Caliper,Master 01 Apr,,
200mm Dualscale Large Screen Digital Caliper,Master 01 Apr,,
300mm Dualscale Large Screen Digital Caliper,Master 01 Apr,,
9-150 mm Inside Groove Caliper,Master 01 Apr,,
9-200 mm Inside Groove Caliper,Master 01 Apr,,
150mm Digital Caliper,Master 01 Apr,,
150mm Dual Scale Digital IP54 Caliper,Master 01 Apr,,
150mm Dual Scale Digital Caliper,Master 01 Apr,,
150mm Dual Scale Digital Caliper,Master 01 Apr,,
200mm Digital Caliper,Master 01 Apr,,
200mm Dual Scale Digital IP54 Caliper,Master 01 Apr,,
200mm Dual Scale Digital Caliper,Master 01 Apr,,
200mm Dual Scale Digital Caliper,Master 01 Apr,,
300mm Digital Caliper,Master 01 Apr,,
300mm Dual Scale Digital IP54 Caliper,Master 01 Apr,,
300mm Dual Scale Digital Caliper,Master 01 Apr,,
300mm Dual Scale Digital Caliper,Master 01 Apr,,
150mm Ip67 Digital Caliper,Master 01 Apr,,
150mm Coolant Proof Dual Scale Digital IP67 Caliper,Master 01 Apr,,
200mm Ip67 Digital Caliper,Master 01 Apr,,
200mm Coolant Proof Dual Scale Digital IP67 Caliper,Master 01 Apr,,
300mm Ip67 Digital Caliper,Master 01 Apr,,
300mm Coolant Proof Dual Scale Digital IP67 Caliper,Master 01 Apr,,
150mm Fractional Imperial & Metric IP54 Digital Caliper,Master 01 Apr,,
200mm Fractional Imperial & Metric Digital IP54 Caliper,Master 01 Apr,,
300mm Fractional Metric & Imperial IP54 Digital Caliper,Master 01 Apr,,
100mm Mini Digital Caliper,Master 01 Apr,,
150mm Carbide Tipped Dual Scale Digital Caliper,Master 01 Apr,,
200mm Carbide Tipped Dual Scale Digital Caliper,Master 01 Apr,,
300mm Carbide Tipped Dual Scale Digital Caliper,Master 01 Apr,,
150mm Plastic Digital Caliper,Master 01 Apr,,
300mm Dual Scale Digital Caliper,Master 01 Apr,,
500mm Digital Caliper,Master 01 Apr,,
500mm Digital Caliper,Master 01 Apr,,
500mm Dualscale Digital Caliper,Master 01 Apr,,
600mm Dual Scale Digital Caliper,Master 01 Apr,,
600mm Digital Caliper,Master 01 Apr,,
1000mm Dual Scale Digital Caliper,Master 01 Apr,,
1000mm Dualscale Digital Caliper,Master 01 Apr,,
600mm Dual Scale Digital Caliper,Master 01 Apr,,
600mm Dual Scale Long Jaw Digital Caliper,Master 01 Apr,,
1000mm Dual Scale Digital Caliper,Master 01 Apr,,
1000mm Digital Long Jaw Caliper,Master 01 Apr,,
1500mm Digital Caliper,Master 01 Apr,,
150mm Dual Scale Vernier Caliper,Master 01 Apr,,
200mm Dual Scale Vernier Caliper,Master 01 Apr,,
300mm Dual Scale Vernier Caliper,Master 01 Apr,,
70mm Mini Vernier Caliper,Master 01 Apr,,
150mm Vernier Caliper,Master 01 Apr,,
200mm Vernier Caliper,Master 01 Apr,,
200mm Vernier Caliper,Master 01 Apr,,
125mm Vernier Caliper,Master 01 Apr,,
175mm Vernier Caliper,Master 01 Apr,,
275mm Vernier Caliper,Master 01 Apr,,
300mm Dual Scale Long Jaw Vernier Caliper,Master 01 Apr,,
300mm Dual Scale Long Jaw Vernier Caliper,Master 01 Apr,,
600mm Dual Scale Long Jaw Vernier Caliper,Master 01 Apr,,
600mm Dual Scale Long Jaw Vernier Caliper,Master 01 Apr,,
500mm Vernier Caliper,Master 01 Apr,,
600mm Dual Scale Vernier Caliper,Master 01 Apr,,
1000mm Dual Scale Vernier Caliper,Master 01 Apr,,
1500mm Dual Scale Vernier Caliper,Master 01 Apr,,
2000mm Dual Scale Vernier Caliper,Master 01 Apr,,
500mm Dual Scale Vernier Caliper,Master 01 Apr,,
300mm Digital Caliper,Master 01 Apr,,
11-150 mm Digital Inside Groove Caliper,Master 01 Apr,,
25-300mm Digital Inside Groove Caliper,Master 01 Apr,,
0-150mm Digital Outside Neck Caliper,Master 01 Apr,,
150mm Digital Outside Point Caliper,Master 01 Apr,,
25-150mm Digital Inside Neck Caliper,Master 01 Apr,,
25-200mm Digital Inside Neck Caliper,Master 01 Apr,,
30-300mm Digital Inside Neck Caliper,Master 01 Apr,,
24-150mm  Digital Inside Point Caliper,Master 01 Apr,,
25-200mm  Digital Inside Point Caliper,Master 01 Apr,,
50-300mm  Digital Inside Point Caliper,Master 01 Apr,,
150mm Digital Tube Thickness Caliper,Master 01 Apr,,
150mm Digital Point Caliper,Master 01 Apr,,
15-150mm Digital Inside Knife Edge Caliper,Master 01 Apr,,
200mm Digital Inside Knife-Edge Caliper,Master 01 Apr,,
150mm Outside Neck Vernier Caliper,Master 01 Apr,,
24-150mm Inside Point Vernier Caliper,Master 01 Apr,,
0-500mm Vernier Drum Brake Caliper,Master 01 Apr,,
24-150mm Digital Caliper with Interchangeable Points,Master 01 Apr,,
24-340mm Digital Caliper with Interchangeable Points,Master 01 Apr,,
300mm Digital Caliper With Interchangeable Point,Master 01 Apr,,
10-300mm Offset Centreline Digital Caliper,Master 01 Apr,,
150mm Dual Scale Digital Blade Caliper,Master 01 Apr,,
200mm Dual Scale Digital Blade Caliper,Master 01 Apr,,
300mm Dual Scale Digital Blade Caliper,Master 01 Apr,,
125mm Digital Hook Caliper,Master 01 Apr,,
3-200mm Dualscale Digital Hook Caliper,Master 01 Apr,,
M1-25mm Digital  Gear Tooth Caliper,Master 01 Apr,,
125mm Dual Scale Digital Disc Brake Caliper,Master 01 Apr,,
300mm Dual Scale Digital Drum Brake Caliper,Master 01 Apr,,
9-150mm Inside Groove Digital Caliper,Master 01 Apr,,
9-200mm Inside Groove Digital Caliper,Master 01 Apr,,
6 mm Chamfer Gauge,Master 01 Apr,,
8 mm Digital Chamfer Gauge,Master 01 Apr,,
10mm Digital Chamfer Gauge,Master 01 Apr,,
10mm Digital Chamfer Gauge,Master 01 Apr,,
50mm Digital Chamfer Gauge,Master 01 Apr,,
200mm Digital Caliper with Large Measuring Faces,Master 01 Apr,,
150mm Small Point Digital Caliper,Master 01 Apr,,
180mm Extension Base For Depth Caliper,Master 01 Apr,,
260mm Extension Base for Depth Caliper,Master 01 Apr,,
320mm Extension Base For Depth Caliper,Master 01 Apr,,
150mm Digital Depth Caliper,Master 01 Apr,,
200mm Digital Depth Caliper,Master 01 Apr,,
300mm Digital Depth Caliper,Master 01 Apr,,
500mm Digital Depth Caliper,Master 01 Apr,,
200mm Digital Pin Depth Caliper,Master 01 Apr,,
150mm Digital Hook Depth Caliper,Master 01 Apr,,
150mm Digital Double Hook Depth Caliper,Master 01 Apr,,
200mm Digital Double Hook Depth Caliper,Master 01 Apr,,
300mm Digital Double Hook Depth Caliper,Master 01 Apr,,
25mm Digital Depth Caliper,Master 01 Apr,,
30mm Vernier Depth Gauge,Master 01 Apr,,
150mm Vernier Depth Caliper,Master 01 Apr,,
200mm Vernier Depth Caliper,Master 01 Apr,,
300mm Vernier Depth Caliper,Master 01 Apr,,
500mm Vernier Depth Caliper,Master 01 Apr,,
150mm Vernier Depth Caliper,Master 01 Apr,,
200mm Vernier Depth Caliper,Master 01 Apr,,
300mm Vernier Depth Caliper,Master 01 Apr,,
75mm Depth Caliper Base Attachment,Master 01 Apr,,
100mm Depth Caliper Base Attachment,Master 01 Apr,,
 Scriber For Height Gauges,Master 01 Apr,,
 Scriber For Height Gauges,Master 01 Apr,,
 Scriber For Height Gauges,Master 01 Apr,,
FOR 181-040-11 Scriber For Height Gages,Master 01 Apr,,
 Scriber For Height Gauges,Master 01 Apr,,
 Scriber For Height Gauges,Master 01 Apr,,
Scriber for Height Gauge,Master 01 Apr,,
300mm Dual Scale Digital Output Height Gauge,Master 01 Apr,,
600mm Dual Scale Digital Output Height Gauge,Master 01 Apr,,
1000mm Digital Height Gage,Master 01 Apr,,
300mm Dual Scale Digital Output Height Gauge,Master 01 Apr,,
600mm Dual Scale Digital Output Height Gauge,Master 01 Apr,,
150mm Mini Digital Height Gage,Master 01 Apr,,
150mm Mini Digital Height Gage,Master 01 Apr,,
200mm Mini Digital Height Gage,Master 01 Apr,,
300mm Dual Scale Vernier Height Gauge,Master 01 Apr,,
600mm Dual Scale Vernier Height Gauge,Master 01 Apr,,
150mm Dual Scale Vernier Height Gauge,Master 01 Apr,,
150mm Digital Depth Caliper With Holes,Master 01 Apr,,
150mm Digital Depth Caliper With Round Depth Bar,Master 01 Apr,,
25mm Digital Depth Caliper With Round Depth Bar,Master 01 Apr,,
50mm Digital Depth Caliper With Round Depth Bar,Master 01 Apr,,
50mm Digital Keyway Gauge,Master 01 Apr,,
0-100mm Digital Keyway Gauge,Master 01 Apr,,
USB Digital Indicator Data Acquisition Cable,Master 01 Apr,,
USB Programmable Data Acquisition Cable,Master 01 Apr,,
100/200/300/400/500 Series Usb Output Interface,Master 01 Apr,,
100/200/300/400/500 Series Usb Output Interface,Master 01 Apr,,
12.7mm Digital Indicator,Master 01 Apr,,
12.7mm Digital Indicator,Master 01 Apr,,
25.4mm Digital Indicator,Master 01 Apr,,
250mm Waterproof Digital Indicator,Master 01 Apr,,
100mm Digital Indicator,Master 01 Apr,,
12.7mm Digital Bore Gauge Indicator,Master 01 Apr,,
12.7mm Digital Swivel Indicator,Master 01 Apr,,
25mm Digital Swivel Indicator,Master 01 Apr,,
50mm Digital Swivel Indicator,Master 01 Apr,,
25.4mm Digital Indicator with Bluetooth,Master 01 Apr,,
1mm Dial Indicator,Master 01 Apr,,
3mm Dial Indicator,Master 01 Apr,,
3 mm Dial Indicator,Master 01 Apr,,
5 mm Dial Indicator,Master 01 Apr,,
10mm Metric Jeweled Bearing Dial Indicator,Master 01 Apr,,
"0.5"" Inch Dial Indicator, Lug Back",Master 01 Apr,,
"1"" Imperial Dial Indicator",Master 01 Apr,,
"2"" Imperial Dial Indicator",Master 01 Apr,,
3mm Metric Dial Indicator,Master 01 Apr,,
5mm Metric Dial Indicator,Master 01 Apr,,
25mm Dial Indicator,Master 01 Apr,,
30mm Metric Dial Indicator,Master 01 Apr,,
50mm Dial Indicator,Master 01 Apr,,
100mm Metric Dial Indicator,Master 01 Apr,,
10 mm Dial Indicator,Master 01 Apr,,
10mm Waterproof Ip54 Dial Indicator,Master 01 Apr,,
1mm One Revolution Dialindicator,Master 01 Apr,,
50-100mm Dual Scale Digital Bore Gauge,Master 01 Apr,,
50-160mm Dual Scale Digital Bore Gauge,Master 01 Apr,,
160-250mm Digital Precision Bore Gauge,Master 01 Apr,,
160-250mm Dual Scale Digital Bore Gauge,Master 01 Apr,,
250-450mm Dual Scale Digital Bore Gauge,Master 01 Apr,,
473mm Bore Gauge Extension,Master 01 Apr,,
35-60mm Anvil For Bore Gauges/Long Handle,Master 01 Apr,,
Set of 12 Ceramic Bore Gauge Anvil,Master 01 Apr,,
18-35mm Dial Bore Gauge,Master 01 Apr,,
6-10mm Dial Bore Gauge,Master 01 Apr,,
35-60mm Dial Bore Gauge,Master 01 Apr,,
10-18mm Dial Bore Gauge,Master 01 Apr,,
18-35mm Dial Bore Gauge,Master 01 Apr,,
18-35mm Dial Bore Gauge,Master 01 Apr,,
35-60mm Dial Bore Gauge,Master 01 Apr,,
250-450mm Dial Bore Gauge,Master 01 Apr,,
50-160mm Metric Dial Bore Gauge,Master 01 Apr,,
160-250mm Metric Dial Bore Gauge,Master 01 Apr,,
18-160 mm Dial Bore Gauge Set,Master 01 Apr,,
250-450mm Metric Dial Bore Gauge Set,Master 01 Apr,,
"0.7 - 1.5"" Dial Bore Gauge",Master 01 Apr,,
"1.4 - 2.4"" Dial Bore Gauge",Master 01 Apr,,
"2-6"" Dial Bore Gauge",Master 01 Apr,,
"6 - 10"" Dial Bore Gauge",Master 01 Apr,,
"10-16"" Dial Bore Gauge",Master 01 Apr,,
50-160mm Right Angle Bore Gauge,Master 01 Apr,,
160mm Bore Gauge Setter,Master 01 Apr,,
50mm Styli For Dial Test Indicator,Master 01 Apr,,
0.2 mm Ten Thousandth Dial Test Indicator,Master 01 Apr,,
0.8mm Metric Lever Type Dial Test Indicator,Master 01 Apr,,
200mm One Thousandth Large Dial Test Indicator,Master 01 Apr,,
4mm Clamp for Dial Test Indicator,Master 01 Apr,,
8mm Clamp for Dial Test Indicator,Master 01 Apr,,
0.14mm Precision Dial Test Indicator,Master 01 Apr,,
"0.03"" Hundred Thousandth Dial Test Indicator",Master 01 Apr,,
0.8mm Metric Long Styli Dial Test Indicator,Master 01 Apr,,
0.8mm Back Plunger Type Dial Test Indicator,Master 01 Apr,,
0.8mm Angled Face Jewelled Bearing Dial Test Indicator,Master 01 Apr,,
1.6mm Large Range Angle Faced Dial Test Indicator,Master 01 Apr,,
50mm Dial Test Indicator Holder,Master 01 Apr,,
100mm Dial Test Indicator Holder,Master 01 Apr,,
F8X115mm Dial Test Indicator Holder,Master 01 Apr,,
Dial Test Indicator Universal Holder,Master 01 Apr,,
Centering Holder Dial Test Indicator,Master 01 Apr,,
10mm Indicator Contact Point,Master 01 Apr,,
"1"" Indicator Point Extension",Master 01 Apr,,
"2"" Indicator Point Extension",Master 01 Apr,,
"3"" Indicator Point Extension",Master 01 Apr,,
25mm Indicator Point Extension,Master 01 Apr,,
"4"" Indicator Point Extension",Master 01 Apr,,
50mm Indicator Point Extension,Master 01 Apr,,
60mm Indicator Contact Point,Master 01 Apr,,
70mm Indicator Contact Point,Master 01 Apr,,
75mm Indicator Point Extension,Master 01 Apr,,
100mm Indicator Point Extension,Master 01 Apr,,
7.3mm Indicator Ball Point Extension,Master 01 Apr,,
2.5mm Indicator Ball Point Extension,Master 01 Apr,,
4mm Indicator Ball Point Extension,Master 01 Apr,,
10mm Indicator Spherical Point Extension,Master 01 Apr,,
15mm Indicator Needle Point Extension,Master 01 Apr,,
17 mm Indicator Contact Point,Master 01 Apr,,
7.3mm Indicator Knife Edge Point Extension,Master 01 Apr,,
"0.4mm Blade Point, Steel",Master 01 Apr,,
0.6 mm Indicator Contact Point,Master 01 Apr,,
"1mm Blade Point, Steel",Master 01 Apr,,
 Indicator Contact Point,Master 01 Apr,,
Set of 6 Indicator Contact Point,Master 01 Apr,,
53mm Lug And Flat Back Plate,Master 01 Apr,,
53mm Lug And Flat Back Plate,Master 01 Apr,,
40mm Lug And Flat Back Plate,Master 01 Apr,,
Lug Back For Mechanical Dial Gauge Diameter 58Mm,Master 01 Apr,,
"10mm Extension Rod, Steel",Master 01 Apr,,
50kgf Magnetic Stand,Master 01 Apr,,
80kgf Magnetic Stand,Master 01 Apr,,
100kgf Magnetic Stand,Master 01 Apr,,
10mm Dial Indicator & Magnetic Stand with Fine Adjustment,Master 01 Apr,,
12-Piece Measuring Tools Set,Master 01 Apr,,
3 Piece Measuring Tool Set,Master 01 Apr,,
6-Piece Welding Gauge Set,Master 01 Apr,,
"1"" Dial Indicator & Magnetic Stand with Fine Adjustment",Master 01 Apr,,
12-Piece Measuring Tools Set,Master 01 Apr,,
"1"" Indicator With Flex Arm Locking Plier Base",Master 01 Apr,,
3-Piece Measuring Tool Set,Master 01 Apr,,
Magnetic Stand with Fine adjustment,Master 01 Apr,,
Magnetic Stand,Master 01 Apr,,
280 mm / 100 kgf Magnetic Stand,Master 01 Apr,,
Magnetic Stand Base,Master 01 Apr,,
100kgf Magnetic Stand with Fine adjustment,Master 01 Apr,,
410 mm / 130 kgf Magnetic Stand,Master 01 Apr,,
310mm Universal Magnetic Stand,Master 01 Apr,,
Universal Magnetic Stand,Master 01 Apr,,
520mm Universal Magnetic Stand,Master 01 Apr,,
410mm Universat Magnetic Stand,Master 01 Apr,,
305mm Fine Adjustment Vacuum Stand,Master 01 Apr,,
80kgf Flex Arm Magnetic Stand,Master 01 Apr,,
Mini Universal Magnetic Stand,Master 01 Apr,,
335mm Fine Adjustment Universal Stand On Tee Slot Base,Master 01 Apr,,
10kgf Mini Magnetic Stand,Master 01 Apr,,
10mm Metric Dial Depth Indicator,Master 01 Apr,,
300mm Digital Depth Indicator,Master 01 Apr,,
5-700mm Digital Radius Gauge,Master 01 Apr,,
3mm Centering Indicator,Master 01 Apr,,
0-25mm Digital Outside Micrometer,Master 01 Apr,,
25mm Digital Outside Micrometer,Master 01 Apr,,
0-25mm Ip65 Digital Outside Micrometer,Master 01 Apr,,
25-50mm Ip65 Digital Outside Micrometer,Master 01 Apr,,
50-75mm Ip65 Digital Outside Micrometer,Master 01 Apr,,
75-100mm Ip65 Digital Outside Micrometer,Master 01 Apr,,
100-125mm Ip65 Digital Outside Micrometer,Master 01 Apr,,
125-150mm Ip65 Digital Outside Micrometer,Master 01 Apr,,
125-150mm Coolant Proof IP65 Digital Outside Micrometer,Master 01 Apr,,
0-150mm Digital Micrometer With Interchangeable Anvils,Master 01 Apr,,
150-300mm Digital Micrometer With Interchangeable Anvils,Master 01 Apr,,
0-25mm Digital Point Micrometer,Master 01 Apr,,
25-50mm Digital Point Micrometer,Master 01 Apr,,
25mm Metric Outside Micrometer,Master 01 Apr,,
25mm Micrometer Setting Standard,Master 01 Apr,,
25-50mm Metric Outside Micrometer,Master 01 Apr,,
50-75mm Metric Outside Micrometer,Master 01 Apr,,
75mm Metric Outside Micrometer 3 Piece Set,Master 01 Apr,,
75mm Micrometer Setting Standard,Master 01 Apr,,
75-100mm Metric Outside Micrometer,Master 01 Apr,,
100mm Metric Outside Micrometer 4 Piece Set,Master 01 Apr,,
100mm Micrometer Setting Standard,Master 01 Apr,,
100-125mm Metric Outside Micrometer,Master 01 Apr,,
125-150mm Metric Outside Micrometer,Master 01 Apr,,
150mm Metric Outside Micrometer 6 Piece Set,Master 01 Apr,,
150-175mm Metric Outside Micrometer,Master 01 Apr,,
175-200mm Metric Outside Micrometer,Master 01 Apr,,
200-225mm Metric Outside Micrometer,Master 01 Apr,,
225-250mm Metric Outside Micrometer,Master 01 Apr,,
250-275mm Metric Outside Micrometer,Master 01 Apr,,
275-300mm Metric Outside Micrometer,Master 01 Apr,,
150-300mm Metric Outside Micrometer Set,Master 01 Apr,,
0-300mm Outside Micrometer Set,Master 01 Apr,,
25mm Metric Outside Micrometer,Master 01 Apr,,
"1"" Imperial Outside Micrometer",Master 01 Apr,,
"1-2"" Imperial Outside Micrometer",Master 01 Apr,,
"2-3"" Imperial Outside Micrometer",Master 01 Apr,,
"0-3"" 3 Piece Outside Micrometer Set",Master 01 Apr,,
"3-4"" Imperial Outside Micrometer",Master 01 Apr,,
"0-4"" 4 Piece Outside Micrometer Set",Master 01 Apr,,
"4-5"" Imperial Outside Micrometer",Master 01 Apr,,
"5-6"" Imperial Outside Micrometer",Master 01 Apr,,
"6"" Imperial Outside Micrometer 6 Piece Set",Master 01 Apr,,
"6-7"" 3 Piece Outside Micrometer Set",Master 01 Apr,,
"7-8"" 3 Piece Outside Micrometer Set",Master 01 Apr,,
"6-12"" Imperial Outside Micrometer 6 Piece Set",Master 01 Apr,,
"0-12"" 12 Piece Outside Micrometer Set",Master 01 Apr,,
100mm Outside Micrometer with Interchangeable Anvils,Master 01 Apr,,
150mm Outside Micrometer with Interchangeable Anvils,Master 01 Apr,,
100-200mm Outside Micrometer with Interchangeable Anvils,Master 01 Apr,,
150-300mm Outside Micrometer with Interchangeable Anvils,Master 01 Apr,,
375-400mm Micrometer With Interchangeable Anvils,Master 01 Apr,,
"12-16"" Outside Micrometer With Interchangeable Anvils",Master 01 Apr,,
"12-16"" Outside Micrometer With Interchangeable Anvils",Master 01 Apr,,
575-600mm Micrometer With Interchangeable Anvils,Master 01 Apr,,
25mm Outside Blade Micrometer,Master 01 Apr,,
25-50mm Outside Blade Micrometer,Master 01 Apr,,
50-75mm Outside Blade Micrometer,Master 01 Apr,,
75-100mm Outside Blade Micrometer,Master 01 Apr,,
100-125mm Outside Blade Micrometer,Master 01 Apr,,
125-150mm Outside Blade Micrometer,Master 01 Apr,,
300-400mm Metric Outside Micrometer,Master 01 Apr,,
400-500mm Metric Outside Micrometer,Master 01 Apr,,
500-600mm Metric Outside Micrometer,Master 01 Apr,,
600-700mm Metric Outside Micrometer,Master 01 Apr,,
700-800mm Metric Outside Micrometer,Master 01 Apr,,
800-900mm Metric Outside Micrometer,Master 01 Apr,,
900-1000mm Metric Outside Micrometer,Master 01 Apr,,
"0-25mm/0-1"" Digital Spherical Anvil Tube Micrometer, Spherical Anvil, Flat Spindle Tip",Master 01 Apr,,
0-25mm Limit Micrometer,Master 01 Apr,,
25mm Tube Micrometer,Master 01 Apr,,
25mm Outside Disk Micrometer,Master 01 Apr,,
25-50mm Outside Disk Micrometer,Master 01 Apr,,
0.6-0.9mm Metric and Unified Thread Micrometer Tips,Master 01 Apr,,
10 pairs/set Measuring Tips For Screw Thread Micrometer,Master 01 Apr,,
 55° Screw Thread Micrometer Tips,Master 01 Apr,,
25mm Screw Thread Micrometer without measuring tips,Master 01 Apr,,
25-50mm Screw Thread Micrometer without measuring tips,Master 01 Apr,,
50mm  55° Screw Thread Micrometer Setting Standard,Master 01 Apr,,
75mm  55° Screw Thread Micrometer Setting Standard,Master 01 Apr,,
125mm  55° Screw Thread Micrometer Setting Standard,Master 01 Apr,,
150mm  55° Screw Thread Micrometer Setting Standard,Master 01 Apr,,
175mm  55° Screw Thread Micrometer Setting Standard,Master 01 Apr,,
200mm  55° Screw Thread Micrometer Setting Standard,Master 01 Apr,,
5-30mm Inside Micrometer,Master 01 Apr,,
25-50mm Inside Micrometer,Master 01 Apr,,
50-75mm Inside Micrometer,Master 01 Apr,,
100mm Inside Micrometer,Master 01 Apr,,
50-63mm Tubular Inside Micrometer,Master 01 Apr,,
50-300mm Metric Tubular Inside Micrometer Set,Master 01 Apr,,
50-600mm Metric Tubular Inside Micrometer Set,Master 01 Apr,,
50-1000mm Tubular Inside Micrometer,Master 01 Apr,,
50-1500mm Tubular Inside Micrometer,Master 01 Apr,,
50-63mm Tubular Inside Micrometer,Master 01 Apr,,
100-900mm Tubular Inside Micrometer,Master 01 Apr,,
50-200mm Tubular Inside Micrometer,Master 01 Apr,,
300mm Tubular Inside Micrometer,Master 01 Apr,,
6-8mm Three Points Inside Micrometer,Master 01 Apr,,
8-10mm Three Points Inside Micrometer,Master 01 Apr,,
10-12mm Three Points Inside Micrometer,Master 01 Apr,,
12-16mm Three Points Inside Micrometer,Master 01 Apr,,
16-20mm Three Point Inside Micrometer Set,Master 01 Apr,,
20-25mm Three Points Inside Micrometer,Master 01 Apr,,
25-30mm Three Points Inside Micrometer,Master 01 Apr,,
30-40mm Three Points Inside Micrometer,Master 01 Apr,,
40-50mm Three Points Inside Micrometer Set,Master 01 Apr,,
6-12mm Three Points Inside Micrometer Set,Master 01 Apr,,
12-20mm Three Points Inside Micrometer Set,Master 01 Apr,,
20-50mm Three Points Inside Micrometer Set,Master 01 Apr,,
50-100mm Three Points Inside Micrometer Set,Master 01 Apr,,
Micrometer Stand,Master 01 Apr,,
25mm Depth Micrometer,Master 01 Apr,,
150mm Metric Depth Micrometer,Master 01 Apr,,
300mm Depth Micrometer,Master 01 Apr,,
25mm Depth Micrometer,Master 01 Apr,,
150mm Depth Micrometer with Captive Anvils,Master 01 Apr,,
0-300mm Depth Micrometer with Captive Anvils,Master 01 Apr,,
USB Data Acquisition Foot Switch,Master 01 Apr,,
5-700mm Digital Radius Gauge,Master 01 Apr,,
15-35mm Internal Dial Gauge,Master 01 Apr,,
35-55mm Internal Dial Gauge,Master 01 Apr,,
50-75mm Internal Dial Gauge,Master 01 Apr,,
75-95mm Internal Dial Gauge,Master 01 Apr,,
95-115mm Internal Dial Caliper Gauge,Master 01 Apr,,
115-135mm Internal Dial Caliper Gauge,Master 01 Apr,,
12.7-165mm Digital Internal Caliper Gauge,Master 01 Apr,,
20mm External Dial Gauge,Master 01 Apr,,
20-40mm External Dial Gauge,Master 01 Apr,,
40-60mm External Dial Gauge,Master 01 Apr,,
25mm Digital Snap Gauge,Master 01 Apr,,
0-12.7mm Digitalstep & Gap Gauge,Master 01 Apr,,
Cylinder Liner Height Guage,Master 01 Apr,,
"Spc Cable, Cable For Height Gages",Master 01 Apr,,
USB Data Acquisition Cable for Height Gauges,Master 01 Apr,,
47 Piece Steel Gauge Blocks Set,Master 01 Apr,,
34 Piece Grade 1 Gauge Block Set,Master 01 Apr,,
47 Piece Grade 1 Gauge Block Set,Master 01 Apr,,
87 Piece Grade 1 Gauge Block Set,Master 01 Apr,,
Caliper Inspection Set (ISO3650),Master 01 Apr,,
150 Micrometer Inspection Gauge Blocks,Master 01 Apr,,
Micrometer Inspection Set - Grade 0 (ISO3650),Master 01 Apr,,
25-50 mm Micrometer Inspection Gauge Blocks,Master 01 Apr,,
0-50mm Holder,Master 01 Apr,,
1.0 - 5.0 mm Pin Gauge Set,Master 01 Apr,,
5.0 - 1.0 mm Pin Gauge Set,Master 01 Apr,,
1-25mm Steel Ball Set,Master 01 Apr,,
M5x0.8 Thread Plug Gauge,Master 01 Apr,,
"1/8"" x 27 Npt Thread Gauge",Master 01 Apr,,
100 x 33 x 52mm V-Blockset,Master 01 Apr,,
500mm Magnalium Straight Edges,Master 01 Apr,,
1000mm Magnalium Straight Edges,Master 01 Apr,,
Frame Level,Master 01 Apr,,
150mm Block Level,Master 01 Apr,,
200mm Block Level,Master 01 Apr,,
300mm Block Level,Master 01 Apr,,
Digital Level,Master 01 Apr,,
Digital Level & Protractor,Master 01 Apr,,
360° (90°x4) Metal Bodied Digital Level,Master 01 Apr,,
600mm Digital level,Master 01 Apr,,
250mm Digital Protractor,Master 01 Apr,,
0-36 Gauge American Standard Wire Gauge,Master 01 Apr,,
0-36 Gauge American Standard Sheet Metal Gauge,Master 01 Apr,,
4-14 mm Fillet Welding Gauge,Master 01 Apr,,
 Welding Gauge,Master 01 Apr,,
 Welding Gauge,Master 01 Apr,,
 Welding Gauge,Master 01 Apr,,
"Wireless Data Transfer System, Single Channel Receiver (With Usb Cable)",Master 01 Apr,,
"Wireless Data Transfer System, Multichannel Receiver",Master 01 Apr,,
800 Series Wireless Data Transfer System,Master 01 Apr,,
800 Series Wireless Data Transfer System,Master 01 Apr,,
800 Series Wireless Data Transfer System,Master 01 Apr,,
800 Series Wireless Data Transfer System,Master 01 Apr,,
180° / 150 mm Protractor,Master 01 Apr,,
0-180° Protractor,Master 01 Apr,,
145 mm / 180° Combination Angle Finder,Master 01 Apr,,
180° Protractor & 150mm Combination Square,Master 01 Apr,,
180° Protractor & 200mm Combination Square,Master 01 Apr,,
180° Protractor & 300mm Combination Square,Master 01 Apr,,
180° Protractor & 500mm Combination Square,Master 01 Apr,,
10-170° Protractor & 150mm Combination Square,Master 01 Apr,,
10-170° Protractor & 300mm Combination Square,Master 01 Apr,,
10-170° Protractor & 600mm Combination Square,Master 01 Apr,,
0-320° Protractor,Master 01 Apr,,
0-360° Universal Protractor,Master 01 Apr,,
360° Universal Protractor,Master 01 Apr,,
Combination Square,Master 01 Apr,,
Combination Square Set,Master 01 Apr,,
Bolt Assembly Combination Square Set,Master 01 Apr,,
Combination Ruler,Master 01 Apr,,
360° Protractor & 200mm Combination Ruler,Master 01 Apr,,
360° Protractor & 300mm Combination Ruler,Master 01 Apr,,
460mm Digital Protractor,Master 01 Apr,,
100mm Digital Protractor,Master 01 Apr,,
Adjustable Square,Master 01 Apr,,
100mm Beveled Edge Machinist Square,Master 01 Apr,,
150x100 90° Beveled Edge Square,Master 01 Apr,,
150mm Beveled Edge Machinist Square,Master 01 Apr,,
200mm Beveled Edge Machinist Square,Master 01 Apr,,
250mm Beveled Edge Machinist Square,Master 01 Apr,,
300mm Beveled Edge Machinist Square,Master 01 Apr,,
50x40mm Stainless Steel Wide Base Machinist Square,Master 01 Apr,,
75x50mm Stainless Steel Wide Base Machinist Square,Master 01 Apr,,
100x70mm Stainless Steel Wide Base Machinist Square,Master 01 Apr,,
150x100mm Stainless Steel Wide Base Machinist Square,Master 01 Apr,,
75mm Wide Base Machinist Square,Master 01 Apr,,
100mm Wide Base Machinist Square,Master 01 Apr,,
150mm Wide Base Machinist Square,Master 01 Apr,,
200mm Wide Base Machinist Square,Master 01 Apr,,
300mm Wide Base Machinist Square,Master 01 Apr,,
600mm Wide Base Machinist Square,Master 01 Apr,,
45° Machinist Square,Master 01 Apr,,
60° Machinist Square,Master 01 Apr,,
200x200mm 120° Square,Master 01 Apr,,
200mm Scribing Caliper,Master 01 Apr,,
0.04-1.00 mm Feeler Gauge,Master 01 Apr,,
"0.03 - 0.50mm Feeler Gauge, Length 100Mm",Master 01 Apr,,
"0.05 - 1.00mm Feeler Gauge, Length 100Mm",Master 01 Apr,,
0.03 - 0.50mm Gauge Feeler,Master 01 Apr,,
0.05 - 1.00mm Gauge Feeler,Master 01 Apr,,
100mm Feeler Gauge 32 Leave Set,Master 01 Apr,,
150 mm Gauge Feeler,Master 01 Apr,,
150mm Feeler Gauge 20 Leave Set,Master 01 Apr,,
200 mm Gauge Feeler,Master 01 Apr,,
200mm Feeler Gauge 20 Leave Set,Master 01 Apr,,
300 mm Gauge Feeler,Master 01 Apr,,
300mm Feeler Gauge 20 Leave Set,Master 01 Apr,,
0.01mm Feeler Tape,Master 01 Apr,,
0.02mm Feeler Tape,Master 01 Apr,,
0.04mm Feeler Tape,Master 01 Apr,,
0.10mm Feeler Tape,Master 01 Apr,,
0.20mm Feeler Tape,Master 01 Apr,,
"0.0015"" - 0.035"" Feeler Gauge",Master 01 Apr,,
Dual Scale Angled Feeler Gauge - 0.127-0.762 mm,Master 01 Apr,,
1-12 TPI Pitch Gauge,Master 01 Apr,,
2-20mm Pitch Gauge,Master 01 Apr,,
60° Metric Thread Gauge,Master 01 Apr,,
4-42 TPI Pitch Gauge,Master 01 Apr,,
55° Whitworth Thread Gauge,Master 01 Apr,,
60° Metric & 55° Whitworth Thread Gauge,Master 01 Apr,,
55° Whitworth Vernier Thread Pitch Gauge,Master 01 Apr,,
60° Metric Vernier Thread Pitch Gauge,Master 01 Apr,,
60° Unified Vernier Thread Pitch Gauge,Master 01 Apr,,
29° ACME Thread Gauge,Master 01 Apr,,
Tr 30°  Thread Gauge,Master 01 Apr,,
1° - 45° Angle Gauge,Master 01 Apr,,
Angle Gauge Set,Master 01 Apr,,
2-8 TPI Screw Cutting Gauge,Master 01 Apr,,
1-7mm Radius Gauge,Master 01 Apr,,
7.5-15mm Radius Gauge,Master 01 Apr,,
15.5-25mm Radius Gauge,Master 01 Apr,,
0.5-13mm Radius Gauge Set,Master 01 Apr,,
8-150mm Telescopic Gauge Set,Master 01 Apr,,
3-13mm Small Hole Gauge Set,Master 01 Apr,,
12.7-19mm Long Handle Telescoping Gauge,Master 01 Apr,,
3450-4720mm Circumference Tape,Master 01 Apr,,
4710-5980mm Circumference Tape,Master 01 Apr,,
5960-7230mm Circumference Tape,Master 01 Apr,,
60-950mm Circumference Tape,Master 01 Apr,,
940-2200mm Circumference Tape,Master 01 Apr,,
2190-3460mm Circumference Tape,Master 01 Apr,,
 Pipe Welding Gauge,Master 01 Apr,,
150mm Taper Gauge,Master 01 Apr,,
10mm Taper Gauge,Master 01 Apr,,
375mm Taper Gauge,Master 01 Apr,,
15mm Taper Gauge,Master 01 Apr,,
1-29mm Taper Gage Set,Master 01 Apr,,
15-30mm Taper Gauge,Master 01 Apr,,
30-45mm Taper Gauge,Master 01 Apr,,
45-60mm Taper Gauge,Master 01 Apr,,
10mm Digital Taper Gauge,Master 01 Apr,,
1-6.5mm Taper Bore Gauge,Master 01 Apr,,
3-15mm Taper Bore Gauge,Master 01 Apr,,
15-30mm Taper Bore Gauge,Master 01 Apr,,
30-45mm Taper Bore Gauge,Master 01 Apr,,
Drill Point Gauge,Master 01 Apr,,
 Welding Gauge,Master 01 Apr,,
15 x 30 mm Chamfer Gauge,Master 01 Apr,,
60° - 160° Drill Point Angle Gauge,Master 01 Apr,,
0-50 mm / 30° - 90° Fillet Welding Gauge,Master 01 Apr,,
10 mm Digital Welding Gauge,Master 01 Apr,,
0-20MM Welding Seam Gauge,Master 01 Apr,,
Fillet Weld Gauge,Master 01 Apr,,
 Welding Gauge,Master 01 Apr,,
325 Welding Gauge,Master 01 Apr,,
 Welding Gauge,Master 01 Apr,,
 Pipe Welding Gauge,Master 01 Apr,,
Fillet Weld Gauge,Master 01 Apr,,
Welding Gauge,Master 01 Apr,,
 Welding Gauge,Master 01 Apr,,
150mm Inside Caliper,Master 01 Apr,,
1000mm Inside Caliper,Master 01 Apr,,
125mm Inside Spring Caliper,Master 01 Apr,,
200mm Inside Spring Caliper,Master 01 Apr,,
250mm Inside Spring Caliper,Master 01 Apr,,
300mm Inside Spring Caliper,Master 01 Apr,,
500mm Inside Spring Caliper,Master 01 Apr,,
300mm Outside Caliper,Master 01 Apr,,
1000mm Outside Caliper,Master 01 Apr,,
150mm Outside Spring Caliper,Master 01 Apr,,
200mm Outside Spring Caliper,Master 01 Apr,,
300mm Outside Spring Caliper,Master 01 Apr,,
390mm Outside Spring Caliper,Master 01 Apr,,
500mm Outside Spring Caliper,Master 01 Apr,,
590mm Outside Spring Caliper,Master 01 Apr,,
200mm Spring Divider,Master 01 Apr,,
300mm Spring Divider,Master 01 Apr,,
500mm Spring Divider,Master 01 Apr,,
125mm Dividing Caliper,Master 01 Apr,,
200mm Dividing Caliper,Master 01 Apr,,
300mm Dividing Caliper,Master 01 Apr,,
500mm Dividing Caliper,Master 01 Apr,,
Standard Measuring Wheel,Master 01 Apr,,
150mm Ruler,Master 01 Apr,,
300mm Ruler,Master 01 Apr,,
600mm Stainless Dual Scale Ruler,Master 01 Apr,,
"1000mm/40"" Steel Ruler",Master 01 Apr,,
300mm Straight Edge Ruler,Master 01 Apr,,
500mm Straight Edge Ruler,Master 01 Apr,,
1000mm Straight Edge Ruler,Master 01 Apr,,
200mm Marking Gauge,Master 01 Apr,,
250mm Marking Gauge,Master 01 Apr,,
300mm Marking Gauge,Master 01 Apr,,
100mm Centre Marking Gauge,Master 01 Apr,,
150mm Centre Marking Gauge,Master 01 Apr,,
200mm Center Marking Gauge,Master 01 Apr,,
Carbide Tipped Pencil Scriber,Master 01 Apr,,
250mm Double Ended Scriber,Master 01 Apr,,
-10 to 10mm Digital Step Gauge,Master 01 Apr,,
Digital Anemometer,Master 01 Apr,,
Digital Coating Thickness Gauge,Master 01 Apr,,
0-1250 µm Coating Thickness Gauge,Master 01 Apr,,
FN type Coating Thickness Gauge,Master 01 Apr,,
"1500um Coating Thickness Gage, Fn Type",Master 01 Apr,,
Contact Tachometer,Master 01 Apr,,
13.5-135 N.m Digital Torque Gauge,Master 01 Apr,,
20-200 N.m Digital Torque Gauge,Master 01 Apr,,
5-30 N.m Digital Torque Gauge,Master 01 Apr,,
Precision Height Gauge,Master 01 Apr,,
Precision Height Gauge,Master 01 Apr,,
 Portable Hardness Tester,Master 01 Apr,,
Portable Hardness Tester,Master 01 Apr,,
Portable Hardness Tester Cable,Master 01 Apr,,
Portable Hardness Tester,Master 01 Apr,,
Shore Hardness Tester,Master 01 Apr,,
Ambient Air Monitor,Master 01 Apr,,
Ambient Air Monitor,Master 01 Apr,,
Infrared Thermometer,Master 01 Apr,,
Infrared Thermometer,Master 01 Apr,,
Infrared Thermal Imaging Camera,Master 01 Apr,,
30m Laser Level,Master 01 Apr,,
30m Laser Level,Master 01 Apr,,
30 m Cross-line Laser Level,Master 01 Apr,,
Laser Tachometer,Master 01 Apr,,
Laser Tachometer Tape,Master 01 Apr,,
Universal Digital Microscope Stand,Master 01 Apr,,
100x Portable Microscope,Master 01 Apr,,
0-75kg Portable Scale,Master 01 Apr,,
30 Piece Surface Roughness Specimen,Master 01 Apr,,
Portable Refractometer,Master 01 Apr,,
Automotive Refractometer,Master 01 Apr,,
Digital Sound Level Meter,Master 01 Apr,,
Roughness Tester,Master 01 Apr,,
Ultrasonic Thickness Gauge,Master 01 Apr,,
5-25Nm Torque Wrench,Master 01 Apr,,
100 Metre Laser Distance Meter,Master 01 Apr,,
1200 Metre Laser Distance Scope,Master 01 Apr,,
40 Metre Laser Distance Meter,Master 01 Apr,,
0.24-1.2 Nm Torque Screwdriver,Master 01 Apr,,
0.6-3 Nm Torque Screwdriver,Master 01 Apr,,
0.12-0.6 Nm Torque Screwdriver,Master 01 Apr,,
1.2-6 Nm Torque Screwdriver,Master 01 Apr,,
40-200Nm Torque Wrench,Master 01 Apr,,
5-25Nm Torque Wrench,Master 01 Apr,,
70-340Nm Torque Wrench,Master 01 Apr,,
10-50Nm Torque Wrench,Master 01 Apr,,
200x Wifi Digital Microscope,Master 01 Apr,,
Wood Moisture Meter,Master 01 Apr,,
Extension Probe For Moisture Meter,Master 01 Apr,,
Concrete Moisture Meter,Master 01 Apr,,
Window Tint Meter,Master 01 Apr,,
Caliper Accessory Kit,Master 01 Apr,,
"8"" Velcro Pad suits BOS258GRC-D1",Master 01 Apr,,
50mm Angle Grinder Disc,Master 01 Apr,,
Heavy Duty C Brad Nailer,Master 01 Apr,,
Medium Duty C Brad Nailer,Master 01 Apr,,
32mm C1 Series Bradder,Master 01 Apr,,
50mm C1 Series Bradder,Master 01 Apr,,
6000/L Series Heavy Duty Stapler,Master 01 Apr,,
34° DA Nailer,Master 01 Apr,,
15° Heavy Duty Coil Nailer,Master 01 Apr,,
0° Heavy Duty Coil Nailer,Master 01 Apr,,
"3"" Cut Off Tool",Master 01 Apr,,
"1/2"" Reversible Keyless Drill ",Master 01 Apr,,
15.5 Gauge Floor Stapler,Master 01 Apr,,
"1/4"" Medium Die Grinder",Master 01 Apr,,
"1/4"" Extended Die Grinder",Master 01 Apr,,
"1/4"" Right Angle Die Grinder",Master 01 Apr,,
"2"" Angle Grinder",Master 01 Apr,,
"1/4"" 115° Angle Die Grinder",Master 01 Apr,,
Air Hammer Kit in Blow-Mould Case,Master 01 Apr,,
"1/2"" Right Angle Impact Wrench",Master 01 Apr,,
"3/8"" Butterfly Impact Wrench",Master 01 Apr,,
"3/8"" Impact Wrench",Master 01 Apr,,
"1/2"" Twin Hammer Impact Wrench",Master 01 Apr,,
80 Series Stapler,Master 01 Apr,,
Air Nibbler,Master 01 Apr,,
1 Litre Nail Gun Oil,Master 01 Apr,,
20 Ltr Nail Gun Oil,Master 01 Apr,,
250ml Nail Gun Oil,Master 01 Apr,,
"6"" Random Orbital Dust Free Sander - 2.5mm Orbit",Master 01 Apr,,
"6"" Random Orbital Sander - 5mm Orbit",Master 01 Apr,,
"6"" Random Orbital Dust Free Sander - 5mm Orbit",Master 01 Apr,,
"8"" Geared Central Vac Sander ",Master 01 Apr,,
"8"" Geared Sander",Master 01 Apr,,
Countersink & Nail Remover,Master 01 Apr,,
80 Series Long Nose Stapler,Master 01 Apr,,
6000/L Series Compact Stapler,Master 01 Apr,,
6000/L Series Medium Duty Stapler,Master 01 Apr,,
97 Series Stapler,Master 01 Apr,,
2.2mm T-Nailer,Master 01 Apr,,
2.5 mm T-Nailer,Master 01 Apr,,
"5""/125mm PSA / Stick-on Backing Pad - Ext 5/16""UNF",Master 01 Apr,,
"6""/150mm Velcro Backing Pad - Ext 5/16""UNF",Master 01 Apr,,
"6""/150mm Dust Free Velcro Backing Pad - Ext 5/16""UNF",Master 01 Apr,,
Bone-ster,Master 01 Apr,,
Bone-ster Caster Assembly,Master 01 Apr,,
Tail Bone Rough Rider,Master 01 Apr,,
The Bone,Master 01 Apr,,
Bone Rough Rider,Master 01 Apr,,
"1/2""×20TPI Drive Ezi-Shear Drill Head",Master 01 Apr,,
Hex Drive Ezi-Shear Drill Head,Master 01 Apr,,
"3/8""×24TPI Drive Ezi-Shear Drill Head",Master 01 Apr,,
Ezi-Shear Drill Head for Dewalt,Master 01 Apr,,
Ezi-Shear Drill Head for Milwaukee M18 BMS,Master 01 Apr,,
Ezi-Shear Drill Head for Makita DJS131Z & DJS132Z,Master 01 Apr,,
125mm Hard Coolflow Pad - Int M14,Master 01 Apr,,
"5""/125mm  Turbo Backing Pad - Int M14",Master 01 Apr,,
"6""/150mm Dust Free Velcro Backing Pad",Master 01 Apr,,
"4""/100mm Nylon Backing Pad - Int M10×1.5",Master 01 Apr,,
"4 1/2""/115mm Nylon Backing Pad - Int M14",Master 01 Apr,,
"5""/125mm Nylon Backing Pad - Int M14",Master 01 Apr,,
"7""/178mm Nylon Backing Pad - Int 5/8""UNC",Master 01 Apr,,
"7""/178mm Nylon Backing Pad - Int M14",Master 01 Apr,,
"7""/178mm Nylon Backing Pad - Int 5/8""UNC",Master 01 Apr,,
"6""/150mm PSA / Stick-on Backing Pad - Ext 5/16""",Master 01 Apr,,
"6""/150mm Dust Free PSA / Stick-on Backing Pad - Ext 5/16""",Master 01 Apr,,
"6""/150mm Backing Pad - Ext 5/16""",Master 01 Apr,,
"6""/150mm Dust Free Backing Pad - Ext 5/16""",Master 01 Apr,,
"6""/150mm Interface Backing Pad",Master 01 Apr,,
"6""/150mm Dust Free Interface Backing Pad",Master 01 Apr,,
"6""/150mm PSA / Stick-on Backing Pad - Int M14",Master 01 Apr,,
"6""/150mm PSA / Stick-on Backing Pad - Int 5/8""UNC",Master 01 Apr,,
"6""/150mm Velcro Backing Pad - Int M14",Master 01 Apr,,
"6""/150mm Velcro Backing Pad - Int 5/8""UNC",Master 01 Apr,,
"7""/180mm Velcro Backing Pad - Int M14",Master 01 Apr,,
"7""/180mm Velcro Backing Pad - Int 5/8""UNC",Master 01 Apr,,
"8""/200mm Velcro Backing Pad - Int M14",Master 01 Apr,,
"5""/125mm Velcro Backing Pad - Int M14",Master 01 Apr,,
"6""/150mm Velcro Soft Backing Pad - Int M14",Master 01 Apr,,
"5""/125mm Merino Wool Sheep Skin Polishing Bonnet",Master 01 Apr,,
"7""/180mm Merino Wool Sheep Skin Polishing Bonnet",Master 01 Apr,,
"9""/225mm Merino Wool Sheep Skin Polishing Bonnet",Master 01 Apr,,
"3/16"" Compact Riveter with Vacuum Extraction",Master 01 Apr,,
"3/16"" Medium Duty Riveter",Master 01 Apr,,
"3/16"" Heavy Duty Composite Riveter",Master 01 Apr,,
"5/16"" Heavy Duty Composite Riveter",Master 01 Apr,,
"1/4"" Riveter with Vacuum Extraction",Master 01 Apr,,
125mm D4 3 Pin Back Plate,Master 01 Apr,,
160mm D3 3 Pin Back Plate,Master 01 Apr,,
160mm D4 3 Pin Back Plate,Master 01 Apr,,
160mm D5 6 Pin Back Plate,Master 01 Apr,,
200mm D4 3 Pin Back Plate,Master 01 Apr,,
250mm D5 6 Pin Back Plate,Master 01 Apr,,
250mm D6 6 Pin Back Plate,Master 01 Apr,,
315mm D11 6 Pin Back Plate,Master 01 Apr,,
315mm D6 6 Pin Back Plate,Master 01 Apr,,
315mm D8 6 Pin Back Plate,Master 01 Apr,,
400mm D11 6 Pin Back Plate,Master 01 Apr,,
3 Jaw Self Centering Front Mount Lathe Chuck - 100mm,Master 01 Apr,,
3 Jaw Self Centering Front Mount Lathe Chuck - 125mm,Master 01 Apr,,
3 Jaw Self Centering D1-4 Mount Lathe Chuck - 160mm,Master 01 Apr,,
3 Jaw Self Centering Front Mount Lathe Chuck with 2 Piece Jaws - 160mm,Master 01 Apr,,
3 Jaw Self Centering Front Mount Lathe Chuck - 160mm,Master 01 Apr,,
3 Jaw Self Centering D1-4 Mount Lathe Chuck - 200mm,Master 01 Apr,,
3 Jaw Self Centering D1-5 Mount Lathe Chuck - 200mm,Master 01 Apr,,
3 Jaw Self Centering Front Mount Lathe Chuck with 2 Piece Jaws - 200mm,Master 01 Apr,,
3 Jaw Self Centering Front Mount Lathe Chuck - 200mm,Master 01 Apr,,
3 Jaw Self Centering D1-6 Mount Lathe Chuck - 250mm,Master 01 Apr,,
3 Jaw Self Centering D1-8 Mount Lathe Chuck - 250mm,Master 01 Apr,,
3 Jaw Self Centering Front Mount Lathe Chuck with 2 Piece Jaws - 250mm,Master 01 Apr,,
3 Jaw Self Centering Front Mount Lathe Chuck - 250mm,Master 01 Apr,,
3 Jaw Self Centering D1-8 Mount Lathe Chuck - 315mm,Master 01 Apr,,
3 Jaw Self Centering Front Mount Lathe Chuck with 2 Piece Jaws - 315mm,Master 01 Apr,,
3 Jaw Self Centering Front Mount Lathe Chuck - 315mm,Master 01 Apr,,
3 Jaw Self Centering Front Mount Lathe Chuck with 2 Piece Jaws - 400mm,Master 01 Apr,,
3 Jaw Self Centering Front Mount Lathe Chuck - 500mm,Master 01 Apr,,
3 Jaw Self Centering Front Mount Lathe Chuck - 500mm,Master 01 Apr,,
4 Jaw Self Centering Lathe Chuck - 160mm,Master 01 Apr,,
4 Jaw Self Centering Lathe Chuck - 200mm,Master 01 Apr,,
4 Jaw Self Centering Lathe Chuck - 250mm,Master 01 Apr,,
4 Jaw Self Centering Lathe Chuck - 315mm,Master 01 Apr,,
4 Jaw Independent Lathe Chuck - 100mm,Master 01 Apr,,
4 Jaw Independent Lathe Chuck - 125mm,Master 01 Apr,,
4 Jaw Independent Lathe Chuck - 160mm,Master 01 Apr,,
4 Jaw Independent Lathe Chuck - 200mm,Master 01 Apr,,
4 Jaw Independent Lathe Chuck - 250mm,Master 01 Apr,,
4 Jaw Independent Lathe Chuck - 320mm,Master 01 Apr,,
4 Jaw Independent Lathe Chuck - 400mm,Master 01 Apr,,
4 Jaw Independent Lathe Chuck - 500mm,Master 01 Apr,,
4 Jaw Independent Lathe Chuck - 630mm,Master 01 Apr,,
High Precision 3 Jaw Self Centering Front Mount Lathe Chuck - 200mm,Master 01 Apr,,
High Precision 3 Jaw Self Centering Front Mount Lathe Chuck - 250mm,Master 01 Apr,,
High Precision 3 Jaw Self Centering D1-6 Mount Lathe Chuck - 250mm,Master 01 Apr,,
High Precision 4 Jaw Self Centering Lathe Chuck - 200mm,Master 01 Apr,,
Reversible Jaw Set to suit K72 4 Jaw Chuck 100mm 4pcs,Master 01 Apr,,
Reversible Jaw Set to suit K72 4 Jaw Chuck 125mm 4pcs,Master 01 Apr,,
Reversible Jaw Set to suit K72 4 Jaw Chuck 160mm 4pcs,Master 01 Apr,,
Reversible Jaw Set to suit K72 4 Jaw Chuck 200mm 4pcs,Master 01 Apr,,
Reversible Jaw Set to suit K72 4 Jaw Chuck 250mm 4pcs,Master 01 Apr,,
Reversible Jaw Set to suit K72 4 Jaw Chuck 320mm 4pcs,Master 01 Apr,,
Reversible Jaw Set to suit K72 4 Jaw Chuck 400mm 4pcs,Master 01 Apr,,
Reversible Jaw Set to suit K72 4 Jaw Chuck 500mm 4pcs,Master 01 Apr,,
Reversible Jaw Set to suit K72 4 Jaw Chuck 630mm 4pcs,Master 01 Apr,,
Soft Jaw Set of 3 - 160mm,Master 01 Apr,,
Soft Jaw Set of 3 - 200mm,Master 01 Apr,,
Soft Jaw Set of 3 - 250mm,Master 01 Apr,,
Soft Jaw Set of 3 - 315mm,Master 01 Apr,,
Soft Jaw Set of 3 - 400mm,Master 01 Apr,,
100mm K11/12 Chuck Key,Master 01 Apr,,
125mm K11/12 Chuck Key,Master 01 Apr,,
160mm K11/12 Chuck Key,Master 01 Apr,,
200mm K11/12 Chuck Key,Master 01 Apr,,
250mm K11/12 Chuck Key,Master 01 Apr,,
315mm K11/12 Chuck Key,Master 01 Apr,,
500mm K11/12 Chuck Key,Master 01 Apr,,
60° Unified Thread Gauge,Master 01 Apr,,
60° Metric Thread Gauge,Master 01 Apr,,
60° Metric / Whitworth 55° Thread Gauge,Master 01 Apr,,
0.75-5mm Radius Gauge,Master 01 Apr,,
5.5-13mm Radius Gauge,Master 01 Apr,,
1-12TPI Acme Trapezoidal Screw Pitch Gauge,Master 01 Apr,,
2-20mm ISO Trapezoidal Screw Pitch Gauge,Master 01 Apr,,
Gear Tooth Gauge 6-80 tooth per inch 14.5 degree,Master 01 Apr,,
20° Diametrical Gear Tooth Pitch Gauge,Master 01 Apr,,
0.5-13mm 180° Radius Gauge Set,Master 01 Apr,,
14° Gear Tooth Gauge,Master 01 Apr,,
20° Gear Tooth Gauge,Master 01 Apr,,
Metric Welding Gauge,Master 01 Apr,,
Metric Pocket Depth Gauge,Master 01 Apr,,
10 Drawer A4 Parts Cabinet,Master 01 Apr,,
30 Drawer A4 Parts Cabinet,Master 01 Apr,,
24 Drawer A5 Parts Cabinet,Master 01 Apr,,
36 Drawer A5 Parts Cabinet,Master 01 Apr,,
A5 Dividers,Master 01 Apr,,
A5 Drawer,Master 01 Apr,,
A5 Window Clear,Master 01 Apr,,
12 Drawer A6 Parts Cabinet ,Master 01 Apr,,
30 Drawer A6 Parts Cabinet,Master 01 Apr,,
A6 Dividers,Master 01 Apr,,
A6 Drawer,Master 01 Apr,,
A6 Window Clear,Master 01 Apr,,
24 Drawer A7 Parts Cabinet,Master 01 Apr,,
24 Drawer A7 Lockable Parts Cabinet,Master 01 Apr,,
16 Drawer A7 Parts Cabinet,Master 01 Apr,,
48 Drawer A7 Parts Cabinet,Master 01 Apr,,
A7 Lockable Parts Cabinet - 48 Drawers,Master 01 Apr,,
A7 Dividers,Master 01 Apr,,
A7 Drawer,Master 01 Apr,,
Window to suit A7 drawer,Master 01 Apr,,
15 Drawer A8 Parts Cabinet,Master 01 Apr,,
A8 Parts Cabinet - 32 Drawers,Master 01 Apr,,
A8 Parts Cabinet - 60 Drawers ,Master 01 Apr,,
A8 Divider,Master 01 Apr,,
A8 Drawer,Master 01 Apr,,
50mm Quick-Lock Ceramic Flap Disc Pack - 120 Grit,Master 01 Apr,,
50mm Quick-Lock Ceramic Flap Disc Pack - 40 Grit,Master 01 Apr,,
50mm Quick-Lock Ceramic Flap Disc Pack - 60 Grit,Master 01 Apr,,
50mm Quick-Lock Ceramic Flap Discs - 80 Grit,Master 01 Apr,,
50mm Quick-Lock Ceramic Sanding Disc Pack - 120 Grit,Master 01 Apr,,
50mm Quick-Lock Ceramic Sanding Disc Pack - 36 Grit,Master 01 Apr,,
50mm Quick-Lock Ceramic Sanding Disc Pack - 60 Grit,Master 01 Apr,,
50mm Quick-Lock Ceramic Sanding Disc Pack - 80 Grit,Master 01 Apr,,
75mm Quick-Lock Ceramic Flap Disc Pack - 120 Grit,Master 01 Apr,,
75mm Quick-Lock Ceramic Flap Disc Pack - 40 Grit,Master 01 Apr,,
75mm Quick-Lock Ceramic Flap Disc Pack - 60 Grit,Master 01 Apr,,
75mm Quick-Lock Ceramic Flap Disc Pack - 80 Grit,Master 01 Apr,,
75mm Quick-Lock Ceramic Sanding Disc Pack - 120 Grit,Master 01 Apr,,
75mm Quick-Lock Ceramic Sanding Disc Pack - 36 Grit,Master 01 Apr,,
75mm Quick-Lock Ceramic Sanding Disc Pack - 60 Grit,Master 01 Apr,,
75mm Quick-Lock Ceramic Sanding Disc Pack - 80 Grit,Master 01 Apr,,
10mm Ceramic Sanding Belt Pack - 120 Grit,Master 01 Apr,,
10mm Ceramic Sanding Belts Pack - 40 Grit,Master 01 Apr,,
10mm Ceramic Sanding Belts Pack - 60 Grit,Master 01 Apr,,
10mm Ceramic Sanding Belts Pack - 80 Grit,Master 01 Apr,,
20mm Ceramic Sanding Belts Pack - 120 Grit,Master 01 Apr,,
20mm Ceramic Sanding Belts Pack - 40 Grit,Master 01 Apr,,
20mm Ceramic Sanding Belts Pack - 60 Grit,Master 01 Apr,,
20mm Ceramic Sanding Belts Pack - 80 Grit,Master 01 Apr,,
30 x 540 P40 Ceramic Belt (pack of 10),Master 01 Apr,,
30 x 540 P60  Ceramic Belt (pack of 10),Master 01 Apr,,
30 x 540 P80  Ceramic Belt (pack of 10),Master 01 Apr,,
"Cut off Discs 75mm x 1.0mm x 1/4"" bore (Pack 5)",Master 01 Apr,,
"Cut off Discs 75mm x 1.0mm x 3/8"" bore (Pack 5)",Master 01 Apr,,
"3"" Velcro Polishing Pad",Master 01 Apr,,
"2"" Velcro Backing Pad",Master 01 Apr,,
"2"" Velcro Backing Pad",Master 01 Apr,,
"2"" Velcro Backing Pad",Master 01 Apr,,
"2"" Velcro Backing Pad",Master 01 Apr,,
"3"" Velcro Backing Pad",Master 01 Apr,,
"3"" Velcro Backing Pad",Master 01 Apr,,
"3"" Velcro Backing Pad",Master 01 Apr,,
"3"" Velcro Backing Pad",Master 01 Apr,,
"3"" Velcro Backing Pad",Master 01 Apr,,
"3"" Velcro Backing Pad",Master 01 Apr,,
"2"" Clean & Strip Discs",Master 01 Apr,,
"3"" Clean & Strip Discs Button Style",Master 01 Apr,,
"2"" Cut off Discs",Master 01 Apr,,
Air Hose 10mm ID x 1m Length,Master 01 Apr,,
10mm Air Hose (100m),Master 01 Apr,,
10mm Air Hose with Couplings (10m),Master 01 Apr,,
10mm Air Hose (20m),Master 01 Apr,,
10mm Air Hose with Couplings (20m),Master 01 Apr,,
10mm Air Hose (30m),Master 01 Apr,,
10mm Air Hose with Couplings (30m),Master 01 Apr,,
Air Hose 12mm ID x 1m Length,Master 01 Apr,,
Air Hose 12mm Length,Master 01 Apr,,
12mm Air Hose (20m),Master 01 Apr,,
12mm Air Hose with Couplings (20m),Master 01 Apr,,
12mm Air Hose (30m),Master 01 Apr,,
12mm Air Hose with Couplings (30m),Master 01 Apr,,
11-20mm Worm Drive Clamp,Master 01 Apr,,
10mm Air Hose Connection Kit,Master 01 Apr,,
12mm Air Hose Connection Kit,Master 01 Apr,,
100mtr Air/Paint Hose,Master 01 Apr,,
1mtr Air/Paint Hose,Master 01 Apr,,
"1/4"" Male Rotary Coupling",Master 01 Apr,,
"3/8"" Rotary Coupling",Master 01 Apr,,
"Drill Chuck - Keyed 10mm 3/8""x24tpi mount",Master 01 Apr,,
Key To Suit 10mm Keyed Chuck,Master 01 Apr,,
Key To Suit 13mm Keyed Chuck,Master 01 Apr,,
Key To Suit 13mm Keyed Chuck,Master 01 Apr,,
Key To Suit 16mm Keyed Chuck,Master 01 Apr,,
"3"" Cutting Discs",Master 01 Apr,,
1Ltr Compressor Oil,Master 01 Apr,,
12mm Left Handed Tool Holder,Master 01 Apr,,
16mm Left Handed Tool Holder,Master 01 Apr,,
20mm Left Handed Tool Holder,Master 01 Apr,,
25mm Left Handed Tool Holder,Master 01 Apr,,
12mm Right Handed Tool Holder,Master 01 Apr,,
16mm Right Handed Tool Holder,Master 01 Apr,,
20mm Right Handed Tool Holder,Master 01 Apr,,
25mm Right Handed Tool Holder,Master 01 Apr,,
Heavy Duty Parts Trolley,Master 01 Apr,,
"MT2 Drill Chuck Arbor with 1/2""x20TPI Mount",Master 01 Apr,,
"MT2 Drill Chuck Arbor with 3/8""x24TPI Mount",Master 01 Apr,,
"MT3 Drill Chuck Arbor with 1/2""x20TPI Mount",Master 01 Apr,,
"MT3 Drill Chuck Arbor with 3/8""x24TPI Mount",Master 01 Apr,,
Lockable Glass Door Display Cabinet,Master 01 Apr,,
Lockable Steel Door Cabinet,Master 01 Apr,,
"6""/150mm Velcro Backing Pad - Ext 5/16""UNF",Master 01 Apr,,
"6""/150mm Velcro Backing Pad - Ext 5/16""UNF",Master 01 Apr,,
"5""/125 mm Dust Free Velcro Backing Pad",Master 01 Apr,,
"6"" Stick On Backing Pad",Master 01 Apr,,
Foldable Crate,Master 01 Apr,,
6 Compartment Pivot Drawer Set,Master 01 Apr,,
8 Compartment Pivot Drawer Set,Master 01 Apr,,
4 Compartment Pivot Drawer Set,Master 01 Apr,,
5 Compartment Pivot Drawer Set,Master 01 Apr,,
Window for Pivot Draw ,Master 01 Apr,,
Window for Pivot Draw ,Master 01 Apr,,
Window for Pivot Draw ,Master 01 Apr,,
Window for Pivot Draw ,Master 01 Apr,,
Ti-nite Coated  Spiral Flute Step Drill Set,Master 01 Apr,,
Adjustable Hydraulic Stool,Master 01 Apr,,
Combination Gear & Bearing Split Tools,Master 01 Apr,,
150mm Bench Vice (Steel Body),Master 01 Apr,,
200mm Bench Vice (Steel Body),Master 01 Apr,,
Centre Drill Set,Master 01 Apr,,
Mechanics Creeper,Master 01 Apr,,
60° Pipe Deburring Tool - 16-35 mm,Master 01 Apr,,
90° Pipe Deburring Tool - 16-35 mm,Master 01 Apr,,
60° Hex-Drive Pipe Deburring Tool - 22-46 mm,Master 01 Apr,,
90° Hex-drive Pipe Deburring Tool - 22-46 mm,Master 01 Apr,,
60° Pipe Deburring Tool - 4-42 mm,Master 01 Apr,,
60° Hex-Drive Pipe Deburring Tool - 4-42 mm,Master 01 Apr,,
Telescopic Multifunction Deburring Tool,Master 01 Apr,,
Deburring tool with 3 no. 3.2 mm MC-blades,Master 01 Apr,,
60° Hex-Drive Pipe Deburring Tool - 40-62 mm,Master 01 Apr,,
90° Hex-Drive Pipe Deburring Tool - 40-62 mm,Master 01 Apr,,
Hex-Drive Ratchet Handle,Master 01 Apr,,
3.2 mm C-10 Hex Body Pocket Deburrer,Master 01 Apr,,
3.2 mm Hex Body Pocket Deburrer,Master 01 Apr,,
24pc. Deburring Set,Master 01 Apr,,
Deburring Handle & Blades Set,Master 01 Apr,,
Double Deburrer,Master 01 Apr,,
3.2 mm Quick Release Mini Deburrer,Master 01 Apr,,
Micro 2.6 mm Quick Release Deburrer,Master 01 Apr,,
1-13mm HSS Drill Set,Master 01 Apr,,
Ceramic C-1 Blade,Master 01 Apr,,
3.2mm Ø Blade Pack,Master 01 Apr,,
3.2mm Ø Blade Pack,Master 01 Apr,,
3.2mm Ø Blade Pack,Master 01 Apr,,
3.2mm Ø Blade Pack,Master 01 Apr,,
3.2mm Ø Blade Pack,Master 01 Apr,,
3.2mm Ø Blade Pack,Master 01 Apr,,
3-19mm 2 Flute Countersink,Master 01 Apr,,
Long holder for 2-Flute countersinks,Master 01 Apr,,
Handle for 3.2mm blades,Master 01 Apr,,
Telescopic Holder for 3.2 mm Blade,Master 01 Apr,,
Telescopic Holder for 2.6 mm Blade,Master 01 Apr,,
Telescopic Holder for Key-Way Blade,Master 01 Apr,,
Double Ended Key-Way (16mm),Master 01 Apr,,
Double Ended Key-Way (9mm),Master 01 Apr,,
3.2mm Ø Multi-Cutting Edge Blades,Master 01 Apr,,
3.2mm Ø Multi-Cutting Edge Blades,Master 01 Apr,,
3.2mm Ø Multi-Cutting Edge Blades,Master 01 Apr,,
3.2mm Ø Multi-Cutting Edge Blades,Master 01 Apr,,
2.6mm Spiral Chip Blade Pack,Master 01 Apr,,
2.6mm Brittle Chip Blade Pack,Master 01 Apr,,
2.6mm Double Edge Blade Pack,Master 01 Apr,,
6mm Heavy Duty Blade Pack,Master 01 Apr,,
6mm Extra Heavy Duty Blade Pack,Master 01 Apr,,
Handle for 6mm Blades,Master 01 Apr,,
6mm Heavy Duty Handle with 1 Blade,Master 01 Apr,,
6mm Double Ended Scraper,Master 01 Apr,,
Adaptor Collet for 3.2mm Blade,Master 01 Apr,,
Adaptor Collet for 2.6mm Blade,Master 01 Apr,,
Multi-Component Deburring Handle,Master 01 Apr,,
Double Ended Deburring blade,Master 01 Apr,,
V Shaped Sheet / Rib Deburring blade,Master 01 Apr,,
Holder for V4 Blade,Master 01 Apr,,
Drill Tap & Countersink Bits,Master 01 Apr,,
2pc Drill and Tap Kit HSS M4,Master 01 Apr,,
2pc Drill and Tap Kit HSS M5,Master 01 Apr,,
2pc Drill and Tap Kit HSS M6,Master 01 Apr,,
2pc Drill and Tap Kit HSS M8,Master 01 Apr,,
2pc Drill and Tap Kit HSS M10,Master 01 Apr,,
2pc Drill and Tap Kit HSS M12,Master 01 Apr,,
10B 2.6mm Blade to suit GDBS (pack of 10),Master 01 Apr,,
"1/4"" 8 pc. Flap Wheel Kit",Master 01 Apr,,
15pc. Gasket Punch Set,Master 01 Apr,,
High Flow Blow Gun Kit,Master 01 Apr,,
Helping Hand Magnifier,Master 01 Apr,,
Multi-Hydraulic Gear Puller Kit,Master 01 Apr,,
Hydraulic Ram,Master 01 Apr,,
Heavy Duty Rivet and Nutsert Tool,Master 01 Apr,,
Hand Rivet Gun,Master 01 Apr,,
Hand Rivet and Nutsert Gun Set,Master 01 Apr,,
Heavy Duty Rivet Tool,Master 01 Apr,,
Twin LED Rechargeable Inspection Lamp,Master 01 Apr,,
100mm Magnetic Soft Jaws,Master 01 Apr,,
125mm Magnetic Soft Jaws,Master 01 Apr,,
150mm Magnetic Soft Jaws,Master 01 Apr,,
200mm Magnetic Soft Jaws,Master 01 Apr,,
Blades to suit GDDB Deburrer,Master 01 Apr,,
Medium Duty Air Hammer,Master 01 Apr,,
Air and Manual Grease Gun ,Master 01 Apr,,
Air Engraving Stylus,Master 01 Apr,,
"3/16"" Capacity Air Rivet Gun Kit",Master 01 Apr,,
Heavy Duty Air Hammer,Master 01 Apr,,
Inline Pad Sander,Master 01 Apr,,
Sander 5'' C/W 3''&4'' Discs,Master 01 Apr,,
"2-5'' Disc Sander with Adaptor, Backing Pad and Discs",Master 01 Apr,,
6'' Dual Action Sander,Master 01 Apr,,
"7"" Angle Sander",Master 01 Apr,,
7'' Angle Polisher,Master 01 Apr,,
10mm Belt Sander,Master 01 Apr,,
20mm Belt Sander,Master 01 Apr,,
"1/4"" Pistol Grip Screw Driver",Master 01 Apr,,
Digital Tyre Inflator,Master 01 Apr,,
1m Blow Gun,Master 01 Apr,,
Filter Cleaning Nozzle to suit 1m Blow Gun,Master 01 Apr,,
Filter Cleaning Nozzle to suit 1m Blow Gun,Master 01 Apr,,
4'' Rubber Tipped Blow Gun,Master 01 Apr,,
Extendible Blow Gun,Master 01 Apr,,
Rotary Rust & Paint Remover Kit (Non- Vacuum),Master 01 Apr,,
M8-M12 Pistol Grip Nutsert Tool,Master 01 Apr,,
Straight Needle Scaler,Master 01 Apr,,
Air Caulking Gun,Master 01 Apr,,
"1/4"" Die Grinder - 20,000rpm",Master 01 Apr,,
"1/4"" Compact Die Grinder Kit",Master 01 Apr,,
"1/4"" Die Grinder",Master 01 Apr,,
"1/4"" Die Grinder Kit ",Master 01 Apr,,
"1/4"" Die Grinder",Master 01 Apr,,
"1/4"" Angle Die Grinder",Master 01 Apr,,
"1/8"" Micro Die Grinder Kit",Master 01 Apr,,
1/2'' Impact Wrench ,Master 01 Apr,,
Straight Needle Scaler Kit,Master 01 Apr,,
5'' Angle Grinder,Master 01 Apr,,
3/4'' Impact Wrench ,Master 01 Apr,,
3'' Cut Off Grinder,Master 01 Apr,,
3'' In-Line Cut Off Grinder,Master 01 Apr,,
M3-M10 Pistol Grip Nutsert Tool,Master 01 Apr,,
Pistol Grip Nutsert Tool with M3-M10 Mandrels,Master 01 Apr,,
"3/8"" Reversible Drill",Master 01 Apr,,
"3/8"" Keyless Chuck Reversible Drill",Master 01 Apr,,
"1/2"" Reversible Drill",Master 01 Apr,,
"1/2"" Keyless Chuck Reversible Drill",Master 01 Apr,,
3/8'' Reversible Angle Drill,Master 01 Apr,,
8mm Screwdriver,Master 01 Apr,,
3/8'' Ratchet Wrench,Master 01 Apr,,
1/2'' Ratchet Wrench,Master 01 Apr,,
Needle Scaler Attachment,Master 01 Apr,,
"6"" Random Orbital Sander - 5mm Orbit",Master 01 Apr,,
"6"" Random Orbital Sander - 5mm Orbit",Master 01 Apr,,
3/16'' Air Hydraulic Riveter,Master 01 Apr,,
9/32'' Air Hydraulic Riveter,Master 01 Apr,,
4'' Compact Angle Grinder,Master 01 Apr,,
4'' Angle Grinder,Master 01 Apr,,
Pistol Grip Metal Shears,Master 01 Apr,,
Sand Blasting Kit with Hose,Master 01 Apr,,
Air Nibbler,Master 01 Apr,,
Punch and Flange Tool,Master 01 Apr,,
Air Body Saw,Master 01 Apr,,
Pistol Grip Tyre Inflator,Master 01 Apr,,
Wonder Gun,Master 01 Apr,,
Wonder Gun Kit with Hose & Bag in Blowmould Case,Master 01 Apr,,
Engine Cleaning Gun,Master 01 Apr,,
Dual Tyre Chuck,Master 01 Apr,,
"1/4"" Air Regulator",Master 01 Apr,,
"1/4"" Male to Male Plug Air Regulator",Master 01 Apr,,
"1/4"" Female to Male Air Regulator",Master 01 Apr,,
Mini In-line Oiler,Master 01 Apr,,
Air Caulking Gun,Master 01 Apr,,
In-line Water Separator,Master 01 Apr,,
2 Way Quick Coupler Cluster,Master 01 Apr,,
3 Way Quick Coupler Cluster,Master 01 Apr,,
2 Way In-Line Quick Coupler,Master 01 Apr,,
3 Way In-Line Quick Coupler,Master 01 Apr,,
4 Way In-Line Quick Coupler,Master 01 Apr,,
"2"" Velcro Backing Pad",Master 01 Apr,,
"3"" Velcro Backing Pad ",Master 01 Apr,,
1/4'' Shank Adaptor,Master 01 Apr,,
1/4'' Shank,Master 01 Apr,,
Roloc Adaptor suits SI2026,Master 01 Apr,,
Thread Adaptor for SI2210,Master 01 Apr,,
3/8''x24 Thread adaptor suits GP1204,Master 01 Apr,,
"5/8"" UNC-F X 5/16"" UNF-F Thread Adaptor",Master 01 Apr,,
"1/4""-20 Male to M6 MaleThread Adaptor",Master 01 Apr,,
"10mm x 1.5TPI F X 1/4""UNC M Thread Adaptor",Master 01 Apr,,
"5/8"" UNC-F X 5/16"" UNF-F Thread Adaptor",Master 01 Apr,,
"10mm x 1.5TPI F X 1/4""UNC M Thread Adaptor",Master 01 Apr,,
"50mm Backing Pad with 1/4"" Shank Adaptor",Master 01 Apr,,
"50mm Backing Pad with 1/4"" Shank Adaptor",Master 01 Apr,,
"75mm Backing Pad with 1/4"" Shank Adaptor",Master 01 Apr,,
"2"" Q/Change Felt Polishing Pad",Master 01 Apr,,
50mm Abrasive Disc (Brown),Master 01 Apr,,
50mm Abrasive Disc Pack (Brown),Master 01 Apr,,
50mm Abrasive Disc (Blue),Master 01 Apr,,
50mm Abrasive Disc Pack (Blue),Master 01 Apr,,
50mm Abrasive Disc (Maroon),Master 01 Apr,,
50mm Abrasive Disc Pack (Maroon),Master 01 Apr,,
75mm Abrasive Disc (Brown),Master 01 Apr,,
75mm Abrasive Disc Pack (Brown),Master 01 Apr,,
75mm Abrasive Disc (Blue),Master 01 Apr,,
75mm Abrasive Disc Pack (Blue),Master 01 Apr,,
75mm Abrasive Disc (Maroon),Master 01 Apr,,
75mm Abrasive Disc Pack (Maroon),Master 01 Apr,,
Engine Cleaning Wand,Master 01 Apr,,
Straight Dual Access Tyre Chuck,Master 01 Apr,,
Dual Straight Tyre Water Chuck,Master 01 Apr,,
"3"" Q/Change Felt Polishing Pad",Master 01 Apr,,
"1/2"" Dr Thin Wall Impact Sockets (3pc.)",Master 01 Apr,,
"1/2"" Dr Sockets &Torque Extension Bar (8pc.)",Master 01 Apr,,
0.5mm Straight Wire Wheel suits GP2001A,Master 01 Apr,,
0.55mm Hooked Wire Wheel suits GP2001A,Master 01 Apr,,
0.7mm Hooked Wire Wheel suits GP2001A,Master 01 Apr,,
"4"" Caramel Stripping Wheel",Master 01 Apr,,
"4"" Striping Wheel",Master 01 Apr,,
Spring Retainer Heavy Duty Quick Change,Master 01 Apr,,
"50mm Velcro Backing Pad with 1/4"" Shank",Master 01 Apr,,
"7"" Chisel Set (5pc.)",Master 01 Apr,,
Deluxe Analog Tyre Inflator,Master 01 Apr,,
Spring Retainer,Master 01 Apr,,
Spring Retainer (2pc.),Master 01 Apr,,
"75mm Velcro Backing Pad with 1/4"" Shank",Master 01 Apr,,
Long Nose Air Duster,Master 01 Apr,,
"1/4"" pt Male x 1/4"" pt Female  Air Swivel Connector",Master 01 Apr,,
Sandblaster,Master 01 Apr,,
2 Way In-Line Manifold - Bare,Master 01 Apr,,
3 Way In-Line Manifold - Bare,Master 01 Apr,,
4 Way In-Line Manifold - Bare,Master 01 Apr,,
Tyre Chuck,Master 01 Apr,,
0-60psi Tyre Pressure Gauge,Master 01 Apr,,
2 Way Cluster Manifold - Bare,Master 01 Apr,,
3 Way Cluster Manifold - Bare,Master 01 Apr,,
2 Way Cluster Manifold - Bare,Master 01 Apr,,
3 Way Cluster Manifold - Bare,Master 01 Apr,,
Integrated Air Gun,Master 01 Apr,,
10mm Air Hose (2m),Master 01 Apr,,
10mm Air Hose (5m),Master 01 Apr,,
10mm Air Hose (6m),Master 01 Apr,,
10mm Air Hose (8m),Master 01 Apr,,
12mm Air Hose (5m),Master 01 Apr,,
12mm Air Hose (6m),Master 01 Apr,,
12mm Air Hose (8m),Master 01 Apr,,
12mm Air Hose (10m),Master 01 Apr,,
10mm Hose Reel (20m),Master 01 Apr,,
12mm Hose Reel (20m),Master 01 Apr,,
"2"" Surface Preparation Kit (7pc)",Master 01 Apr,,
75mm Surface Preparation Kit (7pc),Master 01 Apr,,
Dial Indicator Contact Point (22pc. Set I),Master 01 Apr,,
Dial Indicator Contact Point (22pc.Set M),Master 01 Apr,,
Screw Extractor Set,Master 01 Apr,,
Screw Extractor set #5 M10 & M12,Master 01 Apr,,
Screw Extractor set #1 M4,Master 01 Apr,,
Screw Extractor set #2 M5,Master 01 Apr,,
Screw Extractor set #3 M6,Master 01 Apr,,
Screw Extractor set #4 M8,Master 01 Apr,,
Heavy Duty Parts Trolley,Master 01 Apr,,
Heavy Duty Parts Trolley with Slide Tray,Master 01 Apr,,
Utility Parts Trolley,Master 01 Apr,,
Metric 18 Piece Tap & Drill Set,Master 01 Apr,,
39 Piece Metric and Imperial Tungsten Steel Tap & Die Set,Master 01 Apr,,
Ti-N Coated Metric Tungsten Steel,Master 01 Apr,,
45Pc Imperial Tap & Die Set,Master 01 Apr,,
60 Piece Metric/SAE Tungsten Steel Tap & Die Set,Master 01 Apr,,
T-Handle Ratchet Tap Wrench,Master 01 Apr,,
M4-12 Tap Wrench,Master 01 Apr,,
"5"" Rubber Backing Pad - Turbo (M14)",Master 01 Apr,,
"5"" Rubber Backing Pad - Turbo (5/8 x 11)",Master 01 Apr,,
"7"" Rubber Turbo Pad 5/8 x 11",Master 01 Apr,,
"7"" Rubber Turbo Pad M14",Master 01 Apr,,
"5"" Rubber Backing Pad - Turbo (M14)",Master 01 Apr,,
M10 x 1.5 Thread Repair Kit,Master 01 Apr,,
M10x1 Thread repair kit with 25pcs wire insert,Master 01 Apr,,
M10x1.25 Thread repair kit with 25pcs wire insert,Master 01 Apr,,
M12 x 1.75 Thread Repair Kit,Master 01 Apr,,
M12x1.25 Thread repair kit with 10pcs wire insert,Master 01 Apr,,
M12x1.5 Thread repair kit with 10pcs wire insert,Master 01 Apr,,
M14x2 Thread repair kit with 10pcs wire insert,Master 01 Apr,,
M14x1.5 Thread repair kit with 10pcs wire insert,Master 01 Apr,,
M6 x 1.0 Thread Repair Kit,Master 01 Apr,,
M8 x 1.25 Thread Repair Kit,Master 01 Apr,,
M8x1 Thread repair kit with 25pcs wire insert,Master 01 Apr,,
T Slot Cleaner,Master 01 Apr,,
100mm Round Vice,Master 01 Apr,,
Workshop Stool,Master 01 Apr,,
"1/2"" Drive Imperial Hex Bit Set",Master 01 Apr,,
"1/2"" Drive Metric Hex Bit Set",Master 01 Apr,,
"1/2"" Spin Extension",Master 01 Apr,,
"1/2"" Star Bit Impact Socket Set (8pc.)",Master 01 Apr,,
"1/2"" Impact Universal Joint",Master 01 Apr,,
"1/2"" Drive Imperial Socket Set (13pc.)",Master 01 Apr,,
"1/2"" Drive Metric Socket Set (13pc.)",Master 01 Apr,,
"3/4"" Spin Extension",Master 01 Apr,,
"3/4"" Impact Universal Joint",Master 01 Apr,,
"3/8"" Impact Universal Joint",Master 01 Apr,,
5pc. Adaptor Set (Blister Pack),Master 01 Apr,,
"3/4"" Drive Imperial Socket Set (8pc.)",Master 01 Apr,,
"3/4"" Drive Metric Socket Set (8pc.)",Master 01 Apr,,
"3/8"" Drive Imperial Socket Set (8pc.)",Master 01 Apr,,
"3/8"" Drive Metric Socket Set (8pc.)",Master 01 Apr,,
Precision Screwdriver Set,Master 01 Apr,,
"3/4"" Drive Budd Wheel Socket - 17mm",Master 01 Apr,,
"3/4"" Drive Budd Wheel Socket - 19mm",Master 01 Apr,,
"3/4"" Drive Budd Wheel Socket - 21mm",Master 01 Apr,,
"1/2"" Drive Flip Socket - 17 / 19mm",Master 01 Apr,,
Imperial Hex Key Wrench Set (13pc.),Master 01 Apr,,
Metric Hex Key Wrench Set (9pc.),Master 01 Apr,,
Hook and Pick Set (4pc.),Master 01 Apr,,
"1/2"" Drive 10mm Deep Impact Socket",Master 01 Apr,,
"1/2"" Drive 12mm Deep Impact Socket",Master 01 Apr,,
"1/2"" Drive 13mm Deep Impact Socket",Master 01 Apr,,
"1/2"" Drive 14mm Deep Impact Socket",Master 01 Apr,,
"1/2"" Drive 15mm Deep Impact Socket",Master 01 Apr,,
"1/2"" Drive 16mm Deep Impact Socket",Master 01 Apr,,
"1/2"" Drive 17mm Deep Impact Socket",Master 01 Apr,,
"1/2"" Drive 18mm Deep Impact Socket",Master 01 Apr,,
"1/2"" Drive 19mm Deep Impact Socket",Master 01 Apr,,
"1/2"" Drive 21mm Deep Impact Socket",Master 01 Apr,,
"1/2"" Drive 22mmDeep Impact Socket",Master 01 Apr,,
"1/2"" Drive 24mm Deep Impact Socket",Master 01 Apr,,
"1/2"" Drive 27mm Deep Impact Socket",Master 01 Apr,,
"1/2"" Drive 30mm Deep Impact Socket",Master 01 Apr,,
"1/2"" Drive 32mm Deep Impact Socket",Master 01 Apr,,
"3/4"" Drive 17mm Deep Impact Socket",Master 01 Apr,,
"3/4"" Drive 18mm Deep Impact Socket",Master 01 Apr,,
"3/4"" Drive 19mm Deep Impact Socket",Master 01 Apr,,
"3/4"" Drive 21mm Deep Impact Socket",Master 01 Apr,,
"3/4"" Drive 22mm Deep Impact Socket",Master 01 Apr,,
"3/4"" Drive 24mm Deep Impact Socket",Master 01 Apr,,
"3/4"" Drive 27mm Deep Impact Socket",Master 01 Apr,,
"3/4"" Drive 30mm Deep Impact Socket",Master 01 Apr,,
"3/4"" Drive 32mm Deep Impact Socket",Master 01 Apr,,
"3/4"" Drive 33mm Deep Impact Socket",Master 01 Apr,,
"3/4"" Drive 34mm Deep Impact Socket",Master 01 Apr,,
"3/4"" Drive 36mm Deep Impact Socket",Master 01 Apr,,
"3/4"" Drive 38mm Deep Impact Socket",Master 01 Apr,,
"3/8"" Drive 8mm Deep Impact Socket",Master 01 Apr,,
"3/8"" Drive 10mm Deep Impact Socket",Master 01 Apr,,
"3/8"" Drive 12mm Deep Impact Socket",Master 01 Apr,,
"3/8"" Drive 13mm Deep Impact Socket",Master 01 Apr,,
"3/8"" Drive 14mm Deep Impact Socket",Master 01 Apr,,
"3/8"" Drive 15mm Deep Impact Socket",Master 01 Apr,,
"3/8"" Drive 16mm Deep Impact Socket",Master 01 Apr,,
"3/8"" Drive 17mm Deep Impact Socket",Master 01 Apr,,
"3/8"" Drive 18mm Deep Impact Socket",Master 01 Apr,,
"3/8"" Drive 19mm Deep Impact Socket",Master 01 Apr,,
"3/8"" Drive 21mm Deep Impact Socket",Master 01 Apr,,
"3/8"" Drive 22mm Deep Impact Socket",Master 01 Apr,,
"3/8"" Drive 24mm Deep Impact Socket",Master 01 Apr,,
"1/4"" Socket Set",Master 01 Apr,,
"3/8"" Socket Set",Master 01 Apr,,
Tamperproof Torx Wrench Set (13pc.),Master 01 Apr,,
T6-T50 Torx Key Wrench Set (13pc.),Master 01 Apr,,
"1/2"" Wobble Extension Bar Set (4pc.)",Master 01 Apr,,
"1/4"" Wobble Extension Bar Set (4pc.)",Master 01 Apr,,
"3/8"" Wobble Extension Bar Set (4pc.)",Master 01 Apr,,
10mm Letter Stamps,Master 01 Apr,,
12mm Letter Stamps,Master 01 Apr,,
12mm Letter Stamps,Master 01 Apr,,
12mm Letter Stamps,Master 01 Apr,,
10mm Number Stamps,Master 01 Apr,,
12mm Number Stamps,Master 01 Apr,,
16mm Number Stamps,Master 01 Apr,,
19mm Number Stamps,Master 01 Apr,,
3mm Number Stamps,Master 01 Apr,,
4mm Number Stamps,Master 01 Apr,,
5mm Number Stamps,Master 01 Apr,,
6mm Number Stamps,Master 01 Apr,,
8mm Number Stamps,Master 01 Apr,,
3mm Number & Letter Stamps,Master 01 Apr,,
4mm Number & Letter Stamps,Master 01 Apr,,
5mm Number & Letter Stamps,Master 01 Apr,,
6mm Number & Letter Stamps,Master 01 Apr,,
8mm Number & Letter Stamps,Master 01 Apr,,
3mm Punch & Stamp Kit,Master 01 Apr,,
6mm Punch & Stamp Kit,Master 01 Apr,,
6 mm Symbol Stamps,Master 01 Apr,,
PIVOT HEAD DOUBLE WHEELKNURLING TOOL 20x20x140mm,Master 01 Apr,,
WHEEL REVOLVING HEADKNURLING TOOL 20x12.7x101.6mm,Master 01 Apr,,
38mm Flattening Hammer Chisel,Master 01 Apr,,
30mm Scraper,Master 01 Apr,,
50mm Scrapper,Master 01 Apr,,
Tail Pipe Cut-Off Chisel,Master 01 Apr,,
Wide Chisel & Scraper,Master 01 Apr,,
Special Panel Cutter,Master 01 Apr,,
Sheet Metal Cutter,Master 01 Apr,,
20mm Cold Chisel,Master 01 Apr,,
Single Blade Cutter,Master 01 Apr,,
Tapered Punch,Master 01 Apr,,
Small Short HB Series Bin - Blue,Master 01 Apr,,
Small Short HB Series Bin - Red ,Master 01 Apr,,
Small HB Series Bin - Blue,Master 01 Apr,,
Small HB Series Bin - Red,Master 01 Apr,,
Medium HB Series Bin - Blue,Master 01 Apr,,
Medium HB Series Bin - Red,Master 01 Apr,,
Medium HB Series Duplex Bin - Blue,Master 01 Apr,,
Medium Duplex HB Clapboard,Master 01 Apr,,
Medium HB Series Duplex Bin - Red,Master 01 Apr,,
Large HB Series Bin - Blue,Master 01 Apr,,
Large HB Series Bin - Red,Master 01 Apr,,
Large HB Series Duplex Bin - Blue,Master 01 Apr,,
Large HB Duplex Clapboard,Master 01 Apr,,
Large HB Series Duplex Bin - Red,Master 01 Apr,,
Jumbo Stackable Storage Bin,Master 01 Apr,,
HD Parts Drawer,Master 01 Apr,,
HD Parts Drawer Dividers (10),Master 01 Apr,,
HD Parts Draw Window Face,Master 01 Apr,,
18 Drawer HD Parts Cabinet,Master 01 Apr,,
15 Drawer HD Parts Cabinet,Master 01 Apr,,
30 Drawer HD Parts Cabinet,Master 01 Apr,,
HB Hanging Panel (Set of 2),Master 01 Apr,,
HB Hanging Panel 40 Bin Kit (Blue),Master 01 Apr,,
HB Hanging Panel 40 Bin Kit (Red),Master 01 Apr,,
JI12 Insert - Parting,Master 01 Apr,,
JI12 Insert - Full Chip Break Square,Master 01 Apr,,
JI12 Insert - RH Chip Break Trigon,Master 01 Apr,,
JI12 Insert - 60° External Thread,Master 01 Apr,,
JI12 Insert - LH Chip Break Square,Master 01 Apr,,
JI12 Insert - LH Chip Break Trigon,Master 01 Apr,,
JI12 Insert - 60° Internal Thread,Master 01 Apr,,
JI12 Insert - RH Chip Break Square,Master 01 Apr,,
JI12 Inserts - 9pc. Assortment,Master 01 Apr,,
Battery Button,Master 01 Apr,,
Drill Chuck Milling Arbor MT3 x JT6 (M12),Master 01 Apr,,
"Drill Chuck Milling Arbor MT3 x JT6 (1/2""x12)",Master 01 Apr,,
Milling Cutter 100mm (bore 32mm),Master 01 Apr,,
Milling Cutter 160mm (bore 40mm),Master 01 Apr,,
Milling Cutter 50mm (bore 22mm),Master 01 Apr,,
Milling Cutter 63mm (bore 22mm),Master 01 Apr,,
Milling Cutter 80mm (bore 27mm),Master 01 Apr,,
Magnetic Broom,Master 01 Apr,,
Brochure Stand,Master 01 Apr,,
Desktop Magnification Lamp,Master 01 Apr,,
5 x Lens to suit ML30,Master 01 Apr,,
Magnification Lamp,Master 01 Apr,,
Magnetic Pickup Tool Extended Reach,Master 01 Apr,,
Face Mill 100mm x 32mm Bore 90 degree,Master 01 Apr,,
HB Heavy Duty Display Stand,Master 01 Apr,,
Bar for MS20020,Master 01 Apr,,
HB Double-sided Display Stand 104 Bin Kit,Master 01 Apr,,
Face Mill 50mm x 22mm Bore 90 Degree,Master 01 Apr,,
Face Mill 63mm x 27mm Bore 90 Degree,Master 01 Apr,,
Face Mill 75mm x 27mm Bore 90 Degree,Master 01 Apr,,
Single-Sided Mobile Pivot Drawer Cart - 46 Drawer,Master 01 Apr,,
Double-sided Mobile Pivot Drawer Cart - 92 Drawer,Master 01 Apr,,
Mill Sleeve NT40 x NT30,Master 01 Apr,,
Mill Sleeve NT50 x NT40,Master 01 Apr,,
Magnetic Clean-Up Wand,Master 01 Apr,,
Multi-Function Storage Bin with Lid,Master 01 Apr,,
HD Steel Shelf Cabinet,Master 01 Apr,,
30 Drawer Mobile HD Parts Cabinet,Master 01 Apr,,
60 Drawer HD Steel Parts Cabinet,Master 01 Apr,,
HD Steel Shelf Cabinet,Master 01 Apr,,
Nutsert M10 Poly Nut Steel (pack of 50),Master 01 Apr,,
Nutsert M10 Rivet Nut Aluminium (pack of 50),Master 01 Apr,,
Nutsert M12 Poly Nut Steel (pack of 50),Master 01 Apr,,
Nutsert M4 Poly Nut Steel (pack of 50),Master 01 Apr,,
Nutsert M4 Rivet Nut Aluminium (pack of 50),Master 01 Apr,,
Nutsert M5 Poly Nut Steel (pack of 50),Master 01 Apr,,
Nutsert M5 Rivet Nut Aluminium (pack of 50),Master 01 Apr,,
Nutsert M6 Poly Nut Steel (pack of 50),Master 01 Apr,,
Nutsert M6 Rivet Nut Aluminium (pack of 50),Master 01 Apr,,
Nutsert M8 Poly Nut Steel (pack of 50),Master 01 Apr,,
Nutsert M8 Rivet Nut Aluminium (pack of 50),Master 01 Apr,,
Pocket Blow Gun,Master 01 Apr,,
Polish Mop Calico 50mmx50mm,Master 01 Apr,,
4 Piece Chisel Set,Master 01 Apr,,
Coarse Pitch 18TPI Air Saw Blades,Master 01 Apr,,
Medium Pitch 24TPI Air Saw Blades,Master 01 Apr,,
Fine Pitch Air Saw Blades,Master 01 Apr,,
75mm Backing Pad,Master 01 Apr,,
"BT40 trolley, vertical arrangment",Master 01 Apr,,
BT40/50 shelf assembly,Master 01 Apr,,
Boring Bar 8mm,Master 01 Apr,,
Boring Bar 10mm,Master 01 Apr,,
Boring Bar 12mm,Master 01 Apr,,
Boring Bar 12mm,Master 01 Apr,,
Boring Bar 12mm,Master 01 Apr,,
Boring Bar 16mm,Master 01 Apr,,
Boring Bar 16mm,Master 01 Apr,,
Boring Bar 20mm,Master 01 Apr,,
Boring Bar 20mm,Master 01 Apr,,
Boring Bar 20mm,Master 01 Apr,,
Boring Bar 25mm,Master 01 Apr,,
Boring Bar 32mm,Master 01 Apr,,
20mm Abrasive Belts Pack (Brown),Master 01 Apr,,
Parting Block 16mm High 26mm Blade,Master 01 Apr,,
Parting Block 20mm High 26mm Blade,Master 01 Apr,,
Parting Block 20mm High 32mm Blade,Master 01 Apr,,
Parting Block 25mm High 32mm Blade,Master 01 Apr,,
1.4mm Economical Gravity Feed Spray Gun,Master 01 Apr,,
1.8mm EconomicalGravity Feed Spray Gun,Master 01 Apr,,
2.2mm Economical Gravity Feed Spray Gun,Master 01 Apr,,
600ml Spray Gun Pot,Master 01 Apr,,
K818M & KH818M Series Gravity Feed Paint Filter,Master 01 Apr,,
K818M & KH818M Series Gravity Feed Paint Filter,Master 01 Apr,,
K818M & KH818M Series Gravity Feed Paint Filter,Master 01 Apr,,
Soluble Cutting Oil 1Ltr,Master 01 Apr,,
Soluble Cutting Oil 20Ltr,Master 01 Apr,,
Soluble Cutting Oil 5Ltr,Master 01 Apr,,
Parting Blade 2 x 26mm,Master 01 Apr,,
Parting Blade 2 x 32mm ,Master 01 Apr,,
Parting Blade 3 x 26mm ,Master 01 Apr,,
Parting Blade 3 x 32mm,Master 01 Apr,,
ST2 Parts Cabinet - 60 Drawers ,Master 01 Apr,,
ST2 Divider (10),Master 01 Apr,,
ST2 Drawer,Master 01 Apr,,
"1/8"" Male to Japanese Style Plug",Master 01 Apr,,
"1/4"" Female to Japanese Style Plug",Master 01 Apr,,
"1/4"" Hose Fitting to Japanese Style Plug",Master 01 Apr,,
"1/4"" Male to Japanese Style Plug",Master 01 Apr,,
"1/4"" Female to One Touch Socket",Master 01 Apr,,
"1/4"" Hose Fitting to One Touch Socket",Master 01 Apr,,
"1/4"" Male to One Touch Socket",Master 01 Apr,,
"3/8"" Female to Japanese Style Plug",Master 01 Apr,,
"3/8"" Hose Fitting to Japanese Style Plug",Master 01 Apr,,
"3/8"" Male to Japanese Style Plug",Master 01 Apr,,
6.5*10mm Plug,Master 01 Apr,,
"3/8"" Female to One Touch Socket",Master 01 Apr,,
"3/8"" Hose Fitting to One Touch Socket",Master 01 Apr,,
"3/8"" Male to One Touch Socket",Master 01 Apr,,
6.5*10mm PU Socket (one touch),Master 01 Apr,,
"1/2"" 400 Hose Plug",Master 01 Apr,,
"1/2"" 400 Male Plug",Master 01 Apr,,
"1/2"" 400 Hose Socket",Master 01 Apr,,
"1/2"" 400 Female socket",Master 01 Apr,,
"1/2"" Female to Japanese Style Plug",Master 01 Apr,,
"1/2"" Hose Fitting to Japanese Style Plug",Master 01 Apr,,
"1/2"" Male to Japanese Style Plug",Master 01 Apr,,
8*12mm Plug,Master 01 Apr,,
"1/2"" Female to One Touch Socket",Master 01 Apr,,
"1/2"" Hose Fitting to One Touch Socket",Master 01 Apr,,
"1/2"" Male to One Touch Socket",Master 01 Apr,,
8*12mm PU Socket (one touch),Master 01 Apr,,
High Flow Nozzle,Master 01 Apr,,
"Min Control Unit 1/4"" Filter Regulator & Lubricator",Master 01 Apr,,
"1/2"" Auto Drain",Master 01 Apr,,
Dryer Desiccant 2 pack,Master 01 Apr,,
"1/2"" Filter (No Regulator or Gauge)",Master 01 Apr,,
Filter Element,Master 01 Apr,,
"Control Unit 1/4"" Filter Regulator & Lubricator",Master 01 Apr,,
"Control Unit 3/8"" Filter Regulator & Lubricator",Master 01 Apr,,
"Control Unit 1/2"" Filter Regulator & Lubricator",Master 01 Apr,,
"1/4"" Filter Regulator (Mini)",Master 01 Apr,,
"1/4"" Filter Regulator ",Master 01 Apr,,
"3/8"" Filter Regulator ",Master 01 Apr,,
"1/2"" Filter Regulator ",Master 01 Apr,,
"3/4"" Filter Regulator with auto drain",Master 01 Apr,,
"1"" Filter Regulator with auto drain",Master 01 Apr,,
Filter Regulator Bowl Assembly,Master 01 Apr,,
"1/4"" Filter Dryer Regulator",Master 01 Apr,,
"3/8"" Filter Dryer Regulator",Master 01 Apr,,
"1/2"" Filter Dryer Regulator",Master 01 Apr,,
"1/4"" Lubricator",Master 01 Apr,,
"3/8"" Lubricator",Master 01 Apr,,
"1/2"" Lubricator",Master 01 Apr,,
"3/4"" Lubricator",Master 01 Apr,,
"1"" Lubricator",Master 01 Apr,,
"Pressure Gauge 2"" 15kg/psi Unit",Master 01 Apr,,
Pressure Gauge for Filter Regulator,Master 01 Apr,,
"1/4"" Regulator ",Master 01 Apr,,
"1/2"" Regulator c/w gauge",Master 01 Apr,,
"3/4"" Regulator c/w gauge",Master 01 Apr,,
"1"" Regulator c/w gauge",Master 01 Apr,,
3 shelf Cabinet,Master 01 Apr,,
Lockable BT40 Tooling Storage Cabinet,Master 01 Apr,,
Shelf to suit THD3B,Master 01 Apr,,
Quick change boring bar set 20mm,Master 01 Apr,,
Quick change boring bar set 25mm,Master 01 Apr,,
"Taper Spindle 1/4"" round shank",Master 01 Apr,,
Drill Press Vice 100mm,Master 01 Apr,,
Drill Press Vice 150mm,Master 01 Apr,,
Drill Press Vice 200mm,Master 01 Apr,,
Cross Vice 100mm,Master 01 Apr,,
Cross Vice 150mm,Master 01 Apr,,
Welders Vice 60mm,Master 01 Apr,,
Welders Vice 100mm,Master 01 Apr,,
BT/NT/HSK Tool Trolley with 1 Drawer,Master 01 Apr,,
"Arbor MT3 x 27mm (1/2""x12)",Master 01 Apr,,
Tooling Rack BT30,Master 01 Apr,,
Tooling Rack BT40,Master 01 Apr,,
Tooling Rack BT50,Master 01 Apr,,
Haaga 477 Sweeper,Master 01 Apr,,
Haaga 497 Sweeper,Master 01 Apr,,
TiAlN Micro-Grain Carbide Right Handed Threading Inserts - 48-16 TPI,Master 01 Apr,,
TiAlN Micro-Grain Carbide Right Handed Threading Inserts - 0.5-1.5 mm,Master 01 Apr,,
TiAlN Micro-Grain Carbide Right Handed Threading Inserts - 48-8 TPI,Master 01 Apr,,
TiAlN Micro-Grain Carbide Right Handed Threading Inserts - 0.5-3.0 mm,Master 01 Apr,,
TiAlN Micro-Grain Carbide Right Handed Threading Inserts - 0.5-3.0 mm,Master 01 Apr,,
TiAlN Micro-Grain Carbide Right Handed Threading Inserts - 0.5-3.0 mm,Master 01 Apr,,
Solid Carbide Parallelogram Inserts - APKT1003PDTR,Master 01 Apr,,
Solid Carbide Parallelogram Inserts - APKT160408PDTR,Master 01 Apr,,
TiAlN Micro-Grain Carbide Semi-Finishing CCMT Inserts,Master 01 Apr,,
TiAlN Micro-Grain Carbide Semi-Finishing 9 mm CCMT Inserts,Master 01 Apr,,
TiAlN Micro-Grain Carbide Semi-Finishing 12 mm CCMT Inserts,Master 01 Apr,,
TiAlN Micro-Grain Carbide Semi-Finishing CNMG Inserts - 12 mm,Master 01 Apr,,
TiAlN Micro-Grain Carbide Semi-Finishing 7 mm DCMT Inserts,Master 01 Apr,,
TiAlN Micro-Grain Carbide Semi-Finishing 11 mm DCMT Inserts,Master 01 Apr,,
Ti-nite Coated Carbide Cut Off Insert - GTN-2,Master 01 Apr,,
Ti-nite Coated Carbide Cut Off Inserts & Grooving Toolholder - GTN-3,Master 01 Apr,,
Ti-nite Coated Carbide Cut Off Inserts & GTN-3 Grooving Toolholder - GTN-4,Master 01 Apr,,
Ti-nite Coated Carbide Cut Off Inserts & GTN-3 Grooving Toolholder - GTN-4,Master 01 Apr,,
90° Arc Flute Countersinks 6 Piece Set,Master 01 Apr,,
M1-M12 Adjustable Tap & Reamer Wrenches,Master 01 Apr,,
M5-M20 Adjustable Tap & Reamer Wrenches,Master 01 Apr,,
M13-M32 Adjustable Tap & Reamer Wrenches,Master 01 Apr,,
M3-M10 Extended T-Handle Tap Wrenches,Master 01 Apr,,
M5-M13 Extended T-Handle Tap Wrenches,Master 01 Apr,,
Indexable 7 Piece Nickel Plated Carbide Lathe Tool Set - 12 x 80 mm,Master 01 Apr,,
Indexable 7 Piece Nickel Plated Carbide Lathe Tool Set - 16 x 100 mm,Master 01 Apr,,
Indexable 7 Piece Nickel Plated Carbide Lathe Tool Set - 20 x 125 mm,Master 01 Apr,,
12-32.5mm Nickel Plated TCMT Countersink,Master 01 Apr,,
Cut-Off & Grooving Lathe Tool Kit - 12mm,Master 01 Apr,,
Cut-Off & Grooving Lathe Tool Kit - 16mm,Master 01 Apr,,
Cut-Off & Grooving Lathe Tool Kit - 20mm,Master 01 Apr,,
Cut-Off & Grooving Lathe Tool Kit - 25mm,Master 01 Apr,,
170 Piece Cobalt/HSS Twist Drill Set,Master 01 Apr,,
Threading Tool Holder Set with Ti-nite Coated Tungsten Carbide Inserts - 16mm,Master 01 Apr,,
Threading Nickel Plated Tool Holder Set - 20mm,Master 01 Apr,,
Threading Nickel Plated Tool Holder Set - 25mm,Master 01 Apr,,
 M5 x 0.8 Stainless Steel Threaded Inserts,Master 01 Apr,,
 M6 x 1.0 Stainless Steel Threaded Inserts,Master 01 Apr,,
 M8 x 1.25 Stainless Steel Threaded Inserts,Master 01 Apr,,
 M10 x 1.5 Stainless Steel Threaded Inserts,Master 01 Apr,,
 M12 x 1.75 Stainless Steel Threaded Inserts,Master 01 Apr,,
M5-M12 Master Thread Repair Kit,Master 01 Apr,,
90° APKT Indexable End Mill Set,Master 01 Apr,,
APKT 90° Carbide Indexable Face Milling Cutter Set,Master 01 Apr,,
4 Piece Indexable Nickel Plated Carbide Boring Bar Set,Master 01 Apr,,
"Stainless Steel Threaded Inserts - 1/4""-20 UNC",Master 01 Apr,,
" Stainless Steel Threaded Inserts - 5/16""-18 UNC",Master 01 Apr,,
" Stainless Steel Threaded Inserts - 3/8""-16 UNC",Master 01 Apr,,
" Stainless Steel Threaded Inserts - 7/16""-14 UNC",Master 01 Apr,,
" Stainless Steel Threaded Inserts - 1/2""-13 UNC",Master 01 Apr,,
" Stainless Steel Threaded Inserts - 1/4""-28 UNF",Master 01 Apr,,
" Stainless Steel Threaded Inserts - 5/16""-24 UNF",Master 01 Apr,,
" Stainless Steel Threaded Inserts - 3/8""-24 UNF",Master 01 Apr,,
" Stainless Steel Threaded Inserts - 7/16""-20 UNF",Master 01 Apr,,
" Stainless Steel Threaded Inserts - 1/2""-20 UNF",Master 01 Apr,,
"1/4"" to 1/2"" UNC Master Thread Repair Kit",Master 01 Apr,,
"1/4"" to 1/2"" UNF Master Thread Repair Kit",Master 01 Apr,,
50mm 90° Indexable Face Mills for APKT1604 Inserts,Master 01 Apr,,
50mm 90° Indexable Face Mills for APKT1604 Inserts,Master 01 Apr,,
100mm Welders Vice,Master 01 Apr,,
135 mm Welders Vice,Master 01 Apr,,
"150 mm / 6"" Tilting Machine Vise",Master 01 Apr,,
"150 mm / 6"" Precision Angle Lock Milling Machine Vise with Swivel Base",Master 01 Apr,,
"150 mm / 6"" Precision Angle Lock Milling Machine Vise ",Master 01 Apr,,
"200 mm / 8"" Precision Angle Lock Milling Machine Vise with Swivel Base",Master 01 Apr,,
 12mm Clamping Kit - M10 Stud,Master 01 Apr,,
 14mm Clamping Kit - M12 Stud,Master 01 Apr,,
 15.7mm Clamping Kit - M12 Stud,Master 01 Apr,,
 16mm Clamping Kit - M14 Stud,Master 01 Apr,,
 18mm Clamping Kit - M16 Stud,Master 01 Apr,,
 20mm Clamping Kit - M18 Stud,Master 01 Apr,,
"4""/ 100mm Drill Press Vice",Master 01 Apr,,
"6""/ 150mm Drill Press Vice",Master 01 Apr,,
"8""/ 200mm Drill Press Vice",Master 01 Apr,,
150 mm High Precision Modular Vice,Master 01 Apr,,
" 7/16"" Clamping Kit - 3/8""-16 Stud",Master 01 Apr,,
1-13mm HSS Drill Set,Master 01 Apr,,
1-13mm Cobalt/HSS Split Point Drill Set,Master 01 Apr,,
1-13mm HSS Stepped Head Drill Set,Master 01 Apr,,
HSS Plug Tap And Twist Drill Set,Master 01 Apr,,
TiAlN Coated Micro-Grain Carbide Parting & Grooving Insert,Master 01 Apr,,
TiAlN Coated Micro-Grain Carbide Parting & Grooving Insert,Master 01 Apr,,
Nickel Plated Cut Off Blade - NCIH19-2,Master 01 Apr,,
Nickel Plated Cut Off Blade - NCIH19-3,Master 01 Apr,,
Nickel Plated Cut Off Blade - NCIH26-2,Master 01 Apr,,
Nickel Plated Cut Off Blade - NCIH26-3,Master 01 Apr,,
Nickel Plated Cut Off Blade - NCIH32-3,Master 01 Apr,,
Nickel Plated Cut Off Blade - NCIH32-4,Master 01 Apr,,
Nickel Plated Cut Off Blade - NCIH32-5,Master 01 Apr,,
SEMT1204AFN-EM Milling insert,Master 01 Apr,,
Self-Locking Cut-Off Tool Block - 12mm,Master 01 Apr,,
Self-Locking Cut-Off Tool Block - 16mm,Master 01 Apr,,
Self-Locking Cut-Off Tool Block - 20mm,Master 01 Apr,,
Self-Locking Cut-Off Tool Block - 25mm,Master 01 Apr,,
TiAlN Micro-Grain Carbide Semi-Finishing 0.4 mm TCMT Inserts,Master 01 Apr,,
TiAlN Micro-Grain Carbide Semi-Finishing 0.8 mm TCMT Inserts,Master 01 Apr,,
TiAlN Micro-Grain Carbide Semi-Finishing TNMG Insert - 16 mm,Master 01 Apr,,
TiAlN Micro-Grain Carbide Semi-Finishing TNMG Insert - 16 mm,Master 01 Apr,,
Coated Milling Insert ,Master 01 Apr,,
TiN Micro-Grain Carbide Semi-Finishing TPMR Insert - 16 mm,Master 01 Apr,,
TiN Micro-Grain Carbide Semi-Finishing TPMR Insert - 16 mm,Master 01 Apr,,
TiAlN Micro-Grain Carbide Semi-Finishing 5 mm WCMT Inserts ,Master 01 Apr,,
TiN Micro-Grain Carbide Semi-Finishing 6 mm WCMT Inserts ,Master 01 Apr,,
TiAlN Micro-Grain Carbide Semi-Finishing WNMG Insert - 8 mm,Master 01 Apr,,
TiAlN Micro-Grain Carbide Semi-Finishing WNMG Insert - 8 mm,Master 01 Apr,,
"1/4"" Hose Assembly Pliers",Master 01 Apr,,
"1/2"" Hose Assembly Pliers",Master 01 Apr,,
"3/8"" Hose Assembly Pliers",Master 01 Apr,,
"1/4"" Modular Manifold",Master 01 Apr,,
"1/4"" Main Flow Control Manifold",Master 01 Apr,,
"1/2"" Modular Manifold",Master 01 Apr,,
"1/2"" Main Flow Control Manifold",Master 01 Apr,,
"90° 1/4"" Bend (Pack of 2)",Master 01 Apr,,
"1/4"" Side Flow Nozzle (Pack of 4)",Master 01 Apr,,
"1/4"" Circle Flow Nozzle Kit (Pack of 15)",Master 01 Apr,,
"1/4"" End Cap (Pack of 4)",Master 01 Apr,,
"1/4"" T Fitting (Pack of 2)",Master 01 Apr,,
"1/2'' Segment with 1/8"" Side Flow Nozzle (Pack of 4)",Master 01 Apr,,
"1/2"" End Cap (Pack of 4)",Master 01 Apr,,
"1/2"" T Fitting (Pack of 2)",Master 01 Apr,,
"1/2"" Circle Flow Kit with 1/8"" Nozzles (Pack of 15)",Master 01 Apr,,
"1/4"" Coolant Hose - 1 Metre",Master 01 Apr,,
"1/4"" Socket Adaptor (Pack of 4)",Master 01 Apr,,
"3/8"" Flat nozzle (Pack of 2)",Master 01 Apr,,
"1/4"" Assorted Nozzle Kit with PT Connectors",Master 01 Apr,,
"1/4"" Coolant Hose - 15cm",Master 01 Apr,,
"1/16"" Nozzle (Pack of 4)",Master 01 Apr,,
"1/8"" Nozzle (Pack of 4)",Master 01 Apr,,
"1/4"" Nozzle (Pack of 4)",Master 01 Apr,,
"1/8"" PT Male to 1/4"" Ball Connector (pack of 4)",Master 01 Apr,,
"1/4"" PT Male to 1/4"" Ball Connector (Pack of 4)",Master 01 Apr,,
"1"" Flared Nozzle (Pack of 2)",Master 01 Apr,,
"1/4"" Y Splitter (Pack of 2)",Master 01 Apr,,
"1/4"" PT Male to 1/4"" Socket Connector (Pack of 4)",Master 01 Apr,,
"1/4"" Coolant Hose - 15 Metre",Master 01 Apr,,
"1/4"" Female PT to 1/4"" Socket Connector (Pack of 4)",Master 01 Apr,,
"90° 1/16"" Nozzle (Pack of 4)",Master 01 Apr,,
"90° 1/8"" Nozzle (Pack of 4)",Master 01 Apr,,
"90° 1/4""Nozzle (Pack of 4)",Master 01 Apr,,
"90° 1/4"" Collimated Nozzle (Pack of 2)",Master 01 Apr,,
40x1mm Collimated Nozzle (Pack of 2),Master 01 Apr,,
40x1.5mm Collimated Nozzle (Pack of 2),Master 01 Apr,,
"1/4"" NPT Male Control Valve with Hose Fitting (Pack of 2)",Master 01 Apr,,
"1/4"" Control Valve (Pack of 2)",Master 01 Apr,,
"1/4"" Male PT Control Valve (Pack of 2)",Master 01 Apr,,
"1/4"" Female PT Control Valve (Pack of 2)",Master 01 Apr,,
"3/8"" Coolant Hose - 1 Metre",Master 01 Apr,,
"3/8"" Nozzle Kit with PT Connector",Master 01 Apr,,
"3/8"" Coolant Hose - 29cm",Master 01 Apr,,
"1/4"" Nozzle (Pack of 4)",Master 01 Apr,,
"3/8"" Nozzle (Pack of 4)",Master 01 Apr,,
"1/2"" Nozzle (Pack of 4)",Master 01 Apr,,
"3/8"" PT Male to 3/8"" Ball Connector (Pack of 4)",Master 01 Apr,,
"1/2"" PT Male to 3/8"" Ball Connector (Pack of 4)",Master 01 Apr,,
"1-1/4"" Flare Nozzle (Pack of 2)",Master 01 Apr,,
"3/8"" Y Splitter (Pack of 2)",Master 01 Apr,,
"3/8"" Coolant Hose - 7.6m",Master 01 Apr,,
"3/8"" Male PT Control Valve (Pack of 2)",Master 01 Apr,,
"3/8"" Female PT Control Valve (Pack of 2)",Master 01 Apr,,
"1/2"" Coolant Hose - 1 Metre",Master 01 Apr,,
"1/2"" Socket Adaptor (Pack of 4)",Master 01 Apr,,
"1/2"" Assorted Nozzle Kit with PT Connectors",Master 01 Apr,,
"1/2"" Coolant Hose - 24cm",Master 01 Apr,,
"3/8"" Nozzle (Pack of 4)",Master 01 Apr,,
"1/2"" Nozzle (Pack of 4)",Master 01 Apr,,
"1/4"" Nozzle (Pack of 4)",Master 01 Apr,,
"1/2"" PT Male to 1/2"" Ball Connector (Pack of 4)",Master 01 Apr,,
"3/8"" PT Male Connector (Pack of 4)",Master 01 Apr,,
"1-1/4"" Flare Nozzle (Pack of 2)",Master 01 Apr,,
"1/2"" Y Splitter (Pack of 2)",Master 01 Apr,,
"1/2"" to 1/4"" Y Reducer (Pack of 2)",Master 01 Apr,,
"1-3/4"" Flare Nozzle (Pack of 2)",Master 01 Apr,,
"2-1/2"" Flare Nozzle (Pack of 2)",Master 01 Apr,,
"1/2"" Coolant Hose - 15 Metre",Master 01 Apr,,
"90° 1/4"" Nozzle (Pack of 4)",Master 01 Apr,,
"90° 3/8"" Nozzle (Pack of 4)",Master 01 Apr,,
"90° 1/2"" Nozzle (Pack of 4)",Master 01 Apr,,
"90° 1/2"" Spray Bar Nozzle (Pack of 2)",Master 01 Apr,,
"1/2"" to 1/4"" Adapter (Pack of 2)",Master 01 Apr,,
"1/2"" Control Valve (Pack of 2)",Master 01 Apr,,
"1/2"" Male PT Control Valve (Pack of 2)",Master 01 Apr,,
"1/2"" Female PT Control Valve (Pack of 2)",Master 01 Apr,,
"Magnetic Base Kit with 1"" Flare Nozzle",Master 01 Apr,,
"3/4"" Heavy Duty Impact Wrench",Master 01 Apr,,
"3/4"" Heavy Duty Impact Wrench 6"" Extension Anvil",Master 01 Apr,,
"3/4"" Super Duty Impact Wrench",Master 01 Apr,,
"3/4"" Super Duty Impact Wrench 6"" Extended Anvil",Master 01 Apr,,
"1"" Super Duty Impact Wrench",Master 01 Apr,,
"1"" Super Duty Impact Wrench 8"" Extension Anvil",Master 01 Apr,,
"1 1/2"" Super Duty Impact Wrench",Master 01 Apr,,
"1/2"" Super Duty Impact Wrench",Master 01 Apr,,
"1"" Super Duty Impact Wrench ",Master 01 Apr,,
"1"" Super Duty Impact Wrench",Master 01 Apr,,
Through Ratchet Wrench,Master 01 Apr,,
"3/8"" Mini Ratchet Wrench",Master 01 Apr,,
Heavy Duty Air Nutsert Tool,Master 01 Apr,,
"4"" Heavy Duty Extended Cut Off Tool",Master 01 Apr,,
Heavy Duty Air Caulking Gun,Master 01 Apr,,
Pittsburgh Air Hammer,Master 01 Apr,,
Compact Needle Scaler,Master 01 Apr,,
Pistol Grip Needle Scaler,Master 01 Apr,,
Heavy Duty Air Scaling Hammer,Master 01 Apr,,
Heavy Duty Air Chipper Hammer,Master 01 Apr,,
"3/8"" Heavy Duty Mini Air Drill",Master 01 Apr,,
"1/4"" Mini Die Grinder",Master 01 Apr,,
"3"" Orbital Pistol Grip Sander",Master 01 Apr,,
"3"" Dual Mode Orbital Sander",Master 01 Apr,,
"2"" & 3"" Rotary Pistol Grip Sander",Master 01 Apr,,
Dual Chuck Tyre Inflator,Master 01 Apr,,
80cc Manual Grease Gun,Master 01 Apr,,
25mm Flat Chisel,Master 01 Apr,,
Moil Point Chisel,Master 01 Apr,,
3mm x 125mm Needle set of 12,Master 01 Apr,,
Folding Imperial & Metric Hex Key Set,Master 01 Apr,,
Imperial Combination Wrenches,Master 01 Apr,,
Metric Combination Wrenches,Master 01 Apr,,
Metric T-Handle Ball End Hex Key Set,Master 01 Apr,,
Imperial T-Handle Ball End Hex Key Set,Master 01 Apr,,
Metric Two-Way T-Handle Ball End Hex Key Set,Master 01 Apr,,
Metric & Imperial Short Arm Hex Key Set,Master 01 Apr,,
11-in-1 Ratchet Wrench with Interchangeable Gear Rings,Master 01 Apr,,
Set of 3 Auto Adjusting Crowfoot Wrench Adapters,Master 01 Apr,,
Auto Adjusting Crowsfoot Wrench,Master 01 Apr,,
Extendable Flex-Head Ratchet Set,Master 01 Apr,,
"3/8"" Drive Flex Head Ratchet Wrench & Socket Set",Master 01 Apr,,
19-in-1 Multi Bit Ratchet Screwdriver,Master 01 Apr,,
Precision Hook & Pick Set,Master 01 Apr,,
Precision Screwdriver Set,Master 01 Apr,,
Slotted & Phillips Screwdriver Set,Master 01 Apr,,
Torx Screwdriver Set,Master 01 Apr,,
7-in-1 Ratcheting Nut & Screwdriver Driver,Master 01 Apr,,
Precision Two-Way Ratcheting Screwdriver Set,Master 01 Apr,,
Curved Jaw Locking Pliers,Master 01 Apr,,
Set of 6 Pliers,Master 01 Apr,,
Straight Jaw Locking Plier,Master 01 Apr,,
Locking C-Clamp,Master 01 Apr,,
Locking Sheet Metal Clamp Pliers ,Master 01 Apr,,
16 oz Claw Hammer,Master 01 Apr,,
16 oz / 325 mm Ball Peen Hammer,Master 01 Apr,,
24 oz / 380 mm Ball Peen Hammer,Master 01 Apr,,
22 oz / 30 cm Soft Hammer,Master 01 Apr,,
75 mm Hex Drive Impact Socket Adapter Sets,Master 01 Apr,,
150 mm Hex Drive Impact Socket Adapter Sets,Master 01 Apr,,
Impact Adapter & Reducer Set,Master 01 Apr,,
"3/4"" Drive Extended Impact Sockets - 32mm",Master 01 Apr,,
"3/4"" Drive Extended Impact Sockets - 33mm",Master 01 Apr,,
"3/4"" Drive Extended Impact Sockets - 41mm",Master 01 Apr,,
Quick Release Ratchet Set,Master 01 Apr,,
"3/8"" Drive x 300 mm Extension Breaker Bar",Master 01 Apr,,
"1/2"" Drive x 450 mm Extension Breaker Bar",Master 01 Apr,,
Set of 3 Extension Breaker Bars,Master 01 Apr,,
Magnetic Parts  Trays,Master 01 Apr,,
"1/4"" & 3/8"" 2 Way T-Handle Spinner Wrench Set",Master 01 Apr,,
16L No-Spills Oil Drain Pan,Master 01 Apr,,
Roll Head Pry Bar Set of 3,Master 01 Apr,,
Stainless Workshop Scissors,Master 01 Apr,,
Stainless Multi-Purpose Shears,Master 01 Apr,,
3 Piece Aluminium Socket Rails,Master 01 Apr,,
Portable Socket Organizer,Master 01 Apr,,
6 Ton Double Pin Jack Stands with Forged Steel Ratchet Bar Provides Greater Safety,Master 01 Apr,,
Cylinder Burr - Size 1,Master 01 Apr,,
Non-ferrous Cylinder Burr - Size 1,Master 01 Apr,,
Cylinder Burr - Size 3,Master 01 Apr,,
Stainless Steel Cylinder Burr - Size 3,Master 01 Apr,,
Extended Cylinder Burr - Size 3,Master 01 Apr,,
Non-ferrous Cylinder Burr - Size 3,Master 01 Apr,,
NG6 Coated Cylinder Burr - Size 3,Master 01 Apr,,
"Cylinder Burr 1/8"" Shank",Master 01 Apr,,
Cylinder Burr - Size 0,Master 01 Apr,,
Cylinder Burr - Size 5,Master 01 Apr,,
Non-ferrous Cylinder Burr - Size 5,Master 01 Apr,,
NG6 Coated Cylinder Burr - Size 5,Master 01 Apr,,
Cylinder Burr with End Cut - Size 1,Master 01 Apr,,
Cylinder Burr with End Cut - Size 3,Master 01 Apr,,
Extended Cylinder Burr with End Cut - Size 3,Master 01 Apr,,
Cylinder Burr with End Cut - Size 5,Master 01 Apr,,
Radius Cylinder Burr - Size 1,Master 01 Apr,,
Non-ferrous Radius Ended Cylinder Burr - Size 1,Master 01 Apr,,
Radius Cylinder Burr - Size 3,Master 01 Apr,,
Stainless Steel Radius Ended Cylinder Burr - Size 3,Master 01 Apr,,
Extended Radius Ended Cylinder Burr - Size 3,Master 01 Apr,,
Extended Non-Ferrous Radius Cylinder Burr - Size 3,Master 01 Apr,,
Non-ferrous Radiused Cylinder Burr - Size 3,Master 01 Apr,,
NG6 Coated Radius Cylinder Burr - Size 3,Master 01 Apr,,
Radius Cylinder Burr - Size 00,Master 01 Apr,,
Radiused Cylinder Burr - Size 0,Master 01 Apr,,
Radius Cylinder Burr - Size 5,Master 01 Apr,,
Non-ferrous Radius Ended Cylinder Burr - Size 5,Master 01 Apr,,
NG6 Coated Radius Cylinder Burr - Size 5,Master 01 Apr,,
Ball Burr - Size 1,Master 01 Apr,,
Non-ferrous Ball Burr - Size 1,Master 01 Apr,,
Ball Burr - Size 3,Master 01 Apr,,
Stainless Steel Ball Burr - Size 3,Master 01 Apr,,
Extended Ball Burr - Size 3,Master 01 Apr,,
Extended Non-ferrous Ball Burr - Size 3,Master 01 Apr,,
Non-ferrous Ball Burr - Size 3,Master 01 Apr,,
NG6 Coated Ball Burr - Size 3,Master 01 Apr,,
Ball Burr - Size 0,Master 01 Apr,,
Ball Burr - Size 5,Master 01 Apr,,
Non-ferrous Ball Burr - Size 5,Master 01 Apr,,
Oval Burr - Size 1,Master 01 Apr,,
Non-ferrous Oval Burr - Size 1,Master 01 Apr,,
Oval Burr - Size 3,Master 01 Apr,,
Stainless Steel Oval Burr - Size 3,Master 01 Apr,,
Extended Oval Burr - Size 3,Master 01 Apr,,
Extended Non-Ferrous Oval Burr - Size 3,Master 01 Apr,,
Non-ferrous Oval Burr - Size 3,Master 01 Apr,,
Oval Burr - Size 0,Master 01 Apr,,
Oval Burr - Size 5,Master 01 Apr,,
Non-ferrous Oval Burr - Size 5,Master 01 Apr,,
"1/8"" Head Carbide Burr 10 Piece Set",Master 01 Apr,,
"3/8"" Head Carbide Burr 3 Piece Set",Master 01 Apr,,
"1/2"" Head NG6C Coated 3 Piece Carbide Burr Set",Master 01 Apr,,
"3/8"" Head Stainless Steel Carbide Burr 3 Piece Set",Master 01 Apr,,
"3/8"" Head Non-ferrous Carbide Burr 3 Piece Set",Master 01 Apr,,
"3/8"" Head NG6 Coated Carbide Burr Set",Master 01 Apr,,
"1/2"" Head Carbide Burr Piece 5 Piece Set",Master 01 Apr,,
"1/4"" & 3/8"" Head Carbide Burr 8 Piece Set",Master 01 Apr,,
"1/4"" & 3/8"" Head  NG6 Coated Carbide Burr Set",Master 01 Apr,,
"1/4"" & 3/8"" Head  NG6 Coated Carbide Burr Set",Master 01 Apr,,
M10 Bolt Removal Kit,Master 01 Apr,,
M12 Bolt Removal Kit,Master 01 Apr,,
M14 Bolt Removal Kit,Master 01 Apr,,
M6 Bolt Removal Kit,Master 01 Apr,,
M8 Bolt Removal Kit,Master 01 Apr,,
Radiused Tree Burr - Size 1,Master 01 Apr,,
Non-ferrous Radiused Tree Burr - Size 1,Master 01 Apr,,
Radiused Tree Burr - Size 3,Master 01 Apr,,
Stainless Steel Radiused Tree Burr - Size 3,Master 01 Apr,,
Extended Radiused Tree Burr - Size 3,Master 01 Apr,,
Extended Non-Ferrous Radiused Tree Burr - Size 3,Master 01 Apr,,
Non-ferrous Radiused Tree Burr - Size 3,Master 01 Apr,,
NG6 Coated Radiused Tree Burr - Size 3,Master 01 Apr,,
Radiused Tree Burr - Size 0,Master 01 Apr,,
Radiused Tree Burr - Size 5,Master 01 Apr,,
Non-ferrous Radiused Tree Burr - Size 5,Master 01 Apr,,
NG6 Coated Radiused Tree Burr - Size 5,Master 01 Apr,,
Pointed Tree Burr - Size 1,Master 01 Apr,,
Non-ferrous Pointed Tree Burr - Size 1,Master 01 Apr,,
Pointed Tree Burr - Size 3,Master 01 Apr,,
Stainless Steel Pointed Tree Burr - Size 3,Master 01 Apr,,
Extended Pointed Tree Burr - Size 3,Master 01 Apr,,
Non-ferrous Pointed Tree Burr - Size 3,Master 01 Apr,,
Pointed Tree Burr - Size 0,Master 01 Apr,,
Pointed Tree Burr - Size 5,Master 01 Apr,,
Non-ferrous Pointed Tree Burr - Size 5,Master 01 Apr,,
Flame Burr - Size 1,Master 01 Apr,,
Flame Burr - Size 3,Master 01 Apr,,
Stainless Steel Flame Burr - Size 3,Master 01 Apr,,
Extended Non-ferrous Flame Burr - Size 3,Master 01 Apr,,
Flame Burr - Size 5,Master 01 Apr,,
60° Countersink Burr - Size 1,Master 01 Apr,,
60° Countersink Burr - Size 3,Master 01 Apr,,
60° Countersink Burr - Size 5,Master 01 Apr,,
90° Countersink Burr - Size 1,Master 01 Apr,,
90° Countersink Burr - Size 3,Master 01 Apr,,
90° Countersink Burr - Size 5,Master 01 Apr,,
Radiused Cone Burr - Size 1,Master 01 Apr,,
Non-ferrous Radiused Cone Burr - Size 1,Master 01 Apr,,
Radiused Cone Burr - Size 3,Master 01 Apr,,
Stainless Steel Radiused Cone Burr - Size 3,Master 01 Apr,,
Extended Radiused Cone Burr - Size 3,Master 01 Apr,,
Non-ferrous Radiused Cone Burr - Size 3,Master 01 Apr,,
Radiused Cone Burr - Size 5,Master 01 Apr,,
Radiused Cone Burr - Size 0,Master 01 Apr,,
Non-ferrous Radiused Cone Burr - Size 5,Master 01 Apr,,
Cone Burr - Size 1,Master 01 Apr,,
Cone Burr - Size 3,Master 01 Apr,,
Cone Burr - Size 0,Master 01 Apr,,
Non-ferrous Cone Burr - Size 3,Master 01 Apr,,
Cone Burr - Size 5,Master 01 Apr,,
Inverted Cone Burr - Size 1,Master 01 Apr,,
Inverted Cone Burr - Size 3,Master 01 Apr,,
Inverted Cone Burr - Size 5,Master 01 Apr,,
Large Respirator - Black,Master 01 Apr,,
Large Respirator - Fluor Green,Master 01 Apr,,
Disposable P2 Filters,Master 01 Apr,,
Key-Chain Flashlight,Master 01 Apr,,
Long Range Tactical Flashlight,Master 01 Apr,,
Extreme Tactical Flashlight,Master 01 Apr,,
Extreme Tactical Flashlight,Master 01 Apr,,
Tactical Camo Twist Light,Master 01 Apr,,
Twist Light PRO,Master 01 Apr,,
Twist Pen Light,Master 01 Apr,,
Mini Twist Light - Blue,Master 01 Apr,,
Mini Twist Light - Red,Master 01 Apr,,
Twist Light PRO UV,Master 01 Apr,,
Rechargeable Bicycle Lamp,Master 01 Apr,,
Mini Key-Chain Flashlight,Master 01 Apr,,
Mini Focusable Flashlight,Master 01 Apr,,
Mini Focusable Flashlight,Master 01 Apr,,
Focusable Flashlight,Master 01 Apr,,
Twin-Beam Mini Rechargeable Headlamp,Master 01 Apr,,
Twin-Beam Mini Rechargeable Headlamp,Master 01 Apr,,
Twin-Beam Rechargeable Headlamp,Master 01 Apr,,
Key-Chain Flashlight,Master 01 Apr,,
Rechargeable Li-ion Battery with Micro-USB Connector,Master 01 Apr,,
Rechargeable Li-ion Battery with Micro-USB Connector,Master 01 Apr,,
Rechargeable Li-ion Battery with Micro-USB Connector,Master 01 Apr,,
Rechargeable Li-ion Battery with Micro-USB Connector,Master 01 Apr,,
Rechargeable Li-ion Battery with Micro-USB Connector,Master 01 Apr,,
Rechargeable Li-ion Battery with Micro-USB Connector,Master 01 Apr,,
Utility Worklamp,Master 01 Apr,,
Utility Flashlight,Master 01 Apr,,
2-1 Utility Work Light,Master 01 Apr,,
2-1 Utility Work Lamp,Master 01 Apr,,
2-1 Utility Work Light,Master 01 Apr,,
"1/4"" Female Thread to One Touch Coupling Socket",Master 01 Apr,,
"1/4"" Hose Fitting to One Touch Coupling Socket",Master 01 Apr,,
"1/4"" Male Thread to One Touch Coupling Socket",Master 01 Apr,,
"3/8"" Female Thread to One Touch Coupling Socket",Master 01 Apr,,
"3/8"" Hose Fitting to One Touch Coupling Socket",Master 01 Apr,,
"3/8"" Male Thread to One Touch Coupling Socket",Master 01 Apr,,
"1/2"" Female Thread to One Touch Coupling Socket",Master 01 Apr,,
"1/2"" Hose Fitting to One Touch Coupling Socket",Master 01 Apr,,
"1/2"" Male Thread to One Touch Coupling Socket",Master 01 Apr,,
"1/4"" Female Thread to One Touch Coupling Socket",Master 01 Apr,,
"1/8"" Male Thread to Nitto Coupling Plug",Master 01 Apr,,
"1/4"" Female Thread to Nitto Coupling Plug",Master 01 Apr,,
"1/4"" Female Thread to Nitto Coupling Plug",Master 01 Apr,,
"1/4"" Hose Fitting to Nitto Coupling Plug",Master 01 Apr,,
"1/4"" Female Thread to Nitto Coupling Socket",Master 01 Apr,,
"1/4"" Hose Fitting to Nitto Coupling Socket",Master 01 Apr,,
"1/4"" Male Thread to Nitto Coupling Socket",Master 01 Apr,,
"3/8"" Female Thread to Nitto Coupling Plug",Master 01 Apr,,
"3/8"" Hose Fitting to Nitto Coupling Plug",Master 01 Apr,,
"3/8"" Male Thread to Nitto Coupling Plug",Master 01 Apr,,
"3/8"" Female Thread to Nitto Coupling Socket",Master 01 Apr,,
"3/8"" Hose Fitting to Nitto Coupling Socket",Master 01 Apr,,
"3/8"" Male Thread to Nitto Coupling Socket",Master 01 Apr,,
"1/2"" Female Thread to Nitto Coupling Plug",Master 01 Apr,,
"1/2"" Hose Fitting to Nitto Coupling Plug",Master 01 Apr,,
"1/2"" Male Thread to Nitto Coupling Plug",Master 01 Apr,,
"1/2"" Female Thread to Nitto Coupling Socket",Master 01 Apr,,
"1/2"" Hose Fitting to Nitto Coupling Socket",Master 01 Apr,,
"1/2"" Male Thread to Nitto Coupling Socket",Master 01 Apr,,
"1/4"" Female Thread to Nitto Rotary Plug",Master 01 Apr,,
"1/4"" Male Thread to Nitto Rotary Plug",Master 01 Apr,,
"3/8"" Male Thread to Nitto Rotary Plug",Master 01 Apr,,
Turning Insert,Master 01 Apr,,
Engineering Reference Handbook,Master 01 Apr,,
Turning Insert,Master 01 Apr,,
Turning Insert,Master 01 Apr,,
Turning Insert,Master 01 Apr,,
Turning Insert ,Master 01 Apr,,
Turning Insert,Master 01 Apr,,
33mm Stylus For 3D Tester,Master 01 Apr,,
75mm Stylus For 3D Tester,Master 01 Apr,,
"10mm Keyless Drill Chuck - 1/2""×20TPI",Master 01 Apr,,
"13mm Keyless Drill Chuck - 1/2""×20TPI",Master 01 Apr,,
13mm Keyless Drill Chuck - B16,Master 01 Apr,,
13mm Keyless Drill Chuck - J6,Master 01 Apr,,
16mm Keyless Drill Chuck - B16,Master 01 Apr,,
16mm Keyless Drill Chuck - B18,Master 01 Apr,,
16mm Keyless Drill Chuck - J3,Master 01 Apr,,
16mm Keyless Drill Chuck - J6,Master 01 Apr,,
"8mm Keyed Drill Chuck - 3/8""×24TPI",Master 01 Apr,,
"10mm Keyed Drill Chuck - 1/2""×20TPI",Master 01 Apr,,
"10mm Keyed Drill Chuck - 3/8""×24TPI",Master 01 Apr,,
13mm Keyed Drill Chuck - B16,Master 01 Apr,,
"13mm Keyed Drill Chuck - 1/2""×20TPI",Master 01 Apr,,
"13mm Keyed Drill Chuck - 3/8""×24TPI",Master 01 Apr,,
13mm Keyed Drill Chuck - J6,Master 01 Apr,,
16mm Keyed Drill Chuck - B16,Master 01 Apr,,
16mm Keyed Drill Chuck - B18,Master 01 Apr,,
"16mm Keyed Drill Chuck - 1/2""×20TPI",Master 01 Apr,,
16mm Keyed Drill Chuck - J6,Master 01 Apr,,
20mm Keyed Drill Chuck - J3,Master 01 Apr,,
MT1/MT2 Ejecting Drift,Master 01 Apr,,
MT2/MT3 Ejecting Drift,Master 01 Apr,,
MT3/MT4 Ejecting Drift,Master 01 Apr,,
MT4/MT5 Ejecting Drift,Master 01 Apr,,
Jacobs KG Drill Chuck Key,Master 01 Apr,,
Key Holder,Master 01 Apr,,
K3 Drill Chuck Key,Master 01 Apr,,
K1 Drill Chuck Key,Master 01 Apr,,
K2 Drill Chuck Key,Master 01 Apr,,
K3 Drill Chuck Key,Master 01 Apr,,
K4 Drill Chuck Key,Master 01 Apr,,
"10mm Keyless Drill Chuck - 1/2""×20TPI",Master 01 Apr,,
"10mm Keyless Drill Chuck - 3/8""×24TPI",Master 01 Apr,,
"13mm Keyless Drill Chuck - 1/2""×20TPI",Master 01 Apr,,
"13mm Keyless Drill Chuck - 3/8""×24TPI",Master 01 Apr,,
"6mm Keyless Drill Chuck - 3/8""×24TPI",Master 01 Apr,,
"10mm Keyless Drill Chuck - 3/8""×24TPI",Master 01 Apr,,
"13mm Keyless Drill Chuck - 3/8""×24TPI",Master 01 Apr,,
"1/2""×20TPI Male to 3/8""×24TPI Female Thread Adapter",Master 01 Apr,,
"1/4"" Male Hex to 3/8""×24TPI Thread Adaptor",Master 01 Apr,,
90° Keyless 10mm Drill Attachment,Master 01 Apr,,
"13mm Keyless Drill Chuck - 1/2""×20TPI",Master 01 Apr,,
"13mm Keyless Drill Chuck - 3/8""×24TPI",Master 01 Apr,,
"Drill Chuck Keyless 1.5 - 10mm 3/8""x24tpi mount (Metal Nose Piece Serrated Jaws)",Master 01 Apr,,
"Drill Chuck Keyless 1.5 - 10mm 3/8""x24tpi mount (Metal Nose Piece Serrated Jaws)",Master 01 Apr,,
"13mm Keyless Drill Chuck - 1/2""×20TPI",Master 01 Apr,,
3 Metre Pressure Feed Hose,Master 01 Apr,,
5 Metre Pressure Feed Hose,Master 01 Apr,,
10 Metre Pressure Feed Hose,Master 01 Apr,,
0.8mm K357 Gravity Feed Spray Gun,Master 01 Apr,,
1.2mm K357 Gravity Feed Spray Gun,Master 01 Apr,,
1.3mm K818 Gravity Feed Spray Gun,Master 01 Apr,,
1.4mm K818 Gravity Feed Spray Gun,Master 01 Apr,,
1.8mm K818 Gravity Feed Spray Gun,Master 01 Apr,,
2.0mm K818 Gravity Feed Spray Gun,Master 01 Apr,,
2.5mm K818 Gravity Feed Spray Gun,Master 01 Apr,,
1.2mm K818 Pressure Feed Spray Gun,Master 01 Apr,,
1.3mm K818 Pressure Feed Spray Gun,Master 01 Apr,,
1.4mm K818 Pressure Feed Spray Gun,Master 01 Apr,,
1.5mm K818 Pressure Feed Spray Gun,Master 01 Apr,,
1.8mm K818 Pressure Feed Spray Gun,Master 01 Apr,,
2.0mm K818 Pressure Feed Spray Gun,Master 01 Apr,,
2.5mm K818 Pressure Feed Spray Gun,Master 01 Apr,,
1.3mm K818 Suction Feed Spray Gun,Master 01 Apr,,
1.8mm K818 Suction Feed Spray Gun,Master 01 Apr,,
2.0mm K818 Suction Feed Spray Gun,Master 01 Apr,,
2.5mm K818 Suction Feed Spray Gun,Master 01 Apr,,
1.3mm KH818 Gravity Feed HVLP Spray Gun,Master 01 Apr,,
1.4mm KH818 Gravity Feed HVLP Spray Gun,Master 01 Apr,,
1.8mm KH818 Gravity Feed HVLP Spray Gun,Master 01 Apr,,
1.8mm KH818 Suction Feed HVLP Spray Gun,Master 01 Apr,,
"0.8mm K320M Nozzle, Needle & Cap Set",Master 01 Apr,,
"1.2mm K320M Nozzle, Needle & Cap Set",Master 01 Apr,,
"0.8mm K375M Nozzle, Needle & Cap Set",Master 01 Apr,,
"1.2mm K375M Nozzle, Needle & Cap Set",Master 01 Apr,,
"1.2mm K818 Nozzle, Needle & Cap Set",Master 01 Apr,,
"1.3mm K818 Nozzle, Needle & Cap Set",Master 01 Apr,,
"1.4mm K818 Nozzle, Needle & Cap Set",Master 01 Apr,,
"1.5mm K818 Nozzle, Needle & Cap Set",Master 01 Apr,,
"1.8mm K818 Nozzle, Needle & Cap Set",Master 01 Apr,,
"2.0mm K818 Nozzle, Needle & Cap Set",Master 01 Apr,,
"2.5mm K818 Nozzle, Needle & Cap Set",Master 01 Apr,,
"1.3mm HVLP Nozzle, Needle & Cap Set",Master 01 Apr,,
"1.4mm HVLP Nozzle, Needle & Cap Set",Master 01 Apr,,
"1.8mm HVLP Nozzle, Needle & Cap Set",Master 01 Apr,,
"2.0mm HVLP Nozzle, Needle & Cap Set",Master 01 Apr,,
125cc Gravity Feed Cup & Lid Set,Master 01 Apr,,
600cc Gravity Feed Cup & Lid Set,Master 01 Apr,,
1 Ltr Suction Feed Pot & Lid Set,Master 01 Apr,,
2 Ltr Aluminium Pressure Feed Tank,Master 01 Apr,,
10 Ltr Aluminium Pressure Feed Tank,Master 01 Apr,,
10 Ltr Aluminium Pressure Feed Tank,Master 01 Apr,,
20 Ltr Aluminium Pressure Feed Tank,Master 01 Apr,,
1.2mm 10 Ltr Pressure Feed Spray Gun System,Master 01 Apr,,
1.5mm 10 Ltr Pressure Feed Spray Gun System,Master 01 Apr,,
1.8mm 10 Ltr Pressure Feed Spray Gun System,Master 01 Apr,,
2mm 10 Ltr Pressure Feed Spray Gun System,Master 01 Apr,,
2.5mm 10 Ltr Pressure Feed Spray Gun System,Master 01 Apr,,
1.2mm 20 Ltr Pressure Feed Spray Gun System,Master 01 Apr,,
1.5mm 20 Ltr Pressure Feed Spray Gun System,Master 01 Apr,,
1.8mm 20 Ltr Pressure Feed Spray Gun System,Master 01 Apr,,
2mm 20 Ltr Pressure Feed Spray Gun System,Master 01 Apr,,
2.5mm 20 Ltr Pressure Feed Spray Gun System,Master 01 Apr,,
1.2mm 2 Ltr Pressure Feed Spray Gun System,Master 01 Apr,,
1.5mm 2 Ltr Pressure Feed Spray Gun System,Master 01 Apr,,
1.8mm 2 Ltr Pressure Feed Spray Gun System,Master 01 Apr,,
2mm 2 Ltr Pressure Feed Spray Gun System,Master 01 Apr,,
2.5mm 2 Ltr Pressure Feed Spray Gun System,Master 01 Apr,,
K818M & KH818M Series Gravity Feed Paint Filter,Master 01 Apr,,
K818S & KH818S Series Suction Feed Paint Filter,Master 01 Apr,,
In-line Pressure Regulator,Master 01 Apr,,
K320M Mini Gravity Spray Gun Stand,Master 01 Apr,,
K818M Gravity Feed Spray Gun Stand,Master 01 Apr,,
0.2mm Air Brush with 7cc Gravity Feed Cup,Master 01 Apr,,
"3"" Wool Buffing Disc",Master 01 Apr,,
57mm Knife Blade,Master 01 Apr,,
90mm Knife Blade,Master 01 Apr,,
Needle set (12),Master 01 Apr,,
1 Litre Air Tool Oil,Master 01 Apr,,
"1/4"" Straight Impact Driver",Master 01 Apr,,
"1/4"" Pistol Impact Driver",Master 01 Apr,,
"1/4"" Super Mini Ratchet",Master 01 Apr,,
"3/8"" Super Mini Ratchet",Master 01 Apr,,
"1/4"" Straight Screwdriver",Master 01 Apr,,
"1/4"" Straight Screwdriver",Master 01 Apr,,
"1/4"" Screwdriver",Master 01 Apr,,
"1/4"" Screwdriver",Master 01 Apr,,
"1/4"" Screwdriver",Master 01 Apr,,
"1/4"" Mini Ratchet Wrench",Master 01 Apr,,
"3/8"" Mini Ratchet Wrench",Master 01 Apr,,
"1/4"" Mini Ratchet Wrench",Master 01 Apr,,
"3/8"" Mini Ratchet Wrench",Master 01 Apr,,
"3/8"" Super Mini Ratchet with 6 Through Sockets",Master 01 Apr,,
"3/8"" Butterfly Wrench",Master 01 Apr,,
"3/8"" Ratchet Wrench",Master 01 Apr,,
"1/2"" Ratchet Wrench",Master 01 Apr,,
"1/2"" Ratchet Wrench Kit",Master 01 Apr,,
"3/8"" Ratchet Wrench",Master 01 Apr,,
"1/2"" Ratchet Wrench",Master 01 Apr,,
"1/4"" Pistol Impact Driver",Master 01 Apr,,
"1/2"" Impact Wrench",Master 01 Apr,,
"1/2"" Impact Wrench with 2"" Extended Anvil",Master 01 Apr,,
"1/2"" Heavy Duty Ratchet Wrench",Master 01 Apr,,
"1/2"" Compact Impact Wrench",Master 01 Apr,,
1/2'' Impact Wrench,Master 01 Apr,,
"1/2"" Impact Wrench with 2"" Extended Anvil",Master 01 Apr,,
"3/4"" Impact Wrench",Master 01 Apr,,
"1"" Impact Wrench",Master 01 Apr,,
"3/4"" Impact Wrench with 6"" Extended Anvil",Master 01 Apr,,
"3/8"" Compact Impact Wrench",Master 01 Apr,,
"1/2"" Compact Impact Wrench",Master 01 Apr,,
"1"" Heavy Duty Impact Wrench",Master 01 Apr,,
"1"" Heavy Duty Impact Wrench with 6"" Extended Anvil",Master 01 Apr,,
"1"" Heavy Duty Pistol Grip Impact Wrench with 8"" Extended Anvil",Master 01 Apr,,
"1"" Heavy Duty Inline Grip Impact Wrench",Master 01 Apr,,
"1"" Heavy Duty Inline Grip Impact Wrench with 6"" Extended Anvil",Master 01 Apr,,
"1"" Heavy Duty Inline Grip Impact Wrench with 8"" Extended Anvil",Master 01 Apr,,
"1"" Heavy Duty D-Handle Impact Wrench",Master 01 Apr,,
"1"" Heavy Duty Inline Grip Impact Wrench with 8"" Extended Anvil",Master 01 Apr,,
"1-1/2"" Heavy Duty Inline Grip Impact Wrench",Master 01 Apr,,
"1/4"" Compact Die Grinder",Master 01 Apr,,
"1/4"" Compact Die Grinder",Master 01 Apr,,
"1/4"" Heavy Duty Angle Head Die Grinder",Master 01 Apr,,
"1/4"" Angle Head Die Grinder",Master 01 Apr,,
"3"" Single Action Polisher",Master 01 Apr,,
"3"" High Speed Single Action Polisher",Master 01 Apr,,
"1/4"" Die Grinder",Master 01 Apr,,
"1/4"" Die Grinder",Master 01 Apr,,
"1/4"" Die Grinder",Master 01 Apr,,
"3/8"" Straight Drill",Master 01 Apr,,
Laminate Trimmer,Master 01 Apr,,
"1/4"" Extended Die Grinder",Master 01 Apr,,
"1/4"" Extended Die Grinder",Master 01 Apr,,
"5"" Angle Head Disc Sander",Master 01 Apr,,
"3"" Cut Off Grinder",Master 01 Apr,,
30mm High Speed Angle Grinder,Master 01 Apr,,
"1/8"" High Speed Straight Micro Die Grinder",Master 01 Apr,,
20 Litre Air Tool Oil,Master 01 Apr,,
"2"" Mini Dual Action Sander",Master 01 Apr,,
"3"" Mini Dual Action Sander",Master 01 Apr,,
"2"" Disc Sander",Master 01 Apr,,
Quick Change Sanding & Abrasive Kit,Master 01 Apr,,
Quick Change Sanding & Stripping Kit,Master 01 Apr,,
"2"" Disc Sander",Master 01 Apr,,
"4"" High Speed Disc Sander",Master 01 Apr,,
"4"" Disc Sander with 3"" Roloc",Master 01 Apr,,
70mm Pistol Grip Polisher,Master 01 Apr,,
"7"" Vertical Sander",Master 01 Apr,,
"3"" Wet Sander",Master 01 Apr,,
"7"" Heavy Duty Angle Sander",Master 01 Apr,,
"7"" Wet Sander",Master 01 Apr,,
"7"" Vertical Polisher",Master 01 Apr,,
"7"" Heavy Duty Angle Polisher",Master 01 Apr,,
"7"" Wet Polisher",Master 01 Apr,,
250ml Air Tool Oil,Master 01 Apr,,
"4"" Angle Grinder",Master 01 Apr,,
"4"" Angle Grinder",Master 01 Apr,,
"5"" Angle Grinder",Master 01 Apr,,
"5"" Angle Grinder",Master 01 Apr,,
5'' Angle Wet Grinder,Master 01 Apr,,
5'' Wet Angle Grinder,Master 01 Apr,,
"5"" Angle Grinder",Master 01 Apr,,
"7"" Angle Grinder",Master 01 Apr,,
7'' Angle Wet Grinder with Stainless Steel Bearings,Master 01 Apr,,
13mm Belt Sander,Master 01 Apr,,
10mm Belt Sander,Master 01 Apr,,
20mm Belt Sander,Master 01 Apr,,
30mm Belt Sander,Master 01 Apr,,
Square Pad Orbital Sander,Master 01 Apr,,
Mini Velcro Orbital Sander - Palm Grip,Master 01 Apr,,
Orbital Sander Palm Grip Mini Velcro,Master 01 Apr,,
"Orbital Sander 1/3"" Sheet Palm Grip - Velcro Pad",Master 01 Apr,,
Orbital Sander Square Pad,Master 01 Apr,,
"6"" Dual Action Sander",Master 01 Apr,,
6'' Dual Action Sander - Palm Grip,Master 01 Apr,,
3'' Mini Dual Action Sander,Master 01 Apr,,
"6"" Dual Action Sander",Master 01 Apr,,
"6"" Dual Action Dust Free Sander - Palm Grip",Master 01 Apr,,
"6"" Dual Action Dust Free Sander - Palm Grip",Master 01 Apr,,
Oscillation Sealant Cutter & Sander,Master 01 Apr,,
150mm Industrial Edge Profiler,Master 01 Apr,,
100mm Industrial Edge Profiler,Master 01 Apr,,
10.2mm Pistol Grip Air Hammer,Master 01 Apr,,
Straight Grip Needle Scaler,Master 01 Apr,,
Pistol Grip Needle Scaler,Master 01 Apr,,
Oscillation Cutter,Master 01 Apr,,
Metal Cutting Shear,Master 01 Apr,,
Air Nibbler,Master 01 Apr,,
Air Saw,Master 01 Apr,,
Air Saw and File,Master 01 Apr,,
Air Saw and File Kit,Master 01 Apr,,
Mini Air Saw,Master 01 Apr,,
Punch and Flange Tool,Master 01 Apr,,
5 Litre Air Tool Oil,Master 01 Apr,,
"3/8"" Pistol Drill",Master 01 Apr,,
"1/2"" Heavy Duty Drill",Master 01 Apr,,
"3/8"" Heavy Duty Drill",Master 01 Apr,,
"3/8"" Heavy Duty Keyless Drill",Master 01 Apr,,
"1/2"" Heavy Duty Reversible Drill",Master 01 Apr,,
"3/8"" Heavy Duty Reversible Drill",Master 01 Apr,,
"3/8"" Reversible Angle Drill",Master 01 Apr,,
"3/8"" Keyless Reversible Drill",Master 01 Apr,,
"1/2"" Keyless Reversible Drill",Master 01 Apr,,
"3/8"" Compact Drill",Master 01 Apr,,
Drill 2600rpm 9.5mm capacity Keyless chuck,Master 01 Apr,,
"3/8"" Compact Variable Speed Keyed Drill",Master 01 Apr,,
"3/8"" Reversible Drill",Master 01 Apr,,
"3/8"" Compact Reversible Drill",Master 01 Apr,,
8mm Inline Grip Spot Mill,Master 01 Apr,,
8mm Pistol Grip Spot Mill,Master 01 Apr,,
Tie Rod Tool,Master 01 Apr,,
Tail Pipe Cutter,Master 01 Apr,,
"21/32"" Fork Chisel",Master 01 Apr,,
15/16'' Fork Chisel,Master 01 Apr,,
Bushing Remover,Master 01 Apr,,
Scraper Chisel,Master 01 Apr,,
Bushing Splitter,Master 01 Apr,,
Sheet Metal Cutter,Master 01 Apr,,
Double Edge Panel Cutter,Master 01 Apr,,
Double Edge Panel Cutter,Master 01 Apr,,
7''x3/4'' Flat Chisel,Master 01 Apr,,
9''x3/4'' Flat Chisel,Master 01 Apr,,
Taper Punch Chisel,Master 01 Apr,,
Rivet Cutter,Master 01 Apr,,
Chisel,Master 01 Apr,,
Spot Weld Breaker Chisel,Master 01 Apr,,
Sheet Metal B Chisel,Master 01 Apr,,
Bushing Driver,Master 01 Apr,,
Flat Bend Chisel,Master 01 Apr,,
Flat Bend Chisel,Master 01 Apr,,
Panel Crimper Chisel,Master 01 Apr,,
Smoothing Hammer,Master 01 Apr,,
Straight Punch,Master 01 Apr,,
60mm Paint Scraper Chisel,Master 01 Apr,,
Moil Point Chisel,Master 01 Apr,,
Moil Point Chisel,Master 01 Apr,,
"1/4"" Industrial Mini Angle Die Grinder",Master 01 Apr,,
"1/4"" Industrial Angle Die Grinder",Master 01 Apr,,
"2"" Industrial Angle Grinder",Master 01 Apr,,
"4"" Industrial Angle Grinder",Master 01 Apr,,
"4"" Industrial Angle Grinder",Master 01 Apr,,
"5"" Industrial Angle Grinder",Master 01 Apr,,
"5"" Industrial Angle Grinder (Wet Version)",Master 01 Apr,,
"7"" Industrial Angle Grinder",Master 01 Apr,,
"6"" Industrial Dual Action Sander",Master 01 Apr,,
"1/4"" Industrial Mini Die Grinder",Master 01 Apr,,
"1/4"" Industrial Mini Extended Die Grinder",Master 01 Apr,,
"2.5"" Industrial Straight Disc Grinder",Master 01 Apr,,
"3"" Industrial Straight Disc Grinder",Master 01 Apr,,
"1/4"" Industrial Straight Die Grinder",Master 01 Apr,,
"1/4"" Industrial Die Grinder",Master 01 Apr,,
"1/4"" Industrial Extended Die Grinder",Master 01 Apr,,
3D Tester IP67,Master 01 Apr,,
3mm Ball probe (standard),Master 01 Apr,,
3mm Ball probe (standard),Master 01 Apr,,
6mm Ball probe (long),Master 01 Apr,,
Stud M8x75 mm,Master 01 Apr,,
Stud M8x100mm,Master 01 Apr,,
Stud M8x125mm,Master 01 Apr,,
Stud M8x150mm,Master 01 Apr,,
Stud M8x175mm,Master 01 Apr,,
Stud M8x200mm,Master 01 Apr,,
"Stud 3/8x3""",Master 01 Apr,,
Stud M10x75mm,Master 01 Apr,,
"Stud 3/8x4""",Master 01 Apr,,
Stud M10x100mm,Master 01 Apr,,
"Stud 3/8x5""",Master 01 Apr,,
Stud M10x125mm,Master 01 Apr,,
"Stud 3/8x6""",Master 01 Apr,,
Stud M10x150mm,Master 01 Apr,,
"Stud 3/8x7""",Master 01 Apr,,
Stud M10x175mm,Master 01 Apr,,
"Stud 3/8x8""",Master 01 Apr,,
Stud M10x200mm,Master 01 Apr,,
"Stud 1/2WITx3""",Master 01 Apr,,
Stud M12x75mm,Master 01 Apr,,
Stud M14x75mm,Master 01 Apr,,
"Stud 1/2"" UNCx3I",Master 01 Apr,,
"Stud 1/2WITx 4""",Master 01 Apr,,
Stud M12x100mm,Master 01 Apr,,
Stud M14x100mm,Master 01 Apr,,
"Stud 1/2UNCx4""",Master 01 Apr,,
"Stud 1/2WITx5""",Master 01 Apr,,
Stud M12x125xmm,Master 01 Apr,,
Stud M14x125mm,Master 01 Apr,,
"Stud 1/2UNCx5""",Master 01 Apr,,
"Stud 1/2"" WITx6""",Master 01 Apr,,
Stud M12x150mm,Master 01 Apr,,
Stud M14x150mm,Master 01 Apr,,
"Stud 1/2"" UNCx6""",Master 01 Apr,,
"Stud 1/2"" WITx7""",Master 01 Apr,,
Stud M12x175mm,Master 01 Apr,,
Stud M14x175mm,Master 01 Apr,,
"Stud 1/2"" UNCx7""",Master 01 Apr,,
"Stud 1/2WITx8""",Master 01 Apr,,
Stud M12x200mm,Master 01 Apr,,
Stud M14x200mm,Master 01 Apr,,
"Stud 1/2UNCx8""",Master 01 Apr,,
"Stud 5/8x""3I",Master 01 Apr,,
Stud M16x75mm,Master 01 Apr,,
"Stud 5/8x4""",Master 01 Apr,,
Stud M16x100mm,Master 01 Apr,,
"Stud 5/8x5""",Master 01 Apr,,
Stud M16x125mm,Master 01 Apr,,
"Stud 5/8x6""",Master 01 Apr,,
Stud M16x150mm,Master 01 Apr,,
"Stud 5/8x7""",Master 01 Apr,,
Stud M16x175mm,Master 01 Apr,,
"Stud 5/8x8""",Master 01 Apr,,
Stud M16x200mm,Master 01 Apr,,
Stud M18x300mm,Master 01 Apr,,
Stud M18x75mm,Master 01 Apr,,
Stud M18x100mm,Master 01 Apr,,
Stud M18x125mm,Master 01 Apr,,
Stud M18x150mm,Master 01 Apr,,
Stud M18x175mm,Master 01 Apr,,
Stud M18x200mm,Master 01 Apr,,
Stud M20x250mm,Master 01 Apr,,
Stud M20x300mm,Master 01 Apr,,
Stud M20x75 mm,Master 01 Apr,,
Stud M20x100mm,Master 01 Apr,,
Stud M20x125mm,Master 01 Apr,,
"StudStud 7/8x6""",Master 01 Apr,,
Stud M20x150mm,Master 01 Apr,,
Stud M20x175mm,Master 01 Apr,,
Stud M20x200mm,Master 01 Apr,,
Stud M24x200mm,Master 01 Apr,,
Stud M24x125mm,Master 01 Apr,,
Stud M24x125mm,Master 01 Apr,,
Stud M24x150mm,Master 01 Apr,,
Stud M24x175mm,Master 01 Apr,,
Stud M24x200mm,Master 01 Apr,,
Coupling Nut M8,Master 01 Apr,,
"Coupling Nut 3/8""",Master 01 Apr,,
Coupling Nut M10,Master 01 Apr,,
"Coupling Nut 1/2"" UNC",Master 01 Apr,,
"Coupling Nut 1/2"" WIT",Master 01 Apr,,
Coupling Nut M12,Master 01 Apr,,
Coupling Nut M14,Master 01 Apr,,
"Coupling Nut 5/8""",Master 01 Apr,,
Coupling Nut M16,Master 01 Apr,,
Coupling Nut M18,Master 01 Apr,,
Coupling Nut M20,Master 01 Apr,,
Coupling Nut M24,Master 01 Apr,,
Step block 19 x 30mm 25mm wide,Master 01 Apr,,
Step block 30 x 47mm 25mm wide,Master 01 Apr,,
Step block 59 x 97mm 25mm wide,Master 01 Apr,,
Step block 39 x 59mm 38mm wide,Master 01 Apr,,
Step block 61 x 97mm 38mm wide,Master 01 Apr,,
Step block 86 x 140mm 38mm wide,Master 01 Apr,,
Step Clamp M8 M10,Master 01 Apr,,
Step Clamp M8 M10,Master 01 Apr,,
Step Clamp M8 M10,Master 01 Apr,,
Step Clamp M12,Master 01 Apr,,
Step Clamp M16,Master 01 Apr,,
Step Clamp M12,Master 01 Apr,,
Step Clamp M16,Master 01 Apr,,
Step Clamp M12,Master 01 Apr,,
Step Clamp M16,Master 01 Apr,,
Step Clamp M18 M20,Master 01 Apr,,
Step Clamp M18 M20,Master 01 Apr,,
Step Clamp M18 M20,Master 01 Apr,,
Step Clamp M24,Master 01 Apr,,
Step Clamp M24,Master 01 Apr,,
Step Clamp M24,Master 01 Apr,,
Angle Blocks 12 Piece,Master 01 Apr,,
Solid Angle Plates,Master 01 Apr,,
24V Long Arm Halogen Lamp,Master 01 Apr,,
24V Halogen Medium Arm Lamp,Master 01 Apr,,
24V Bulb To Suit AL101,Master 01 Apr,,
24V Halogen Lamp,Master 01 Apr,,
Transformer 240V - 24V,Master 01 Apr,,
Lens for AL101,Master 01 Apr,,
"Dividing Head - includes 5"" 3 Jaw Chuck, plates and tailstock",Master 01 Apr,,
Dividing Head,Master 01 Apr,,
"Dividing Head with 8"" 3 jaw chuck - includes tailstock, gears, plates",Master 01 Apr,,
Arbor BT40 x 22mm (45mm),Master 01 Apr,,
Arbor BT40 x 16mm (45mm),Master 01 Apr,,
Arbor BT40 x 22mm (90mm),Master 01 Apr,,
Arbor BT40 x 27mm (45mm),Master 01 Apr,,
Arbor BT40 x 27mm (90mm),Master 01 Apr,,
Arbor BT40 x 32mm (45mm),Master 01 Apr,,
Arbor BT40 x 40mm (60mm),Master 01 Apr,,
Arbor BT50 x 22mm (45mm),Master 01 Apr,,
Arbor BT50 x 22mm (75mm),Master 01 Apr,,
Arbor BT50 x 27mm (45mm),Master 01 Apr,,
Arbor BT50 x 27mm (75mm),Master 01 Apr,,
Arbor BT50 x 27mm (105mm),Master 01 Apr,,
Arbor BT50 x 32mm (75mm),Master 01 Apr,,
Arbor BT50 x 32mm (105mm),Master 01 Apr,,
Arbor BT50 x 32mm (150mm),Master 01 Apr,,
Arbor BT50 x 40mm (75mm),Master 01 Apr,,
Sleeve BT40 x MT1,Master 01 Apr,,
Sleeve BT40 x MT2,Master 01 Apr,,
Sleeve BT40 x MT3,Master 01 Apr,,
Sleeve BT40 x MT4,Master 01 Apr,,
Sleeve BT50 x MT1,Master 01 Apr,,
Sleeve BT50 x MT2,Master 01 Apr,,
Sleeve BT50 x MT3,Master 01 Apr,,
Sleeve BT50 x MT4,Master 01 Apr,,
Sleeve BT50 x MT5,Master 01 Apr,,
Side Lock BT40 x 6mm (75mm),Master 01 Apr,,
Side Lock BT40 x 8mm (75mm),Master 01 Apr,,
Side Lock BT40 x 10mm (75mm),Master 01 Apr,,
Side Lock BT40 x 12mm (75mm),Master 01 Apr,,
Side Lock BT40 x 12mm (75mm),Master 01 Apr,,
Side Lock BT40 x 16mm (75mm),Master 01 Apr,,
Side Lock BT40 x 18mm (75mm),Master 01 Apr,,
Side Lock BT40 x 20mm (90mm),Master 01 Apr,,
Side Lock BT40 x 25mm (90mm),Master 01 Apr,,
Side Lock BT40 x 32mm (90mm),Master 01 Apr,,
Side Lock BT40 x 40mm (105mm),Master 01 Apr,,
Side Lock BT50 x 6mm (90mm),Master 01 Apr,,
Side Lock BT50 x 8mm (90mm),Master 01 Apr,,
Side Lock BT50 x 10mm (90mm),Master 01 Apr,,
Side Lock BT50 x 12mm (90mm),Master 01 Apr,,
Side Lock BT50 x 12mm (150mm),Master 01 Apr,,
Side Lock BT50 x 16mm (90mm),Master 01 Apr,,
Side Lock BT50 x 20mm (105mm),Master 01 Apr,,
Side Lock BT50 x 25mm (105mm),Master 01 Apr,,
Side Lock BT50 x 32mm (105mm),Master 01 Apr,,
Side Lock BT50 x 40mm (120mm),Master 01 Apr,,
BT40 45 Degree Pull Stud,Master 01 Apr,,
BT40 60 Degree Pull Stud,Master 01 Apr,,
BT50 45 Degree Pull Stud,Master 01 Apr,,
BT50 60 Degree Pull Stud,Master 01 Apr,,
BT40 90 Degree Pull Stud,Master 01 Apr,,
BT50 90 Degree Pull Stud,Master 01 Apr,,
BT40 45 Degree Through Coolant Pull Stud,Master 01 Apr,,
BT40 60 Degree Through Coolant Pull Stud,Master 01 Apr,,
BT50 45 Degree Through Coloant Pull Stud,Master 01 Apr,,
BT50 60 Degree Through Coolant Pull Stud,Master 01 Apr,,
BT50 ISO50A Pull Stud,Master 01 Apr,,
BT40 45 Degree Through Coolant Pull Stud ISO/DIN7388/2/B,Master 01 Apr,,
BT50 45 Degree Through Colant Pull Stud ISO/DIN7388/2/B,Master 01 Apr,,
BT50 Through Colant Pull Stud MAZAK,Master 01 Apr,,
BT40 Through Colant Pull Stud MAZAK,Master 01 Apr,,
BT40 Okuma Pull Stud Through Coolant 7mm hole (BT556),Master 01 Apr,,
BT40 Okuma Pull Stud Through Coolant  4MM HOLE SIZE,Master 01 Apr,,
13mm Keyed Drill Chuck - B16,Master 01 Apr,,
13mm Keyed Drill Chuck - JT6,Master 01 Apr,,
"13mm Keyed Drill Chuck - 1/2""x20TPI",Master 01 Apr,,
"13mm Keyed Drill Chuck - 3/8""x24TPI",Master 01 Apr,,
Drill Chuck - Keyed 1-16mm B16 mount,Master 01 Apr,,
Drill Chuck - Keyed 1-16mm B18 mount,Master 01 Apr,,
Drill Chuck - Keyed 1-16mm JT3 mount,Master 01 Apr,,
Drill Chuck - Keyed 1-16mm JT6 mount,Master 01 Apr,,
Clamp Kit  M8 x 1.25 Stud. 10mm Slot.,Master 01 Apr,,
Flange Nut M8 (4512),Master 01 Apr,,
"T Slot Nut M8 Stud, 10mm Slot",Master 01 Apr,,
Clamp Kit M10 x 1.5 Stud 12mm Slot,Master 01 Apr,,
"Clamp Kit 3/8W Stud. 7/16"" Slot",Master 01 Apr,,
"T Slot Nut 3/8""x11, 7/16"" Slot",Master 01 Apr,,
"Clamp Kit 3/8"" W Stud. 1/2'' Slot ",Master 01 Apr,,
"T Slot Nut 3/8""x11, 1/2"" Slot",Master 01 Apr,,
"Flange Nut 3/8"" (3513I)",Master 01 Apr,,
"T Slot Nut 1/2""x13, 9/16"" Slot",Master 01 Apr,,
"T Slot Nut 1/2""x12, 9/16"" Slot",Master 01 Apr,,
"Clamp Kit  1/2"" x 13 Stud (9/16"" Slot)",Master 01 Apr,,
"Clamp Kit  1/2"" x 12 Stud (9/16"" Slot)",Master 01 Apr,,
"T Slot Nut 1/2""x13, 5/8"" Slot",Master 01 Apr,,
"T Slot Nut 1/2""x12, 5/8"" Slot",Master 01 Apr,,
"Clamp Kit  1/2 x 13 TPI Stud. 5/8"" Slot",Master 01 Apr,,
"Clamp Kit  1/2 x 12 TPI Stud. 5/8"" Slot",Master 01 Apr,,
"Flange Nut 1/2""UNC (4514I UNC)",Master 01 Apr,,
"Flange Nut 1/2""WIT (4514I WIT)",Master 01 Apr,,
"Clamp Kit 5/8 x 11 Stud. 11/16"" Slot",Master 01 Apr,,
"T Slot Nut 5/8""x11, 11/16"" Slot",Master 01 Apr,,
"Clamp Kit  5/8 x 11 Stud. 3/4"" Slot",Master 01 Apr,,
"T Slot Nut 5/8""x11, 3/4 Slot",Master 01 Apr,,
"Flange Nut 5/8"" (4515I)",Master 01 Apr,,
Flange Nut M10 (4513),Master 01 Apr,,
"T Slot Nut M10 Stud, 12mm Slot",Master 01 Apr,,
Clamp Kit  M12 x 1.75 Stud. 14mm Slot,Master 01 Apr,,
"T Slot Nut M12 Stud, 14mm Slot",Master 01 Apr,,
Clamp Kit  M12 x 1.75 Stud. 15.7mm Slot,Master 01 Apr,,
"T Slot Nut M12 Stud, 15.7mm Slot",Master 01 Apr,,
Flange Nut M12 (4514),Master 01 Apr,,
Clamp Kit M14 x 2 Stud. 16mm Slot,Master 01 Apr,,
Flange Nut M14 (4514M),Master 01 Apr,,
"T Slot Nut M14 Stud, 16mm Slot",Master 01 Apr,,
Clamp Kit  M16 x 2 Stud. 18mm Slot,Master 01 Apr,,
Flange Nut M16 (4515),Master 01 Apr,,
"T Slot Nut M16 Stud, 18mm Slot",Master 01 Apr,,
Clamp Kit  M18 x 2.5 Stud. 20mm Slot,Master 01 Apr,,
Flange Nut M18 (4516),Master 01 Apr,,
"T Slot Nut  M18 Stud, 20mm Slot",Master 01 Apr,,
Clamp Kit  M20 x 2.5 Stud. 22mm Slot,Master 01 Apr,,
"Clamping Kit 3/4 x 10 Stud. 7/8"" Slot",Master 01 Apr,,
"Flange Nut 3/4"" (4516I)",Master 01 Apr,,
"T Slot Nut 3/4""x10, 7/8"" Slot",Master 01 Apr,,
Flange Nut M20 (4517),Master 01 Apr,,
"T Slot Nut M20 Stud, 22mm Slot",Master 01 Apr,,
M20 Table Clamp Set Tray,Master 01 Apr,,
Flange Nut M24 (4518),Master 01 Apr,,
"T Slot Nut M24 Stud, 28mm Slot",Master 01 Apr,,
Channel Clamp 11.5mm,Master 01 Apr,,
Channel Clamp 13.5mm,Master 01 Apr,,
Channel Clamp 15.5mm,Master 01 Apr,,
Channel Clamp 17.5mm,Master 01 Apr,,
Channel Clamp 19.5mm,Master 01 Apr,,
160mm Super Indexing Spacer,Master 01 Apr,,
210mm Super Indexing Spacer,Master 01 Apr,,
"Metal Coolant Hose 500mm (3/8"" BSP)",Master 01 Apr,,
Drill Chuck Arbor MT1 x JT6,Master 01 Apr,,
Drill Chuck Arbor MT2 x B16,Master 01 Apr,,
Drill Chuck Arbor MT2 x B18,Master 01 Apr,,
Drill Chuck Arbor MT2 x JT3,Master 01 Apr,,
Drill Chuck Arbor MT2 x JT6,Master 01 Apr,,
Drill Chuck Arbor MT3 x B16,Master 01 Apr,,
Drill Chuck Arbor MT3 x B18,Master 01 Apr,,
Drill Chuck Arbor MT3 x JT3,Master 01 Apr,,
Drill Chuck Arbor MT3 x JT6,Master 01 Apr,,
Drill Chuck Arbor MT4 x B16,Master 01 Apr,,
Drill Chuck Arbor MT4 x B18,Master 01 Apr,,
Drill Chuck Arbor MT4 x JT3,Master 01 Apr,,
Drill Chuck Arbor MT4 x JT6,Master 01 Apr,,
Drill Chuck Arbor MT5 x JT3,Master 01 Apr,,
Drill Chuck Arbor MT5 x JT6,Master 01 Apr,,
MT3 Drill Chuck Arbor with M20 Mount,Master 01 Apr,,
MT4 Drill Chuck with M20 Mount,Master 01 Apr,,
Dividing Plate Suit HV6,Master 01 Apr,,
"Dividing Plate HV8, VU200",Master 01 Apr,,
Dividing Plate HV10 - 16,Master 01 Apr,,
"Dividing Plate CS6, CS8",Master 01 Apr,,
Dividing Plate suit VU300,Master 01 Apr,,
Reducing Sleeve 20 - 8mm,Master 01 Apr,,
Reducing Sleeve 20 - 10mm,Master 01 Apr,,
Reducing Sleeve 20 - 12mm,Master 01 Apr,,
Reducing Sleeve 20 - 16mm,Master 01 Apr,,
Reducing Sleeve 25 - 08mm,Master 01 Apr,,
Reducing Sleeve 25 - 10mm,Master 01 Apr,,
Reducing Sleeve 25 - 12mm,Master 01 Apr,,
Reducing Sleeve 25 - 16mm,Master 01 Apr,,
Reducing Sleeve 25 - 20mm,Master 01 Apr,,
Reducing Sleeve 32 - 6mm,Master 01 Apr,,
Reducing Sleeve 32 - 08mm,Master 01 Apr,,
Reducing Sleeve 32 - 10mm,Master 01 Apr,,
Reducing Sleeve 32 - 12mm,Master 01 Apr,,
Reducing Sleeve 32 - 16mm,Master 01 Apr,,
Reducing Sleeve 32 - 20mm,Master 01 Apr,,
Reducing Sleeve 32 - 25mm,Master 01 Apr,,
Reducing Sleeve 32mm OD - MT1,Master 01 Apr,,
Reducing Sleeve 32mm OD - MT2,Master 01 Apr,,
Reducing Sleeve 32mm OD - MT3,Master 01 Apr,,
Reducing Sleeve 40 - 6mm,Master 01 Apr,,
Reducing Sleeve 40 - 8mm,Master 01 Apr,,
Reducing Sleeve 40 - 10mm,Master 01 Apr,,
Reducing Sleeve 40 - 12mm,Master 01 Apr,,
Reducing Sleeve 40 - 16mm,Master 01 Apr,,
Reducing Sleeve 40 - 20mm,Master 01 Apr,,
Reducing Sleeve 40 - 25mm,Master 01 Apr,,
Reducing Sleeve 40 - 32mm,Master 01 Apr,,
Reducing Sleeve 40mm OD - MT1,Master 01 Apr,,
Reducing Sleeve 40mm OD - MT2,Master 01 Apr,,
Reducing Sleeve 40mm OD - MT3,Master 01 Apr,,
Reducing Sleeve 40mm OD - MT4,Master 01 Apr,,
Reducing Sleeve 50 - 10mm,Master 01 Apr,,
Reducing Sleeve 50 - 12mm,Master 01 Apr,,
Reducing Sleeve 50 - 16mm,Master 01 Apr,,
Reducing Sleeve 50 - 20mm,Master 01 Apr,,
Reducing Sleeve 50 - 25mm,Master 01 Apr,,
Reducing Sleeve 50 - 32mm,Master 01 Apr,,
Reducing Sleeve 50 - 40mm,Master 01 Apr,,
Reducing Sleeve 50mm OD - MT1,Master 01 Apr,,
Reducing Sleeve 50mm OD - MT2,Master 01 Apr,,
Reducing Sleeve 50mm OD - MT3,Master 01 Apr,,
Reducing Sleeve 50mm OD - MT4,Master 01 Apr,,
MT2 Male to MT2 Female Extension Socket,Master 01 Apr,,
MT2 Male to MT3 Female Extension Socket,Master 01 Apr,,
MT2 Male to MT4 Female Extension Socket,Master 01 Apr,,
MT3 Male to MT2 Female Extension Socket,Master 01 Apr,,
MT3 Male to MT3 Female Extension Socket,Master 01 Apr,,
MT3 Male to MT4 Female Extension Socket,Master 01 Apr,,
MT4 Male to MT2 Female Extension Socket,Master 01 Apr,,
MT4 Male to MT3 Female Extension Socket,Master 01 Apr,,
MT4 Male to MT4 Female Extension Socket,Master 01 Apr,,
MT4 Male to MT5 Female Extension Socket,Master 01 Apr,,
MT5 Male to MT4 Female Extension Socket,Master 01 Apr,,
MT5 Male to MT5 Female Extension Socket,Master 01 Apr,,
Height Pre-setter,Master 01 Apr,,
Height Pre-setter,Master 01 Apr,,
Rotary Table 250mm,Master 01 Apr,,
Rotary Table 300mm,Master 01 Apr,,
Rotary Table 350mm,Master 01 Apr,,
Rotary Table 400mm,Master 01 Apr,,
Rotary Table 110mm,Master 01 Apr,,
Rotary Table 150mm,Master 01 Apr,,
Rotary Table 200mm,Master 01 Apr,,
"Tapping Attachment MT2, 5 - 10mm capacity",Master 01 Apr,,
"Tapping Attachment MT3, 6 - 14mm capacity",Master 01 Apr,,
"Tapping Attachment MT3, 12 - 25mm",Master 01 Apr,,
Lathe chuck key with spring 8mm,Master 01 Apr,,
Lathe chuck key with spring 10mm,Master 01 Apr,,
Lathe chuck key with spring 14mm,Master 01 Apr,,
Lathe chuck key with spring 16mm,Master 01 Apr,,
MT2 Male to MT1 Female Drill Sleeve,Master 01 Apr,,
MT3 Male to MT1 Female Drill Sleeve,Master 01 Apr,,
MT4 Male to MT1 Female Drill Sleeve,Master 01 Apr,,
MT3 Male to MT2 Female Drill Sleeve,Master 01 Apr,,
MT4 Male to MT2 Female Drill Sleeve,Master 01 Apr,,
MT5 Male to MT2 Female Drill Sleeve,Master 01 Apr,,
MT4 Male to MT3 Female Drill Sleeve,Master 01 Apr,,
MT5 Male to MT3 Female Drill Sleeve,Master 01 Apr,,
MT6 Male to MT3 Female Drill Sleeve,Master 01 Apr,,
MT5 Male to MT4 Female Drill Sleeve,Master 01 Apr,,
MT6 Male to MT4 Female Drill Sleeve,Master 01 Apr,,
MT6 Male to MT5 Female Drill Sleeve,Master 01 Apr,,
Parting Inserts 2mm ,Master 01 Apr,,
Parting Inserts 3mm  (price per insert),Master 01 Apr,,
Free Vice (pair) 270mm jaw width,Master 01 Apr,,
Free Vice (pair) 64mm jaw width,Master 01 Apr,,
Free Vice (pair) 86.5mm jaw width,Master 01 Apr,,
45° End Mill Chamfer 3-25mm,Master 01 Apr,,
45° End Mill Chamfer - 20-36 mm,Master 01 Apr,,
80-108mm Tailstock,Master 01 Apr,,
115-150mm Tailstock,Master 01 Apr,,
130-205mm Tailstock,Master 01 Apr,,
182-260mm Tailstock,Master 01 Apr,,
"ER32 NT30I Collet Chuck (1/2"" x 12)",Master 01 Apr,,
ER32 NT30M Collet Chuck (M12),Master 01 Apr,,
"ER40 NT30I Collet Chuck (1/2"" x 12)",Master 01 Apr,,
ER40 NT30M Collet Chuck (M12),Master 01 Apr,,
"ER32 NT40I Collet Chuck (5/8"" x 11)",Master 01 Apr,,
ER32 NT40M Collet Chuck (M16),Master 01 Apr,,
"ER40 NT40I Collet Chuck (5/8"" x 11)",Master 01 Apr,,
ER40 NT40M Collet Chuck (M16),Master 01 Apr,,
"ER50 NT40I Collet Chuck (5/8"" x 11)",Master 01 Apr,,
ER50 NT40M Collet Chuck (M16),Master 01 Apr,,
"ER32 NT50I Collet Chuck (1"" x 8)",Master 01 Apr,,
ER32 NT50M Collet Chuck (M24),Master 01 Apr,,
"ER40 NT50I Collet Chuck (1""x 8)",Master 01 Apr,,
ER40 NT50M Collet Chuck (M24),Master 01 Apr,,
"ER50 NT50 Collet Chuck (1""x 8)",Master 01 Apr,,
ER50 NT50 Collet Chuck (M24),Master 01 Apr,,
ER11 Collet Set 7 Pce,Master 01 Apr,,
ER11 Collet 1.0mm - 0.5mm,Master 01 Apr,,
ER11 1 - 7mm 13Pce Set (0.5mm Increments),Master 01 Apr,,
ER11 Collet 1.5mm - 1.0mm,Master 01 Apr,,
ER11 Collet 2.0mm - 1.5mm,Master 01 Apr,,
ER11 Collet 2.5mm - 2.0mm ,Master 01 Apr,,
ER11 Collet 3.0mm-2.5mm,Master 01 Apr,,
ER11 Collet 3.5mm - 3.0mm,Master 01 Apr,,
ER11 Collet 4.0mm - 3.5mm,Master 01 Apr,,
ER11 Collet 4.5mm - 4.0mm,Master 01 Apr,,
ER11 Collet 5.0mm - 4.5mm,Master 01 Apr,,
ER11 Collet 5.5mm - 5.0mm,Master 01 Apr,,
ER11 Collet 6.0mm - 5.5mm ,Master 01 Apr,,
ER11 Collet 6.5mm - 6.0mm,Master 01 Apr,,
ER11 Collet 7.0mm - 6.5mm ,Master 01 Apr,,
ER11 13 Pce Tray,Master 01 Apr,,
Key to suit 16mm Ball Bearing Chuck,Master 01 Apr,,
ER16 Collet Set 10 Pce,Master 01 Apr,,
ER16 Collet 1 - 0.5mm ,Master 01 Apr,,
ER16 Collet 2 - 1mm ,Master 01 Apr,,
ER16 Collet 3 - 2mm,Master 01 Apr,,
ER16 Collet 3.5mm ,Master 01 Apr,,
ER16 Collet 4 - 3mm,Master 01 Apr,,
4 mm ER16 Coolant Proof Collet,Master 01 Apr,,
ER16 Collet 5 - 4mm,Master 01 Apr,,
5 mm ER16 Coolant Proof Collet,Master 01 Apr,,
ER16 Collet 6 - 5mm,Master 01 Apr,,
6 mm ER16 Coolant Proof Collet,Master 01 Apr,,
ER16 Collet 6.5mm,Master 01 Apr,,
ER16 Collet 7 - 6mm,Master 01 Apr,,
7 mm ER16 Coolant Proof Collet,Master 01 Apr,,
ER16 Collet 8 - 7mm,Master 01 Apr,,
8 mm ER16 Coolant Proof Collet,Master 01 Apr,,
ER16 Collet 9 - 8mm,Master 01 Apr,,
9 mm ER16 Coolant Proof Collet,Master 01 Apr,,
ER16 Collet 10-9mm,Master 01 Apr,,
10 mm ER16 Coolant Proof Collet,Master 01 Apr,,
ER16 Collet Tray,Master 01 Apr,,
ER20 Collet Set 12 Pce,Master 01 Apr,,
ER20 Collet 2-1mm,Master 01 Apr,,
ER20 Collet 3-2mm,Master 01 Apr,,
ER20 Collet 4-3mm,Master 01 Apr,,
4 mm ER20 Coolant Proof Collet,Master 01 Apr,,
ER20 Collet 5-4mm,Master 01 Apr,,
5 mm ER20 Coolant Proof Collet,Master 01 Apr,,
ER20 Collet 6-5mm,Master 01 Apr,,
6 mm ER20 Coolant Proof Collet,Master 01 Apr,,
ER20 Collet 7 -6mm,Master 01 Apr,,
7 mm ER20 Coolant Proof Collet,Master 01 Apr,,
ER20 Collet 8 -7mm,Master 01 Apr,,
8 mm ER20 Coolant Proof Collet,Master 01 Apr,,
ER20 Collet 9 -8mm,Master 01 Apr,,
9 mm ER20 Coolant Proof Collet,Master 01 Apr,,
ER20 Collet 10 -9mm,Master 01 Apr,,
10 mm ER20 Coolant Proof Collet,Master 01 Apr,,
ER20 Collet 11 -10mm,Master 01 Apr,,
11 mm ER20 Coolant Proof Collet,Master 01 Apr,,
ER20 Collet 12 -11mm,Master 01 Apr,,
12 mm ER20 Coolant Proof Collet,Master 01 Apr,,
ER20 Collet 13 -12mm,Master 01 Apr,,
13 mm ER20 Coolant Proof Collet,Master 01 Apr,,
"ER32 NT30I 18Pce Set (1/2"" x 12)",Master 01 Apr,,
ER32 NT30M 18Pce Set (M12),Master 01 Apr,,
"ER32 NT30I 6Pce Set (1/2"" x 12)",Master 01 Apr,,
ER32 NT30M 6Pce Set (M12),Master 01 Apr,,
ER40 NT30M 23Pce Set (M12),Master 01 Apr,,
"ER40 NT30I 7Pce Set (1/2"" x 12)",Master 01 Apr,,
ER40 NT30M 7Pce Set (M12),Master 01 Apr,,
"ER32 NT40I 18Pce Set (5/8"" x 11)",Master 01 Apr,,
ER32 NT40M 18Pce Set (M16),Master 01 Apr,,
"ER32 NT40I 6Pce Set (5/8""x 11)",Master 01 Apr,,
ER32 NT40M 6Pce Set (M16),Master 01 Apr,,
ER20 Collet Tray,Master 01 Apr,,
"ER40 NT40I 23Pce Set (5/8"" x 11)",Master 01 Apr,,
ER40 NT40M 23Pce Set (M16),Master 01 Apr,,
"ER40 NT40I 7Pce Set (5/8""x 11)",Master 01 Apr,,
ER40 NT40M 7Pce Set (M16),Master 01 Apr,,
"ER50 NT40I 12Pce Set (5/8""X11)",Master 01 Apr,,
ER50 NT40M 12Pce Set (M16),Master 01 Apr,,
"ER32 NT50I 6Pce Set (1"" x 8)",Master 01 Apr,,
ER32 NT50M 6Pce Set (M24),Master 01 Apr,,
"ER40 NT50I 23Pce Set (1"" x 8)",Master 01 Apr,,
ER40 NT50M 23Pce Set (M24),Master 01 Apr,,
"ER40 NT50I 7Pce Set (1"" x 8)",Master 01 Apr,,
ER40 NT50M 7Pce Set (M24),Master 01 Apr,,
ER16 NT40M Collet Chuck (M16),Master 01 Apr,,
ER25 Collet Set 15 Pce ,Master 01 Apr,,
ER25 Collet 2 -1mm,Master 01 Apr,,
ER25 Collet 3 -2mm,Master 01 Apr,,
ER25 Collet 4 -3mm,Master 01 Apr,,
4 mm ER25 Coolant Proof Collet,Master 01 Apr,,
ER25 Collet 5 -4mm,Master 01 Apr,,
5 mm ER25 Coolant Proof Collet,Master 01 Apr,,
ER25 Collet 6 -5mm,Master 01 Apr,,
6 mm ER25 Coolant Proof Collet,Master 01 Apr,,
ER25 Collet 7 -6mm,Master 01 Apr,,
7 mm ER25 Coolant Proof Collet,Master 01 Apr,,
ER25 Collet 8 -7mm,Master 01 Apr,,
8 mm ER25 Coolant Proof Collet,Master 01 Apr,,
ER25 Collet 9 -8mm,Master 01 Apr,,
9 mm ER25 Coolant Proof Collet,Master 01 Apr,,
ER25 Collet 10 -9mm,Master 01 Apr,,
10 mm ER25 Coolant Proof Collet,Master 01 Apr,,
ER25 Collet 11 -10mm,Master 01 Apr,,
11 mm ER25 Coolant Proof Collet,Master 01 Apr,,
ER25 Collet 12 -11mm,Master 01 Apr,,
12 mm ER25 Coolant Proof Collet,Master 01 Apr,,
ER25 Collet 13 -12mm,Master 01 Apr,,
13 mm ER25 Coolant Proof Collet,Master 01 Apr,,
ER25 Collet 14 -13mm,Master 01 Apr,,
14 mm ER25 Coolant Proof Collet,Master 01 Apr,,
ER25 Collet 15 - 14mm,Master 01 Apr,,
15 mm ER25 Coolant Proof Collet,Master 01 Apr,,
ER25 Collet 16 - 15mm,Master 01 Apr,,
16 mm ER25 Coolant Proof Collet,Master 01 Apr,,
ER25 Collet Tray,Master 01 Apr,,
"2"" V-Blocks (Set Of 2)",Master 01 Apr,,
ER32 R8 Collet Chuck  (7/16''X20),Master 01 Apr,,
ER40 R8 Collet Chuck  (7/16''X20),Master 01 Apr,,
ER32 R8 18Pce Set  (7/16''X20),Master 01 Apr,,
ER32 R8 6Pce Set  (7/16''X20),Master 01 Apr,,
ER40 R8 23Pce Set  (7/16''X20),Master 01 Apr,,
ER40 R8 7Pce Set  (7/16''X20),Master 01 Apr,,
ER32 Collet Set 18 Pce ,Master 01 Apr,,
ER32 Collet 3 - 2mm,Master 01 Apr,,
ER32 Collet 4 - 3mm Collet,Master 01 Apr,,
4 mm ER32 Coolant Proof Collet,Master 01 Apr,,
ER32 Collet 5 - 4mm,Master 01 Apr,,
5 mm ER32 Coolant Proof Collet,Master 01 Apr,,
ER32 Collet 6 - 5mm,Master 01 Apr,,
6 mm ER32 Coolant Proof Collet,Master 01 Apr,,
ER32 Collet 7 - 6mm,Master 01 Apr,,
7 mm ER32 Coolant Proof Collet,Master 01 Apr,,
ER32 Collet 8 - 7mm,Master 01 Apr,,
8 mm ER32 Coolant Proof Collet,Master 01 Apr,,
ER32 Collet 9 - 8mm,Master 01 Apr,,
9 mm ER32 Coolant Proof Collet,Master 01 Apr,,
ER32 Collet 10 - 9mm,Master 01 Apr,,
10 mm ER32 Coolant Proof Collet,Master 01 Apr,,
ER32 Collet 11 - 10mm,Master 01 Apr,,
11 mm ER32 Coolant Proof Collet,Master 01 Apr,,
ER32 Collet 12 - 11mm,Master 01 Apr,,
12mm ER32 Coolant Proof Collet,Master 01 Apr,,
ER32 Collet 13 - 12mm,Master 01 Apr,,
13 mm ER32 Coolant Proof Collet,Master 01 Apr,,
ER32 Collet 14 - 13mm,Master 01 Apr,,
14mm ER32 Coolant Proof Collet,Master 01 Apr,,
ER32 Collet 15 - 14mm,Master 01 Apr,,
15 mm ER32 Coolant Proof Collet,Master 01 Apr,,
ER32 Collet 16 - 15mm,Master 01 Apr,,
16 mm ER32 Coolant Proof Collet,Master 01 Apr,,
ER32 Collet 17 - 16mm,Master 01 Apr,,
17 mm ER32 Coolant Proof Collet,Master 01 Apr,,
ER32 Collet 18 - 17mm,Master 01 Apr,,
18 mm ER32 Coolant Proof Collet,Master 01 Apr,,
ER32 Collet 19 - 18mm,Master 01 Apr,,
19 mm ER32 Coolant Proof Collet,Master 01 Apr,,
ER32 Collet 20 - 19mm,Master 01 Apr,,
20 mm ER32 Coolant Proof Collet,Master 01 Apr,,
ER32 Case,Master 01 Apr,,
ER32 Collet Tray,Master 01 Apr,,
ER40 Collet Set 23 Pce,Master 01 Apr,,
ER40 Collet 4 - 3mm,Master 01 Apr,,
4 mm ER40 Coolant Proof Collet,Master 01 Apr,,
ER40 Collet 5 - 4mm,Master 01 Apr,,
5 mm ER40 Coolant Proof Collet,Master 01 Apr,,
ER40 Collet 6 - 5mm,Master 01 Apr,,
6 mm ER40 Coolant Proof Collet,Master 01 Apr,,
ER40 Collet 7 - 6mm,Master 01 Apr,,
7 mm ER40 Coolant Proof Collet,Master 01 Apr,,
ER40 Collet 8 - 7mm,Master 01 Apr,,
8 mm ER40 Coolant Proof Collet,Master 01 Apr,,
ER40 Collet 9 - 8mm,Master 01 Apr,,
9 mm ER40 Coolant Proof Collet,Master 01 Apr,,
ER40 Collet 10 - 9mm,Master 01 Apr,,
10 mm ER40 Coolant Proof Collet,Master 01 Apr,,
ER40 Collet 11 - 10mm,Master 01 Apr,,
11 mm ER40 Coolant Proof Collet,Master 01 Apr,,
ER40 Collet 12 - 11mm,Master 01 Apr,,
12 mm ER40 Coolant Proof Collet,Master 01 Apr,,
ER40 Collet 13 - 12mm,Master 01 Apr,,
13 mm ER40 Coolant Proof Collet,Master 01 Apr,,
ER40 Collet 14 - 13mm,Master 01 Apr,,
14 mm ER40 Coolant Proof Collet,Master 01 Apr,,
ER40 Collet 15 - 14mm,Master 01 Apr,,
15 mm ER40 Coolant Proof Collet,Master 01 Apr,,
ER40 Collet 16 - 15mm,Master 01 Apr,,
16 mm ER40 Coolant Proof Collet,Master 01 Apr,,
ER40 Collet 17 - 16mm,Master 01 Apr,,
17 mm ER40 Coolant Proof Collet,Master 01 Apr,,
ER40 Collet 18 - 17mm,Master 01 Apr,,
18 mm ER40 Coolant Proof Collet,Master 01 Apr,,
ER40 Collet 19 - 18mm,Master 01 Apr,,
19 mm ER40 Coolant Proof Collet,Master 01 Apr,,
ER40 Collet 20 - 19mm,Master 01 Apr,,
20 mm ER40 Coolant Proof Collet,Master 01 Apr,,
ER40 Collet 21 - 20mm,Master 01 Apr,,
21 mm ER40 Coolant Proof Collet,Master 01 Apr,,
ER40 Collet 22 - 21mm,Master 01 Apr,,
22 mm ER40 Coolant Proof Collet,Master 01 Apr,,
ER40 Collet 23 - 22mm,Master 01 Apr,,
23 mm ER40 Coolant Proof Collet,Master 01 Apr,,
ER40 Collet 24 - 23mm,Master 01 Apr,,
24 mm ER40 Coolant Proof Collet,Master 01 Apr,,
ER40 Collet 25 - 24mm,Master 01 Apr,,
25 mm ER40 Coolant Proof Collet,Master 01 Apr,,
ER40 Collet 26 - 25mm,Master 01 Apr,,
26 mm ER40 Coolant Proof Collet,Master 01 Apr,,
"ER32 MT3 Collet Chuck (1/2""x 12)",Master 01 Apr,,
ER32 MT3 Collet Chuck (M12),Master 01 Apr,,
"ER40 MT 3 Collet Chuck (1/2"" x 12)",Master 01 Apr,,
ER40 MT3 Collet Chuck (M12),Master 01 Apr,,
"ER32 MT4I Collet Chuck (5/8"" x 11)",Master 01 Apr,,
ER32 MT4M Collet Chuck (M16),Master 01 Apr,,
"ER40 MT4I Collet Chuck (5/8"" x 11)",Master 01 Apr,,
ER40 MT4M Collet Chuck (M16),Master 01 Apr,,
ER50 MT4M Collet Chuck (M16),Master 01 Apr,,
ER40 Case,Master 01 Apr,,
ER40 Collet Tray,Master 01 Apr,,
ER40 MT5M Collet Chuck (M24),Master 01 Apr,,
ER50 MT5M Collet Chuck (M24),Master 01 Apr,,
"ER32 MT3I 18Pce Set (1/2""x 12)",Master 01 Apr,,
ER32 MT3M 18 Pce Set (M12),Master 01 Apr,,
"ER32 MT3I 6Pce Set (1/2""x 12)",Master 01 Apr,,
ER32 MT3M 6Pce Set (M12),Master 01 Apr,,
"ER 40 MT3I 23 Pce Set (1/2""x 12)",Master 01 Apr,,
ER 40 MT3M 23 Pce Set (M12),Master 01 Apr,,
"ER40 MT3I 7 Pce Set (1/2"" x 12)",Master 01 Apr,,
ER40 MT3M 7 Pce Set (M12),Master 01 Apr,,
ER32 MT4M 6Pce Set (M16),Master 01 Apr,,
"ER40 MT4I 7 Piece Set (5/8"" x 11)",Master 01 Apr,,
ER40 MT4 7 Piece Set (M16),Master 01 Apr,,
"4"" V-Blocks (Set Of 2)",Master 01 Apr,,
ER50 Collet Set 12 Pce,Master 01 Apr,,
ER16 20 X 50mm Chuck,Master 01 Apr,,
ER50 Collet 12 - 10mm,Master 01 Apr,,
ER50 Collet 14 - 12mm,Master 01 Apr,,
ER50 Collet 16 - 14mm,Master 01 Apr,,
ER50 Collet 18 - 16mm,Master 01 Apr,,
ER16 20 X 100mm Chuck,Master 01 Apr,,
ER50 Collet 20 - 18mm,Master 01 Apr,,
ER50 Collet 22 - 20mm,Master 01 Apr,,
ER50 Collet 24 - 22mm,Master 01 Apr,,
ER50 Collet 26 - 24mm,Master 01 Apr,,
ER50 Collet 28 - 26mm,Master 01 Apr,,
ER16 20 x 150mm Chuck,Master 01 Apr,,
ER50 Collet 30 - 28mm,Master 01 Apr,,
ER50 Collet 32 - 30mm,Master 01 Apr,,
ER50 Collet 34 - 32mm,Master 01 Apr,,
ER16 25 x 100mm Chuck,Master 01 Apr,,
ER16 25 x 150mm Chuck,Master 01 Apr,,
ER20 20 X 50mm Chuck,Master 01 Apr,,
ER20 20 x 100mm Chuck,Master 01 Apr,,
ER20 20 x 150mm Chuck,Master 01 Apr,,
ER20 25 x 150mm Chuck,Master 01 Apr,,
ER20 25 x 100mm Chuck,Master 01 Apr,,
ER25 20 x 50mm Chuck,Master 01 Apr,,
ER25 20 x 100mm Chuck,Master 01 Apr,,
ER25 25 x 100mm Chuck,Master 01 Apr,,
ER25 32 x 60mm Chuck,Master 01 Apr,,
ER32 25 x 80mm Chuck,Master 01 Apr,,
ER32 32 x 100mm Chuck,Master 01 Apr,,
ER32 40 x 100mm Chuck,Master 01 Apr,,
ER40 32 x 100mm Chuck,Master 01 Apr,,
ER40 40 x 100mm Chuck,Master 01 Apr,,
ER11 16 X 100mm Chuck,Master 01 Apr,,
ER11 16 x 100mm Chuck (Mini),Master 01 Apr,,
ER16 20 x 100mm Chuck,Master 01 Apr,,
ER20M 20 x 100mm Chuck (Mini) ,Master 01 Apr,,
ER20M 25 x 100mm Chuck (Mini) ,Master 01 Apr,,
ER16M 25 x 100mm Chuck (Mini) ,Master 01 Apr,,
ER16 20 x 100mm Chuck complete with 10 Collets,Master 01 Apr,,
"High Jaw Milling Vice 6""",Master 01 Apr,,
ER16M 20 x 100mm Chuck complete with 10 Collets (Mini),Master 01 Apr,,
"6"" V-Blocks (Set Of 2)",Master 01 Apr,,
ER32 BT40 Chuck  70mm,Master 01 Apr,,
ER32 BT40 Chuck  100mm,Master 01 Apr,,
ER40 BT40 Chuck  80mm,Master 01 Apr,,
ER40 BT40 Chuck  100mm,Master 01 Apr,,
ER32 BT50 Chuck  100mm,Master 01 Apr,,
ER25 BT40 Chuck 70mm,Master 01 Apr,,
ER25 BT40 Chuck 100mm,Master 01 Apr,,
ER50 BT40 Chuck 90mm,Master 01 Apr,,
ER16 BT40 Chuck  70mm,Master 01 Apr,,
ER11 Clamping Nut UM style,Master 01 Apr,,
ER16 Clamping Nut (Hex type),Master 01 Apr,,
ER20 Clamping Nut,Master 01 Apr,,
ER25 Clamping Nut,Master 01 Apr,,
ER32 Clamping Nut,Master 01 Apr,,
ER40 Clamping Nut,Master 01 Apr,,
ER50 Clamping Nut,Master 01 Apr,,
ER11 Clamping Nut,Master 01 Apr,,
ER16 Clamping Nut - Mini type,Master 01 Apr,,
ER20 Clamping Nut - Mini type,Master 01 Apr,,
ER40 Clamping Nut Ball bearing type,Master 01 Apr,,
ER11 Clamping Nut - Mini type,Master 01 Apr,,
ER25 Clamping Nut - Mini type,Master 01 Apr,,
ER25 Spanner,Master 01 Apr,,
ER32 Spanner,Master 01 Apr,,
ER40 Spanner,Master 01 Apr,,
ER50 Spanner,Master 01 Apr,,
ER16 Spanner ,Master 01 Apr,,
ER20 Spanner,Master 01 Apr,,
ER25 Spanner - Mini,Master 01 Apr,,
ER11 Spanner,Master 01 Apr,,
ER11 Spanner - Slot,Master 01 Apr,,
ER11 Spanner - Mini,Master 01 Apr,,
ER16 Spanner - Mini,Master 01 Apr,,
ER20 Spanner - Mini,Master 01 Apr,,
"8"" V-Blocks (Set Of 2)",Master 01 Apr,,
"4"" Angle Fix Milling Vice",Master 01 Apr,,
"5"" Angle Fix Milling Vice",Master 01 Apr,,
"6"" Angle Fix Milling Vice",Master 01 Apr,,
"8"" Angle Fix Milling Vice",Master 01 Apr,,
Centre Punch Auto 120mm,Master 01 Apr,,
"Hydraulic Angle Fixed Vice 6""",Master 01 Apr,,
"Hydraulic Angle Fixed Vice 8""",Master 01 Apr,,
V Block with Clamp ,Master 01 Apr,,
V Block with Clamp,Master 01 Apr,,
V Block With Clamp,Master 01 Apr,,
Boring Head 50mm,Master 01 Apr,,
Boring Head 75mm,Master 01 Apr,,
Boring Head 100mm,Master 01 Apr,,
Boring Head Arbor BT40 (M16),Master 01 Apr,,
Boring Head Arbor BT50 (M24),Master 01 Apr,,
"MT3 Arbor For VBC Head (1/2"" x 12)",Master 01 Apr,,
"MT4 Arbor For VBC Head (5/8""x 11)",Master 01 Apr,,
MT4 Arbor For VBC Head (M16),Master 01 Apr,,
"NT30 Arbor For VBC Head (1/2""x 12)",Master 01 Apr,,
NT30 Arbor For VBC Head (M12),Master 01 Apr,,
"NT40 Arbor For VBC Head (5/8""x 11)",Master 01 Apr,,
NT40 Arbor For VBC Head (M16),Master 01 Apr,,
"NT50 Arbor For VBC Head (1"" x 8)",Master 01 Apr,,
NT50 Arbor For VBC Head (M24),Master 01 Apr,,
R8 Arbor For VBC Head,Master 01 Apr,,
Boring Head Kit 82mm,Master 01 Apr,,
Boring Head Arbor MT3 (M12),Master 01 Apr,,
Boring Head Arbor MT4 (M16),Master 01 Apr,,
Boring Head Arbor MT5 (M20),Master 01 Apr,,
"Boring Head Arbor R8 (7/16"" x 20)",Master 01 Apr,,
"Boring Head Arbor NT30 (1/2""x12W)",Master 01 Apr,,
Boring Head Arbor NT30 (M12),Master 01 Apr,,
"Boring Head Arbor NT40 (5/8"" x 11)",Master 01 Apr,,
Boring Head Arbor NT40 (M16),Master 01 Apr,,
"Boring Head Arbor NT50 (1"" x 8)",Master 01 Apr,,
Boring Head Arbor NT50 (M24),Master 01 Apr,,
Boring Head Arbor BT40 (M16),Master 01 Apr,,
Boring Head Arbor BT50 (M24),Master 01 Apr,,
Boring and Facing Head,Master 01 Apr,,
"VBHU Boring & Facing MT3 Arbor (1/2""x12)",Master 01 Apr,,
VBHU Boring & Facing MT3 Arbor (M12),Master 01 Apr,,
VBHU Boring & Facing MT4 Arbor (M16),Master 01 Apr,,
VBHU Boring & Facing R8 Arbor,Master 01 Apr,,
"VBHU Boring & Facing NT30 Arbor (1/2""x12)",Master 01 Apr,,
VBHU Boring & Facing NT30 Arbor (M12),Master 01 Apr,,
"VBHU Boring & Facing NT40 Arbor (5/8""x11)",Master 01 Apr,,
VBHU Boring & Facing NT40 Arbor (M16),Master 01 Apr,,
VBHU Boring & Facing NT50 Arbor (1x8),Master 01 Apr,,
VBHU Boring & Facing NT50 Arbor (M24),Master 01 Apr,,
VBHU Boring & Facing BT40 Arbor,Master 01 Apr,,
VBHU Boring & Facing BT50 Arbor,Master 01 Apr,,
High Load High Speed Live Centre MT3,Master 01 Apr,,
High Load High Speed Live Centre MT4,Master 01 Apr,,
High Load High Speed Live Centre MT5,Master 01 Apr,,
"Stud and Nut Kit, 38pce M10 x 1.5 Stud 12mm Slot",Master 01 Apr,,
"Stud and Nut Kit, 38pce M12 x 1.75 Stud 14mm Slot",Master 01 Apr,,
"Stud and Nut Kit, 38pce M12 x 1.75 Stud 16mm Slot",Master 01 Apr,,
"Stud and Nut Kit, 38pce M14 x 2 Stud 16mm Slot",Master 01 Apr,,
"Stud and Nut Kit, 38pce M16 x 2 Stud 18mm Slot",Master 01 Apr,,
Coolant System,Master 01 Apr,,
MT4 High Speed NC Interchangeable Points ,Master 01 Apr,,
Cross Table 141 X 310mm table,Master 01 Apr,,
Self Centering Vice 100mm Jaw,Master 01 Apr,,
"Milling Vice Ang-Fix 6""",Master 01 Apr,,
Drive Centre 15-25mm,Master 01 Apr,,
Drive Centre 23-32mm,Master 01 Apr,,
Drive Centre 32-45mm,Master 01 Apr,,
ER16 Tapping Holder 20 x 80mm shank,Master 01 Apr,,
ER20 Tapping Holder 20 x 80mm shank,Master 01 Apr,,
ER20 Tapping Holder 25 x 80mm shank,Master 01 Apr,,
ER32 BT40 Tapping Holder,Master 01 Apr,,
ER32 BT50 Tapping Holder,Master 01 Apr,,
ER32 Tapping Holder 32 x 100mm shank ,Master 01 Apr,,
Arbor NT30 x 22mm (M12),Master 01 Apr,,
Arbor NT30 x 27mm (M12),Master 01 Apr,,
Arbor NT30 x 32mm (M12),Master 01 Apr,,
Arbor NT40 x 22mm (M16),Master 01 Apr,,
Arbor NT40 x 27mm (M16),Master 01 Apr,,
Arbor NT40 x 32mm (M16),Master 01 Apr,,
Arbor NT40 x 40mm (M16),Master 01 Apr,,
Arbor NT50 x 22mm (M24),Master 01 Apr,,
Arbor NT50 x 27mm (M24),Master 01 Apr,,
Arbor NT50 x 32mm (M24),Master 01 Apr,,
Arbor NT50 x 40mm (M24),Master 01 Apr,,
Arbor R8 x 22mm,Master 01 Apr,,
Arbor R8 x 27mm,Master 01 Apr,,
Arbor R8 x 32mm,Master 01 Apr,,
"Arbor MT3 x 32mm (1/2""x12)",Master 01 Apr,,
Arbor MT3 x 32mm (M12),Master 01 Apr,,
"Arbor MT3 x 22mm (1/2""x 12)",Master 01 Apr,,
Arbor MT3 x 27mm (M12),Master 01 Apr,,
"Arbor MT4 x 27mm (5/8""X11)",Master 01 Apr,,
Arbor MT4 x 27mm (M16),Master 01 Apr,,
"Arbor MT 4 x 32mm (5/8"" x 11)",Master 01 Apr,,
Rubber Flex Collet 4.5 - 6.5mm,Master 01 Apr,,
Rubber Flex Collet 4.5 - 7.5mm,Master 01 Apr,,
Rubber Flex Collet 7.5 - 10mm,Master 01 Apr,,
Rubber Flex Collet 8 - 16mm,Master 01 Apr,,
Rubber Flex Collet 14 - 19mm,Master 01 Apr,,
Roll Type Machine Guard Cover - 37x75cm,Master 01 Apr,,
Concertina Type Machine Guard Cover - 38x33cm,Master 01 Apr,,
Concertina Type Machine Guard Cover - 38x60cm,Master 01 Apr,,
Concertina Type Machine Guard Cover - 45x50cm,Master 01 Apr,,
Roll Type Machine Guard Cover - 45x85cm,Master 01 Apr,,
"Hydraulic Vice 4""",Master 01 Apr,,
"Hydraulic Vice 5""",Master 01 Apr,,
"Hydraulic Vice 6""",Master 01 Apr,,
"Hydraulic Vice 8""",Master 01 Apr,,
"Hydraulic Chuck Soft Jaw 6""",Master 01 Apr,,
"Hydraulic Chuck Soft Jaw 8""",Master 01 Apr,,
"Hydraulic Chuck Soft Jaw 10""",Master 01 Apr,,
"Hydraulic Chuck Soft Jaw 12""",Master 01 Apr,,
"Hydraulic Chuck Soft Jaw 12""",Master 01 Apr,,
"Hydraulic Chuck Soft Jaw 15""",Master 01 Apr,,
15' Soft Jaws Hydraulic Chuck 100mm high,Master 01 Apr,,
Drift Slide Hammer,Master 01 Apr,,
"6"" High Power Hydraulic Vice",Master 01 Apr,,
"8"" High Power Hydraulic Vice",Master 01 Apr,,
Mill Sleeve NT30 x MT2 (M12),Master 01 Apr,,
Mill Sleeve NT30 x MT3 (M12),Master 01 Apr,,
Mill Sleeve NT40 x MT1 (M16),Master 01 Apr,,
Mill Sleeve NT40 x MT2 (M16),Master 01 Apr,,
Mill Sleeve NT40 x MT3 (M16),Master 01 Apr,,
Mill Sleeve NT40 x MT4 (M16),Master 01 Apr,,
Mill Sleeve NT50 x MT2 (M24),Master 01 Apr,,
Mill Sleeve NT50 x MT3 (M24),Master 01 Apr,,
Mill Sleeve NT50 x MT4 (M24),Master 01 Apr,,
Mill Sleeve NT50 x MT5 (M24),Master 01 Apr,,
C20-MT1 Morse Taper Adaptor,Master 01 Apr,,
C20-MT2 Morse Taper Adaptor,Master 01 Apr,,
C25-MT1 Morse Taper Adaptor,Master 01 Apr,,
C25-MT2 Morse Taper Adaptor,Master 01 Apr,,
C25-MT3 Morse Taper Adaptor,Master 01 Apr,,
C32-MT1 Morse Taper Adaptor,Master 01 Apr,,
C32-MT2 Morse aper Adaptor,Master 01 Apr,,
C32-MT3 Morse Taper Adaptor,Master 01 Apr,,
Integrated Keyless Chuck 0 - 13mm BT40,Master 01 Apr,,
Integrated Keyless Chuck 0 - 13mm BT50,Master 01 Apr,,
Integrated Keyless Chuck 0 - 13mm MT3 (Tang Type),Master 01 Apr,,
Integrated Keyless Chuck 0 - 13mm MT4,Master 01 Apr,,
"Integrated Keyless Chuck 0 - 13mm NT30 (1/2"" x 12)",Master 01 Apr,,
Integrated Keyless Chuck 0 - 13mm NT30 (M12),Master 01 Apr,,
"Integrated Keyless Chuck 0 - 13mm NT40 (5/8"" x 11)",Master 01 Apr,,
Integrated Keyless Chuck 0 - 13mm NT40 (M16),Master 01 Apr,,
Integrated Keyless Chuck 0 - 13mm NT50 (M24),Master 01 Apr,,
Integrated Keyless Chuck 0 - 13mm R8 ,Master 01 Apr,,
Integrated Keyless Chuck 3 - 16mm BT40,Master 01 Apr,,
Integrated Keyless Chuck 3 - 16mm BT50,Master 01 Apr,,
Integrated Keyless Chuck 3 - 16mm MT3 Tang,Master 01 Apr,,
Integrated Keyless Chuck 3 - 16mm  MT4 Tang,Master 01 Apr,,
"Integrated Keyless Chuck 3 - 16mm NT40 (5/8"" x 11)",Master 01 Apr,,
Integrated Keyless Chuck 3 - 16mm NT40 (M16) ,Master 01 Apr,,
Integrated Keyless Chuck 3 - 16mm R8 ,Master 01 Apr,,
"Milling Adaptor NT30-J6 (1/2""x 12)",Master 01 Apr,,
Milling Adaptor NT30-J6 (M12),Master 01 Apr,,
"Milling Adaptor NT40-J6 (5/8""x 11)",Master 01 Apr,,
Milling Adaptor NT40-J6 (M16),Master 01 Apr,,
"Milling Adaptor NT50-J6 (1"" x 8)",Master 01 Apr,,
Milling Adaptor NT50-J6 (M24),Master 01 Apr,,
Milling Arbor R8 x J6,Master 01 Apr,,
Drill Chuck Arbor 20mm x J6,Master 01 Apr,,
Drill Chuck Arbor 25mm x J6,Master 01 Apr,,
Drill Chuck Arbor 32mm x J6,Master 01 Apr,,
"Super Open Vice 4""",Master 01 Apr,,
"Super Open Vice 5""",Master 01 Apr,,
"Super Open Vice 6""",Master 01 Apr,,
"Milling Vice K-Type 4""",Master 01 Apr,,
"Milling Vice K-Type 5""",Master 01 Apr,,
"Milling Vice K-Type 6""",Master 01 Apr,,
"Milling Vice K-Type 8""",Master 01 Apr,,
4 Jaw Lathe Chuck 250mm,Master 01 Apr,,
4 Jaw Lathe Chuck 320mm,Master 01 Apr,,
4 Jaw Lathe Chuck 500mm,Master 01 Apr,,
4 Jaw Lathe Chuck 630mm,Master 01 Apr,,
4 Jaw Lathe Chuck 100mm,Master 01 Apr,,
4 Jaw Lathe Chuck 125mm,Master 01 Apr,,
4 Jaw Lathe Chuck 160mm,Master 01 Apr,,
4 Jaw Lathe Chuck 200mm,Master 01 Apr,,
13mm Keyless Chuck J6,Master 01 Apr,,
13mm Keyless Chuck Spanner,Master 01 Apr,,
16mm Keyless Chuck J6,Master 01 Apr,,
16mm Keyless Chuck Spanner,Master 01 Apr,,
Carbide Tipped Dead Centre MT2,Master 01 Apr,,
Carbide Tipped Dead Centre MT3,Master 01 Apr,,
Carbide Tipped Dead Centre MT4,Master 01 Apr,,
Carbide Tipped Dead Centre MT5,Master 01 Apr,,
Carbide Tipped Dead Centre MT6,Master 01 Apr,,
MT4 Dead Centre ,Master 01 Apr,,
Live Centre Carbide Tipped MT2,Master 01 Apr,,
Live Centre Carbide Tipped MT3,Master 01 Apr,,
Live Centre Carbide Tipped MT4,Master 01 Apr,,
Live Centre Carbide Tipped MT5,Master 01 Apr,,
Live Centre Heavy Duty MT2,Master 01 Apr,,
Live Centre Heavy Duty MT3,Master 01 Apr,,
Live Centre Heavy Duty MT4,Master 01 Apr,,
Live Centre Heavy Duty MT5,Master 01 Apr,,
Live Centre Set MT2,Master 01 Apr,,
Live Centre Set MT3,Master 01 Apr,,
Live Centre Set MT4,Master 01 Apr,,
"Pipe Centre MT2x2.5""",Master 01 Apr,,
"Pipe Centre MT2x3""",Master 01 Apr,,
"Pipe Centre MT3x3""",Master 01 Apr,,
"Pipe Centre MT3x4""",Master 01 Apr,,
"Pipe Centre MT3x6""",Master 01 Apr,,
"Pipe Centre MT4x3""",Master 01 Apr,,
"Pipe Centre MT4x4""",Master 01 Apr,,
"Pipe Centre MT4x5""",Master 01 Apr,,
"Pipe Centre MT4x6""",Master 01 Apr,,
"Pipe Centre MT4x8""",Master 01 Apr,,
"Pipe Centre MT5x5""",Master 01 Apr,,
"Pipe Centre MT5x6""",Master 01 Apr,,
"Pipe Centre MT5x8""",Master 01 Apr,,
High Speed Live Centre MT3,Master 01 Apr,,
High Speed Live Centre MT3,Master 01 Apr,,
High Speed Live Centre MT4,Master 01 Apr,,
High Speed Live Centre MT4,Master 01 Apr,,
High Speed Live Centre MT5,Master 01 Apr,,
High Speed Live Centre MT5,Master 01 Apr,,
"4"" Angle Fix Milling Vice",Master 01 Apr,,
"6"" Angle Fix Milling Vice",Master 01 Apr,,
"6"" Double Clamp Vice",Master 01 Apr,,
Modular Machine Vice 150mm,Master 01 Apr,,
End Mill Stand,Master 01 Apr,,
Rotary Jobber Drill Stand - Metric,Master 01 Apr,,
MT2 Morse Taper Shank Adaptor,Master 01 Apr,,
MT3 Morse Taper Shank Adaptor,Master 01 Apr,,
MT4 Morse Taper Shank Adaptor,Master 01 Apr,,
MT5 Morse Taper Shank Adaptor,Master 01 Apr,,
OZ25 Collet 3mm,Master 01 Apr,,
OZ25 Collet 4mm,Master 01 Apr,,
OZ25 Collet 5mm,Master 01 Apr,,
OZ25 Collet 6mm,Master 01 Apr,,
OZ25 Collet 7mm,Master 01 Apr,,
OZ25 Collet 8mm,Master 01 Apr,,
OZ25 Collet 9mm,Master 01 Apr,,
OZ25 Collet 10mm,Master 01 Apr,,
OZ25 Collet 11mm,Master 01 Apr,,
OZ25 Collet 12mm,Master 01 Apr,,
OZ25 Collet 13mm,Master 01 Apr,,
OZ25 Collet 14mm,Master 01 Apr,,
OZ25 Collet 15mm,Master 01 Apr,,
OZ25 Collet 16mm,Master 01 Apr,,
OZ25 Collet 17mm,Master 01 Apr,,
OZ25 Collet 18mm,Master 01 Apr,,
OZ25 Collet 19mm,Master 01 Apr,,
OZ25 Collet 20mm,Master 01 Apr,,
OZ25 Collet 21mm,Master 01 Apr,,
OZ25 Collet 22mm,Master 01 Apr,,
OZ25 Collet 23mm,Master 01 Apr,,
OZ25 Collet 24mm,Master 01 Apr,,
OZ25 Collet 25mm,Master 01 Apr,,
"OZ25 Collet 1/8""",Master 01 Apr,,
"OZ25 Collet 3/16""",Master 01 Apr,,
"OZ25 Collet 1/4""",Master 01 Apr,,
"OZ25 Collet 5/16""",Master 01 Apr,,
"OZ25 Collet 3/8""",Master 01 Apr,,
"OZ25 Collet 7/16""",Master 01 Apr,,
"OZ25 Collet 1/2""",Master 01 Apr,,
"OZ25 Collet 9/16""",Master 01 Apr,,
"OZ25 Collet 5/8""",Master 01 Apr,,
"OZ25 Collet 11/16""",Master 01 Apr,,
"OZ25 Collet 3/4""",Master 01 Apr,,
"OZ25 Collet 13/16""",Master 01 Apr,,
"OZ25 Collet 7/8""",Master 01 Apr,,
"OZ25 Collet 15/16""",Master 01 Apr,,
"OZ25 Collet 1""",Master 01 Apr,,
15Pce Collet Set 3mm-25mm,Master 01 Apr,,
OZ25 Ball Bearing Nut,Master 01 Apr,,
OZ-25 Wrench,Master 01 Apr,,
Parallel Blocks 20 Piece,Master 01 Apr,,
Parallel Blocks 8 Piece,Master 01 Apr,,
Ground Parallels 8pce 150mm (L),Master 01 Apr,,
Ground Parallels 18pce 6mm blocks,Master 01 Apr,,
Ground Parallels 18pce Varying sizes,Master 01 Apr,,
Ground Parallels 18pce 8.5mm blocks,Master 01 Apr,,
Ground Parallels 28pce 10mm blocks,Master 01 Apr,,
Ground Parallels 36pce 8mm large set,Master 01 Apr,,
Ground Parallels 8pce 5mm with holes,Master 01 Apr,,
Angle Plate 185 X 132mm,Master 01 Apr,,
Angle Plate 255 X 180mm,Master 01 Apr,,
Angle Plate 380 X 255mm,Master 01 Apr,,
Light Duty Live Centre MT1,Master 01 Apr,,
Light Duty Live Centre MT2,Master 01 Apr,,
Light Duty Live Centre MT3,Master 01 Apr,,
Light Duty Live Centre MT4,Master 01 Apr,,
Touch Point Sensor - Edge Finder,Master 01 Apr,,
Touch Point Sensor,Master 01 Apr,,
Touch Point Sensor -  Edge Finder,Master 01 Apr,,
Touch Point Sensor - Edge Finder,Master 01 Apr,,
Touch Point Sensor,Master 01 Apr,,
Mill Sleeve R8 X MT2,Master 01 Apr,,
Mill Sleeve R8 X MT3,Master 01 Apr,,
Slotted Angle Plate Ground Webbed 10 x 8 x 6,Master 01 Apr,,
Slotted Angle Plate Ground  10 x 8 x 6,Master 01 Apr,,
Slotted Angle Plate Ground Webbed 12 x 9 x 8,Master 01 Apr,,
Slotted Angle Plate Ground   12 x 8 x 8,Master 01 Apr,,
"Slotted Angle Plate Ground Webbed 6 x 5 x 4 1/2""",Master 01 Apr,,
"Slotted Angle Plate Ground  6 x 5 x 4 1/2""",Master 01 Apr,,
Slotted Angle Plate Ground Webbed 8 x 6 x 5,Master 01 Apr,,
Slotted Angle Plate Ground  8 x 6 x 5,Master 01 Apr,,
Sine Bar,Master 01 Apr,,
3 Jaw Self Centering Lathe Chuck 250mm (Solid Jaw),Master 01 Apr,,
3 Jaw Self Centering Lathe Chuck 500mm (Solid Jaw),Master 01 Apr,,
3 Jaw Self Centering Lathe Chuck 100mm (Solid Jaw),Master 01 Apr,,
3 Jaw Self Centering Lathe Chuck 125mm (Solid Jaw),Master 01 Apr,,
3 Jaw Self Centering Lathe Chuck 200mm (Solid Jaw),Master 01 Apr,,
Surface Plate Black Granite 300 x 450 x 60mm,Master 01 Apr,,
Surface Plate Black Granite 450 x 600 x 100mm,Master 01 Apr,,
Surface Plate Black Granite 600 x 900 x 110mm,Master 01 Apr,,
"Soft Jaw 10"" SK Type Chuck",Master 01 Apr,,
"Soft Jaw 12"" SK Type Chuck",Master 01 Apr,,
JACK 110 - 150mm,Master 01 Apr,,
JACK 140 - 230mm,Master 01 Apr,,
JACK 40 - 50mm,Master 01 Apr,,
JACK 280 - 375mm,Master 01 Apr,,
"Soft Jaw 6"" SK Type Chuck",Master 01 Apr,,
JACK 65 - 80mm,Master 01 Apr,,
"Soft Jaw 8"" SK Type Chuck",Master 01 Apr,,
Screw Jack Set,Master 01 Apr,,
3 Jaw Self Centering Lathe Chuck 250mm,Master 01 Apr,,
3 Jaw Self Centering Lathe Chuck 400mm,Master 01 Apr,,
Slot Cover 16mm (6 Pieces - 400mm),Master 01 Apr,,
Slot Cover 18mm (6 Pieces - 450mm),Master 01 Apr,,
Slot Cover 20mm (5 Pieces - 1000mm),Master 01 Apr,,
Slot Cover 22mm (5 Pieces - 1000mm),Master 01 Apr,,
Reversible Tapping Attachment M3-M12,Master 01 Apr,,
Reversible Tapping Attachment M8-M20,Master 01 Apr,,
Deluxe Tool Stand BT40,Master 01 Apr,,
Deluxe Tool Stand BT50 ,Master 01 Apr,,
Simple Tool Stand BT30,Master 01 Apr,,
Simple Tool Stand BT40,Master 01 Apr,,
Simple Tool Stand BT50,Master 01 Apr,,
Simple Tool Stand HSK63,Master 01 Apr,,
BT40 Tooling Rack Stand Includes 21sleeves,Master 01 Apr,,
Tooling Sleeve BT30,Master 01 Apr,,
Tooling Sleeve BT40,Master 01 Apr,,
Tooling Sleeve BT50,Master 01 Apr,,
Tooling Sleeve HSK63,Master 01 Apr,,
Wiper BT30,Master 01 Apr,,
Wiper BT40,Master 01 Apr,,
Wiper BT50,Master 01 Apr,,
Tilting Rotary Table 150mm,Master 01 Apr,,
Tilting Rotary Table 200mm,Master 01 Apr,,
Tilting Rotary Table 250mm,Master 01 Apr,,
Tilting Rotary Table 300mm,Master 01 Apr,,
"Three Way Milling Vice 3""",Master 01 Apr,,
"Three Way Milling Vice 4""",Master 01 Apr,,
"Three Way Milling Vice 5""",Master 01 Apr,,
Work Stopper,Master 01 Apr,,
Wheel Balancing Stand,Master 01 Apr,,
Cylinder Burr - Size 1,Master 01 Apr,,
