product_name,unit_price,supplier_name,sku
NORTON AIR SANDER 2.5MM ROS 152MMMM CVAC,337.07,Norton,
NORTON AIR SANDER 5MM ROS 152MMMM CVAC,337.07,Norton,
* PIN STRIPE AND DECAL REMOVAL CLEANING WHEEL,56.13,Norton,
* CLEANING WHEEL SPINDLE,17.15,Norton,
ABRASIVE RESTORER STICK,20.58,Norton,
BEAR-TEX PAD HOLDER HANG SELL,28.68,Norton,
B/TEX HAND PAD HOLDER BEAR-TEX HAND PADS,23.61,Norton,
CLAMPED HAND SANDER-LARGE 108x372mm,28.08,Norton,
CORK SANDING BLOCK,5.18,Norton,
* SANDING BLOCK FOR ROSETTE DISC 38mm SPOT MICROFINISHING BLACK ICE ROSETTE DISCS STICK’N’SAND,36.71,Norton,
BLOCK STARTER KIT 5PC,83.83,Norton,
"* M/A SANDING BLOCK KIT 150MM DISCS INC. FLAT, CONC. & CONV. PROFILES MULTI-AIR",206.25,Norton,
* 4M TUBE WITH CONICAL ADAPTOR FOR M-A BLOCK MULTI-AIR,116.36,Norton,
* SANDING BLOCK 70x420mm MULTI-AIR,380.77,Norton,
^ 115mm x M14-2.00 BEAR-TEX BACK UP PADS,110.23,Norton,
127mm x M14-2.00 BEAR-TEX BACK UP PADS,113.96,Norton,
180mm x M14-2.00 BEAR-TEX BACK UP PADS,127.64,Norton,
* ZEC DISC BACK UP PAD 180mm,41.4,Norton,
* 150mm x 5/16 NH STICK ‘N’ SAND BACK-UP PADS,75.34,Norton,
* 150mm x 5/16 6H STICK ‘N’ SAND BACK-UP PADS,90.98,Norton,
* 200mm x M14 NH STICK ‘N’ SAND BACK-UP PADS,103.68,Norton,
TR (TYPE 3) DISC BACK UP PAD 50mm,25.94,Norton,
TR (TYPE 3) DISC BACK UP PAD 75mm,29.41,Norton,
TR+ (TYPE 4) HOLDER 100mm,45.52,Norton,
TR (TYPE 3) DISC BACK UP PAD 50mm (1 PAD),28.38,Norton,
TR (TYPE 3) DISC BACK UP PAD 75mm (1 PAD),31.86,Norton,
* 100xM10-1.25 FIBRE DISC BACK-UP PADS,14.88,Norton,
100xM10-1.5 FIBRE DISC BACK-UP PADS,14.88,Norton,
115xM14-2.0 FIBRE DISC BACK-UP PADS,14.88,Norton,
125xM14-2.0 FIBRE DISC BACK-UP PADS,21.19,Norton,
180xM14-2.0 FIBRE DISC BACK-UP PADS,27.32,Norton,
TURBO BACKUP PAD 100xM10-1.5 FIBRE DISC,29.13,Norton,
TURBO BACKUP PAD 115xM14-2.00 FIBRE DISC,33.47,Norton,
TURBO BACKUP PAD 125xM14-2.00 FIBRE DISC,38.35,Norton,
TURBO BACKUP PAD 178xM14 FIBRE DISC,57.15,Norton,
125xM14-2.00 FIBRE DISC HARD BACKUP PAD,39.42,Norton,
MULTI AIR BACK UP PAD 150mm MEDIUM,176.66,Norton,
150mm x 5/16 NH PRO SPEED-GRIP BACK-UP PADS,75.13,Norton,
150mm x 5/16 6H PRO SPEED-GRIP BACK-UP PADS,82.44,Norton,
150mm x M14 NH PRO SPEED-GRIP BACK-UP PADS,84.43,Norton,
150mm x M8 & 5/16 14+1H MEDIUM PRO SPEED-GRIP BACK-UP PADS,132.65,Norton,
^ 150mm x M8 & 5/16 14+1H SOFT PRO SPEED-GRIP BACK-UP PADS,132.65,Norton,
200mm x M14 NH PRO SPEED-GRIP BACK-UP PADS,104.85,Norton,
^ AVOS BACK UP PAD 115xM14-2.0,22.68,Norton,
230 mm DRY WALL BACK-UP PAD (DISPLAY PACK) PRO SPEED-GRIP BACK-UP PADS,42.98,Norton,
RADIAL SANDER 225MM ALUMINIUM CONNECTOR WITH RUBBER PROTECTIVE RING,47.64,Norton,
^ 76mm NH PRO SPEED-GRIP FOAM INTERFACE,26.7,Norton,
150mm 6+1H PRO SPEED-GRIP FOAM INTERFACE,33.05,Norton,
150mm 14+1H PRO SPEED-GRIP FOAM INTERFACE,33.83,Norton,
* 150mm PAD SAVER SPG MULTI-AIR,22.13,Norton,
150mm PAD SAVER SPG 14+1H,22.13,Norton,
70x198mm PAD SAVER SPG MULTI-AIR,16.4,Norton,
70x400mm PAD SAVER SPG MULTI-AIR,32.19,Norton,
SPEEDGRIP CONVERTER KIT 115mm x 8H (SELF ADHESIVE),11.99,Norton,
SPEEDGRIP CONVERTER KIT 125mm (SELF ADHESIVE),11.99,Norton,
SPEEDGRIP CONVERTER KIT 125mm x 8H (SELF ADHESIVE),9.08,Norton,
SPEEDGRIP CONVERTER KIT 150mm (SELF ADHESIVE),13.62,Norton,
SPEEDGRIP CONVERTER KIT 150mm x 6H (SELF ADHESIVE),11.97,Norton,
SPEEDGRIP CONVERTER KIT 178mm (SELF ADHESIVE),17.48,Norton,
SPEEDGRIP CONVERTER KIT 200mm (SELF ADHESIVE),20.58,Norton,
SPEEDGRIP CONVERTER KIT 230mm (SELF ADHESIVE),29.81,Norton,
SPEEDGRIP CONVERTER KIT 305mm (SELF ADHESIVE),48.77,Norton,
SPEEDGRIP CONVERTER KIT 356mm (SELF ADHESIVE),98.34,Norton,
* NORTON HAND SCRAPER & SHARPENING TOOL KIT,209.12,Norton,
150x20xMULTI BORE A36PVBE CRSE/MED GENERAL PURPOSE BENCH/PEDESTAL GRINDING WHEELS TYPE 1 ALUMINIUM OXIDE,37.15,Norton,
150x20x31.75mm A46MVBE MEDIUM GENERAL PURPOSE BENCH/PEDESTAL GRINDING WHEELS TYPE 1 ALUMINIUM OXIDE,37.15,Norton,
150x20xMULTI BORE A60MVBE MED/FINE GENERAL PURPOSE BENCH/PEDESTAL GRINDING WHEELS TYPE 1 ALUMINIUM OXIDE,37.15,Norton,
150x25xMULTI BORE A36PVBE CRSE/MED GENERAL PURPOSE BENCH/PEDESTAL GRINDING WHEELS TYPE 1 ALUMINIUM OXIDE,39.43,Norton,
150x25xMULTI BORE A46MVBE MEDIUM GENERAL PURPOSE BENCH/PEDESTAL GRINDING WHEELS TYPE 1 ALUMINIUM OXIDE,39.43,Norton,
150x25xMULTI BORE A60MVBE MED/FINE GENERAL PURPOSE BENCH/PEDESTAL GRINDING WHEELS TYPE 1 ALUMINIUM OXIDE,39.43,Norton,
200x20xMULTI BORE A46MVBE MEDIUM GENERAL PURPOSE BENCH/PEDESTAL GRINDING WHEELS TYPE 1 ALUMINIUM OXIDE,48.33,Norton,
200x20xMULTI BORE A60MVBE MED/FINE GENERAL PURPOSE BENCH/PEDESTAL GRINDING WHEELS TYPE 1 ALUMINIUM OXIDE,48.33,Norton,
200x25xMULTI BORE A24PVBE COARSE GENERAL PURPOSE BENCH/PEDESTAL GRINDING WHEELS TYPE 1 ALUMINIUM OXIDE,51.08,Norton,
200x25xMULTI BORE A36PVBE CRSE/MED GENERAL PURPOSE BENCH/PEDESTAL GRINDING WHEELS TYPE 1 ALUMINIUM OXIDE,51.08,Norton,
200x25xMULTI BORE A46MVBE MEDIUM GENERAL PURPOSE BENCH/PEDESTAL GRINDING WHEELS TYPE 1 ALUMINIUM OXIDE,51.08,Norton,
200x25xMULTI BORE A60MVBE MED/FINE GENERAL PURPOSE BENCH/PEDESTAL GRINDING WHEELS TYPE 1 ALUMINIUM OXIDE,51.08,Norton,
200x25xMULTI BORE A80MVBE FINE GENERAL PURPOSE BENCH/PEDESTAL GRINDING WHEELS TYPE 1 ALUMINIUM OXIDE,51.08,Norton,
200x40xMULTI BORE A36PVBE CRSE/MED GENERAL PURPOSE BENCH/PEDESTAL GRINDING WHEELS TYPE 1 ALUMINIUM OXIDE,78.99,Norton,
200x40xMULTI BORE A46MVBE MEDIUM GENERAL PURPOSE BENCH/PEDESTAL GRINDING WHEELS TYPE 1 ALUMINIUM OXIDE,78.99,Norton,
200x40xMULTI BORE A60MVBE MED/FINE GENERAL PURPOSE BENCH/PEDESTAL GRINDING WHEELS TYPE 1 ALUMINIUM OXIDE,78.99,Norton,
250x25x31.75mm A36PVBE CRSE/MED GENERAL PURPOSE BENCH/PEDESTAL GRINDING WHEELS TYPE 1 ALUMINIUM OXIDE,94.1,Norton,
250x25x31.75mm A46MVBE MEDIUM GENERAL PURPOSE BENCH/PEDESTAL GRINDING WHEELS TYPE 1 ALUMINIUM OXIDE,94.1,Norton,
250x25x31.75mm A60MVBE MED/FINE GENERAL PURPOSE BENCH/PEDESTAL GRINDING WHEELS TYPE 1 ALUMINIUM OXIDE,94.1,Norton,
250x40x38.1mm A30QVBE CRSE/MED GENERAL PURPOSE BENCH/PEDESTAL GRINDING WHEELS TYPE 1 ALUMINIUM OXIDE,130.02,Norton,
250x40x38.1mm A36PVBE CRSE/MED GENERAL PURPOSE BENCH/PEDESTAL GRINDING WHEELS TYPE 1 ALUMINIUM OXIDE,130.02,Norton,
250x40x38.1mm A46MVBE MEDIUM GENERAL PURPOSE BENCH/PEDESTAL GRINDING WHEELS TYPE 1 ALUMINIUM OXIDE,130.02,Norton,
250x40x38.1mm A60MVBE MED/FINE GENERAL PURPOSE BENCH/PEDESTAL GRINDING WHEELS TYPE 1 ALUMINIUM OXIDE,130.02,Norton,
250x50x38.1mm A36QVBE CRSE/MED GENERAL PURPOSE BENCH/PEDESTAL GRINDING WHEELS TYPE 1 ALUMINIUM OXIDE,150.95,Norton,
250x50x38.1mm A46MVBE MEDIUM GENERAL PURPOSE BENCH/PEDESTAL GRINDING WHEELS TYPE 1 ALUMINIUM OXIDE,150.95,Norton,
300x40x38.1mm A46MVBE MEDIUM GENERAL PURPOSE BENCH/PEDESTAL GRINDING WHEELS TYPE 1 ALUMINIUM OXIDE,181.57,Norton,
300x40x38.1mm A60MVBE MED/FINE GENERAL PURPOSE BENCH/PEDESTAL GRINDING WHEELS TYPE 1 ALUMINIUM OXIDE,181.57,Norton,
300x50x50.8mm A24QVBE COARSE GENERAL PURPOSE BENCH/PEDESTAL GRINDING WHEELS TYPE 1 ALUMINIUM OXIDE,205.22,Norton,
300x50x50.8mm A36QVBE CRSE/MED GENERAL PURPOSE BENCH/PEDESTAL GRINDING WHEELS TYPE 1 ALUMINIUM OXIDE,205.22,Norton,
300x50x50.8mm A46MVBE MEDIUM GENERAL PURPOSE BENCH/PEDESTAL GRINDING WHEELS TYPE 1 ALUMINIUM OXIDE,205.22,Norton,
300x50x50.8mm A60MVBE MED/FINE GENERAL PURPOSE BENCH/PEDESTAL GRINDING WHEELS TYPE 1 ALUMINIUM OXIDE,205.22,Norton,
350x50x50.8mm A24QVBE COARSE GENERAL PURPOSE BENCH/PEDESTAL GRINDING WHEELS TYPE 1 ALUMINIUM OXIDE,259.53,Norton,
350x50x50.8mm A36QVBE MED/CRSE GENERAL PURPOSE BENCH/PEDESTAL GRINDING WHEELS TYPE 1 ALUMINIUM OXIDE,259.53,Norton,
350x50x50.8mm A46MVBE MEDIUM GENERAL PURPOSE BENCH/PEDESTAL GRINDING WHEELS TYPE 1 ALUMINIUM OXIDE,259.53,Norton,
350x50x50.8mm A60MVBE MEDIUM/FINE GENERAL PURPOSE BENCH/PEDESTAL GRINDING WHEELS TYPE 1 ALUMINIUM OXIDE,259.53,Norton,
400x50x50.8mm A24QVBE COARSE GENERAL PURPOSE BENCH/PEDESTAL GRINDING WHEELS TYPE 1 ALUMINIUM OXIDE,357.52,Norton,
400x50x50.8mm A36QVBE MED/CRSE GENERAL PURPOSE BENCH/PEDESTAL GRINDING WHEELS TYPE 1 ALUMINIUM OXIDE,357.17,Norton,
400x50x50.8mm A46MVBE MEDIUM GENERAL PURPOSE BENCH/PEDESTAL GRINDING WHEELS TYPE 1 ALUMINIUM OXIDE,357.52,Norton,
400x80x50.8mm A24QVBE COARSE GENERAL PURPOSE BENCH/PEDESTAL GRINDING WHEELS TYPE 1 ALUMINIUM OXIDE,579.91,Norton,
400x80x50.8mm A46MVBE MEDIUM GENERAL PURPOSE BENCH/PEDESTAL GRINDING WHEELS TYPE 1 ALUMINIUM OXIDE,579.91,Norton,
* 450x50x50.8mm A46MVBE COARSE GENERAL PURPOSE BENCH/PEDESTAL GRINDING WHEELS TYPE 1 ALUMINIUM OXIDE,406.63,Norton,
450x80x50.8mm A24QVBE COARSE GENERAL PURPOSE BENCH/PEDESTAL GRINDING WHEELS TYPE 1 ALUMINIUM OXIDE,766.07,Norton,
200x40x25.4mm REC 1S 105x18mm A46MVBE MEDIUM GENERAL PURPOSE BENCH/PEDESTAL TYPE 5 STEEL RECESSED 1 SIDE WHEELS ALUMINIUM OXIDE,96.16,Norton,
200x40x25.4mm REC 1S 105x18mm A60MVBE MED/FINE GENERAL PURPOSE BENCH/PEDESTAL TYPE 5 STEEL RECESSED 1 SIDE WHEELS ALUMINIUM OXIDE,96.16,Norton,
150x13x31.75mm BORE 39C60JVK MED/FINE GENERAL PURPOSE BENCH/PEDESTAL GREEN SILICON CARBIDE GRINDING WHEELS,44.19,Norton,
150x13x31.75mm BORE 39C100JVK FINE GENERAL PURPOSE BENCH/PEDESTAL GREEN SILICON CARBIDE GRINDING WHEELS,44.19,Norton,
150x20xMULTI BORE 39C60JVK MED/FINE GENERAL PURPOSE BENCH/PEDESTAL GREEN SILICON CARBIDE GRINDING WHEELS,44.19,Norton,
150x20xMULTI BORE 39C100JVK FINE GENERAL PURPOSE BENCH/PEDESTAL GREEN SILICON CARBIDE GRINDING WHEELS,44.19,Norton,
150x25xMULTI BORE 39C60JVK MED/FINE GENERAL PURPOSE BENCH/PEDESTAL GREEN SILICON CARBIDE GRINDING WHEELS,48.75,Norton,
150x25x25.4mm 39C80JVK FINE GENERAL PURPOSE BENCH/PEDESTAL GREEN SILICON CARBIDE GRINDING WHEELS,48.75,Norton,
150x25xMULTI BORE 39C100JVK FINE GENERAL PURPOSE BENCH/PEDESTAL GREEN SILICON CARBIDE GRINDING WHEELS,48.75,Norton,
150x25x25.4mm 39C120JVK VERY FINE GENERAL PURPOSE BENCH/PEDESTAL GREEN SILICON CARBIDE GRINDING WHEELS,48.75,Norton,
180x13x31.75mm 39C60JVK MED/FINE GENERAL PURPOSE BENCH/PEDESTAL GREEN SILICON CARBIDE GRINDING WHEELS,50.62,Norton,
200x25x31.75mm 39C60JVK GENERAL PURPOSE BENCH/PEDESTAL GREEN SILICON CARBIDE GRINDING WHEELS,77.8,Norton,
200x25xMULTI BORE 39C100JVK FINE GENERAL PURPOSE BENCH/PEDESTAL GREEN SILICON CARBIDE GRINDING WHEELS,77.8,Norton,
200x25xMULTI BORE 39C120JVK VERY FINE GENERAL PURPOSE BENCH/PEDESTAL GREEN SILICON CARBIDE GRINDING WHEELS,77.8,Norton,
200x25x25.4mm 39C60KVKPL MED/FINE GENERAL PURPOSE BENCH/PEDESTAL GREEN SILICON CARBIDE GRINDING WHEELS,77.8,Norton,
200x25xMULTI BORE 39C80JVK FINE GENERAL PURPOSE BENCH/PEDESTAL GREEN SILICON CARBIDE GRINDING WHEELS,77.8,Norton,
250x25x31.75mm 39C60JVK MED/FINE GENERAL PURPOSE BENCH/PEDESTAL GREEN SILICON CARBIDE GRINDING WHEELS,148.06,Norton,
350x50x50.8mm 39C60JVK ME/FINE GENERAL PURPOSE BENCH/PEDESTAL GREEN SILICON CARBIDE GRINDING WHEELS,348.26,Norton,
100/76x40x31.75mm 39C60JVK MEDIUM/FINE GENERAL PURPOSE BENCH/PEDESTAL TYPE 11 TAPER CUP WHEELS - GREEN SILICON CARBIDE,55.79,Norton,
150/96x63x31.75mm 39C36JVK,137.01,Norton,
200x40x25.4mm REC 1S 105x20mm 39C60JVKMED/FINE GENERAL PURPOSE BENCH/PEDESTAL TYPE 5 STEEL RECESSED 1 SIDE WHEELS - GREEN SILICON CARBIDE,121.89,Norton,
200x40x25.4mm REC 1S 105x20mm 39C80JVK FINE GENERAL PURPOSE BENCH/PEDESTAL TYPE 5 STEEL RECESSED 1 SIDE WHEELS - GREEN SILICON CARBIDE,121.89,Norton,
200x40x25.4mm REC 1S 105x20mm 39C100JVK FINE GENERAL PURPOSE BENCH/PEDESTAL TYPE 5 STEEL RECESSED 1 SIDE WHEELS - GREEN SILICON CARBIDE,121.89,Norton,
100x13x19.05mm 38A60JVBE MED/FINE TOOLROOM GRINDING WHEELS WHITE ALUMINIUM OXIDE,22.15,Norton,
150x6x31.75mm 38A60JVBE MED/FINE TOOLROOM GRINDING WHEELS WHITE ALUMINIUM OXIDE,31.37,Norton,
150x13x31.75mm 38A46KVBE MEDIUM TOOLROOM GRINDING WHEELS WHITE ALUMINIUM OXIDE,32.56,Norton,
150x13x31.75mm 38A60KVBE MED/FINE TOOLROOM GRINDING WHEELS WHITE ALUMINIUM OXIDE,32.56,Norton,
150x13x31.75mm 38A80KVBE FINE TOOLROOM GRINDING WHEELS WHITE ALUMINIUM OXIDE,32.56,Norton,
150x13x31.75mm 38A120KVBE VERY FINE TOOLROOM GRINDING WHEELS WHITE ALUMINIUM OXIDE,32.56,Norton,
150x20xMULTI BORE 38A60JVBE MED/FINE TOOLROOM GRINDING WHEELS WHITE ALUMINIUM OXIDE,42.3,Norton,
150x20xMULTI BORE 38A120KVBE VERY FINE TOOLROOM GRINDING WHEELS WHITE ALUMINIUM OXIDE,42.3,Norton,
150x25xMULTI BORE NQ46KVH COARSE/MEDIUM,107.57,Norton,
150x25xMULTI BORE NQ60KVH MEDIUM,107.57,Norton,
150x25xMULTI BORE NQ100IVH FINE,107.57,Norton,
150x25xMULTI BORE 38A46KVBE MEDIUM TOOLROOM GRINDING WHEELS WHITE ALUMINIUM OXIDE,46.03,Norton,
150x25xMULTI BORE 38A46MVBE MEDIUM TOOLROOM GRINDING WHEELS WHITE ALUMINIUM OXIDE,46.03,Norton,
150x25xMULTI BORE 38A60JVBE MED/FINE TOOLROOM GRINDING WHEELS WHITE ALUMINIUM OXIDE,46.03,Norton,
150x25xMULTI BORE 38A80KVBE FINE TOOLROOM GRINDING WHEELS WHITE ALUMINIUM OXIDE,46.03,Norton,
150x25xMULTI BORE 38A120KVBE VERY FINE TOOLROOM GRINDING WHEELS WHITE ALUMINIUM OXIDE,46.03,Norton,
180x6x31.75mm SGB80KVH FINE,66.92,Norton,
180x13x31.75mm 3SG46JVH COARSE,116.55,Norton,
180x13x31.75mm 3SG60JVH MEDIUM,116.55,Norton,
180x13xMULTI BORE 38A46JVBE MEDIUM TOOLROOM GRINDING WHEELS WHITE ALUMINIUM OXIDE,37.15,Norton,
180x13xMULTI BORE 38A60JVBE MED/FINE TOOLROOM GRINDING WHEELS WHITE ALUMINIUM OXIDE,37.15,Norton,
200x6x31.75mm 38A60KVBE MED/FINE TOOLROOM GRINDING WHEELS WHITE ALUMINIUM OXIDE,47.0,Norton,
200x13x31.75mm 38A46JVBE MEDIUM TOOLROOM GRINDING WHEELS WHITE ALUMINIUM OXIDE,54.6,Norton,
200x13x31.75mm 38A60JVBE MED/FINE TOOLROOM GRINDING WHEELS WHITE ALUMINIUM OXIDE,54.6,Norton,
200x13x31.75mm 38A60KVBE MED/FINE TOOLROOM GRINDING WHEELS WHITE ALUMINIUM OXIDE,54.6,Norton,
200x13x31.75mm SGB46JVH COARSE,104.05,Norton,
200x20x31.75mm 3SG46JVH COARSE,153.2,Norton,
200x20x31.75mm 3SG60JVH MEDIUM,153.2,Norton,
200x20x31.75mm NQ46IVH COARSE,164.96,Norton,
200x20x31.75mm NQ60IVH MEDIUM,164.96,Norton,
200x20x31.75mm SGB46JVH COARSE,126.84,Norton,
200x20x31.75mm SGB60JVH MEDIUM,126.84,Norton,
200x20x50.8MM 38A46JVBE MEDIUM TOOLROOM GRINDING WHEELS WHITE ALUMINIUM OXIDE,61.13,Norton,
200x20xMULTI BORE 38A46JVBE MEDIUM TOOLROOM GRINDING WHEELS WHITE ALUMINIUM OXIDE,59.13,Norton,
200x20xMULTI BORE 38A60KVBE MED/FINE TOOLROOM GRINDING WHEELS WHITE ALUMINIUM OXIDE,59.13,Norton,
200x25xMULTI BORE NQ46KVH COARSE/MEDIUM,160.84,Norton,
200x25xMULTI BORE NQ60KVH MEDIUM,160.84,Norton,
200x25xMULTI BORE NQ100-IVH FINE,160.84,Norton,
200x25xMULTI BORE 38A46KVBE MEDIUM TOOLROOM GRINDING WHEELS WHITE ALUMINIUM OXIDE,73.2,Norton,
200x25xMULTI BORE 38A60KVBE MED/FINE TOOLROOM GRINDING WHEELS WHITE ALUMINIUM OXIDE,73.2,Norton,
200x25xMULTI BORE 38A80KVBE FINE TOOLROOM GRINDING WHEELS WHITE ALUMINIUM OXIDE,73.2,Norton,
200x25xMULTI BORE 38A120KVBE VERY FINE TOOLROOM GRINDING WHEELS WHITE ALUMINIUM OXIDE,73.2,Norton,
250x25x31.75 38A60KVBE MEDIUM,127.85,Norton,
250x25x50.8mm 38A46JVBE MEDIUM TOOLROOM GRINDING WHEELS WHITE ALUMINIUM OXIDE,127.85,Norton,
250x25x76.2mm 38A46JVBE MEDIUM TOOLROOM GRINDING WHEELS WHITE ALUMINIUM OXIDE,97.27,Norton,
250x25x76.2mm 38A60JVBE MED/FINE TOOLROOM GRINDING WHEELS WHITE ALUMINIUM OXIDE,97.27,Norton,
250x25x76.2mm 3SG46JVH COARSE/MEDIUM,298.31,Norton,
250x25x76.2mm NQ54JVH MEDIUM,230.79,Norton,
250x40x31.75 38A46KVBE MEDIUM,228.81,Norton,
300x25x127mm 38A60JVBE MED/FINE TOOLROOM GRINDING WHEELS WHITE ALUMINIUM OXIDE,148.59,Norton,
* 300x25x127mm SGA46JVH COARSE,176.07,Norton,
300x25x127mm 3SG46JVH COARSE,264.8,Norton,
300x25x127mm 3SG60JVH MEDIUM,264.8,Norton,
300x32x76.2mm 38A46JVW MEDIUM TOOLROOM GRINDING WHEELS WHITE ALUMINIUM OXIDE,192.07,Norton,
350x25x127mm 38A46JVBE COARSE,206.0,Norton,
350x25x127mm 38A60KVBE MED/FINE TOOLROOM GRINDING WHEELS WHITE ALUMINIUM OXIDE,206.0,Norton,
350x25x127mm 3SG54JVH MEDIUM,511.9,Norton,
350x25x127mm SGB46JVH COARSE,393.23,Norton,
350x40x127mm SGB46JVS MEDIUM,549.08,Norton,
350x50x127mm 38A46H12VBEP MEDIUM TOOLROOM GRINDING WHEELS WHITE ALUMINIUM OXIDE,376.26,Norton,
400x50x127mm 38A46JVBE MEDIUM TOOLROOM GRINDING WHEELS WHITE ALUMINIUM OXIDE,576.86,Norton,
400x50x127mm 3SG46GVHP COARSE,1087.56,Norton,
400x50x127mm NQ46FVSP,1191.14,Norton,
450x32x127mm 53A54/3JVBE MEDIUM TOOLROOM GRINDING WHEELS WHITE ALUMINIUM OXIDE,501.96,Norton,
75x25x12.7 38A60MVBE MED,31.13,Norton,
180x25x31.75mm REC 1S 90x12mm - SBG60JVH MEDIUM,132.84,Norton,
180x25x31.75mm REC 1S 90x12mm 38A60JVBE MED/FINE TOOLROOM GRINDING WHEELS TYPE 5 RECESSED 1 SIDE WHEELS FOR TOOL STEEL - WHITE ALUMINIUM OXIDE,73.6,Norton,
200x40x31.75mm REC 1S 105x18mm 38A46MVBE MEDIUM TOOLROOM GRINDING WHEELS TYPE 5 RECESSED 1 SIDE WHEELS FOR TOOL STEEL - WHITE ALUMINIUM OXIDE,121.45,Norton,
200x40x31.75mm REC 1S 105x18mm 38A60MVBE MED/FINE TOOLROOM GRINDING WHEELS TYPE 5 RECESSED 1 SIDE WHEELS FOR TOOL STEEL - WHITE ALUMINIUM OXIDE,121.45,Norton,
300x40x127mm REC 1S 200x12mm 38A60JVBE MED/FINE TOOLROOM GRINDING WHEELS TYPE 5 RECESSED 1 SIDE WHEELS FOR TOOL STEEL - WHITE ALUMINIUM OXIDE,221.87,Norton,
300x40x127mm REC 1S 200x12mm - NQP60JVS3,461.87,Norton,
300x40x127mm REC 1S 200x12mm - SGB46JVH COARSE,462.42,Norton,
300x40x127mm REC 1S 200x12mm 38A46JVBE MEDIUM TOOLROOM GRINDING WHEELS TYPE 5 RECESSED 1 SIDE WHEELS FOR TOOL STEEL - WHITE ALUMINIUM OXIDE,221.87,Norton,
350x40x127mm REC 1S 200x12mm NQ46GVSP,728.73,Norton,
05_350.00 x 40.00 x 127.00_NQ_60_J__V REC 1S 200x12mm,728.73,Norton,
350x40x127mm REC 1S 200x12mm - SGB46JVH COARSE,524.63,Norton,
350x40x127mm REC 1S 200x12mm 38A46H12VBEP MEDIUM TOOLROOM GRINDING WHEELS TYPE 5 RECESSED 1 SIDE WHEELS FOR TOOL STEEL - WHITE ALUMINIUM OXIDE,283.73,Norton,
350x40x127mm REC 1S 200x12mm 38A46JVBE MEDIUM TOOLROOM GRINDING WHEELS TYPE 5 RECESSED 1 SIDE WHEELS FOR TOOL STEEL - WHITE ALUMINIUM OXIDE,283.73,Norton,
350x40x127mm REC 1S 200x12mm 38A60JVBE MED/FINE TOOLROOM GRINDING WHEELS TYPE 5 RECESSED 1 SIDE WHEELS FOR TOOL STEEL - WHITE ALUMINIUM OXIDE,283.73,Norton,
350x40x127mm REC 1S 200x12mm 3SG46GVHP COARSE,634.24,Norton,
350x40x127mm REC 1S 200x12mm SGB60JVH MEDIUM,524.63,Norton,
100x13x19.05mm 38A60KVBE MED/FINE TOOLROOM GRINDING WHEELS TYPE 12 DISH WHEELS FOR TOOL STEEL - WHITE ALUMINIUM OXIDE,33.42,Norton,
150x13x31.75mm 38A60JVBE MED/FINE TOOLROOM GRINDING WHEELS TYPE 12 DISH WHEELS FOR TOOL STEEL - WHITE ALUMINIUM OXIDE,46.31,Norton,
150x13x31.75mm SGB60KVH MEDIUM,68.81,Norton,
300x50x76.2mm REC 2S 150x10mm - 53A46H12VBEP MEDIUM TOOLROOM GRINDING WHEELS TYPE 7 RECESSED 2 SIDES WHEELS FOR TOOL STEEL - WHITE ALUMINIUM OXIDE,339.81,Norton,
300x50x76.2mm REC 2S 150x10mm 3SG46GVHP COARSE,684.79,Norton,
300x50x76.2mm REC 2S 150x10mm NQ46GVHP,719.82,Norton,
300x50x76.2mm REC 2S 150x10mm -SGB46HVHP MEDIUM,565.48,Norton,
350x50x127mm REC 2S 200x12mm 3SG46GVHP,807.91,Norton,
100x50x31.75mm 13mm RIM & BACK 38A46JVBE MEDIUM TOOLROOM GRINDING WHEELS TYPE 6 STRAIGHT CUP WHEELS FOR TOOL STEEL - WHITE ALUMINIUM OXIDE,47.32,Norton,
100x50x31.75mm 13mm RIM & BACK 38A60JVBE MED/FINE TOOLROOM GRINDING WHEELS TYPE 6 STRAIGHT CUP WHEELS FOR TOOL STEEL - WHITE ALUMINIUM OXIDE,47.32,Norton,
100x50x31.75mm 13mm RIM & BACK 38A80JVBE FINE TOOLROOM GRINDING WHEELS TYPE 6 STRAIGHT CUP WHEELS FOR TOOL STEEL - WHITE ALUMINIUM OXIDE,47.32,Norton,
100x50x31.75mm 13mm RIM & BACK NQ54GVSP Quantum,133.62,Norton,
125x40x31.75mm 10mm RIM & BACK 38A46JVBE MEDIUM TOOLROOM GRINDING WHEELS TYPE 6 STRAIGHT CUP WHEELS FOR TOOL STEEL - WHITE ALUMINIUM OXIDE,53.23,Norton,
125x50x31.75mm 13mm RIM & BACK NQ54FVSP,133.62,Norton,
125x63x31.75mm 13mm RIM 16MM BACK 38A46F12VBEP MEDIUM TOOLROOM GRINDING WHEELS TYPE 6 STRAIGHT CUP WHEELS FOR TOOL STEEL - WHITE ALUMINIUM OXIDE,71.2,Norton,
125x63x31.75mm 13mm RIM 16mm BACK SGB54FVHP MEDIUM,128.26,Norton,
150x50x31.75mm 13mm RIM & BACK 38A46JVBE MEDIUM TOOLROOM GRINDING WHEELS TYPE 6 STRAIGHT CUP WHEELS FOR TOOL STEEL - WHITE ALUMINIUM OXIDE,94.89,Norton,
150x50x31.75mm 13mm RIM & BACK 38A60JVBE MEDIUM/FINE TOOLROOM GRINDING WHEELS TYPE 6 STRAIGHT CUP WHEELS FOR TOOL STEEL - WHITE ALUMINIUM OXIDE,94.89,Norton,
150x50x31.75mm 13mm RIM & BACK NQ54FVSP MEDIUM,174.12,Norton,
150x63x31.75mm 13mm RIM 16mm BACK 38A46F12VBEP MEDIUM TOOLROOM GRINDING WHEELS TYPE 6 STRAIGHT CUP WHEELS FOR TOOL STEEL - WHITE ALUMINIUM OXIDE,105.59,Norton,
150x63x31.75mm 13mm RIM 16mm BACK NQ54GVHP MEDIUM,209.26,Norton,
150x63x31.75mm 13mm RIM 16mm BACK SGB54FVHP MEDIUM,181.99,Norton,
165x80x31.75mm 16mm RIM 20mm BACK 38A46F12VBEP MEDIUM,168.76,Norton,
165x80x31.75mm 16mm RIM 16mm BACK NQ46FVSP,285.36,Norton,
180x80x82.6mm 16mm RIM 20mm BACK _NQB54FVSP.,280.98,Norton,
180x80x82.6mm 16mm RIM 20mm BACK 38A46F12VBEP MEDIUM TOOLROOM GRINDING WHEELS TYPE 6 STRAIGHT CUP WHEELS FOR TOOL STEEL - WHITE ALUMINIUM OXIDE,218.92,Norton,
06_180.00 x 80.00 x 82.60_NQB_54_H_12_VS,306.09,Norton,
180x80x82.6mm 16mm RIM 20mm BACK SGB54FVHP MEDIUM,274.65,Norton,
254x100x50.8mm 25mm RIM & BACK 38A36HVBE CRSE/MED TOOLROOM GRINDING WHEELS TYPE 6 CUP WHEELS FOR TOOL STEEL - WHITE ALUMINIUM OXIDE,443.41,Norton,
254x100x50.8 25 RIM 25mm BACK NQ54FVSP MED,693.77,Norton,
254x100x50.8 25 RIM 25mm BACK SGB46FVHP MED,623.47,Norton,
100/76x40x31.75mm 38A46JVBE MEDIUM TOOLROOM GRINDING WHEELS TYPE 11 TAPER CUP WHEELS FOR TOOL STEEL - WHITE ALUMINIUM OXIDE,51.08,Norton,
100/76x40x31.75mm 38A46KVBE MEDIUM TOOLROOM GRINDING WHEELS TYPE 11 TAPER CUP WHEELS FOR TOOL STEEL - WHITE ALUMINIUM OXIDE,51.08,Norton,
100/76x40x31.75mm 38A60KVBE MED/FINE TOOLROOM GRINDING WHEELS TYPE 11 TAPER CUP WHEELS FOR TOOL STEEL - WHITE ALUMINIUM OXIDE,51.08,Norton,
100/76x40x31.75mm 3SG46JVH MEDIUM,119.38,Norton,
100/76x40x31.75mm NQ46JVH MEDIUM,107.71,Norton,
100/76x40x31.75mm NQ60JVH MEDIUM,107.71,Norton,
125/100x63x31.75mm 38A46F12VBEP MED TOOLROOM GRINDING WHEELS TYPE 11 TAPER CUP WHEELS FOR TOOL STEEL - WHITE ALUMINIUM OXIDE,87.09,Norton,
150/114x50x31.75mm 38A46KVBE MEDIUM TOOLROOM GRINDING WHEELS TYPE 11 TAPER CUP WHEELS FOR TOOL STEEL - WHITE ALUMINIUM OXIDE,100.99,Norton,
* 150/114x50x31.75mm 88A46/54 KVBE MED/FINE TOOLROOM GRINDING WHEELS TYPE 11 TAPER CUP WHEELS FOR TOOL STEEL - PINK ALUMINIUM OXIDE,121.22,Norton,
150/114x50x31.75mm 25A46/54 KVBE MED/FINE TOOLROOM GRINDING WHEELS TYPE 11 TAPER CUP WHEELS FOR TOOL STEEL - PINK ALUMINIUM OXIDE,121.21,Norton,
SE SEGMENT 44.5x117x200mm 38A30IVBEP COARSE,63.63,Norton,
SB SEGMENT 104x38x150mm 38A24HVBE COARSE,45.34,Norton,
SB SEGMENT 104x38x150mm 38A46F12VBEP MEDIUM,45.34,Norton,
SB SEGMENT 104x38x150mm 3SG46F12VHP MEDIUM,120.7,Norton,
SB SEGMENT 117.5x44.5x200mm 3SG36F12VHP COARSE/MEDIUM,148.59,Norton,
SD SEGMENT 117x44.5x200mm SGB36FVHP AME595,104.17,Norton,
SE SEGMENT AME9605 50x16x90mm 37C36IVK COARSE/MEDIUM,27.85,Norton,
SB SEGMENT 65x25x100mm 37C36IVK COARSE/MEDIUM,22.92,Norton,
SB SEGMENT 65x25x100mm 38A46F12VBEP MEDIUM,23.69,Norton,
SE SEGMENT 50x16x90mm 38A46F12VBEP MEDIUM,27.85,Norton,
10x150mm TRIANGULAR 57A220PV VERY FINE HAND FINISH STICKS,18.64,Norton,
100x0.8x12.7mm 57A100PB25 TOOLROOM CUTTING-OFF WHEELS - NON REINFORCED,21.39,Norton,
150x1.6x31.75mm 57A46PB25 TOOLROOM CUTTING-OFF WHEELS - NON REINFORCED,28.82,Norton,
180x1.6x31.75mm 57A60PB25 TOOLROOM CUTTING-OFF WHEELS - NON REINFORCED,34.21,Norton,
200x1.6x31.75mm 57A46PB25 TOOLROOM CUTTING-OFF WHEELS - NON REINFORCED,39.43,Norton,
16x16x6.0mm REC 1S 10x8mm - NQ80KVS,20.27,Norton,
20x20x6.35mm REC 1S 13x11mm - 5TG120KVFL MEDIUM INTERNAL GRINDING WHEELS - TYPE 5 CERAMIC FOR TOOL STEEL - BETTER,20.8,Norton,
25x25x6.35mm REC 1S 13x12 - 3NQ80JVS,27.09,Norton,
40x25x12.7mm REC 1S 20x12mm - 5TG120KVFL MEDIUM INTERNAL GRINDING WHEELS - TYPE 5 CERAMIC FOR TOOL STEEL - BETTER,27.44,Norton,
50x25x12.7mm REC 1S 25x12mm - 5TG120KVFL MEDIUM INTERNAL GRINDING WHEELS - TYPE 5 CERAMIC FOR TOOL STEEL - BETTER,31.8,Norton,
50x40x12.7mm REC 1S 25x20mm - NQ60KVS,67.89,Norton,
76x38x22.2mm REC 1S 38x19 3NQ60JVS,81.33,Norton,
250x10x31.75mm 19A46MVBE MEDIUM GULLETING & SHARPENING WHEELS TYPE 1 GREY ALUMINIUM OXIDE HAND GULLETING,71.99,Norton,
250x13x31.75 26A54NVS - PINK,77.91,Norton,
250x13x31.75mm 38A46MVBE - WHITE,77.8,Norton,
250x16x31.75 NQ54LVS3,146.75,Norton,
250x16x31.75 26A54NVS - PINK,91.53,Norton,
* 250x16x40 NQ54MB,207.84,Norton,
250x20x31.75mm 19A46MVBE MEDIUM GULLETING & SHARPENING WHEELS TYPE 1 GREY ALUMINIUM OXIDE HAND GULLETING,94.75,Norton,
250x6x31.75mm 19A46MVBE MEDIUM GULLETING & SHARPENING WHEELS TYPE 1 GREY ALUMINIUM OXIDE HAND GULLETING,67.38,Norton,
250x6x31.75mm 26A54NVS,70.8,Norton,
250x6x31.75mm SGB46MVH,91.04,Norton,
300x10x31.75mm 19A46MVBE MEDIUM GULLETING & SHARPENING WHEELS TYPE 1 GREY ALUMINIUM OXIDE HAND GULLETING,98.66,Norton,
300x10x31.75mm 38A46MVBE MEDIUM GULLETING & SHARPENING WHEELS TYPE 1 WHITE ALUMINIUM OXIDE AUTOMATIC SAW GULLETING,98.66,Norton,
300x10x31.75mm NQ54LVS3 MEDIUM,195.33,Norton,
300x13x31.75mm 19A46MVBE MEDIUM GULLETING & SHARPENING WHEELS TYPE 1 GREY ALUMINIUM OXIDE HAND GULLETING,127.26,Norton,
300x13x31.75mm 38A46MVBE MEDIUM GULLETING & SHARPENING WHEELS TYPE 1 WHITE ALUMINIUM OXIDE AUTOMATIC SAW GULLETING,104.78,Norton,
300x16x31.75mm 19A46MVBE MEDIUM GULLETING & SHARPENING WHEELS TYPE 1 GREY ALUMINIUM OXIDE HAND GULLETING,129.03,Norton,
300x16x31.75mm 38A46MVBE MEDIUM GULLETING & SHARPENING WHEELS TYPE 1 WHITE ALUMINIUM OXIDE AUTOMATIC SAW GULLETING,128.81,Norton,
300x16x31.75mm NQ54LVS3 MEDIUM,234.02,Norton,
* 300x16x40 NQ54MB,298.64,Norton,
300x19x31.75mm 19A46MVBE MEDIUM GULLETING & SHARPENING WHEELS TYPE 1 GREY ALUMINIUM OXIDE HAND GULLETING,134.3,Norton,
300x20x31.75mm 19A46MVBE MEDIUM GULLETING & SHARPENING WHEELS TYPE 1 GREY ALUMINIUM OXIDE HAND GULLETING,134.3,Norton,
300x20x31.75mm 38A46MVBE MEDIUM GULLETING & SHARPENING WHEELS TYPE 1 WHITE ALUMINIUM OXIDE AUTOMATIC SAW GULLETING,134.3,Norton,
300x20x31.75mm NQ54LVS3 MEDIUM,269.17,Norton,
300x22x31.75mm 38A46MVBE MEDIUM GULLETING & SHARPENING WHEELS TYPE 1 WHITE ALUMINIUM OXIDE AUTOMATIC SAW GULLETING,150.71,Norton,
300x25x31.75mm 19A46MVBE MEDIUM GULLETING & SHARPENING WHEELS TYPE 1 GREY ALUMINIUM OXIDE HAND GULLETING,150.71,Norton,
225x5x31.75mm 38A46JVBE MEDIUM GULLETING & SHARPENING WHEELS TYPE 1 WHITE ALUMINIUM OXIDE MOULDER & CHIPPER KNIVES,61.49,Norton,
225x5x60mm 38A100IVBE FINE GULLETING & SHARPENING WHEELS TYPE 1 WHITE ALUMINIUM OXIDE MOULDER & CHIPPER KNIVES,59.42,Norton,
225x5x60mm 38A46JVBE MEDIUM GULLETING & SHARPENING WHEELS TYPE 1 WHITE ALUMINIUM OXIDE MOULDER & CHIPPER KNIVES,61.49,Norton,
225x5x60mm 38A60JVBE MEDIUM/FINE GULLETING & SHARPENING WHEELS TYPE 1 WHITE ALUMINIUM OXIDE MOULDER & CHIPPER KNIVES,61.49,Norton,
225x5x60mm 3SG60JVH MEDIUM/FINE GULLETING & SHARPENING WHEELS TYPE 1 WHITE ALUMINIUM OXIDE MOULDER & CHIPPER KNIVES,114.57,Norton,
225x5x60mm 5SG54JVS MEDIUM,127.15,Norton,
200x100x160 NQ46IB,374.02,Norton,
250x100x200 NQ46IB,574.27,Norton,
250x125x200 SGB46GVSP.,475.9,Norton,
145x4.7x22mm 25A60MV GULLETING & SHARPENING WHEELS TYPE 1 PINK ALUMINIUM OXIDE CHAINSAW SHARPENING,38.58,Norton,
145x6.0x22mm 25A60MV GULLETING & SHARPENING WHEELS TYPE 1 PINK ALUMINIUM OXIDE CHAINSAW SHARPENING,38.58,Norton,
* 145x3.2x22mm 25A60MV F-FACE MED/FINE GULLETING & SHARPENING WHEELS TYPE 1 PINK ALUMINIUM OXIDE CHAINSAW SHARPENING,38.58,Norton,
150x2.50x32mm 25A80MV FINE GULLETING & SHARPENING WHEELS TYPE 1 PINK ALUMINIUM OXIDE AUTOMATIC SAW GULLETING,41.43,Norton,
150x5.00x32mm 25A80MV FINE GULLETING & SHARPENING WHEELS TYPE 1 PINK ALUMINIUM OXIDE AUTOMATIC SAW GULLETING,35.41,Norton,
15x60x160mm BLOCK 39C1000F9V JOINTING STONE,82.16,Norton,
15x60x160mm BLOCK 39C600F9V JOINTING STONE,69.71,Norton,
PREMIUM 0.75 CARAT 12.7x150mm DIAMOND DRESSERS,193.35,Norton,
ECONOMY 0.50 CARAT 12.7x150mm DIAMOND DRESSERS,66.83,Norton,
ECONOMY 0.75 CARAT 12.7x150mm DIAMOND DRESSERS,78.53,Norton,
ECONOMY 1.00 CARAT 12.7x150mm DIAMOND DRESSERS,108.81,Norton,
PREMIUM 1.00 CARAT 12.7x150mm DIAMOND DRESSERS,230.82,Norton,
T-BAR DRESSER KNURLED 115mm DIAMOND DRESSERS,193.55,Norton,
13x13x150mm 37C24SVK DRESSING STICKS,18.64,Norton,
20x20x150mm 37C24SVK DRESSING STICKS,19.97,Norton,
25x25x150mm 37C24SVK DRESSING STICKS,21.52,Norton,
4.76x13x80mm NORBIDE DRESSING STICKS,357.52,Norton,
20x20x150mm 38A220GVBE DRESSING STICKS FOR DIAMOND AND CBN WHEELS,11.87,Norton,
25x25x150mm STICK 38A220GVW DRESSING STICKS FOR DIAMOND AND CBN WHEELS,20.4,Norton,
50X25X9.53mm 37C24SVK (BAMFORD) DRESSING WHEELS,20.4,Norton,
100x40x22mm 37C24SVK (METCALF) DRESSING WHEELS,49.32,Norton,
Nesting Bushes 50.8-38.1-31.75-25.4mm,5.23,Norton,
NESTING BUSHES TSB04 - 31.75-19.05-12.07mm,4.23,Norton,
* NESTING BUSHES TSB02 - 25.4-19.05-12.07mm,4.98,Norton,
NESTING BUSHES TSB04 - 31.75-25.4-19.05-15.88 -12.0mm,4.98,Norton,
REDUCING BUSH 38.1-31.75mm,4.88,Norton,
REDUCING BUSH 50.8-31.75mm,4.88,Norton,
REDUCING BUSH 50.8-38.1mm,4.98,Norton,
^ SHARPENING STONE OIL 4.5oz / 120ml CLEAR LIQUID,27.99,Norton,
A34 38x10 38A60PV,14.1,Norton,
A1 20x65mm 38A60PV,12.09,Norton,
A1 20x65x6.35 NQ46PVH,16.29,Norton,
A1 20x65x6.35mm 38A36X,12.09,Norton,
A11 22x45mm 38A30-WVME,11.75,Norton,
A11 22x45mm 38A60,11.75,Norton,
A11 22x45mm A36RB RESIN BOND,11.75,Norton,
A11_22x45mm NQ36QVH.,12.11,Norton,
A12 18x30x6.35mm PA60PV,8.81,Norton,
A13 28x28x6.35mm PA60PV,8.81,Norton,
* A14_18mmx22mm PA60PV.,11.55,Norton,
A15 6x15x6.35mm PA60PV,8.17,Norton,
A2 25x30x6.35mm PA60PV,9.53,Norton,
A21 25x25x6.35mm 38A60,8.81,Norton,
A24 6x20x6.35mm PA60PV,8.81,Norton,
A25 25x6.35mm SPHERE PA60PV,8.59,Norton,
A26 16x6.35mm SPHERE PA60PV,9.33,Norton,
A3 25x70mm 38A36PV,14.69,Norton,
A3 25x70mm 38A60PV,14.69,Norton,
A31 35x25x6.35mm PA60PV,11.29,Norton,
A36 40x10x6.35 38A60PV,11.64,Norton,
A36 40x10x6.35mm PA60PV,10.0,Norton,
* A37_32x6.35mm 38A60PV,12.13,Norton,
A38 25x25x6.35mm PA60PV,8.17,Norton,
A39 20x20x6.35mm PA60PV,7.66,Norton,
A4 30x30x6.35mm PA60PV,11.65,Norton,
A5 20x28x6.35mm PA60PV,9.78,Norton,
A5_20x28mm 38A36TV,11.65,Norton,
B104 3x10x3.175mm PA80-TV MEDIUM,6.48,Norton,
B121 13x3.175mm SPHERE PA80QV MEDIUM,7.06,Norton,
B122 10x3.175mm SPHERE PA80-TV MEDIUM,7.06,Norton,
B123 3x3.175mm SPHERE PA80-TV MEDIUM,7.2,Norton,
B131 13x13x3.175mm PA80-QV MEDIUM,4.65,Norton,
B132 10x13x3.175mm PA80-TV MEDIUM,5.4,Norton,
B135 6x13x3.175mm PA80-QV MEDIUM,7.06,Norton,
B41 16x16x3.175mm PA80-QV MEDIUM,7.66,Norton,
B42 13x20x3.175mm PA80-QV MEDIUM,7.66,Norton,
B44 5.6x8x3.175mm PA80-TV MEDIUM,7.06,Norton,
B52 10x20x3.175mm PA80-TV MEDIUM,7.06,Norton,
B53 6X16x3.175mm PA80-TV MEDIUM,8.24,Norton,
B96 3x6x3.175mm PA120-QV FINE,7.15,Norton,
B97 3x10x3.175mm PA100-TV FINE,7.15,Norton,
52_W208 20x50x6.35 38A60-PV,12.22,Norton,
W218 25x13mm A36QB -RESIN BOND,7.56,Norton,
* W153 5x10x3.175mm PA100-TV,6.48,Norton,
W163 6x13x3.175mm PA80-QV,5.96,Norton,
W176 10x13x3.175mm 38A60PV,7.58,Norton,
* W177 10x20x3.175mm 38A60PV,8.2,Norton,
W182 13x3x3.175mm PA80-QV,5.82,Norton,
W185 13x13x6.35mm 38A60PV,7.11,Norton,
* W186 13x20x6.35mm 38A60PV .,7.35,Norton,
W188 13x40x6.35mm PA60-QV,8.24,Norton,
W189 13x50x6.35mm PA60-QV,12.16,Norton,
W196 16x25x6.35mm 38A60PV,10.11,Norton,
W200 20x3mm 38A90 MEDIUM,6.82,Norton,
W205 20x25x6.35mm PA60PV,5.82,Norton,
W207 20x40x6.35mm NZ30UBXR1.,12.9,Norton,
W215 25x3x3.175mm 38A60PV,9.25,Norton,
W216 25x6x6.35mm 38A60PV,6.0,Norton,
W218 25x13x6.35mm PA60PV,6.82,Norton,
W220 25x25mm A36RB - RESIN BOND,7.56,Norton,
W220 25x25x6.35mm PA60PV,6.28,Norton,
W230 30x30x6.35mm PA60PV,8.81,Norton,
W236 40x13mm 37C60PV - SILICON CARBIDE,8.59,Norton,
W236 40x13mm A36QB - RESIN BOND,8.81,Norton,
W236 40x13x6.35mm PA60PV,7.15,Norton,
W237 40x25x6.35mm 38A60PV,10.52,Norton,
W237 40x25mm A36RB - RESIN BOND,10.2,Norton,
W242 50x25x6.35mm PA60PV,9.78,Norton,
W242 50x25mm A36RB - RESIN BOND,11.75,Norton,
110X52X14mm A16SB FLARING CUP WHEEL ALUMINIUM OXIDE TYPE 11,67.58,Norton,
125/108x50x22.23mm NZ16SB VERY COARSE FLARING CUP WHEEL ALUMINIUM OXIDE TYPE 11,80.23,Norton,
110x52x14mm C20SB FLARING CUP WHEEL SILICON CARBIDE TYPE 11 FOR MASONRY & NON FERROUS,75.7,Norton,
125x50x14mm C20 SB FLARING CUP WHEEL SILICON CARBIDE TYPE 11 FOR MASONRY & NON FERROUS,77.56,Norton,
50x75x5/8WHIT A24RB SQUARE END COARSE PLUG WHEELS ALUMINIUM OXIDE TYPE 18,40.64,Norton,
40x63x3/8UNF A24/2QB 18R RND END COARSE PLUG WHEELS ALUMINIUM OXIDE TYPE 18,30.7,Norton,
40x63x3/8W A24RB 18R ROUND END COARSE PLUG WHEELS ALUMINIUM OXIDE TYPE 18,30.7,Norton,
40x63x3/8W AC24RB 18R ROUND END COARSE PLUG WHEELS ALUMINIUM OXIDE TYPE 18,30.7,Norton,
250x32x25.4mm REC 1S 125x13mm A14RD COARSE RAIL GRINDING WHEEL FOR POINTS AND CROSSINGS TYPE 5,185.74,Norton,
150x72x55mm PREMIUM RAIL MAINTENANCE WELD AND PROFILE GRINDING WHEELS - NUT INSERTED PREMIUM - FLASH BUTT,148.24,Norton,
150x76x55mm STANDARD RAIL MAINTENANCE WELD AND PROFILE GRINDING WHEELS - NUT INSERTED STANDARD - THEMIT,131.19,Norton,
1x10KG PAIL GARNET-NORTON SANDBLASTING GRIT,49.25,Norton,
1x10KG PAIL GARNET-FLEXO SANDBLASTING GRIT,76.51,Norton,
100x25x15.88mm A20QB COARSE,26.41,Norton,
100x25x20mm A20PB COARSE,26.41,Norton,
* 125x20x12.7mm A20PB COARSE,36.61,Norton,
125x20x12.7mm A20PB COARSE,36.61,Norton,
* 125x25x20mm A20PB COARSE SNAGGING WHEEL ALUMINIUM OXIDE TYPE 1,37.53,Norton,
125x25x20mm A20PB COARSE SNAGGING WHEEL ALUMINIUM OXIDE TYPE 1,37.53,Norton,
50x13x9.53mm A36QB7 MEDIUM,12.93,Norton,
50x20x9.53mm A24SB7 COARSE,14.95,Norton,
63x13x9.53mm A36QB MEDIUM,15.12,Norton,
80x13x9.53mm A36PB MEDIUM,15.12,Norton,
150x25x15.88mm NZ16QB COARSE SNAGGING WHEEL ZIRCONIA TYPE 1,57.62,Norton,
250x20x38.10mm _A205QB TRAMWAYS RAIL GRINDING WHEEL,130.69,Norton,
SQUARE BLOCK RESINOID 50x50x100MM C16 CONCRETE,25.4,Norton,
WEDGE BLOCK RESINOID C16 CONCRETE,27.89,Norton,
WEDGE BLOCK RESINOID C24 CONCRETE,27.89,Norton,
WEDGE BLOCK RESINOID C36 CONCRETE,27.89,Norton,
WEDGE BLOCK RESINOID C80 CONCRETE,27.89,Norton,
GARDEN TOOL SHARPENER 350mm 57C,49.74,Norton,
KNIFE STONE 38X100mm #289 COARSE/FINE,23.03,Norton,
AXE SHARPENING STONE 16x75mm 196C,21.19,Norton,
BBQ BRICK WITH HANDLE 28x80x150mm GB200,71.99,Norton,
BBQ PLATE CLEANING BRICK 30x50x115mm GB20C,60.34,Norton,
CONCRETE RUB BRICK 50x80x150mm RB30C COARSE,60.34,Norton,
CONCRETE RUB BRICK 50x80x150mm RB60C MEDIUM,60.34,Norton,
CONCRETE RUB BRICK WITH HANDLE 28x80x150mm RB30 COARSE,70.85,Norton,
CONCRETE RUB BRICK WITH HANDLE 28x80x150mm RB60 MEDIUM,70.85,Norton,
RUB BRICK 50X75X200mm RB30 COARSE,52.52,Norton,
CURVED TOOL SHARPENER 13-5x45x113mm 183C FINE,23.91,Norton,
CURVED TOOL SHARPENER 13-5x45x113mm 184C MEDIUM,23.91,Norton,
CURVED TOOL SHARPENER 6-1.6x45x113mm 177C FINE,23.91,Norton,
CURVED TOOL SHARPENER 6-1.6x45x113mm 178C MEDIUM,23.91,Norton,
POCKET SHARPENING STONE 10x22x80mm 149C FINE,11.23,Norton,
25x50x150mm IB6 OIL FILLED FINE SHARPENING COMBINATION BENCH STONES ALUMINIUM OXIDE OIL FILLED,45.25,Norton,
25x50x200mm IB8 OIL FILLED FINE SHARPENING COMBINATION BENCH STONES ALUMINIUM OXIDE OIL FILLED,51.08,Norton,
25x25x150mm 37C24SVK PKGD DRESSING STICK,24.18,Norton,
25x50x200mm #115 NON-OIL STONE SILICON CARBIDE,48.75,Norton,
25x50x150mm #109 NON-OIL STONE SILICON CARBIDE,37.15,Norton,
25x50x200mm #108 NON-OIL STONE SILICON CARBIDE,43.94,Norton,
30x80x230mm KS100 NON-OIL STONE SILICON CARBIDE,62.69,Norton,
25x50x150mm #109 OIL FILLED STONE,37.15,Norton,
25x50x200mm #108 OIL FILLED STONE,43.94,Norton,
30x80x230mm KS100 OIL FILLED STONE,62.69,Norton,
115x22mm C36 BLAZEX FIBRE DISC - F980X,7.14,Norton,
125x22mm C36 BLAZEX FIBRE DISC - F980X,7.68,Norton,
180x22mm C36 BLAZEX FIBRE DISC - F980X,14.66,Norton,
115x22mm C120 BLAZE FIBRE DISC - F980,5.63,Norton,
125x22mm C24 BLAZE FIBRE DISC - F980,9.19,Norton,
125x22mm C50 BLAZE FIBRE DISC - F980,7.14,Norton,
125x22mm C60 BLAZE FIBRE DISC - F980,6.82,Norton,
125x22mm C80 BLAZE FIBRE DISC - F980,6.64,Norton,
125x22mm C120 BLAZE FIBRE DISC - F980,6.06,Norton,
180x22mm C24 BLAZE FIBRE DISC - F980,17.61,Norton,
180x22mm C50 BLAZE FIBRE DISC - F980,13.06,Norton,
180x22mm C60 BLAZE FIBRE DISC - F980,12.76,Norton,
180x22mm C80 BLAZE FIBRE DISC - F980,12.26,Norton,
180x22mm C120 BLAZE FIBRE DISC - F980,11.97,Norton,
SLOTTED 115x22mm P36 BLAZEX FIBRE DISC - F970X,6.42,Norton,
SLOTTED 115x22mm P50 BLAZEX FIBRE DISC - F970X,5.89,Norton,
SLOTTED 115x22mm P60 BLAZEX FIBRE DISC - F970X,5.72,Norton,
SLOTTED 115x22mm P80 BLAZEX FIBRE DISC - F970X,5.52,Norton,
SLOTTED 125x22mm P36 BLAZEX FIBRE DISC - F970X,6.92,Norton,
SLOTTED 125x22mm P50 BLAZEX FIBRE DISC - F970X,6.42,Norton,
SLOTTED 125x22mm P60 BLAZEX FIBRE DISC - F970X,6.17,Norton,
SLOTTED 125x22mm P80 BLAZEX FIBRE DISC - F970X,5.98,Norton,
SLOTTED 180x22mm P36 BLAZEX FIBRE DISC - F970X,13.21,Norton,
SLOTTED 180x22mm P50 BLAZEX FIBRE DISC - F970X,11.76,Norton,
SLOTTED 180x22mm P60 BLAZEX FIBRE DISC - F970X,11.5,Norton,
SLOTTED 180x22mm P80 BLAZEX FIBRE DISC - F970X,11.04,Norton,
* 115x22mm C36 BLAZEX FIBRE DISC - F970,6.42,Norton,
* 115x22mm C50 BLAZEX FIBRE DISC - F970,5.89,Norton,
* 115x22mm C60 BLAZEX FIBRE DISC - F970,5.72,Norton,
* 115x22mm C80 BLAZEX FIBRE DISC - F970,5.52,Norton,
* 125x22mm C50 BLAZEX FIBRE DISC - F970,6.42,Norton,
* 180x22mm C60 BLAZEX FIBRE DISC - F970,11.5,Norton,
* 180x22mm C80 BLAZEX FIBRE DISC - F970,11.04,Norton,
SLOTTED 100x16mm Z24 NORZON FIBRE DISC - F827,3.51,Norton,
SLOTTED 100x16mm Z36 NORZON FIBRE DISC - F827,3.13,Norton,
SLOTTED 100x16mm Z60 NORZON FIBRE DISC - F827,2.96,Norton,
SLOTTED 115x22mm Z24 NORZON FIBRE DISC - F827,3.51,Norton,
SLOTTED 115x22mm Z36 NORZON FIBRE DISC - F827,3.41,Norton,
SLOTTED 115x22mm Z60 NORZON FIBRE DISC - F827,3.23,Norton,
SLOTTED 115x22mm Z80 NORZON FIBRE DISC - F827,3.15,Norton,
SLOTTED 115x22mm Z120 NORZON FIBRE DISC - F827,3.08,Norton,
SLOTTED 125x22mm Z24 NORZON FIBRE DISC - F827,4.25,Norton,
SLOTTED 125x22mm Z36 NORZON FIBRE DISC - F827,4.02,Norton,
SLOTTED 125x22mm Z60 NORZON FIBRE DISC - F827,3.81,Norton,
SLOTTED 125x22mm Z80 NORZON FIBRE DISC - F827,3.65,Norton,
SLOTTED 125x22mm Z120 NORZON FIBRE DISC - F827,3.55,Norton,
SLOTTED 178x22mm Z24 NORZON FIBRE DISC - F827,6.39,Norton,
SLOTTED 178x22mm Z36 NORZON FIBRE DISC - F827,5.89,Norton,
SLOTTED 178x22mm Z60 NORZON FIBRE DISC - F827,5.47,Norton,
SLOTTED 178x22mm Z80 NORZON FIBRE DISC - F827,5.26,Norton,
SLOTTED 178x22mm Z120 NORZON FIBRE DISC - F827,5.11,Norton,
* 178x22mm Z60 NORZON FIBRE DISC - F827,5.47,Norton,
100x16mm INDL P24 METALITE FIBRE DISC - F226,2.49,Norton,
100x16mm INDL P36 METALITE FIBRE DISC - F226,2.49,Norton,
100x16mm INDL P60 METALITE FIBRE DISC - F226,2.29,Norton,
100x16mm INDL P80 METALITE FIBRE DISC - F226,2.29,Norton,
100x16mm INDL P100 METALITE FIBRE DISC - F226,2.29,Norton,
100x16mm INDL P120 METALITE FIBRE DISC - F226,2.29,Norton,
115x22mm INDL P36 METALITE FIBRE DISC - F226,3.76,Norton,
125x22mm INDL P16 METALITE FIBRE DISC - F226,3.76,Norton,
125x22mm INDL P24 METALITE FIBRE DISC - F226,3.76,Norton,
125x22mm INDL P36 METALITE FIBRE DISC - F226,3.76,Norton,
125x22mm INDL P50 METALITE FIBRE DISC - F226,3.76,Norton,
125x22mm INDL P60 METALITE FIBRE DISC - F226,2.91,Norton,
125x22mm INDL P80 METALITE FIBRE DISC - F226,2.91,Norton,
125x22mm INDL P120 METALITE FIBRE DISC - F226,2.91,Norton,
178x22mm INDL P16 METALITE FIBRE DISC - F226,4.25,Norton,
178x22mm INDL P24 METALITE FIBRE DISC - F226,4.25,Norton,
178x22mm INDL P36 METALITE FIBRE DISC - F226,4.25,Norton,
178x22mm INDL P60 METALITE FIBRE DISC - F226,3.76,Norton,
178x22mm INDL P80 METALITE FIBRE DISC - F226,3.76,Norton,
178x22mm INDL P100 METALITE FIBRE DISC - F226,3.76,Norton,
178x22mm INDL P120 METALITE FIBRE DISC - F226,3.76,Norton,
AVOS 115x22mm F827 P36 3H,4.02,Norton,
AVOS 115x22mm F827 P60 3H,4.02,Norton,
AVOS 115x22mm F827 P80 3H,4.02,Norton,
TYPE 29 115x22mm C60 BLAZE FLAP DISC - R980P (ORANGE),22.27,Norton,
TYPE 29 125x22mm C40 BLAZE FLAP DISC - R980P (ORANGE),27.26,Norton,
TYPE 29 125x22mm C60 BLAZE FLAP DISC - R980P (ORANGE),27.26,Norton,
TYPE 29 125x22mm C80 BLAZE FLAP DISC - R980P (ORANGE),27.26,Norton,
100x16mm Z40 FLEXOVIT FLAP DISC - MEGA-LINE BLUE HD R860 (BLUE),13.43,Norton,
100x16mm Z60 FLEXOVIT FLAP DISC - MEGA-LINE BLUE HD R860 (BLUE),13.43,Norton,
100x16mm Z80 FLEXOVIT FLAP DISC - MEGA-LINE BLUE HD R860 (BLUE),13.43,Norton,
100x16mm Z120 FLEXOVIT FLAP DISC - MEGA-LINE BLUE HD R860 (BLUE),13.43,Norton,
115x22mm Z40 FLEXOVIT FLAP DISC - MEGA-LINE BLUE HD R860 (BLUE),15.38,Norton,
115x22mm Z60 FLEXOVIT FLAP DISC - MEGA-LINE BLUE HD R860 (BLUE),15.38,Norton,
115x22mm Z80 FLEXOVIT FLAP DISC - MEGA-LINE BLUE HD R860 (BLUE),15.38,Norton,
115x22mm Z120 FLEXOVIT FLAP DISC - MEGA-LINE BLUE HD R860 (BLUE),15.38,Norton,
125x22mm Z40 FLEXOVIT FLAP DISC - MEGA-LINE BLUE HD R860 (BLUE),16.94,Norton,
125x22mm Z60 FLEXOVIT FLAP DISC - MEGA-LINE BLUE HD R860 (BLUE),16.94,Norton,
125x22mm Z80 FLEXOVIT FLAP DISC - MEGA-LINE BLUE HD R860 (BLUE),16.94,Norton,
125x22mm Z120 FLEXOVIT FLAP DISC - MEGA-LINE BLUE HD R860 (BLUE),16.94,Norton,
180x22mm Z40 FLEXOVIT FLAP DISC - MEGA-LINE BLUE HD R860 (BLUE),30.78,Norton,
180x22mm Z60 FLEXOVIT FLAP DISC - MEGA-LINE BLUE HD R860 (BLUE),30.78,Norton,
^ 100x16mm Z60 X-TREME FLAP DISCS - LONG LIFE R860 (BLUE),13.43,Norton,
^ 100x16mm Z80 X-TREME FLAP DISCS - LONG LIFE R860 (BLUE),13.43,Norton,
^ 100x16mm Z120 X-TREME FLAP DISCS - LONG LIFE R860 (BLUE),13.43,Norton,
^ 115x22mm Z40 X-TREME FLAP DISCS - LONG LIFE R860 (BLUE),15.38,Norton,
^ 115x22mm Z60 X-TREME FLAP DISCS - LONG LIFE R860 (BLUE),15.38,Norton,
^ 115x22mm Z80 X-TREME FLAP DISCS - LONG LIFE R860 (BLUE),15.38,Norton,
^ 115x22mm Z120 X-TREME FLAP DISCS - LONG LIFE R860 (BLUE),15.38,Norton,
100x16mm Z40 NORLINE FLAP DISC HIGH PERFORMANCE - R842 (BLUE),12.39,Norton,
100x16mm Z60 NORLINE FLAP DISC HIGH PERFORMANCE - R842 (BLUE),12.39,Norton,
100x16mm Z80 NORLINE FLAP DISC HIGH PERFORMANCE - R842 (BLUE),12.39,Norton,
100x16mm Z120 NORLINE FLAP DISC HIGH PERFORMANCE - R842 (BLUE),12.39,Norton,
115x22mm Z40 NORLINE FLAP DISC HIGH PERFORMANCE - R842 (BLUE),14.17,Norton,
115x22mm Z60 NORLINE FLAP DISC HIGH PERFORMANCE - R842 (BLUE),14.17,Norton,
115x22mm Z80 NORLINE FLAP DISC HIGH PERFORMANCE - R842 (BLUE),14.17,Norton,
115x22mm Z120 NORLINE FLAP DISC HIGH PERFORMANCE - R842 (BLUE),14.17,Norton,
125x22mm Z40 NORLINE FLAP DISC HIGH PERFORMANCE - R842 (BLUE),15.6,Norton,
125x22mm Z60 NORLINE FLAP DISC HIGH PERFORMANCE - R842 (BLUE),15.6,Norton,
125x22mm Z80 NORLINE FLAP DISC HIGH PERFORMANCE - R842 (BLUE),15.6,Norton,
125x22mm Z120 NORLINE FLAP DISC HIGH PERFORMANCE - R842 (BLUE),15.6,Norton,
100x16mm Z40 BDX FLAP DISC - (BLUE),10.72,Norton,
100x16mm Z60 BDX FLAP DISC - (BLUE),10.72,Norton,
100x16mm Z80 BDX FLAP DISC - (BLUE),10.72,Norton,
100x16mm Z120 BDX FLAP DISC - (BLUE),10.72,Norton,
115x22mm Z40 BDX FLAP DISC - (BLUE),12.26,Norton,
115x22mm Z60 BDX FLAP DISC - (BLUE),12.26,Norton,
115x22mm Z80 BDX FLAP DISC - (BLUE),12.26,Norton,
115x22mm Z120 BDX FLAP DISC - (BLUE),12.26,Norton,
125x22mm Z40 BDX FLAP DISC - (BLUE),13.52,Norton,
125x22mm Z60 BDX FLAP DISC - (BLUE),13.52,Norton,
125x22mm Z80 BDX FLAP DISC - (BLUE),13.52,Norton,
125x22mm Z120 BDX FLAP DISC - (BLUE),13.52,Norton,
ZEC DISC 125x22mm SC16,22.97,Norton,
ZEC DISC 125x22mm SC24,22.97,Norton,
ZEC DISC 125x22mm SC36,22.97,Norton,
ZEC DISC 180x22mm SC16,28.65,Norton,
ZEC DISC 180x22mm SC24,28.65,Norton,
FLEXOVIT RIPPER RETAIL PACK PLASTIC BACKED DISC 102x16mm SC24,30.83,Norton,
FLEXOVIT RIPPER RETAIL PACK PLASTIC BACKED DISC 115x22mm SC24,35.23,Norton,
FLEXOVIT RIPPER RETAIL PACK PLASTIC BACKED DISC 125x22mm SC24,38.79,Norton,
TR (TYPE 3) 51mm C40 BLAZE SPEED-LOK MINI-FLAP DISCS R980P,5.93,Norton,
TR (TYPE 3) 51mm C60 BLAZE SPEED-LOK MINI-FLAP DISCS R980P,5.93,Norton,
TR (TYPE 3) 51mm C80 BLAZE SPEED-LOK MINI-FLAP DISCS R980P,5.93,Norton,
TR (TYPE 3) 76mm C40 BLAZE SPEED-LOK MINI-FLAP DISCS R980P,12.24,Norton,
TR (TYPE 3) 76mm C60 BLAZE SPEED-LOK MINI-FLAP DISCS R980P,12.24,Norton,
TR (TYPE 3) 76mm C80 BLAZE SPEED-LOK MINI-FLAP DISCS R980P,12.24,Norton,
TR (TYPE 3) 51mm Z40 BLUEFIRE SPEED-LOK MINI-FLAP DISCS R860,4.58,Norton,
TR (TYPE 3) 51mm Z40 BLUEFIRE SPEED-LOK MINI-FLAP DISCS R860,4.58,Norton,
TR (TYPE 3) 51mm Z40 BLUEFIRE SPEED-LOK MINI-FLAP DISCS R860,4.58,Norton,
TR (TYPE 3) 51mm Z40 BLUEFIRE SPEED-LOK MINI-FLAP DISCS R860,9.64,Norton,
TR (TYPE 3) 51mm Z40 BLUEFIRE SPEED-LOK MINI-FLAP DISCS R860,9.64,Norton,
TR (TYPE 3) 51mm Z40 BLUEFIRE SPEED-LOK MINI-FLAP DISCS R860,9.64,Norton,
TR (TYPE 3) 3-PLY DISC 51mm C36 BLAZE SPEED-LOK R980P,5.12,Norton,
TR (TYPE 3) 3-PLY DISC 51mm C60 BLAZE SPEED-LOK R980P,4.41,Norton,
TR (TYPE 3) 3-PLY DISC 51mm C80 BLAZE SPEED-LOK R980P,4.18,Norton,
TR (TYPE 3) 3-PLY DISC 51mm C120 BLAZE SPEED-LOK R980P,3.97,Norton,
TR (TYPE 3) 3-PLY DISC 76mm C36 BLAZE SPEED-LOK R980P,7.84,Norton,
^ TR (TYPE 3) 3-PLY DISC 76mm C50 BLAZE SPEED-LOK R980P,7.49,Norton,
TR (TYPE 3) 3-PLY DISC 76mm C60 BLAZE SPEED-LOK R980P,7.49,Norton,
TR (TYPE 3) 3-PLY DISC 76mm C80 BLAZE SPEED-LOK R980P,7.15,Norton,
TR (TYPE 3) 3-PLY DISC 76mm C120 BLAZE SPEED-LOK R980P,6.97,Norton,
TR (TYPE 3) DISC 51mm P24 NORTON BLUEFIRE SPEED-LOK R884P,3.8,Norton,
TR (TYPE 3) DISC 51mm P36 NORTON BLUEFIRE SPEED-LOK R860,3.8,Norton,
TR (TYPE 3) DISC 51mm P50 NORTON BLUEFIRE SPEED-LOK R860,3.8,Norton,
TR (TYPE 3) DISC 51mm P60 NORTON BLUEFIRE SPEED-LOK R860,3.8,Norton,
TR (TYPE 3) DISC 51mm P80 NORTON BLUEFIRE SPEED-LOK R860,3.8,Norton,
TR (TYPE 3) DISC 76mm P24 NORTON BLUEFIRE SPEED-LOK R884P,5.08,Norton,
TR (TYPE 3) DISC 76mm P36 NORTON BLUEFIRE SPEED-LOK R860,5.08,Norton,
TR (TYPE 3) DISC 76mm P50 NORTON BLUEFIRE SPEED-LOK R860,5.08,Norton,
TR (TYPE 3) DISC 76mm P60 NORTON BLUEFIRE SPEED-LOK R860,5.08,Norton,
TR (TYPE 3) DISC 76mm P80 NORTON BLUEFIRE SPEED-LOK R860,5.08,Norton,
TR (TYPE 3) DISC 51mm ALUMINIUM OXIDE P36 NORTON SPEED-LOK DISCS,2.99,Norton,
TR (TYPE 3) DISC 51mm ALUMINIUM OXIDE P50 NORTON SPEED-LOK DISCS,2.99,Norton,
TR (TYPE 3) DISC 51mm ALUMINIUM OXIDE P80 NORTON SPEED-LOK DISCS,2.99,Norton,
TR (TYPE 3) DISC 51mm ALUMINIUM OXIDE P120 NORTON SPEED-LOK DISCS,2.99,Norton,
TR (TYPE 3) DISC 76mm ALUMINIUM OXIDE P36 NORTON SPEED-LOK DISCS,3.86,Norton,
TR (TYPE 3) DISC 76mm ALUMINIUM OXIDE P50 NORTON SPEED-LOK DISCS,3.86,Norton,
TR (TYPE 3) DISC 76mm ALUMINIUM OXIDE P80 NORTON SPEED-LOK DISCS,3.86,Norton,
TR (TYPE 3) DISC 76mm ALUMINIUM OXIDE P120 NORTON SPEED-LOK DISCS,3.86,Norton,
SPEED-LOK TR RAPID STRIP DISC 51mm BLAZE RAPID STRIP CERAMIC (ORANGE),18.2,Norton,
SPEED-LOK TR RAPID STRIP DISC 76mm BLAZE RAPID STRIP CERAMIC (ORANGE),25.04,Norton,
SPEED-LOK TR+ RAPID STRIP DISC 100mm BLAZE RAPID STRIP CERAMIC (ORANGE),34.71,Norton,
* SPEED-LOK TR RAPID STRIP 51mm (10 DISCS) RAPID STRIP SILICON CARBIDE (BLACK),81.32,Norton,
SPEED-LOK TR RAPID STRIP 76mm (10 DISCS) RAPID STRIP SILICON CARBIDE (BLACK),8.13,Norton,
SPEED-LOK TR RAPID STRIP 51mm (10 DISCS) RAPID STRIP SILICON CARBIDE (BLACK),9.96,Norton,
^ SPEED-LOK TR RAPID BLEND DISC 76mm VORTEX RAPID BLEND 5AM UNITISED WHEEL (BLUE),31.19,Norton,
SPEED-LOK TR RAPID BLEND DISC 51mm VORTEX RAPID BLEND (BLUE),11.83,Norton,
SPEED-LOK TR RAPID BLEND DISC 76mm VORTEX RAPID BLEND (BLUE),15.99,Norton,
SPEED-LOK TR WHEEL 76x6mm NEX-6AM NEX UNITISED WHEEL,25.16,Norton,
SPEED-LOK TR DISC 51mm COARSE BROWN BEAR-TEX - VORTEX RAPID PREP,6.57,Norton,
SPEED-LOK TR DISC 51mm MEDIUM MAROON BEAR-TEX - VORTEX RAPID PREP,6.57,Norton,
SPEED-LOK TR DISC 51mm V/FINE BLUE BEAR-TEX - VORTEX RAPID PREP,6.57,Norton,
SPEED-LOK TR DISC 76mm COARSE BROWN BEAR-TEX - VORTEX RAPID PREP,11.9,Norton,
SPEED-LOK TR DISC 76mm MEDIUM MAROON BEAR-TEX - VORTEX RAPID PREP,11.9,Norton,
SPEED-LOK TR DISC 76mm V/FINE BLUE BEAR-TEX - VORTEX RAPID PREP,11.9,Norton,
SPEED-LOK TR DISC 51mm COARSE BROWN BEAR-TEX - RAPID PREP,5.06,Norton,
SPEED-LOK TR DISC 51mm MEDIUM MAROON BEAR-TEX - RAPID PREP,5.06,Norton,
SPEED-LOK TR DISC 51mm V/FINE BLUE BEAR-TEX - RAPID PREP,5.06,Norton,
SPEED-LOK TR DISC 76mm COARSE BROWN BEAR-TEX - RAPID PREP,9.16,Norton,
SPEED-LOK TR DISC 76mm MEDIUM MAROON BEAR-TEX - RAPID PREP,9.16,Norton,
SPEED-LOK TR DISC 76mm V/FINE BLUE BEAR-TEX - RAPID PREP,9.16,Norton,
TR (TYPE 3) 51mm P40 (3 PACK),16.01,Norton,
TR (TYPE 3) 51mm P60 (3 PACK),16.01,Norton,
TR (TYPE 3) 51mm P80 (3 PACK),16.01,Norton,
TR (TYPE 3) 76mm P40 (3 PACK),31.22,Norton,
TR (TYPE 3) 76mm P60 (3 PACK),31.22,Norton,
TR (TYPE 3) 76mm P80 (3 PACK),31.22,Norton,
* TR (TYPE 3) 3-PLY DISC 51mm C36 (5 PACK),26.59,Norton,
* TR (TYPE 3) 3-PLY DISC 51mm C60 (5 PACK),26.18,Norton,
* TR (TYPE 3) 3-PLY DISC 51mm C80 (5 PACK),26.18,Norton,
TR (TYPE 3) 3-PLY DISC 76mm C36 (5 PACK),45.91,Norton,
TR (TYPE 3) 3-PLY DISC 76mm C60 (5 PACK),45.91,Norton,
TR (TYPE 3) 3-PLY DISC 76mm C80 (5 PACK),45.91,Norton,
TR (TYPE 3) DISC 51mm ZIRCONIA P36 (5 PACK),21.28,Norton,
TR (TYPE 3) DISC 51mm ZIRCONIA P60 (5 PACK),21.28,Norton,
TR (TYPE 3) DISC 51mm ZIRCONIA P80 (5 PACK),21.28,Norton,
TR (TYPE 3) DISC 76mm ZIRCONIA P36 (5 PACK),29.74,Norton,
TR (TYPE 3) DISC 76mm ZIRCONIA P60 (5 PACK),29.74,Norton,
TR (TYPE 3) DISC 76mm ZIRCONIA P80 (5 PACK),29.74,Norton,
TR RAPID STRIP DISC 51mm (3 PACK),42.75,Norton,
TR RAPID STRIP DISC 76mm (3 PACK),58.58,Norton,
TR RAPID STRIP DISC 51mm (3 PACK),26.8,Norton,
TR RAPID STRIP DISC 76mm (3 PACK),32.31,Norton,
TR DISC 51mm COARSE BROWN (5 PACK),27.51,Norton,
TR DISC 51mm MEDIUM MAROON (5 PACK),27.51,Norton,
TR DISC 51mm V/FINE BLUE (5 PACK),27.51,Norton,
TR DISC 76mm COARSE BROWN (5 PACK),48.1,Norton,
TR DISC 76mm MEDIUM MAROON (5 PACK),48.1,Norton,
TR DISC 76mm V/FINE BLUE (5 PACK),48.1,Norton,
6mm SPINDLE 50x30mm P60 FLAP WHEEL - CERAMIC,56.57,Norton,
6mm SPINDLE 50x30mm P80 FLAP WHEEL - CERAMIC,56.57,Norton,
* 3mm SPINDLE 10x10mm P60 FLAP WHEEL - ALUMINIUM OXIDE,23.24,Norton,
* 3mm SPINDLE 10x10mm P80 FLAP WHEEL - ALUMINIUM OXIDE,23.24,Norton,
* 3mm SPINDLE 10x10mm P120 FLAP WHEEL - ALUMINIUM OXIDE,23.24,Norton,
* 3mm SPINDLE 10x10mm P150 FLAP WHEEL - ALUMINIUM OXIDE,23.24,Norton,
* 3mm SPINDLE 10x10mm P180 FLAP WHEEL - ALUMINIUM OXIDE,23.24,Norton,
* 3mm SPINDLE 10x10mm P320 FLAP WHEEL - ALUMINIUM OXIDE,23.24,Norton,
* 3mm SPINDLE 10x15mm P60 FLAP WHEEL - ALUMINIUM OXIDE,23.24,Norton,
* 3mm SPINDLE 10x15mm P80 FLAP WHEEL - ALUMINIUM OXIDE,23.24,Norton,
* 3mm SPINDLE 10x15mm P120 FLAP WHEEL - ALUMINIUM OXIDE,23.24,Norton,
3mm SPINDLE 10x15mm P320 FLAP WHEEL - ALUMINIUM OXIDE,23.24,Norton,
3mm SPINDLE 15x5mm P60 FLAP WHEEL - ALUMINIUM OXIDE,23.24,Norton,
3mm SPINDLE 15x5mm P80 FLAP WHEEL - ALUMINIUM OXIDE,23.24,Norton,
3mm SPINDLE 15x5mm P120 FLAP WHEEL - ALUMINIUM OXIDE,23.24,Norton,
3mm SPINDLE 15x5mm P150 FLAP WHEEL - ALUMINIUM OXIDE,23.24,Norton,
3mm SPINDLE 15x5mm P180 FLAP WHEEL - ALUMINIUM OXIDE,23.24,Norton,
3mm SPINDLE 15x5mm P320 FLAP WHEEL - ALUMINIUM OXIDE,23.24,Norton,
3mm SPINDLE 15x10mm P60 FLAP WHEEL - ALUMINIUM OXIDE,23.24,Norton,
3mm SPINDLE 15x10mm P80 FLAP WHEEL - ALUMINIUM OXIDE,23.24,Norton,
3mm SPINDLE 15x10mm P120 FLAP WHEEL - ALUMINIUM OXIDE,23.24,Norton,
3mm SPINDLE 15x10mm P150 FLAP WHEEL - ALUMINIUM OXIDE,23.24,Norton,
3mm SPINDLE 15x10mm P180 FLAP WHEEL - ALUMINIUM OXIDE,23.24,Norton,
3mm SPINDLE 15x10mm P320 FLAP WHEEL - ALUMINIUM OXIDE,23.24,Norton,
3mm SPINDLE 15x15mm P60 FLAP WHEEL - ALUMINIUM OXIDE,23.42,Norton,
3mm SPINDLE 15x15mm P80 FLAP WHEEL - ALUMINIUM OXIDE,23.42,Norton,
3mm SPINDLE 15x15mm P120 FLAP WHEEL - ALUMINIUM OXIDE,23.42,Norton,
3mm SPINDLE 15x15mm P150 FLAP WHEEL - ALUMINIUM OXIDE,23.42,Norton,
3mm SPINDLE 15x15mm P320 FLAP WHEEL - ALUMINIUM OXIDE,23.42,Norton,
3mm SPINDLE 20x10mm P120 FLAP WHEEL - ALUMINIUM OXIDE,9.32,Norton,
3mm SPINDLE 20x10mm P150 FLAP WHEEL - ALUMINIUM OXIDE,9.32,Norton,
3mm SPINDLE 20x10mm P180 FLAP WHEEL - ALUMINIUM OXIDE,9.32,Norton,
3mm SPINDLE 30x5mm P60 FLAP WHEEL - ALUMINIUM OXIDE,10.21,Norton,
3mm SPINDLE 30x5mm P80 FLAP WHEEL - ALUMINIUM OXIDE,10.21,Norton,
3mm SPINDLE 30x5mm P120 FLAP WHEEL - ALUMINIUM OXIDE,10.21,Norton,
3mm SPINDLE 30x5mm P240 FLAP WHEEL - ALUMINIUM OXIDE,10.21,Norton,
3mm SPINDLE 30x5mm P320 FLAP WHEEL - ALUMINIUM OXIDE,10.21,Norton,
3mm SPINDLE 30x10mm P60 FLAP WHEEL - ALUMINIUM OXIDE,9.75,Norton,
3mm SPINDLE 30x10mm P80 FLAP WHEEL - ALUMINIUM OXIDE,9.75,Norton,
3mm SPINDLE 30x10mm P120 FLAP WHEEL - ALUMINIUM OXIDE,9.75,Norton,
3mm SPINDLE 30x10mm P150 FLAP WHEEL - ALUMINIUM OXIDE,9.75,Norton,
3mm SPINDLE 30x10mm P180 FLAP WHEEL - ALUMINIUM OXIDE,9.75,Norton,
* 3mm SPINDLE 30x10mm P240 FLAP WHEEL - ALUMINIUM OXIDE,9.75,Norton,
3mm SPINDLE 30x10mm P320 FLAP WHEEL - ALUMINIUM OXIDE,9.75,Norton,
6mm SPINDLE 20x10mm P80 FLAP WHEEL - ALUMINIUM OXIDE,9.14,Norton,
6mm SPINDLE 20x10mm P120 FLAP WHEEL - ALUMINIUM OXIDE,9.14,Norton,
6mm SPINDLE 20x10mm P150 FLAP WHEEL - ALUMINIUM OXIDE,9.14,Norton,
6mm SPINDLE 20x10mm P180 FLAP WHEEL - ALUMINIUM OXIDE,9.14,Norton,
6mm SPINDLE 25x10mm P80 FLAP WHEEL - ALUMINIUM OXIDE,9.7,Norton,
6mm SPINDLE 25x10mm P120 FLAP WHEEL - ALUMINIUM OXIDE,9.7,Norton,
6mm SPINDLE 25x10mm P180 FLAP WHEEL - ALUMINIUM OXIDE,9.7,Norton,
6mm SPINDLE 25x15mm P60 FLAP WHEEL - ALUMINIUM OXIDE,9.87,Norton,
6mm SPINDLE 25x15mm P80 FLAP WHEEL - ALUMINIUM OXIDE,9.87,Norton,
6mm SPINDLE 25x15mm P120 FLAP WHEEL - ALUMINIUM OXIDE,9.87,Norton,
6mm SPINDLE 25x15mm P150 FLAP WHEEL - ALUMINIUM OXIDE,9.87,Norton,
6mm SPINDLE 25x15mm P180 FLAP WHEEL - ALUMINIUM OXIDE,9.87,Norton,
6mm SPINDLE 25x20mm P80 FLAP WHEEL - ALUMINIUM OXIDE,10.83,Norton,
6mm SPINDLE 25x20mm P120 FLAP WHEEL - ALUMINIUM OXIDE,10.83,Norton,
6mm SPINDLE 25x20mm P180 FLAP WHEEL - ALUMINIUM OXIDE,10.83,Norton,
6mm SPINDLE 25x25mm P80 FLAP WHEEL - ALUMINIUM OXIDE,11.55,Norton,
6mm SPINDLE 25x25mm P120 FLAP WHEEL - ALUMINIUM OXIDE,11.55,Norton,
6mm SPINDLE 25x25mm P150 FLAP WHEEL - ALUMINIUM OXIDE,11.55,Norton,
6mm SPINDLE 25x25mm P180 FLAP WHEEL - ALUMINIUM OXIDE,11.55,Norton,
6mm SPINDLE 30x5mm P60 FLAP WHEEL - ALUMINIUM OXIDE,9.03,Norton,
6mm SPINDLE 30x5mm P80 FLAP WHEEL - ALUMINIUM OXIDE,9.03,Norton,
6mm SPINDLE 30x5mm P120 FLAP WHEEL - ALUMINIUM OXIDE,9.03,Norton,
6mm SPINDLE 30x5mm P150 FLAP WHEEL - ALUMINIUM OXIDE,9.03,Norton,
6mm SPINDLE 30x5mm P180 FLAP WHEEL - ALUMINIUM OXIDE,9.03,Norton,
6mm SPINDLE 30x5mm P240 FLAP WHEEL - ALUMINIUM OXIDE,9.03,Norton,
6mm SPINDLE 30x5mm P320 FLAP WHEEL - ALUMINIUM OXIDE,9.03,Norton,
6mm SPINDLE 30x10mm P60 FLAP WHEEL - ALUMINIUM OXIDE,9.75,Norton,
6mm SPINDLE 30x10mm P80 FLAP WHEEL - ALUMINIUM OXIDE,9.75,Norton,
6mm SPINDLE 30x10mm P120 FLAP WHEEL - ALUMINIUM OXIDE,9.75,Norton,
6mm SPINDLE 30x10mm P150 FLAP WHEEL - ALUMINIUM OXIDE,9.75,Norton,
6mm SPINDLE 30x10mm P180 FLAP WHEEL - ALUMINIUM OXIDE,9.75,Norton,
6mm SPINDLE 30x10mm P240 FLAP WHEEL - ALUMINIUM OXIDE,9.75,Norton,
6mm SPINDLE 30x10mm P320 FLAP WHEEL - ALUMINIUM OXIDE,9.75,Norton,
6mm SPINDLE 30x10mm P400 FLAP WHEEL - ALUMINIUM OXIDE,9.75,Norton,
6mm SPINDLE 30x15mm P60 FLAP WHEEL - ALUMINIUM OXIDE,10.52,Norton,
6mm SPINDLE 30x15mm P80 FLAP WHEEL - ALUMINIUM OXIDE,10.52,Norton,
6mm SPINDLE 30x15mm P120 FLAP WHEEL - ALUMINIUM OXIDE,10.52,Norton,
6mm SPINDLE 30x15mm P150 FLAP WHEEL - ALUMINIUM OXIDE,10.52,Norton,
6mm SPINDLE 30x15mm P180 FLAP WHEEL - ALUMINIUM OXIDE,10.52,Norton,
6mm SPINDLE 30x15mm P240 FLAP WHEEL - ALUMINIUM OXIDE,10.52,Norton,
6mm SPINDLE 30x15mm P320 FLAP WHEEL - ALUMINIUM OXIDE,10.52,Norton,
6mm SPINDLE 30x30mm P60 FLAP WHEEL - ALUMINIUM OXIDE,12.97,Norton,
6mm SPINDLE 30x30mm P80 FLAP WHEEL - ALUMINIUM OXIDE,12.97,Norton,
6mm SPINDLE 30x30mm P120 FLAP WHEEL - ALUMINIUM OXIDE,12.97,Norton,
6mm SPINDLE 30x30mm P150 FLAP WHEEL - ALUMINIUM OXIDE,12.97,Norton,
6mm SPINDLE 30x30mm P180 FLAP WHEEL - ALUMINIUM OXIDE,12.97,Norton,
6mm SPINDLE 30x30mm P240 FLAP WHEEL - ALUMINIUM OXIDE,12.97,Norton,
6mm SPINDLE 30x30mm P320 FLAP WHEEL - ALUMINIUM OXIDE,12.97,Norton,
6mm SPINDLE 40x10mm P60 FLAP WHEEL - ALUMINIUM OXIDE,11.94,Norton,
6mm SPINDLE 40x10mm P80 FLAP WHEEL - ALUMINIUM OXIDE,11.94,Norton,
6mm SPINDLE 40x10mm P120 FLAP WHEEL - ALUMINIUM OXIDE,11.94,Norton,
6mm SPINDLE 40x10mm P150 FLAP WHEEL - ALUMINIUM OXIDE,11.94,Norton,
6mm SPINDLE 40x10mm P180 FLAP WHEEL - ALUMINIUM OXIDE,11.94,Norton,
6mm SPINDLE 40x10mm P240 FLAP WHEEL - ALUMINIUM OXIDE,11.94,Norton,
6mm SPINDLE 40x10mm P320 FLAP WHEEL - ALUMINIUM OXIDE,11.94,Norton,
6mm SPINDLE 40x15mm P60 FLAP WHEEL - ALUMINIUM OXIDE,11.94,Norton,
6mm SPINDLE 40x15mm P80 FLAP WHEEL - ALUMINIUM OXIDE,11.94,Norton,
6mm SPINDLE 40x15mm P120 FLAP WHEEL - ALUMINIUM OXIDE,11.94,Norton,
6mm SPINDLE 40x15mm P150 FLAP WHEEL - ALUMINIUM OXIDE,11.94,Norton,
6mm SPINDLE 40x15mm P180 FLAP WHEEL - ALUMINIUM OXIDE,11.94,Norton,
6mm SPINDLE 40x15mm P240 FLAP WHEEL - ALUMINIUM OXIDE,11.94,Norton,
6mm SPINDLE 40x15mm P320 FLAP WHEEL - ALUMINIUM OXIDE,11.94,Norton,
6mm SPINDLE 40x20mm P60 FLAP WHEEL - ALUMINIUM OXIDE,13.46,Norton,
6mm SPINDLE 40x20mm P80 FLAP WHEEL - ALUMINIUM OXIDE,13.46,Norton,
6mm SPINDLE 40x20mm P120 FLAP WHEEL - ALUMINIUM OXIDE,13.46,Norton,
6mm SPINDLE 40x20mm P150 FLAP WHEEL - ALUMINIUM OXIDE,13.46,Norton,
6mm SPINDLE 40x20mm P180 FLAP WHEEL - ALUMINIUM OXIDE,13.46,Norton,
6mm SPINDLE 40x20mm P240 FLAP WHEEL - ALUMINIUM OXIDE,13.46,Norton,
6mm SPINDLE 40x25mm P60 FLAP WHEEL - ALUMINIUM OXIDE,15.06,Norton,
6mm SPINDLE 40x25mm P80 FLAP WHEEL - ALUMINIUM OXIDE,15.06,Norton,
6mm SPINDLE 40x25mm P120 FLAP WHEEL - ALUMINIUM OXIDE,15.06,Norton,
6mm SPINDLE 50x10mm P60 FLAP WHEEL - ALUMINIUM OXIDE,13.6,Norton,
6mm SPINDLE 50x10mm P80 FLAP WHEEL - ALUMINIUM OXIDE,13.6,Norton,
6mm SPINDLE 50x10mm P120 FLAP WHEEL - ALUMINIUM OXIDE,13.6,Norton,
6mm SPINDLE 50x10mm P150 FLAP WHEEL - ALUMINIUM OXIDE,13.6,Norton,
6mm SPINDLE 50x10mm P180 FLAP WHEEL - ALUMINIUM OXIDE,13.6,Norton,
6mm SPINDLE 50x10mm P240 FLAP WHEEL - ALUMINIUM OXIDE,13.6,Norton,
6mm SPINDLE 50x10mm P320 FLAP WHEEL - ALUMINIUM OXIDE,13.6,Norton,
6mm SPINDLE 50x15mm P60 FLAP WHEEL - ALUMINIUM OXIDE,13.79,Norton,
6mm SPINDLE 50x15mm P80 FLAP WHEEL - ALUMINIUM OXIDE,13.79,Norton,
6mm SPINDLE 50x15mm P120 FLAP WHEEL - ALUMINIUM OXIDE,13.79,Norton,
6mm SPINDLE 50x15mm P150 FLAP WHEEL - ALUMINIUM OXIDE,13.79,Norton,
6mm SPINDLE 50x15mm P180 FLAP WHEEL - ALUMINIUM OXIDE,13.79,Norton,
6mm SPINDLE 50x15mm P240 FLAP WHEEL - ALUMINIUM OXIDE,13.79,Norton,
6mm SPINDLE 50x15mm P320 FLAP WHEEL - ALUMINIUM OXIDE,13.79,Norton,
6mm SPINDLE 50x20mm P60 FLAP WHEEL - ALUMINIUM OXIDE,14.81,Norton,
6mm SPINDLE 50x20mm P80 FLAP WHEEL - ALUMINIUM OXIDE,14.81,Norton,
6mm SPINDLE 50x20mm P120 FLAP WHEEL - ALUMINIUM OXIDE,14.81,Norton,
6mm SPINDLE 50x20mm P150 FLAP WHEEL - ALUMINIUM OXIDE,14.81,Norton,
6mm SPINDLE 50x20mm P180 FLAP WHEEL - ALUMINIUM OXIDE,14.81,Norton,
6mm SPINDLE 50x20mm P320 FLAP WHEEL - ALUMINIUM OXIDE,14.81,Norton,
6mm SPINDLE 50x25mm P60 FLAP WHEEL - ALUMINIUM OXIDE,16.58,Norton,
6mm SPINDLE 50x25mm P80 FLAP WHEEL - ALUMINIUM OXIDE,16.58,Norton,
6mm SPINDLE 50x25mm P120 FLAP WHEEL - ALUMINIUM OXIDE,16.58,Norton,
6mm SPINDLE 50x30mm P60 FLAP WHEEL - ALUMINIUM OXIDE,16.25,Norton,
6mm SPINDLE 50x30mm P80 FLAP WHEEL - ALUMINIUM OXIDE,16.25,Norton,
6mm SPINDLE 50x30mm P120 FLAP WHEEL - ALUMINIUM OXIDE,16.25,Norton,
6mm SPINDLE 50x30mm P150 FLAP WHEEL - ALUMINIUM OXIDE,16.25,Norton,
6mm SPINDLE 50x30mm P180 FLAP WHEEL - ALUMINIUM OXIDE,16.25,Norton,
6mm SPINDLE 50x30mm P240 FLAP WHEEL - ALUMINIUM OXIDE,16.25,Norton,
6mm SPINDLE 50x30mm P320 FLAP WHEEL - ALUMINIUM OXIDE,16.25,Norton,
6mm SPINDLE 60x15mm P80 FLAP WHEEL - ALUMINIUM OXIDE,14.81,Norton,
6mm SPINDLE 60x15mm P120 FLAP WHEEL - ALUMINIUM OXIDE,14.81,Norton,
6mm SPINDLE 60x15mm P150 FLAP WHEEL - ALUMINIUM OXIDE,14.81,Norton,
6mm SPINDLE 60x15mm P240 FLAP WHEEL - ALUMINIUM OXIDE,14.81,Norton,
6mm SPINDLE 60x15mm P320 FLAP WHEEL - ALUMINIUM OXIDE,14.81,Norton,
6mm SPINDLE 60x20mm P60 FLAP WHEEL - ALUMINIUM OXIDE,16.65,Norton,
6mm SPINDLE 60x20mm P80 FLAP WHEEL - ALUMINIUM OXIDE,16.65,Norton,
6mm SPINDLE 60x20mm P120 FLAP WHEEL - ALUMINIUM OXIDE,16.65,Norton,
6mm SPINDLE 60x20mm P150 FLAP WHEEL - ALUMINIUM OXIDE,16.65,Norton,
6mm SPINDLE 60x20mm P180 FLAP WHEEL - ALUMINIUM OXIDE,16.65,Norton,
6mm SPINDLE 60x20mm P240 FLAP WHEEL - ALUMINIUM OXIDE,16.65,Norton,
6mm SPINDLE 60x20mm P320 FLAP WHEEL - ALUMINIUM OXIDE,16.65,Norton,
6mm SPINDLE 60x30mm P40 FLAP WHEEL - ALUMINIUM OXIDE,17.27,Norton,
6mm SPINDLE 60x30mm P60 FLAP WHEEL - ALUMINIUM OXIDE,17.27,Norton,
6mm SPINDLE 60x30mm P80 FLAP WHEEL - ALUMINIUM OXIDE,17.27,Norton,
6mm SPINDLE 60x30mm P120 FLAP WHEEL - ALUMINIUM OXIDE,17.27,Norton,
6mm SPINDLE 60x30mm P150 FLAP WHEEL - ALUMINIUM OXIDE,17.27,Norton,
6mm SPINDLE 60x30mm P240 FLAP WHEEL - ALUMINIUM OXIDE,17.27,Norton,
6mm SPINDLE 60x30mm P320 FLAP WHEEL - ALUMINIUM OXIDE,17.27,Norton,
6mm SPINDLE 60x40mm P60 FLAP WHEEL - ALUMINIUM OXIDE,21.58,Norton,
6mm SPINDLE 60x40mm P80 FLAP WHEEL - ALUMINIUM OXIDE,21.58,Norton,
6mm SPINDLE 60x40mm P120 FLAP WHEEL - ALUMINIUM OXIDE,21.58,Norton,
6mm SPINDLE 60x40mm P150 FLAP WHEEL - ALUMINIUM OXIDE,21.58,Norton,
6mm SPINDLE 60x40mm P240 FLAP WHEEL - ALUMINIUM OXIDE,21.58,Norton,
6mm SPINDLE 60x50mm P40 FLAP WHEEL - ALUMINIUM OXIDE,24.97,Norton,
6mm SPINDLE 60x50mm P60 FLAP WHEEL - ALUMINIUM OXIDE,24.97,Norton,
6mm SPINDLE 60x50mm P80 FLAP WHEEL - ALUMINIUM OXIDE,24.97,Norton,
6mm SPINDLE 60x50mm P120 FLAP WHEEL - ALUMINIUM OXIDE,24.97,Norton,
6mm SPINDLE 60x50mm P150 FLAP WHEEL - ALUMINIUM OXIDE,24.97,Norton,
* 6mm SPINDLE 60x50mm P240 FLAP WHEEL - ALUMINIUM OXIDE,24.97,Norton,
6mm SPINDLE 60x50mm P320 FLAP WHEEL - ALUMINIUM OXIDE,24.97,Norton,
6mm SPINDLE 80x15mm P60 FLAP WHEEL - ALUMINIUM OXIDE,17.61,Norton,
6mm SPINDLE 80x15mm P80 FLAP WHEEL - ALUMINIUM OXIDE,17.61,Norton,
6mm SPINDLE 80x15mm P120 FLAP WHEEL - ALUMINIUM OXIDE,17.61,Norton,
6mm SPINDLE 80x15mm P150 FLAP WHEEL - ALUMINIUM OXIDE,17.61,Norton,
6mm SPINDLE 80x20mm P60 FLAP WHEEL - ALUMINIUM OXIDE,19.19,Norton,
6mm SPINDLE 80x20mm P80 FLAP WHEEL - ALUMINIUM OXIDE,19.19,Norton,
6mm SPINDLE 80x20mm P120 FLAP WHEEL - ALUMINIUM OXIDE,19.19,Norton,
6mm SPINDLE 80x20mm P150 FLAP WHEEL - ALUMINIUM OXIDE,19.19,Norton,
6mm SPINDLE 80x30mm P40 FLAP WHEEL - ALUMINIUM OXIDE,24.27,Norton,
6mm SPINDLE 80x30mm P60 FLAP WHEEL - ALUMINIUM OXIDE,24.27,Norton,
6mm SPINDLE 80x30mm P80 FLAP WHEEL - ALUMINIUM OXIDE,24.27,Norton,
6mm SPINDLE 80x30mm P120 FLAP WHEEL - ALUMINIUM OXIDE,24.27,Norton,
6mm SPINDLE 80x30mm P150 FLAP WHEEL - ALUMINIUM OXIDE,24.27,Norton,
6mm SPINDLE 80x30mm P240 FLAP WHEEL - ALUMINIUM OXIDE,24.27,Norton,
6mm SPINDLE 80x30mm P320 FLAP WHEEL - ALUMINIUM OXIDE,24.27,Norton,
6mm SPINDLE 80x40mm P60 FLAP WHEEL - ALUMINIUM OXIDE,32.06,Norton,
6mm SPINDLE 80x40mm P80 FLAP WHEEL - ALUMINIUM OXIDE,32.06,Norton,
6mm SPINDLE 80x40mm P120 FLAP WHEEL - ALUMINIUM OXIDE,32.06,Norton,
6mm SPINDLE 80x40mm P150 FLAP WHEEL - ALUMINIUM OXIDE,32.06,Norton,
6mm SPINDLE 80x40mm P240 FLAP WHEEL - ALUMINIUM OXIDE,32.06,Norton,
6mm SPINDLE 80x50mm P60 FLAP WHEEL - ALUMINIUM OXIDE,35.75,Norton,
6mm SPINDLE 80x50mm P80 FLAP WHEEL - ALUMINIUM OXIDE,35.75,Norton,
6mm SPINDLE 80x50mm P120 FLAP WHEEL - ALUMINIUM OXIDE,35.75,Norton,
6mm SPINDLE 80x50mm P150 FLAP WHEEL - ALUMINIUM OXIDE,35.75,Norton,
6mm SPINDLE 80x50mm P240 FLAP WHEEL - ALUMINIUM OXIDE,35.75,Norton,
6mm SPINDLE 80x50mm P320 FLAP WHEEL - ALUMINIUM OXIDE,35.75,Norton,
165x25x30mm P60 FLAP WHEEL - FLANGE MOUNT ALUMINIUM OXIDE,125.53,Norton,
165x25x30mm P80 FLAP WHEEL - FLANGE MOUNT ALUMINIUM OXIDE,116.53,Norton,
165x50x30mm P60 FLAP WHEEL - FLANGE MOUNT ALUMINIUM OXIDE,164.22,Norton,
165x50x30mm P80 FLAP WHEEL - FLANGE MOUNT ALUMINIUM OXIDE,190.41,Norton,
165x50x30mm P120 FLAP WHEEL - FLANGE MOUNT ALUMINIUM OXIDE,190.41,Norton,
* 25 x 25mm P60 SPIRA BAND - CERAMIC,4.76,Norton,
* 25 x 25mm P80 SPIRA BAND - CERAMIC,4.76,Norton,
* 30 x 30mm P60 SPIRA BAND - CERAMIC,5.35,Norton,
* 10 x 10mm P80 SPIRA BAND - ALUMINIUM OXIDE,2.86,Norton,
* 10 x 10mm P150 SPIRA BAND - ALUMINIUM OXIDE,2.86,Norton,
* 10 x 20mm P80 SPIRA BAND - ALUMINIUM OXIDE,4.0,Norton,
10 x 20mm P150 SPIRA BAND - ALUMINIUM OXIDE,4.0,Norton,
10 x 20mm P240 SPIRA BAND - ALUMINIUM OXIDE,4.0,Norton,
13 x 10mm P80 SPIRA BAND - ALUMINIUM OXIDE,2.7,Norton,
13 x 10mm P150 SPIRA BAND - ALUMINIUM OXIDE,2.7,Norton,
13 x 25mm P80 SPIRA BAND - ALUMINIUM OXIDE,3.81,Norton,
13 x 25mm P150 SPIRA BAND - ALUMINIUM OXIDE,3.81,Norton,
15 x 10mm P60 SPIRA BAND - ALUMINIUM OXIDE,2.7,Norton,
15 x 10mm P150 SPIRA BAND - ALUMINIUM OXIDE,2.7,Norton,
15 x 30mm P40 SPIRA BAND - ALUMINIUM OXIDE,4.0,Norton,
15 x 30mm P60 SPIRA BAND - ALUMINIUM OXIDE,4.0,Norton,
15 x 30mm P80 SPIRA BAND - ALUMINIUM OXIDE,4.0,Norton,
15 x 30mm P150 SPIRA BAND - ALUMINIUM OXIDE,4.0,Norton,
15 x 30mm P240 SPIRA BAND - ALUMINIUM OXIDE,4.0,Norton,
19 x 25mm P40 SPIRA BAND - ALUMINIUM OXIDE,4.0,Norton,
19 x 25mm P60 SPIRA BAND - ALUMINIUM OXIDE,4.0,Norton,
19 x 25mm P80 SPIRA BAND - ALUMINIUM OXIDE,4.0,Norton,
19 x 25mm P120 SPIRA BAND - ALUMINIUM OXIDE,4.0,Norton,
19 x 25mm P150 SPIRA BAND - ALUMINIUM OXIDE,4.0,Norton,
19 x 25mm P240 SPIRA BAND - ALUMINIUM OXIDE,4.0,Norton,
22 x 20mm P40 SPIRA BAND - ALUMINIUM OXIDE,2.86,Norton,
22 x 20mm P50 SPIRA BAND - ALUMINIUM OXIDE,2.86,Norton,
22 x 20mm P60 SPIRA BAND - ALUMINIUM OXIDE,2.86,Norton,
22 x 20mm P80 SPIRA BAND - ALUMINIUM OXIDE,2.86,Norton,
22 x 20mm P120 SPIRA BAND - ALUMINIUM OXIDE,2.86,Norton,
22 x 20mm P150 SPIRA BAND - ALUMINIUM OXIDE,2.86,Norton,
25 x 25mm P40 SPIRA BAND - ALUMINIUM OXIDE,3.55,Norton,
25 x 25mm P50 SPIRA BAND - ALUMINIUM OXIDE,3.55,Norton,
25 x 25mm P60 SPIRA BAND - ALUMINIUM OXIDE,3.55,Norton,
25 x 25mm P80 SPIRA BAND - ALUMINIUM OXIDE,3.55,Norton,
25 x 25mm P150 SPIRA BAND - ALUMINIUM OXIDE,3.55,Norton,
25 x 40mm P40 SPIRA BAND - ALUMINIUM OXIDE,5.24,Norton,
25 x 40mm P80 SPIRA BAND - ALUMINIUM OXIDE,5.24,Norton,
25 x 50mm P40 SPIRA BAND - ALUMINIUM OXIDE,5.24,Norton,
30 x 20mm P60 SPIRA BAND - ALUMINIUM OXIDE,3.33,Norton,
30 x 20mm P80 SPIRA BAND - ALUMINIUM OXIDE,3.33,Norton,
30 x 20mm P150 SPIRA BAND - ALUMINIUM OXIDE,3.33,Norton,
30 x 30mm P40 SPIRA BAND - ALUMINIUM OXIDE,4.67,Norton,
30 x 30mm P50 SPIRA BAND - ALUMINIUM OXIDE,4.67,Norton,
30 x 30mm P60 SPIRA BAND - ALUMINIUM OXIDE,4.67,Norton,
30 x 40mm P80 SPIRA BAND - ALUMINIUM OXIDE,5.81,Norton,
38 x 25mm P40 SPIRA BAND - ALUMINIUM OXIDE,5.87,Norton,
38 x 25mm P60 SPIRA BAND - ALUMINIUM OXIDE,5.87,Norton,
38 x 25mm P80 SPIRA BAND - ALUMINIUM OXIDE,5.87,Norton,
38 x 25mm P120 SPIRA BAND - ALUMINIUM OXIDE,5.87,Norton,
38 x 40mm P40 SPIRA BAND - ALUMINIUM OXIDE,5.87,Norton,
38 x 40mm P80 SPIRA BAND - ALUMINIUM OXIDE,5.87,Norton,
45 x 30mm P40 SPIRA BAND - ALUMINIUM OXIDE,6.26,Norton,
45 x 30mm P50 SPIRA BAND - ALUMINIUM OXIDE,6.26,Norton,
45 x 30mm P60 SPIRA BAND - ALUMINIUM OXIDE,6.26,Norton,
45 x 30mm P80 SPIRA BAND - ALUMINIUM OXIDE,6.26,Norton,
51 x 25mm P40 SPIRA BAND - ALUMINIUM OXIDE,6.55,Norton,
51 x 25mm P60 SPIRA BAND - ALUMINIUM OXIDE,6.55,Norton,
51 x 25mm P80 SPIRA BAND - ALUMINIUM OXIDE,6.55,Norton,
51 x 25mm P150 SPIRA BAND - ALUMINIUM OXIDE,6.55,Norton,
* 51 x 40mm P80 SPIRA BAND - ALUMINIUM OXIDE,6.55,Norton,
51 x 40mm P120 SPIRA BAND - ALUMINIUM OXIDE,6.55,Norton,
60 x 30mm P40 SPIRA BAND - ALUMINIUM OXIDE,7.67,Norton,
60 x 30mm P60 SPIRA BAND - ALUMINIUM OXIDE,7.67,Norton,
60 x 30mm P80 SPIRA BAND - ALUMINIUM OXIDE,7.67,Norton,
75 x 30mm P40 SPIRA BAND - ALUMINIUM OXIDE,8.89,Norton,
75 x 30mm P60 SPIRA BAND - ALUMINIUM OXIDE,8.89,Norton,
75 x 30mm P80 SPIRA BAND - ALUMINIUM OXIDE,8.89,Norton,
6mm SPINDLE 10x20 SPIRA BAND MANDREL,76.12,Norton,
6mm SPINDLE 13x10 SPIRA BAND MANDREL,50.15,Norton,
6mm SPINDLE 13x25 SPIRA BAND MANDREL,76.06,Norton,
6mm SPINDLE 15x10 SPIRA BAND MANDREL,50.15,Norton,
6mm SPINDLE 15x30 SPIRA BAND MANDREL,76.06,Norton,
6mm SPINDLE 19x25 SPIRA BAND MANDREL,80.19,Norton,
6mm SPINDLE 22x20 SPIRA BAND MANDREL,63.17,Norton,
6mm SPINDLE 25x25 SPIRA BAND MANDREL,85.49,Norton,
6mm SPINDLE 30x20 SPIRA BAND MANDREL,68.95,Norton,
6mm SPINDLE 30x30 SPIRA BAND MANDREL,76.06,Norton,
6mm SPINDLE 38x25 SPIRA BAND MANDREL,87.52,Norton,
6mm SPINDLE 45x30 SPIRA BAND MANDREL,87.21,Norton,
6mm SPINDLE 51x25 SPIRA BAND MANDREL,105.09,Norton,
6mm SPINDLE 60x30 SPIRA BAND MANDREL,112.0,Norton,
8mm SPINDLE 75x30 SPIRA BAND MANDREL,123.2,Norton,
80mm x NH - P1500 BLUE ICE SPEED-GRIP FOAM DISCS Q255,4.38,Norton,
80mm x NH - P2000 FUCHSIA ICE SPEED-GRIP FOAM DISCS Q255,4.38,Norton,
80mm x NH - P3000 GREEN ICE SPEED-GRIP FOAM DISCS Q255,4.38,Norton,
150mm x NH - P1500 BLUE ICE SPEED-GRIP FOAM DISCS Q255,8.85,Norton,
150mm x NH - P2000 FUCHSIA ICE SPEED-GRIP FOAM DISCS Q255,8.85,Norton,
150mm x NH - P3000 GREEN ICE SPEED-GRIP FOAM DISCS Q255,8.85,Norton,
* 76mm x NH - P800 BLACK PURE ICE SPEED-GRIP FILM DISCS Q175,2.51,Norton,
* 76mm x NH - P1000 RED PURE ICE SPEED-GRIP FILM DISCS Q175,2.51,Norton,
* 76mm x NH - P1200 GREEN PURE ICE SPEED-GRIP FILM DISCS Q175,2.51,Norton,
* 76mm x NH - P1500 BLUE PURE ICE SPEED-GRIP FILM DISCS Q175,2.51,Norton,
* 150mm x NH - P800 BLACK PURE ICE SPEED-GRIP FILM DISCS Q175,4.55,Norton,
* 150mm x NH - P1000 RED PURE ICE SPEED-GRIP FILM DISCS Q175,4.55,Norton,
* 150mm x NH - P1200 GREEN PURE ICE SPEED-GRIP FILM DISCS Q175,4.55,Norton,
* 150mm x NH - P1500 BLUE PURE ICE SPEED-GRIP FILM DISCS Q175,4.55,Norton,
150mm - P80 NO-FIL MESH CERAMIC DISC M920,3.27,Norton,
150mm - P120 NO-FIL MESH CERAMIC DISC M920,3.09,Norton,
150mm - P180 NO-FIL MESH CERAMIC DISC M920,3.09,Norton,
150mm - P240 NO-FIL MESH CERAMIC DISC M920,3.09,Norton,
150mm - P320 NO-FIL MESH CERAMIC DISC M920,3.09,Norton,
150mm - P400 NO-FIL MESH CERAMIC DISC M920,3.09,Norton,
178mm - P80 NO-FIL MESH CERAMIC DISC M920,5.91,Norton,
178mm - P100 NO-FIL MESH CERAMIC DISC M920,5.51,Norton,
178mm - P120 NO-FIL MESH CERAMIC DISC M920,5.53,Norton,
203mm - P80 NO-FIL MESH CERAMIC DISC M920,6.91,Norton,
203mm - P100 NO-FIL MESH CERAMIC DISC M920,6.28,Norton,
203mm - P120 NO-FIL MESH CERAMIC DISC M920,6.35,Norton,
125mm - P80 BLAZE MULTI-AIR CYCLONIC CERAMIC 125mm NO-FIL SPEED-GRIP DISCS A995,2.6,Norton,
125mm - P100 BLAZE MULTI-AIR CYCLONIC CERAMIC 125mm NO-FIL SPEED-GRIP DISCS A995,2.6,Norton,
125mm - P120 BLAZE MULTI-AIR CYCLONIC CERAMIC 125mm NO-FIL SPEED-GRIP DISCS A995,2.6,Norton,
125mm - P150 BLAZE MULTI-AIR CYCLONIC CERAMIC 125mm NO-FIL SPEED-GRIP DISCS A995,2.6,Norton,
125mm - P180 BLAZE MULTI-AIR CYCLONIC CERAMIC 125mm NO-FIL SPEED-GRIP DISCS A995,2.6,Norton,
150mm - P40 BLAZE MULTI-AIR CYCLONIC CERAMIC 150mm NO-FIL SPEED-GRIP DISCS A995,4.55,Norton,
150mm - P80 BLAZE MULTI-AIR CYCLONIC CERAMIC 150mm NO-FIL SPEED-GRIP DISCS A995,3.32,Norton,
150mm - P100 BLAZE MULTI-AIR CYCLONIC CERAMIC 150mm NO-FIL SPEED-GRIP DISCS A995,3.32,Norton,
150mm - P120 BLAZE MULTI-AIR CYCLONIC CERAMIC 150mm NO-FIL SPEED-GRIP DISCS A995,3.32,Norton,
150mm - P150 BLAZE MULTI-AIR CYCLONIC CERAMIC 150mm NO-FIL SPEED-GRIP DISCS A995,3.32,Norton,
150mm - P180 BLAZE MULTI-AIR CYCLONIC CERAMIC 150mm NO-FIL SPEED-GRIP DISCS A995,3.32,Norton,
150mm - P220 BLAZE MULTI-AIR CYCLONIC CERAMIC 150mm NO-FIL SPEED-GRIP DISCS A995,3.32,Norton,
76mm - P80 MULTI-AIR CYCLONIC CERAMIC NO-FIL SPEED-GRIP DISCS A975,1.69,Norton,
76mm - P120 MULTI-AIR CYCLONIC CERAMIC NO-FIL SPEED-GRIP DISCS A975,1.69,Norton,
76mm - P150 MULTI-AIR CYCLONIC CERAMIC NO-FIL SPEED-GRIP DISCS A975,1.69,Norton,
76mm - P180 MULTI-AIR CYCLONIC CERAMIC NO-FIL SPEED-GRIP DISCS A975,1.6,Norton,
76mm - P240 MULTI-AIR CYCLONIC CERAMIC NO-FIL SPEED-GRIP DISCS A975,1.6,Norton,
76mm - P320 MULTI-AIR CYCLONIC CERAMIC NO-FIL SPEED-GRIP DISCS A975,1.6,Norton,
^ 76mm - P400 MULTI-AIR CYCLONIC CERAMIC NO-FIL SPEED-GRIP DISCS A975,1.6,Norton,
^ 76mm - P500 MULTI-AIR CYCLONIC CERAMIC NO-FIL SPEED-GRIP DISCS A975,1.6,Norton,
^ 76mm - P600 MULTI-AIR CYCLONIC CERAMIC NO-FIL SPEED-GRIP DISCS A975,1.6,Norton,
^ 76mm - P800 MULTI-AIR CYCLONIC CERAMIC NO-FIL SPEED-GRIP DISCS A975,1.6,Norton,
^ 76mm - P1000 MULTI-AIR CYCLONIC CERAMIC NO-FIL SPEED-GRIP DISCS A975,1.6,Norton,
150mm - P80 MULTI-AIR CYCLONIC CERAMIC NO-FIL SPEED-GRIP DISCS A975,2.44,Norton,
150mm - P120 MULTI-AIR CYCLONIC CERAMIC NO-FIL SPEED-GRIP DISCS A975,2.44,Norton,
150mm - P150 MULTI-AIR CYCLONIC CERAMIC NO-FIL SPEED-GRIP DISCS A975,2.44,Norton,
150mm - P180 MULTI-AIR CYCLONIC CERAMIC NO-FIL SPEED-GRIP DISCS A975,2.44,Norton,
150mm - P240 MULTI-AIR CYCLONIC CERAMIC NO-FIL SPEED-GRIP DISCS A975,2.26,Norton,
150mm - P320 MULTI-AIR CYCLONIC CERAMIC NO-FIL SPEED-GRIP DISCS A975,2.26,Norton,
150mm - P400 MULTI-AIR CYCLONIC CERAMIC NO-FIL SPEED-GRIP DISCS A975,2.26,Norton,
150mm - P500 MULTI-AIR CYCLONIC CERAMIC NO-FIL SPEED-GRIP DISCS A975,2.26,Norton,
150mm - P600 MULTI-AIR CYCLONIC CERAMIC NO-FIL SPEED-GRIP DISCS A975,2.26,Norton,
150mm - P800 MULTI-AIR CYCLONIC CERAMIC NO-FIL SPEED-GRIP DISCS A975,2.26,Norton,
150mm - P1000 MULTI-AIR CYCLONIC CERAMIC NO-FIL SPEED-GRIP DISCS A975,2.26,Norton,
150mm - P320 SALMON MULTI-AIR PLUS CERAMIC NO-FIL SOFT TOUCH DISCS A975,3.46,Norton,
150mm - P1000 WHITE MULTI-AIR PLUS CERAMIC NO-FIL SOFT TOUCH DISCS A975,3.46,Norton,
* 150mm x 14+1H - P120 DRY ICE SPEED-GRIP DISCS A975 (CERAMIC),2.13,Norton,
* 150mm x 14+1H - P150 DRY ICE SPEED-GRIP DISCS A975 (CERAMIC),2.13,Norton,
* 150mm x 14+1H - P180 DRY ICE SPEED-GRIP DISCS A975 (CERAMIC),2.13,Norton,
* 150mm x 14+1H - P240 DRY ICE SPEED-GRIP DISCS A975 (CERAMIC),2.07,Norton,
* 150mm x 14+1H - P320 DRY ICE SPEED-GRIP DISCS A975 (CERAMIC),2.07,Norton,
* 150mm x 14+1H - P400 DRY ICE SPEED-GRIP DISCS A975 (CERAMIC),2.07,Norton,
* 150mm x 14+1H - P500 DRY ICE SPEED-GRIP DISCS A975 (CERAMIC),2.07,Norton,
* 150mm x 14+1H - P600 DRY ICE SPEED-GRIP DISCS A975 (CERAMIC),2.07,Norton,
* 150mm x 14+1H - P800 DRY ICE SPEED-GRIP DISCS A975 (CERAMIC),2.07,Norton,
150mm x NH - Z36E BLUE FIRE NORZON SPEED-GRIP DISCS H875P (Formerly Blue Mag),4.14,Norton,
150mm x NH - Z40E BLUE FIRE NORZON SPEED-GRIP DISCS H875P (Formerly Blue Mag),4.14,Norton,
150mm x NH - Z80E BLUE FIRE NORZON SPEED-GRIP DISCS H875P (Formerly Blue Mag),3.91,Norton,
200mm x NH - Z36E BLUE FIRE NORZON SPEED-GRIP DISCS H875P (Formerly Blue Mag),5.79,Norton,
^ 200mm x NH - Z40E BLUE FIRE NORZON SPEED-GRIP DISCS H875P (Formerly Blue Mag),5.79,Norton,
200mm x NH - Z80E BLUE FIRE NORZON SPEED-GRIP DISCS H875P (Formerly Blue Mag),5.58,Norton,
^ 200mm x 8H - Z36E BLUE FIRE NORZON SPEED-GRIP DISCS H875P (Formerly Blue Mag),5.79,Norton,
^ 200mm x 8H - Z40E BLUE FIRE NORZON SPEED-GRIP DISCS H875P (Formerly Blue Mag),5.79,Norton,
^ 200mm x 8H - Z80E BLUE FIRE NORZON SPEED-GRIP DISCS H875P (Formerly Blue Mag),5.58,Norton,
150mm x 14+1H - P80 AZURE FILM SPEED-GRIP DISCS Q216,2.24,Norton,
150mm x 14+1H - P120 AZURE FILM SPEED-GRIP DISCS Q216,2.24,Norton,
150mm x 14+1H - P150 AZURE FILM SPEED-GRIP DISCS Q216,2.24,Norton,
150mm x 14+1H - P180 AZURE FILM SPEED-GRIP DISCS Q216,2.24,Norton,
150mm x 14+1H - P240 AZURE FILM SPEED-GRIP DISCS Q216,2.24,Norton,
150mm x 14+1H - P320 AZURE FILM SPEED-GRIP DISCS Q216,2.24,Norton,
150mm x 14+1H - P400 AZURE FILM SPEED-GRIP DISCS Q216,2.24,Norton,
150mm x 14+1H - P500 AZURE FILM SPEED-GRIP DISCS Q216,2.24,Norton,
150mm x 14+1H - P600 AZURE FILM SPEED-GRIP DISCS Q216,2.24,Norton,
150mm x 14+1H - P800 AZURE FILM SPEED-GRIP DISCS Q216,2.24,Norton,
150mm x 14+1H - P1000 AZURE FILM SPEED-GRIP DISCS Q216,2.24,Norton,
150mm x 14+1H - P1200 AZURE FILM SPEED-GRIP DISCS Q216,2.24,Norton,
150mm x 14+1H - P1500 AZURE FILM SPEED-GRIP DISCS Q216,2.24,Norton,
80mm x NH - P80 NO-FIL SPEED-GRIP DISCS A275,1.48,Norton,
80mm x NH - P120 NO-FIL SPEED-GRIP DISCS A275,1.48,Norton,
80mm x NH - P150 NO-FIL SPEED-GRIP DISCS A275,1.48,Norton,
80mm x NH - P180 NO-FIL SPEED-GRIP DISCS A275,1.48,Norton,
80mm x NH - P240 NO-FIL SPEED-GRIP DISCS A275,1.48,Norton,
80mm x NH - P320 NO-FIL SPEED-GRIP DISCS A275,1.48,Norton,
80mm x NH - P400 NO-FIL SPEED-GRIP DISCS A275,1.48,Norton,
80mm x NH - P600 NO-FIL SPEED-GRIP DISCS A275,1.48,Norton,
80mm x NH - P800 NO-FIL SPEED-GRIP DISCS A275,1.48,Norton,
80mm x NH - P1200 NO-FIL SPEED-GRIP DISCS A275,1.48,Norton,
80mm x NH - P1500 NO-FIL SPEED-GRIP DISCS A275,1.48,Norton,
150mm x NH - P80 NO-FIL SPEED-GRIP DISCS A275,1.88,Norton,
150mm x NH - P120 NO-FIL SPEED-GRIP DISCS A275,1.88,Norton,
150mm x NH - P180 NO-FIL SPEED-GRIP DISCS A275,1.88,Norton,
150mm x NH - P240 NO-FIL SPEED-GRIP DISCS A275,1.88,Norton,
150mm x NH - P320 NO-FIL SPEED-GRIP DISCS A275,1.88,Norton,
150mm x NH - P600 NO-FIL SPEED-GRIP DISCS A275,1.88,Norton,
150mm x NH - P800 NO-FIL SPEED-GRIP DISCS A275,1.88,Norton,
150mm x NH - P1200 NO-FIL SPEED-GRIP DISCS A275,1.88,Norton,
^ 150mm x NH - P1500 NO-FIL SPEED-GRIP DISCS A275,1.88,Norton,
150mm x 6+1H - P80 NO-FIL SPEED-GRIP DISCS A275,1.88,Norton,
150mm x 6+1H - P120 NO-FIL SPEED-GRIP DISCS A275,1.88,Norton,
150mm x 6+1H - P150 NO-FIL SPEED-GRIP DISCS A275,1.88,Norton,
150mm x 6+1H - P180 NO-FIL SPEED-GRIP DISCS A275,1.88,Norton,
150mm x 6+1H - P240 NO-FIL SPEED-GRIP DISCS A275,1.88,Norton,
150mm x 6+1H - P320 NO-FIL SPEED-GRIP DISCS A275,1.88,Norton,
150mm x 6+1H - P400 NO-FIL SPEED-GRIP DISCS A275,1.88,Norton,
150mm x 6+1H - P500 NO-FIL SPEED-GRIP DISCS A275,1.88,Norton,
150mm x 6+1H - P600 NO-FIL SPEED-GRIP DISCS A275,1.88,Norton,
150mm x 6+1H - P800 NO-FIL SPEED-GRIP DISCS A275,1.88,Norton,
150mm x 6+1H - P1200 NO-FIL SPEED-GRIP DISCS A275,1.88,Norton,
150mm x 6+1H - P1500 NO-FIL SPEED-GRIP DISCS A275,1.88,Norton,
150mm x 8+1H - P80 NO-FIL SPEED-GRIP DISCS A275,1.88,Norton,
150mm x 8+1H - P120 NO-FIL SPEED-GRIP DISCS A275,1.88,Norton,
150mm x 8+1H - P150 NO-FIL SPEED-GRIP DISCS A275,1.88,Norton,
150mm x 8+1H - P180 NO-FIL SPEED-GRIP DISCS A275,1.88,Norton,
150mm x 8+1H - P240 NO-FIL SPEED-GRIP DISCS A275,1.88,Norton,
150mm x 8+1H - P320 NO-FIL SPEED-GRIP DISCS A275,1.88,Norton,
150mm x 8+1H - P400 NO-FIL SPEED-GRIP DISCS A275,1.88,Norton,
150mm x 8+1H - P500 NO-FIL SPEED-GRIP DISCS A275,1.88,Norton,
150mm x 8+1H - P600 NO-FIL SPEED-GRIP DISCS A275,1.88,Norton,
150mm x 8+1H - P800 NO-FIL SPEED-GRIP DISCS A275,1.88,Norton,
* 150mm x 8+1H - P1200 NO-FIL SPEED-GRIP DISCS A275,1.88,Norton,
150mm x 14+1H - P80 NO-FIL SPEED-GRIP DISCS A275,1.88,Norton,
150mm x 14+1H - P120 NO-FIL SPEED-GRIP DISCS A275,1.88,Norton,
150mm x 14+1H - P150 NO-FIL SPEED-GRIP DISCS A275,1.88,Norton,
150mm x 14+1H - P180 NO-FIL SPEED-GRIP DISCS A275,1.88,Norton,
150mm x 14+1H - P240 NO-FIL SPEED-GRIP DISCS A275,1.88,Norton,
150mm x 14+1H - P320 NO-FIL SPEED-GRIP DISCS A275,1.88,Norton,
150mm x 14+1H - P400 NO-FIL SPEED-GRIP DISCS A275,1.88,Norton,
150mm x 14+1H - P500 NO-FIL SPEED-GRIP DISCS A275,1.88,Norton,
150mm x 14+1H - P600 NO-FIL SPEED-GRIP DISCS A275,1.88,Norton,
150mm x 14+1H - P800 NO-FIL SPEED-GRIP DISCS A275,1.88,Norton,
150mm x 14+1H - P1200 NO-FIL SPEED-GRIP DISCS A275,1.88,Norton,
150mm x 14+1H - P1500 NO-FIL SPEED-GRIP DISCS A275,1.88,Norton,
150mm x NH E2A-DD C60 ASTRA SPEED GRIP DISCS,3.18,Norton,
150mm x NH E2A-DD C80 ASTRA SPEED GRIP DISCS,3.1,Norton,
150mm x NH D2A-DD C120 ASTRA SPEED GRIP DISCS,2.9,Norton,
^ 150mm x NH D2A-DD C180 ASTRA SPEED GRIP DISCS,2.9,Norton,
^ 150mm x NH C2A-DD C320 ASTRA SPEED GRIP DISCS,2.9,Norton,
^ 150mm x 6+1H E2A-DD C80 ASTRA SPEED GRIP DISCS,3.1,Norton,
^ 150mm x 6+1H D2A-D C120 ASTRA SPEED GRIP DISCS,2.83,Norton,
^ 150mm x 6+1H D2A-DD C120 ASTRA SPEED GRIP DISCS,2.9,Norton,
^ 150mm x 6+1H D2A-DD C180 ASTRA SPEED GRIP DISCS,2.9,Norton,
^ 150mm x 6+1H C2A-DD C320 ASTRA SPEED GRIP DISCS,2.9,Norton,
^ 150mm x 8+1H E2A-DD C80 ASTRA SPEED GRIP DISCS,3.1,Norton,
^ 150mm x 8+1H D2A-DD C180 ASTRA SPEED GRIP DISCS,2.9,Norton,
^ 150mm x 8+1H C2A-DD C320 ASTRA SPEED GRIP DISCS,2.9,Norton,
^ 200mm x NH E2A-D C60 ASTRA SPEED GRIP DISCS,6.0,Norton,
^ 200mm x NH E2A-D C80 ASTRA SPEED GRIP DISCS,5.78,Norton,
^ 200mm x NH D2A-D C120 ASTRA SPEED GRIP DISCS,5.63,Norton,
^ 200mm x NH C2A-DD C320 ASTRA SPEED GRIP DISCS,5.89,Norton,
^ 200mm x 8H D2A-DD C120 ASTRA SPEED GRIP DISCS,5.89,Norton,
^ 200mm x 8H D2A-DD C180 ASTRA SPEED GRIP DISCS,5.89,Norton,
125mm x NH A297 P80 NO-FIL SPEED-GRIP DISCS,1.68,Norton,
125mm x NH A297 P120 NO-FIL SPEED-GRIP DISCS,1.68,Norton,
125mm x NH A297 P180 NO-FIL SPEED-GRIP DISCS,1.68,Norton,
125mm x NH A297 P240 NO-FIL SPEED-GRIP DISCS,1.68,Norton,
125mm x NH A297 P320 NO-FIL SPEED-GRIP DISCS,1.68,Norton,
125mm x 8H H233 P40 NO-FIL SPEED-GRIP DISCS,2.29,Norton,
125mm x 8H H233 P60 NO-FIL SPEED-GRIP DISCS,2.1,Norton,
125mm x 8H A297 P80 NO-FIL SPEED-GRIP DISCS,1.68,Norton,
125mm x 8H A297 P100 NO-FIL SPEED-GRIP DISCS,1.68,Norton,
125mm x 8H A297 P120 NO-FIL SPEED-GRIP DISCS,1.68,Norton,
125mm x 8H A297 P150 NO-FIL SPEED-GRIP DISCS,1.68,Norton,
125mm x 8H A297 P180 NO-FIL SPEED-GRIP DISCS,1.68,Norton,
125mm x 8H A297 P240 NO-FIL SPEED-GRIP DISCS,1.68,Norton,
125mm x 8H A297 P320 NO-FIL SPEED-GRIP DISCS,1.68,Norton,
125mm x 8H A297 P400 NO-FIL SPEED-GRIP DISCS,1.68,Norton,
150mm x NH H233 P40 NO-FIL SPEED-GRIP DISCS,2.72,Norton,
150mm x NH H233 P60 NO-FIL SPEED-GRIP DISCS,2.72,Norton,
150mm x NH A297 P80 NO-FIL SPEED-GRIP DISCS,1.56,Norton,
150mm x NH A297 P100 NO-FIL SPEED-GRIP DISCS,1.56,Norton,
150mm x NH A297 P120 NO-FIL SPEED-GRIP DISCS,1.56,Norton,
150mm x NH A297 P150 NO-FIL SPEED-GRIP DISCS,1.56,Norton,
150mm x NH A297 P180 NO-FIL SPEED-GRIP DISCS,1.56,Norton,
150mm x NH A297 P240 NO-FIL SPEED-GRIP DISCS,1.56,Norton,
150mm x NH A297 P320 NO-FIL SPEED-GRIP DISCS,1.56,Norton,
150mm x NH A297 P400 NO-FIL SPEED-GRIP DISCS,1.56,Norton,
150mm x 6+1H H233 P36 NO-FIL SPEED-GRIP DISCS,2.72,Norton,
150mm x 6+1H H233 P40 NO-FIL SPEED-GRIP DISCS,2.72,Norton,
150mm x 6+1H H233 P60 NO-FIL SPEED-GRIP DISCS,2.72,Norton,
150mm x 6+1H A297 P80 NO-FIL SPEED-GRIP DISCS,1.56,Norton,
150mm x 6+1H A297 P100 NO-FIL SPEED-GRIP DISCS,1.56,Norton,
150mm x 6+1H A297 P120 NO-FIL SPEED-GRIP DISCS,1.56,Norton,
150mm x 6+1H A297 P150 NO-FIL SPEED-GRIP DISCS,1.56,Norton,
150mm x 6+1H A297 P180 NO-FIL SPEED-GRIP DISCS,1.56,Norton,
150mm x 6+1H A297 P240 NO-FIL SPEED-GRIP DISCS,1.56,Norton,
150mm x 6+1H A297 P320 NO-FIL SPEED-GRIP DISCS,1.56,Norton,
150mm x 6+1H A297 P400 NO-FIL SPEED-GRIP DISCS,1.56,Norton,
150mm x 8+1H A297 P60 NO-FIL SPEED-GRIP DISCS,2.72,Norton,
150mm x 8+1H A297 P80 NO-FIL SPEED-GRIP DISCS,1.56,Norton,
* 150mm x 8+1H A297 P100 NO-FIL SPEED-GRIP DISCS,1.56,Norton,
150mm x 8+1H A297 P120 NO-FIL SPEED-GRIP DISCS,1.56,Norton,
150mm x 8+1H A297 P150 NO-FIL SPEED-GRIP DISCS,1.56,Norton,
150mm x 8+1H A297 P180 NO-FIL SPEED-GRIP DISCS,1.56,Norton,
150mm x 8+1H A297 P240 NO-FIL SPEED-GRIP DISCS,1.56,Norton,
150mm x 8+1H A297 P320 NO-FIL SPEED-GRIP DISCS,1.56,Norton,
* 150mm x 8+1H A297 P400 NO-FIL SPEED-GRIP DISCS,1.56,Norton,
150mm x 14+1H H233 P36 NO-FIL SPEED-GRIP DISC,2.72,Norton,
150mm x 14+1H H233 P40 NO-FIL SPEED-GRIP DISC,2.72,Norton,
150mm x 14+1H H233 P60 NO-FIL SPEED-GRIP DISC,2.72,Norton,
200mm x NH H233 P36 NO-FIL SPEED-GRIP DISCS,4.74,Norton,
200mm x NH A297 P80 NO-FIL SPEED-GRIP DISCS,3.31,Norton,
200mm x NH A297 P120 NO-FIL SPEED-GRIP DISCS,3.31,Norton,
200mm x NH A297 P180 NO-FIL SPEED-GRIP DISCS,3.31,Norton,
200mm x 8H H233 P36 NO-FIL SPEED-GRIP DISCS,4.74,Norton,
200mm x 8H H233 P40 NO-FIL SPEED-GRIP DISCS,4.62,Norton,
200mm x 8H H233 P60 NO-FIL SPEED-GRIP DISCS,3.91,Norton,
200mm x 8H A297 P80 NO-FIL SPEED-GRIP DISCS,3.31,Norton,
200mm x 8H A297 P120 NO-FIL SPEED-GRIP DISCS,3.31,Norton,
200mm x 8H A297 P180 NO-FIL SPEED-GRIP DISCS,3.31,Norton,
200mm x 8H A297 P240 NO-FIL SPEED-GRIP DISCS,3.31,Norton,
200mm x 8H A297 P320 NO-FIL SPEED-GRIP DISCS,3.31,Norton,
150mm x 14+1H - P80 AMBER NO-FIL SPEED-GRIP DISCS A293,1.34,Norton,
150mm x 14+1H - P120 AMBER NO-FIL SPEED-GRIP DISCS A293,1.34,Norton,
150mm x 14+1H - P180 AMBER NO-FIL SPEED-GRIP DISCS A293,1.34,Norton,
150mm x 14+1H - P240 AMBER NO-FIL SPEED-GRIP DISCS A293,1.34,Norton,
150mm x 14+1H - P320 AMBER NO-FIL SPEED-GRIP DISCS A293,1.34,Norton,
150mm x 14+1H - P400 AMBER NO-FIL SPEED-GRIP DISCS A293,1.34,Norton,
150mm x 14+1H - P500 AMBER NO-FIL SPEED-GRIP DISCS A293,1.34,Norton,
150mm x 14+1H - P600 AMBER NO-FIL SPEED-GRIP DISCS A293,1.34,Norton,
125mm x NH H231 P40 ADALOX SPEED-GRIP DISCS,1.68,Norton,
125mm x NH H231 P60 ADALOX SPEED-GRIP DISCS,1.56,Norton,
125mm x NH H231 P80 ADALOX SPEED-GRIP DISCS,1.48,Norton,
125mm x NH H231 P120 ADALOX SPEED-GRIP DISCS,1.48,Norton,
125mm x NH H231 P180 ADALOX SPEED-GRIP DISCS,1.48,Norton,
125mm x NH H231 P240 ADALOX SPEED-GRIP DISCS,1.48,Norton,
125mm x 8H H231 P40 ADALOX SPEED-GRIP DISCS,1.68,Norton,
125mm x 8H H231 P60 ADALOX SPEED-GRIP DISCS,1.56,Norton,
125mm x 8H H231 P80 ADALOX SPEED-GRIP DISCS,1.48,Norton,
125mm x 8H H231 P100 ADALOX SPEED-GRIP DISCS,1.48,Norton,
125mm x 8H H231 P120 ADALOX SPEED-GRIP DISCS,1.48,Norton,
125mm x 8H H231 P180 ADALOX SPEED-GRIP DISCS,1.48,Norton,
125mm x 8H H231 P240 ADALOX SPEED-GRIP DISCS,1.48,Norton,
150mm x NH H231 P40 ADALOX SPEED-GRIP DISCS,2.29,Norton,
150mm x NH H231 P60 ADALOX SPEED-GRIP DISCS,2.17,Norton,
150mm x NH H231 P80 ADALOX SPEED-GRIP DISCS,2.01,Norton,
150mm x NH H231 P120 ADALOX SPEED-GRIP DISCS,2.01,Norton,
150mm x NH H231 P180 ADALOX SPEED-GRIP DISCS,2.01,Norton,
150mm x NH H231 P240 ADALOX SPEED-GRIP DISCS,2.01,Norton,
150mm x 6+1H H231 P40 ADALOX SPEED-GRIP DISCS,2.29,Norton,
150mm x 6+1H H231 P60 ADALOX SPEED-GRIP DISCS,2.17,Norton,
150mm x 6+1H H231 P80 ADALOX SPEED-GRIP DISCS,2.01,Norton,
150mm x 6+1H H231 P100 ADALOX SPEED-GRIP DISCS,2.01,Norton,
150mm x 6+1H H231 P120 ADALOX SPEED-GRIP DISCS,2.01,Norton,
150mm x 6+1H H231 P150 ADALOX SPEED-GRIP DISCS,2.01,Norton,
150mm x 6+1H H231 P180 ADALOX SPEED-GRIP DISCS,2.01,Norton,
150mm x 6+1H H231 P240 ADALOX SPEED-GRIP DISCS,2.01,Norton,
150mm x 8+1H H231 P40 ADALOX SPEED-GRIP DISCS,2.29,Norton,
150mm x 8+1H H231 P60 ADALOX SPEED-GRIP DISCS,2.17,Norton,
150mm x 8+1H H231 P80 ADALOX SPEED-GRIP DISCS,2.01,Norton,
* 150mm x 8+1H H231 P100 ADALOX SPEED-GRIP DISCS,2.01,Norton,
150mm x 8+1H H231 P120 ADALOX SPEED-GRIP DISCS,2.01,Norton,
150mm x 8+1H H231 P180 ADALOX SPEED-GRIP DISCS,2.01,Norton,
180mm x NH H231 P40 ADALOX SPEED-GRIP DISCS,3.41,Norton,
180mm x NH H231 P60 ADALOX SPEED-GRIP DISCS,3.31,Norton,
180mm x NH H231 P80 ADALOX SPEED-GRIP DISCS,2.91,Norton,
180mm x NH H231 P120 ADALOX SPEED-GRIP DISCS,2.91,Norton,
* 180mm x NH H231 P180 ADALOX SPEED-GRIP DISCS,2.91,Norton,
200mm x NH H231 P40 ADALOX SPEED-GRIP DISCS,3.91,Norton,
200mm x NH H231 P60 ADALOX SPEED-GRIP DISCS,3.51,Norton,
200mm x NH H231 P80 ADALOX SPEED-GRIP DISCS,3.31,Norton,
230mm x NH H231 P40 ADALOX SPEED-GRIP DISCS,6.39,Norton,
230mm x NH H231 P60 ADALOX SPEED-GRIP DISCS,5.58,Norton,
230mm x NH H231 P80 ADALOX SPEED-GRIP DISCS,5.06,Norton,
230mm x NH H231 P120 ADALOX SPEED-GRIP DISCS,4.97,Norton,
305mm x NH H231 P40 ADALOX SPEED-GRIP DISCS,10.59,Norton,
305mm x NH H231 P60 ADALOX SPEED-GRIP DISCS,9.08,Norton,
305mm x NH H231 P80 ADALOX SPEED-GRIP DISCS,8.54,Norton,
305mm x NH H231 P120 ADALOX SPEED-GRIP DISCS,8.14,Norton,
225mm x MH P120 DRY WALL SANDING DISCS,5.83,Norton,
225mm x MH P150 DRY WALL SANDING DISCS,5.83,Norton,
225mm x MH P180 DRY WALL SANDING DISCS,5.83,Norton,
225mm x MH P220 DRY WALL SANDING DISCS,5.83,Norton,
* 150mm x NH H875P Z36 BLUE MAG NORZON STICK’N’SAND DISCS H875P,3.41,Norton,
* 200mm x NH H875P Z36 BLUE MAG NORZON STICK’N’SAND DISCS H875P,4.55,Norton,
* 200mm x NH H875P Z40 BLUE MAG NORZON STICK’N’SAND DISCS H875P,4.55,Norton,
* 200mm x NH H875P Z80 BLUE MAG NORZON STICK’N’SAND DISCS H875P,4.34,Norton,
150mm x NH A275 P80 NO-FIL STICK ‘N’ SAND DISC ROLLS 100 DISCS PER ROLL,153.98,Norton,
150mm x NH A275 P100 NO-FIL STICK ‘N’ SAND DISC ROLLS 100 DISCS PER ROLL,134.57,Norton,
150mm x NH A275 P120 NO-FIL STICK ‘N’ SAND DISC ROLLS 100 DISCS PER ROLL,134.57,Norton,
150mm x NH A275 P180 NO-FIL STICK ‘N’ SAND DISC ROLLS 100 DISCS PER ROLL,121.11,Norton,
150mm x NH A275 P240 NO-FIL STICK ‘N’ SAND DISC ROLLS 100 DISCS PER ROLL,121.11,Norton,
150mm x NH H233 P36 NO-FIL STICK ‘N’ SAND DISCS,2.01,Norton,
150mm x NH H233 P40 NO-FIL STICK ‘N’ SAND DISCS,1.8,Norton,
150mm x NH H233 P60 NO-FIL STICK ‘N’ SAND DISCS,1.8,Norton,
150mm x NH A297 P80 NO-FIL STICK ‘N’ SAND DISCS,1.35,Norton,
150mm x NH A297 P100 NO-FIL STICK ‘N’ SAND DISCS,1.35,Norton,
150mm x NH A297 P120 NO-FIL STICK ‘N’ SAND DISCS,1.35,Norton,
150mm x NH A297 P150 NO-FIL STICK ‘N’ SAND DISCS,1.35,Norton,
150mm x NH A297 P180 NO-FIL STICK ‘N’ SAND DISCS,1.35,Norton,
150mm x NH A297 P240 NO-FIL STICK ‘N’ SAND DISCS,1.35,Norton,
150mm x NH A297 P320 NO-FIL STICK ‘N’ SAND DISCS,1.35,Norton,
150mm x NH A297 P400 NO-FIL STICK ‘N’ SAND DISCS,1.35,Norton,
^ 200mm x NH H233 P60 NO-FIL STICK ‘N’ SAND DISCS,3.51,Norton,
70x198mm A975 P320 MULTI-AIR PLUS CERAMIC NO-FIL SPEED-GRIP SHEETS,2.01,Norton,
* 115x230mm A975 P180 MULTI-AIR PLUS CERAMIC NO-FIL SPEED-GRIP SHEETS,2.91,Norton,
* 115x230mm A975 P240 MULTI-AIR PLUS CERAMIC NO-FIL SPEED-GRIP SHEETS,2.91,Norton,
115x230mm A975 P320 MULTI-AIR PLUS CERAMIC NO-FIL SPEED-GRIP SHEETS,2.91,Norton,
70x420mm 14H A297 P40 NO-FIL SPEED-GRIP SHEETS - VACUUM,2.35,Norton,
70x420mm 14H A297 P80 NO-FIL SPEED-GRIP SHEETS - VACUUM,2.1,Norton,
70x420mm 14H A297 P120 NO-FIL SPEED-GRIP SHEETS - VACUUM,2.1,Norton,
70x420mm 14H A297 P180 NO-FIL SPEED-GRIP SHEETS - VACUUM,1.56,Norton,
70x420mm 14H A297 P240 NO-FIL SPEED-GRIP SHEETS - VACUUM,1.56,Norton,
* 115x230mm 10H A297 P40 NO-FIL SPEED-GRIP SHEETS - VACUUM,2.35,Norton,
* 115x230mm 10H A297 P80 NO-FIL SPEED-GRIP SHEETS - VACUUM,2.1,Norton,
* 115x230mm 10H A297 P120 NO-FIL SPEED-GRIP SHEETS - VACUUM,2.1,Norton,
* 115x230mm 10H A297 P180 NO-FIL SPEED-GRIP SHEETS - VACUUM,1.56,Norton,
* 115x230mm 10H A297 P240 NO-FIL SPEED-GRIP SHEETS - VACUUM,1.56,Norton,
* 115x230mm 10H A297 P320 NO-FIL SPEED-GRIP SHEETS - VACUUM,1.56,Norton,
70x460mm G216 P36 ADALOX SPEEDFILE SHEETS,1.9,Norton,
70x460mm G216 P40 ADALOX SPEEDFILE SHEETS,1.71,Norton,
70x460mm G216 P60 ADALOX SPEEDFILE SHEETS,1.49,Norton,
70x460mm G216 P80 ADALOX SPEEDFILE SHEETS,1.37,Norton,
70x460mm G216 P120 ADALOX SPEEDFILE SHEETS,1.28,Norton,
115x280mm G216 P36 ADALOX ORBITAL SHEETS,1.9,Norton,
115x280mm G216 P40 ADALOX ORBITAL SHEETS,1.71,Norton,
115x280mm G216 P60 ADALOX ORBITAL SHEETS,1.49,Norton,
115x280mm G216 P80 ADALOX ORBITAL SHEETS,1.37,Norton,
115x280mm G216 P120 ADALOX ORBITAL SHEETS,1.28,Norton,
* 108x372mm BULK SHEET H259 P150 PLASTER SANDING - ADALOX,1.37,Norton,
108x372mm BULK SHEET H259 P180 PLASTER SANDING - ADALOX,1.37,Norton,
108x372mm BULK SHEET Q421 P150 PLASTER SANDING SCREEN-BAK,4.17,Norton,
108x372mm BULK SHEET Q421 P220 PLASTER SANDING SCREEN-BAK,4.17,Norton,
70mm x 8.2m A995 P40 - PERFORATED EVERY 70mm BLAZE MULTI-AIR CYCLONIC CERAMIC NO-FIL SPEED-GRIP ROLLS A995,198.8,Norton,
70mm x 11.9m A975 P80 - PERFORATED EVERY 70mm MULTI-AIR CYCLONIC CERAMIC NO-FIL SPEED-GRIP ROLLS A975,151.92,Norton,
70mm x 11.9m A975 P120 - PERFORATED EVERY 70mm MULTI-AIR CYCLONIC CERAMIC NO-FIL SPEED-GRIP ROLLS A975,146.3,Norton,
70mm x 11.9m A975 P150 - PERFORATED EVERY 70mm MULTI-AIR CYCLONIC CERAMIC NO-FIL SPEED-GRIP ROLLS A975,140.86,Norton,
70mm x 11.9m A975 P180 - PERFORATED EVERY 70mm MULTI-AIR CYCLONIC CERAMIC NO-FIL SPEED-GRIP ROLLS A975,140.86,Norton,
70mm x 11.9m A975 P240 - PERFORATED EVERY 70mm MULTI-AIR CYCLONIC CERAMIC NO-FIL SPEED-GRIP ROLLS A975,140.86,Norton,
70mm x 11.9m A975 P320 - PERFORATED EVERY 70mm MULTI-AIR CYCLONIC CERAMIC NO-FIL SPEED-GRIP ROLLS A975,140.86,Norton,
70mm x 11.9m A975 P400 - PERFORATED EVERY 70mm MULTI-AIR CYCLONIC CERAMIC NO-FIL SPEED-GRIP ROLLS A975,140.86,Norton,
70mm x 11.9m A975 P500 - PERFORATED EVERY 70mm MULTI-AIR CYCLONIC CERAMIC NO-FIL SPEED-GRIP ROLLS A975,140.86,Norton,
70mm x 11.9m A975 P600 - PERFORATED EVERY 70mm MULTI-AIR CYCLONIC CERAMIC NO-FIL SPEED-GRIP ROLLS A975,140.86,Norton,
115mm x 11.9m A975 P80 - PERFORATED EVERY 115mm MULTI-AIR CYCLONIC CERAMIC NO-FIL SPEED-GRIP ROLLS,185.24,Norton,
115mm x 11.9m A975 P120 - PERFORATED EVERY 115mm MULTI-AIR CYCLONIC CERAMIC NO-FIL SPEED-GRIP ROLLS,176.49,Norton,
115mm x 11.9m A975 P180 - PERFORATED EVERY 115mm MULTI-AIR CYCLONIC CERAMIC NO-FIL SPEED-GRIP ROLLS,169.62,Norton,
115mm x 11.9m A975 P220 - PERFORATED EVERY 115mm MULTI-AIR CYCLONIC CERAMIC NO-FIL SPEED-GRIP ROLLS,169.62,Norton,
115mm x 11.9m A975 P320 - PERFORATED EVERY 115mm MULTI-AIR CYCLONIC CERAMIC NO-FIL SPEED-GRIP ROLLS,169.62,Norton,
75mm x 10m - P80 NO-FIL MESH CERAMIC ROLL M920,196.0,Norton,
75mm x 10m - P120 NO-FIL MESH CERAMIC ROLL M920,181.75,Norton,
75mm x 10m - P180 NO-FIL MESH CERAMIC ROLL M920,181.75,Norton,
* 75mm x 10m - P240 NO-FIL MESH CERAMIC ROLL M920,181.75,Norton,
* 115mm x 10m - P120 NO-FIL MESH CERAMIC ROLL M920,245.01,Norton,
* 115mm x 10m - P180 NO-FIL MESH CERAMIC ROLL M920,245.01,Norton,
* 115mm x 10m - P240 NO-FIL MESH CERAMIC ROLL M920,245.01,Norton,
* 115mm x 10m - P320 NO-FIL MESH CERAMIC ROLL M920,245.01,Norton,
115mm x 25m G216 P40 ADALOX SPEED-GRIP ROLLS,121.74,Norton,
115mm x 25m A275 P120 NO-FIL ADALOX ROLLS SPEED-GRIP ROLLS - A275,95.99,Norton,
115mm x 25m A275 P180 NO-FIL ADALOX ROLLS SPEED-GRIP ROLLS - A275,95.99,Norton,
115mm x 25m A275 P240 NO-FIL ADALOX ROLLS SPEED-GRIP ROLLS - A275,95.99,Norton,
* 115mm x 25m A275 P320 NO-FIL ADALOX ROLLS SPEED-GRIP ROLLS - A275,95.99,Norton,
* 115mm x 25m A275 P400 NO-FIL ADALOX ROLLS SPEED-GRIP ROLLS - A275,95.99,Norton,
230x280mm T214 P240 BLACK ICE WATERPROOF PAPER SHEETS,1.84,Norton,
230x280mm T214 P320 BLACK ICE WATERPROOF PAPER SHEETS,1.84,Norton,
230x280mm T214 P400 BLACK ICE WATERPROOF PAPER SHEETS,1.84,Norton,
230x280mm T214 P600 BLACK ICE WATERPROOF PAPER SHEETS,1.84,Norton,
230x280mm T214 P800 BLACK ICE WATERPROOF PAPER SHEETS,1.84,Norton,
230x280mm T401 P1000 BLACK ICE WATERPROOF PAPER SHEETS,1.84,Norton,
230x280mm T401 P1200 BLACK ICE WATERPROOF PAPER SHEETS,1.84,Norton,
230x280mm T401 P1500 BLACK ICE WATERPROOF PAPER SHEETS,1.84,Norton,
230x280mm T419 P60 TUFBAK WATERPROOF PAPER SHEETS,3.03,Norton,
230x280mm T419 P80 TUFBAK WATERPROOF PAPER SHEETS,2.68,Norton,
230x280mm T419 P100 TUFBAK WATERPROOF PAPER SHEETS,2.53,Norton,
230x280mm T419 P120 TUFBAK WATERPROOF PAPER SHEETS,2.0,Norton,
230x280mm T419 P150 TUFBAK WATERPROOF PAPER SHEETS,1.92,Norton,
230x280mm T419 P180 TUFBAK WATERPROOF PAPER SHEETS,1.81,Norton,
230x280mm T419 P220 TUFBAK WATERPROOF PAPER SHEETS,1.81,Norton,
230x280mm T419 P240 TUFBAK WATERPROOF PAPER SHEETS,1.81,Norton,
230x280mm T419 P280 TUFBAK WATERPROOF PAPER SHEETS,1.81,Norton,
230x280mm T419 P320 TUFBAK WATERPROOF PAPER SHEETS,1.81,Norton,
230x280mm T419 P360 TUFBAK WATERPROOF PAPER SHEETS,1.81,Norton,
230x280mm T419 P400 TUFBAK WATERPROOF PAPER SHEETS,1.81,Norton,
230x280mm T419 P600 TUFBAK WATERPROOF PAPER SHEETS,1.81,Norton,
230x280mm T419 P800 TUFBAK WATERPROOF PAPER SHEETS,1.81,Norton,
230x280mm T419 P1000 TUFBAK WATERPROOF PAPER SHEETS,1.81,Norton,
230x280mm T419 P1200 TUFBAK WATERPROOF PAPER SHEETS,1.81,Norton,
230x280mm T419 P1500 TUFBAK WATERPROOF PAPER SHEETS,1.81,Norton,
230x280mm T419 P2000 TUFBAK WATERPROOF PAPER SHEETS,1.81,Norton,
230x280mm A275 P80 NO-FIL PAPER SHEETS,2.35,Norton,
230x280mm A275 P100 NO-FIL PAPER SHEETS,2.17,Norton,
230x280mm A275 P120 NO-FIL PAPER SHEETS,2.17,Norton,
230x280mm A275 P150 NO-FIL PAPER SHEETS,2.17,Norton,
230x280mm A275 P180 NO-FIL PAPER SHEETS,2.01,Norton,
230x280mm A275 P220 NO-FIL PAPER SHEETS,2.01,Norton,
230x280mm A275 P240 NO-FIL PAPER SHEETS,2.01,Norton,
230x280mm A275 P280 NO-FIL PAPER SHEETS,2.01,Norton,
230x280mm A275 P320 NO-FIL PAPER SHEETS,2.01,Norton,
230x280mm A275 P400 NO-FIL PAPER SHEETS,2.01,Norton,
230x280mm A275 P500 NO-FIL PAPER SHEETS,2.01,Norton,
230x280mm A275 P600 NO-FIL PAPER SHEETS,2.01,Norton,
230x280mm A275 P800 NO-FIL PAPER SHEETS,2.01,Norton,
230x280mm A275 P1200 NO-FIL PAPER SHEETS,2.01,Norton,
230x280mm A239 P80 NO-FIL ADALOX PAPER SHEETS,2.01,Norton,
230x280mm A239 P100 NO-FIL ADALOX PAPER SHEETS,1.56,Norton,
230x280mm A239 P120 NO-FIL ADALOX PAPER SHEETS,1.56,Norton,
230x280mm A239 P150 NO-FIL ADALOX PAPER SHEETS,1.56,Norton,
230x280mm A239 P180 NO-FIL ADALOX PAPER SHEETS,1.48,Norton,
230x280mm A239 P220 NO-FIL ADALOX PAPER SHEETS,1.48,Norton,
230x280mm A239 P240 NO-FIL ADALOX PAPER SHEETS,1.48,Norton,
230x280mm A239 P280 NO-FIL ADALOX PAPER SHEETS,1.48,Norton,
230x280mm A239 P320 NO-FIL ADALOX PAPER SHEETS,1.48,Norton,
230x280mm A239 P360 NO-FIL ADALOX PAPER SHEETS,1.48,Norton,
230x280mm A239 P400 NO-FIL ADALOX PAPER SHEETS,1.48,Norton,
230x280mm A294 P40 CABINET SHEETS (REPLACES GARNET),1.56,Norton,
230x280mm A294 P60 CABINET SHEETS (REPLACES GARNET),1.35,Norton,
230x280mm A294 P80 CABINET SHEETS (REPLACES GARNET),1.15,Norton,
230x280mm A294 P100 CABINET SHEETS (REPLACES GARNET),0.95,Norton,
230x280mm A294 P120 CABINET SHEETS (REPLACES GARNET),0.95,Norton,
230x280mm A294 P150 CABINET SHEETS (REPLACES GARNET),0.95,Norton,
230x280mm A294 P180 CABINET SHEETS (REPLACES GARNET),0.95,Norton,
230x280mm A294 P220 CABINET SHEETS (REPLACES GARNET),0.95,Norton,
230x280mm K283 P40 METALITE CLOTH SHEETS,4.14,Norton,
230x280mm K283 P60 METALITE CLOTH SHEETS,3.76,Norton,
230x280mm K283 P80 METALITE CLOTH SHEETS,3.13,Norton,
230x280mm K283 P100 METALITE CLOTH SHEETS,2.83,Norton,
230x280mm K283 P120 METALITE CLOTH SHEETS,2.83,Norton,
230x280mm K283 P150 METALITE CLOTH SHEETS,2.83,Norton,
230x280mm K283 P180 METALITE CLOTH SHEETS,2.83,Norton,
230x280mm K283 P240 METALITE CLOTH SHEETS,2.83,Norton,
230x280mm K283 P320 METALITE CLOTH SHEETS,3.01,Norton,
CONTOUR SPONGE MEDIUM SOFT-TOUCH SANDING (114 x 139 x 5mm),3.49,Norton,
CONTOUR SPONGE FINE SOFT-TOUCH SANDING (114 x 139 x 5mm),3.49,Norton,
CONTOUR SPONGE SUPER FIN SOFT-TOUCH SANDING (114 x 139 x 5mm),3.49,Norton,
CONTOUR SPONGE ULTRA FIN SOFT-TOUCH SANDING (114 x 139 x 5mm),3.49,Norton,
CONTOUR SPONGE MICRO FIN SOFT-TOUCH SANDING (114 x 139 x 5mm),3.49,Norton,
PRO SAND SPONGES H/P SMALL AREA COARSE,7.53,Norton,
PRO SAND SPONGES H/P SMALL AREA MED,7.53,Norton,
PRO SAND SPONGES H/P SMALL AREA FINE,7.53,Norton,
PRO SAND SPONGES H/P SMALL AREA V/FINE,7.53,Norton,
EXPERT SANDING SPONGE COARSE BULK,2.85,Norton,
EXPERT SANDING SPONGE MEDIUM BULK,2.85,Norton,
EXPERT SANDING SPONGE FINE BULK,2.85,Norton,
EXPERT SANDING SPONGE COARSE HANG-SELL,3.31,Norton,
EXPERT SANDING SPONGE COARSE HANG-SELL,3.31,Norton,
EXPERT SANDING SPONGE COARSE HANG-SELL,3.31,Norton,
EXPERT CONTOUR SPONGE COARSE HANG-SELL 2PK,6.82,Norton,
EXPERT CONTOUR SPONGE MEDIUM HANG-SELL 2PK,6.82,Norton,
EXPERT CONTOUR SPONGE FINE HANG-SELL 2PK,6.82,Norton,
PRO SAND CORNER SPONGE SMALL AREA MED,16.28,Norton,
* 70mm x 50m A297 P80 NO-FIL ADALOX ROLLS (PAINT),108.01,Norton,
* 70mm x 50m A297 P180 NO-FIL ADALOX ROLLS (PAINT),103.19,Norton,
100mm x 1m A239 P80 NO-FIL ADALOX ROLLS (PAINT),3.59,Norton,
100mm x 1m A239 P120 NO-FIL ADALOX ROLLS (PAINT),3.59,Norton,
100mm x 1m A239 P180 NO-FIL ADALOX ROLLS (PAINT),3.59,Norton,
100mm x 1m A239 P240 NO-FIL ADALOX ROLLS (PAINT),3.59,Norton,
100mm x 10m A239 P80 NO-FIL ADALOX ROLLS (PAINT),35.55,Norton,
100mm x 10m A239 P120 NO-FIL ADALOX ROLLS (PAINT),32.06,Norton,
100mm x 10m A239 P180 NO-FIL ADALOX ROLLS (PAINT),30.53,Norton,
* 100mm x 25m A239 P80 - PERFORATED NO-FIL ADALOX ROLLS (PAINT),67.95,Norton,
* 100mm x 25m A239 P180 - PERFORATED NO-FIL ADALOX ROLLS (PAINT),65.19,Norton,
100mm x 25m A239 P80 - NO-FIL ADALOX ROLLS (PAINT),64.55,Norton,
100mm x 25m A239 P120 - NO-FIL ADALOX ROLLS (PAINT),63.36,Norton,
100mm x 25m A239 P180 - NO-FIL ADALOX ROLLS (PAINT),62.25,Norton,
115mm x 1m A239 P80 NO-FIL ADALOX ROLLS (PAINT),3.9,Norton,
115mm x 1m A239 P120 NO-FIL ADALOX ROLLS (PAINT),3.9,Norton,
115mm x 1m A239 P180 NO-FIL ADALOX ROLLS (PAINT),3.9,Norton,
115mm x 1m A239 P240 NO-FIL ADALOX ROLLS (PAINT),3.9,Norton,
115mm x 5m A239 P80 NO-FIL ADALOX ROLLS (PAINT),19.09,Norton,
115mm x 5m A239 P120 NO-FIL ADALOX ROLLS (PAINT),18.87,Norton,
115mm x 5m A239 P180 NO-FIL ADALOX ROLLS (PAINT),18.59,Norton,
115mm x 5m A239 P240 NO-FIL ADALOX ROLLS (PAINT),18.59,Norton,
115mm x 10m A275 P80 NO-FIL ADALOX ROLLS (PAINT),49.21,Norton,
115mm x 10m A275 P120 NO-FIL ADALOX ROLLS (PAINT),42.2,Norton,
115mm x 10m A275 P150 NO-FIL ADALOX ROLLS (PAINT),39.22,Norton,
115mm x 10m A275 P180 NO-FIL ADALOX ROLLS (PAINT),39.22,Norton,
115mm x 10m A239 P80 NO-FIL ADALOX ROLLS (PAINT),41.72,Norton,
115mm x 10m A239P120 NO-FIL ADALOX ROLLS (PAINT),38.54,Norton,
115mm x 10m A239 P180 NO-FIL ADALOX ROLLS (PAINT),35.85,Norton,
115mm x 10m A239 P240 NO-FIL ADALOX ROLLS (PAINT),35.85,Norton,
115mm x 10m A239 P320 NO-FIL ADALOX ROLLS (PAINT),35.85,Norton,
115mm x 25m A239 P80 NO-FIL ADALOX ROLLS (PAINT),73.92,Norton,
115mm x 25m A239 P120 NO-FIL ADALOX ROLLS (PAINT),72.56,Norton,
115mm x 25m A239 P180 NO-FIL ADALOX ROLLS (PAINT),71.28,Norton,
115mm x 25m A239 P240 NO-FIL ADALOX ROLLS (PAINT),71.28,Norton,
115mm x 50m A297 P80 NO-FIL ADALOX ROLLS (PAINT),172.77,Norton,
115mm x 50m A297 P100 NO-FIL ADALOX ROLLS (PAINT),163.2,Norton,
115mm x 50m A297 P120 NO-FIL ADALOX ROLLS (PAINT),163.2,Norton,
115mm x 50m A297 P150 NO-FIL ADALOX ROLLS (PAINT),163.2,Norton,
115mm x 50m A297 P180 NO-FIL ADALOX ROLLS (PAINT),163.2,Norton,
115mm x 50m A297 P240 NO-FIL ADALOX ROLLS (PAINT),163.2,Norton,
115mm x 50m A297 P320 NO-FIL ADALOX ROLLS (PAINT),163.2,Norton,
100mm x 1m A123 P40 MASTER PAINTERS SANDPAPER ROLLS (TIMBER),3.7,Norton,
100mm x 1m A123 P60 MASTER PAINTERS SANDPAPER ROLLS (TIMBER),3.7,Norton,
100mm x 1m A123 P80 MASTER PAINTERS SANDPAPER ROLLS (TIMBER),3.7,Norton,
100mm x 1m A123 P120 MASTER PAINTERS SANDPAPER ROLLS (TIMBER),3.7,Norton,
100mm x 10m A123 P40 MASTER PAINTERS SANDPAPER ROLLS (TIMBER),41.97,Norton,
100mm x 10m A123 P60 MASTER PAINTERS SANDPAPER ROLLS (TIMBER),32.68,Norton,
100mm x 10m A123 P80 MASTER PAINTERS SANDPAPER ROLLS (TIMBER),29.19,Norton,
100mm x 10m A123 P120 MASTER PAINTERS SANDPAPER ROLLS (TIMBER),26.89,Norton,
* 100mm x 25m A123 P40 - PERFORATED MASTER PAINTERS SANDPAPER ROLLS (TIMBER),81.41,Norton,
* 100mm x 32m A123 P60 - PERFORATED MASTER PAINTERS SANDPAPER ROLLS (TIMBER),87.67,Norton,
* 100mm x 36m A123 P80 - PERFORATED MASTER PAINTERS SANDPAPER ROLLS (TIMBER),86.42,Norton,
* 100mm x 40m A123 P120 - PERFORATED MASTER PAINTERS SANDPAPER ROLLS (TIMBER),85.74,Norton,
100mm x 25m A123 P40 - MASTER PAINTERS SANDPAPER ROLLS (TIMBER),77.5,Norton,
100mm x 32m A123 P60 - MASTER PAINTERS SANDPAPER ROLLS (TIMBER),65.2,Norton,
100mm x 36m A123 P80 - MASTER PAINTERS SANDPAPER ROLLS (TIMBER),57.13,Norton,
100mm x 40m A123 P120 - MASTER PAINTERS SANDPAPER ROLLS (TIMBER),51.02,Norton,
115mm x 1m A123 P40 MASTER PAINTERS SANDPAPER ROLLS (TIMBER),4.0,Norton,
115mm x 1m A123 P60 MASTER PAINTERS SANDPAPER ROLLS (TIMBER),4.0,Norton,
115mm x 1m A123 P80 MASTER PAINTERS SANDPAPER ROLLS (TIMBER),4.0,Norton,
115mm x 1m A123 P120 MASTER PAINTERS SANDPAPER ROLLS (TIMBER),4.0,Norton,
115mm x 5m A123 P40 MASTER PAINTERS SANDPAPER ROLLS (TIMBER),19.43,Norton,
115mm x 5m A123 P60 MASTER PAINTERS SANDPAPER ROLLS (TIMBER),19.19,Norton,
115mm x 5m A123 P80 MASTER PAINTERS SANDPAPER ROLLS (TIMBER),17.62,Norton,
115mm x 5m A123 P120 MASTER PAINTERS SANDPAPER ROLLS (TIMBER),17.14,Norton,
115mm x 10m A123 P40 MASTER PAINTERS SANDPAPER ROLLS (TIMBER),49.14,Norton,
115mm x 10m A123 P60 MASTER PAINTERS SANDPAPER ROLLS (TIMBER),38.44,Norton,
115mm x 10m A123 P80 MASTER PAINTERS SANDPAPER ROLLS (TIMBER),31.14,Norton,
115mm x 10m A123 P120 MASTER PAINTERS SANDPAPER ROLLS (TIMBER),29.11,Norton,
* 115mm x 25m A123 P40 - PERFORATED MASTER PAINTERS SANDPAPER ROLLS (TIMBER),94.05,Norton,
* 115mm x 32m A123 P60 - PERFORATED MASTER PAINTERS SANDPAPER ROLLS (TIMBER),102.69,Norton,
* 115mm x 36m A123 P80 - PERFORATED MASTER PAINTERS SANDPAPER ROLLS (TIMBER),102.69,Norton,
* 115mm x 40m A123 P120 - PERFORATED MASTER PAINTERS SANDPAPER ROLLS (TIMBER),103.7,Norton,
115mm x 25m A123 P40 - MASTER PAINTERS SANDPAPER ROLLS (TIMBER),89.54,Norton,
115mm x 32m A123 P60 - MASTER PAINTERS SANDPAPER ROLLS (TIMBER),76.38,Norton,
115mm x 36m A123 P80 - MASTER PAINTERS SANDPAPER ROLLS (TIMBER),67.88,Norton,
115mm x 40m A123 P120 - MASTER PAINTERS SANDPAPER ROLLS (TIMBER),61.7,Norton,
70mm x 50m G216 P40 ADALOX ROLLS,134.34,Norton,
* 70mm x 50m G216 P60 ADALOX ROLLS,110.36,Norton,
70mm x 50m G216 P80 ADALOX ROLLS,98.34,Norton,
70mm x 50m G216 P100 ADALOX ROLLS,91.14,Norton,
* 70mm x 50m G216 P120 ADALOX ROLLS,91.14,Norton,
* 115mm x 1m T419 P120 WET/DRY ROLLS,3.51,Norton,
* 115mm x 1m T419 P240 WET/DRY ROLLS,3.51,Norton,
* 115mm x 1m T419 P320 WET/DRY ROLLS,3.51,Norton,
* 115mm x 1m T419 P600 WET/DRY ROLLS,3.51,Norton,
25mm x 50m K283 P40 METALITE CLOTH HANDY ROLLS,60.2,Norton,
25mm x 50m K283 P60 METALITE CLOTH HANDY ROLLS,53.42,Norton,
25mm x 50m K283 P80 METALITE CLOTH HANDY ROLLS,45.4,Norton,
25mm x 50m K283 P100 METALITE CLOTH HANDY ROLLS,44.34,Norton,
25mm x 50m K283 P120 METALITE CLOTH HANDY ROLLS,44.34,Norton,
25mm x 50m K283 P150 METALITE CLOTH HANDY ROLLS,44.34,Norton,
25mm x 50m K283 P180 METALITE CLOTH HANDY ROLLS,44.34,Norton,
25mm x 50m K283 P240 METALITE CLOTH HANDY ROLLS,44.34,Norton,
25mm x 50m K283 P320 METALITE CLOTH HANDY ROLLS,44.34,Norton,
40mm x 50m K283 P40 METALITE CLOTH HANDY ROLLS,83.89,Norton,
40mm x 50m K283 P60 METALITE CLOTH HANDY ROLLS,78.11,Norton,
40mm x 50m K283 P80 METALITE CLOTH HANDY ROLLS,63.57,Norton,
40mm x 50m K283 P100 METALITE CLOTH HANDY ROLLS,62.3,Norton,
40mm x 50m K283 P120 METALITE CLOTH HANDY ROLLS,62.3,Norton,
40mm x 50m K283 P150 METALITE CLOTH HANDY ROLLS,62.3,Norton,
40mm x 50m K283 P180 METALITE CLOTH HANDY ROLLS,62.3,Norton,
40mm x 50m K283 P240 METALITE CLOTH HANDY ROLLS,62.3,Norton,
40mm x 50m K283 P320 METALITE CLOTH HANDY ROLLS,62.3,Norton,
50mm x 50m K283 P40 METALITE CLOTH HANDY ROLLS,110.03,Norton,
50mm x 50m K283 P60 METALITE CLOTH HANDY ROLLS,96.41,Norton,
50mm x 50m K283 P80 METALITE CLOTH HANDY ROLLS,86.24,Norton,
50mm x 50m K283 P100 METALITE CLOTH HANDY ROLLS,77.19,Norton,
50mm x 50m K283 P120 METALITE CLOTH HANDY ROLLS,77.19,Norton,
50mm x 50m K283 P150 METALITE CLOTH HANDY ROLLS,77.19,Norton,
50mm x 50m K283 P180 METALITE CLOTH HANDY ROLLS,77.19,Norton,
50mm x 50m K283 P240 METALITE CLOTH HANDY ROLLS,77.19,Norton,
50mm x 50m K283 P320 METALITE CLOTH HANDY ROLLS,77.19,Norton,
115mm x 25m A275 P180 ROTOLO FOAM ROLLS (BOXED),213.45,Norton,
115mm x 25m A275 P240 ROTOLO FOAM ROLLS (BOXED),213.45,Norton,
115mm x 25m A275 P320 ROTOLO FOAM ROLLS (BOXED),213.45,Norton,
115mm x 25m A275 P400 ROTOLO FOAM ROLLS (BOXED),213.45,Norton,
115mm x 25m A275 P500 ROTOLO FOAM ROLLS (BOXED),213.45,Norton,
115mm x 25m A275 P600 ROTOLO FOAM ROLLS (BOXED),213.45,Norton,
115mm x 25m A275 P800 ROTOLO FOAM ROLLS (BOXED),213.45,Norton,
10x330mm R980P C40 SG BLAZE CLOTH BELTS,2.72,Norton,
10x330mm R980P C60 SG BLAZE CLOTH BELTS,2.35,Norton,
10x330mm R980P C80 SG BLAZE CLOTH BELTS,2.29,Norton,
^ 12x305mm R980P C40 SG BLAZE CLOTH BELTS,2.51,Norton,
^ 12x305mm R980P C60 SG BLAZE CLOTH BELTS,2.46,Norton,
^ 12x305mm R980P C80 SG BLAZE CLOTH BELTS,3.13,Norton,
12x330mm R980P C40 SG BLAZE CLOTH BELTS,4.5,Norton,
12x330mm R980P C60 SG BLAZE CLOTH BELTS,4.2,Norton,
12x330mm R980P C80 SG BLAZE CLOTH BELTS,4.0,Norton,
12x457mm R980P C40 SG BLAZE CLOTH BELTS,4.0,Norton,
12x457mm R980P C60 SG BLAZE CLOTH BELTS,3.69,Norton,
12x457mm R980P C80 SG BLAZE CLOTH BELTS,3.62,Norton,
20x520mm R980P C40 SG BLAZE CLOTH BELTS,6.16,Norton,
20x520mm R980P C60 SG BLAZE CLOTH BELTS,5.52,Norton,
20x520mm R980P C80 SG BLAZE CLOTH BELTS,5.24,Norton,
10x330mm R824 Z40 NORZON CLOTH BELTS,2.17,Norton,
10x330mm R824 Z60 NORZON CLOTH BELTS,2.1,Norton,
10x330mm R824 Z80 NORZON CLOTH BELTS,2.1,Norton,
20x520mm R824 Z40 NORZON CLOTH BELTS,4.02,Norton,
20x520mm R824 Z60 NORZON CLOTH BELTS,4.02,Norton,
20x520mm R824 Z80 NORZON CLOTH BELTS,4.02,Norton,
13x455mm R293 P40 POWERFILE BELTS METALITE CLOTH,3.49,Norton,
13x455mm R293 P60 POWERFILE BELTS METALITE CLOTH,3.49,Norton,
13x455mm R293 P80 POWERFILE BELTS METALITE CLOTH,3.49,Norton,
* 13x455mm R293 P120 POWERFILE BELTS METALITE CLOTH,3.49,Norton,
* 30x533mm R219P P60 POWERFILE BELTS METALITE CLOTH,4.02,Norton,
* 30x533mm R219P P120 POWERFILE BELTS METALITE CLOTH,4.02,Norton,
* 75x457mm R219P P40 PORTABLE BELTS METALITE CLOTH,4.02,Norton,
75x457mm R219P P80 PORTABLE BELTS METALITE CLOTH,4.02,Norton,
* 75x457mm R219P P100 PORTABLE BELTS METALITE CLOTH,4.02,Norton,
75x457mm R219P P120 PORTABLE BELTS METALITE CLOTH,4.02,Norton,
75x533mm R219P P40 PORTABLE BELTS METALITE CLOTH,4.02,Norton,
75x533mm R219P P60 PORTABLE BELTS METALITE CLOTH,4.02,Norton,
75x533mm R219P P80 PORTABLE BELTS METALITE CLOTH,4.02,Norton,
75x533mm R219P P100 PORTABLE BELTS METALITE CLOTH,4.02,Norton,
75x533mm R219P P120 PORTABLE BELTS METALITE CLOTH,4.02,Norton,
75x610mm R219P P40 PORTABLE BELTS METALITE CLOTH,4.02,Norton,
75x610mm R219P P60 PORTABLE BELTS METALITE CLOTH,4.02,Norton,
75x610mm R219P P80 PORTABLE BELTS METALITE CLOTH,4.02,Norton,
75x610mm R219P P100 PORTABLE BELTS METALITE CLOTH,4.02,Norton,
75x610mm R219P P120 PORTABLE BELTS METALITE CLOTH,4.02,Norton,
100x610mm R293 P24X PORTABLE BELTS METALITE CLOTH,9.73,Norton,
100x610mm R219P P40 PORTABLE BELTS METALITE CLOTH,4.55,Norton,
100x610mm R219P P60 PORTABLE BELTS METALITE CLOTH,4.55,Norton,
100x610mm R219P P80 PORTABLE BELTS METALITE CLOTH,4.55,Norton,
100x610mm R219P P100 PORTABLE BELTS METALITE CLOTH,4.55,Norton,
100x610mm R219P P120 PORTABLE BELTS METALITE CLOTH,4.55,Norton,
^ 50x914mm R980P C36 BLAZE CLOTH BELTS FOR FIXED MACHINES,28.97,Norton,
* 50x914mm R980P C40 BLAZE CLOTH BELTS FOR FIXED MACHINES,27.4,Norton,
50x914mm R980P C60 BLAZE CLOTH BELTS FOR FIXED MACHINES,26.77,Norton,
50x914mm R980P C80 BLAZE CLOTH BELTS FOR FIXED MACHINES,20.35,Norton,
^ 50x1220mm R980P C36 BLAZE CLOTH BELTS FOR FIXED MACHINES,36.65,Norton,
^ 50x1220mm R980P C40 BLAZE CLOTH BELTS FOR FIXED MACHINES,34.35,Norton,
^ 50x1220mm R980P C60 BLAZE CLOTH BELTS FOR FIXED MACHINES,30.55,Norton,
^ 50x1220mm R980P C80 BLAZE CLOTH BELTS FOR FIXED MACHINES,25.08,Norton,
^ 75x2000mm R980P C36 BLAZE CLOTH BELTS FOR FIXED MACHINES,82.74,Norton,
^ 75x2000mm R980P C40 BLAZE CLOTH BELTS FOR FIXED MACHINES,77.4,Norton,
^ 75x2000mm R980P C60 BLAZE CLOTH BELTS FOR FIXED MACHINES,67.89,Norton,
^ 75x2000mm R980P C80 BLAZE CLOTH BELTS FOR FIXED MACHINES,54.24,Norton,
^ 100x914mm R980P C36 BLAZE CLOTH BELTS FOR FIXED MACHINES,54.03,Norton,
^ 100x914mm R980P C40 BLAZE CLOTH BELTS FOR FIXED MACHINES,50.89,Norton,
^ 100x914mm R980P C60 BLAZE CLOTH BELTS FOR FIXED MACHINES,45.09,Norton,
^ 100x914mm R980P C80 BLAZE CLOTH BELTS FOR FIXED MACHINES,36.77,Norton,
^ 100x1520mm R980P C36 BLAZE CLOTH BELTS FOR FIXED MACHINES,69.29,Norton,
^ 100x1520mm R980P C40 BLAZE CLOTH BELTS FOR FIXED MACHINES,65.08,Norton,
^ 100x1520mm R980P C60 BLAZE CLOTH BELTS FOR FIXED MACHINES,57.29,Norton,
^ 100x1520mm R980P C80 BLAZE CLOTH BELTS FOR FIXED MACHINES,46.13,Norton,
^ 50x914mm R976 P36 RED-X CLOTH CERAMIC BELTS FOR FIXED MACHINES,22.07,Norton,
50x914mm R976 P40 RED-X CLOTH CERAMIC BELTS FOR FIXED MACHINES,21.1,Norton,
^ 50x914mm R976 P60 RED-X CLOTH CERAMIC BELTS FOR FIXED MACHINES,19.2,Norton,
^ 50x914mm R976 P80 RED-X CLOTH CERAMIC BELTS FOR FIXED MACHINES,16.94,Norton,
^ 50x914mm R976 P120 RED-X CLOTH CERAMIC BELTS FOR FIXED MACHINES,16.4,Norton,
^ 50x1220mm R976 P36 RED-X CLOTH CERAMIC BELTS FOR FIXED MACHINES,26.45,Norton,
^ 50x1220mm R976 P40 RED-X CLOTH CERAMIC BELTS FOR FIXED MACHINES,25.2,Norton,
^ 50x1220mm R976 P60 RED-X CLOTH CERAMIC BELTS FOR FIXED MACHINES,22.61,Norton,
^ 50x1220mm R976 P80 RED-X CLOTH CERAMIC BELTS FOR FIXED MACHINES,21.37,Norton,
^ 50x1220mm R976 P120 RED-X CLOTH CERAMIC BELTS FOR FIXED MACHINES,20.62,Norton,
^ 50x1520mm R976 P40 RED-X CLOTH CERAMIC BELTS FOR FIXED MACHINES,29.69,Norton,
^ 50x1520mm R976 P60 RED-X CLOTH CERAMIC BELTS FOR FIXED MACHINES,26.5,Norton,
^ 50x1520mm R976 P80 RED-X CLOTH CERAMIC BELTS FOR FIXED MACHINES,24.98,Norton,
^ 50x1520mm R976 P120 RED-X CLOTH CERAMIC BELTS FOR FIXED MACHINES,24.03,Norton,
^ 50x2440mm R976 P36 RED-X CLOTH CERAMIC BELTS FOR FIXED MACHINES,44.43,Norton,
^ 50x2440mm R976 P40 RED-X CLOTH CERAMIC BELTS FOR FIXED MACHINES,41.92,Norton,
^ 50x2440mm R976 P60 RED-X CLOTH CERAMIC BELTS FOR FIXED MACHINES,36.81,Norton,
^ 75x2000mm R976 P36 RED-X CLOTH CERAMIC BELTS FOR FIXED MACHINES,62.88,Norton,
^ 75x2000mm R976 P40 RED-X CLOTH CERAMIC BELTS FOR FIXED MACHINES,59.52,Norton,
^ 75x2000mm R976 P60 RED-X CLOTH CERAMIC BELTS FOR FIXED MACHINES,52.51,Norton,
^ 75x2000mm R976 P80 RED-X CLOTH CERAMIC BELTS FOR FIXED MACHINES,41.87,Norton,
^ 75x2000mm R976 P120 RED-X CLOTH CERAMIC BELTS FOR FIXED MACHINES,40.15,Norton,
^ 100x914mm R976 P36 RED-X CLOTH CERAMIC BELTS FOR FIXED MACHINES,40.72,Norton,
^ 100x914mm R976 P40 RED-X CLOTH CERAMIC BELTS FOR FIXED MACHINES,38.98,Norton,
^ 100x914mm R976 P60 RED-X CLOTH CERAMIC BELTS FOR FIXED MACHINES,35.39,Norton,
^ 100x914mm R976 P80 RED-X CLOTH CERAMIC BELTS FOR FIXED MACHINES,30.75,Norton,
^ 100x914mm R976 P120 RED-X CLOTH CERAMIC BELTS FOR FIXED MACHINES,29.74,Norton,
^ 100x1520mm R976 P36 RED-X CLOTH CERAMIC BELTS FOR FIXED MACHINES,55.75,Norton,
^ 100x1520mm R976 P40 RED-X CLOTH CERAMIC BELTS FOR FIXED MACHINES,52.47,Norton,
^ 100x1520mm R976 P60 RED-X CLOTH CERAMIC BELTS FOR FIXED MACHINES,46.84,Norton,
^ 100x1520mm R976 P80 RED-X CLOTH CERAMIC BELTS FOR FIXED MACHINES,40.44,Norton,
^ 100x1520mm R976 P120 RED-X CLOTH CERAMIC BELTS FOR FIXED MACHINES,38.94,Norton,
^ 100x2440mm R976 P36 RED-X CLOTH CERAMIC BELTS FOR FIXED MACHINES,84.22,Norton,
^ 100x2440mm R976 P40 RED-X CLOTH CERAMIC BELTS FOR FIXED MACHINES,79.45,Norton,
^ 100x2440mm R976 P60 RED-X CLOTH CERAMIC BELTS FOR FIXED MACHINES,68.81,Norton,
^ 100x2440mm R976 P80 RED-X CLOTH CERAMIC BELTS FOR FIXED MACHINES,64.13,Norton,
* 50x914mm R824 Z36 NORZON CLOTH BELTS FOR FIXED MACHINES (BLUE),15.42,Norton,
* 50x914mm R824 Z40 NORZON CLOTH BELTS FOR FIXED MACHINES (BLUE),15.13,Norton,
50x914mm R824 Z60 NORZON CLOTH BELTS FOR FIXED MACHINES (BLUE),14.18,Norton,
50x914mm R824 Z80 NORZON CLOTH BELTS FOR FIXED MACHINES (BLUE),13.37,Norton,
^ 50x1220mm R824 Z36 NORZON CLOTH BELTS FOR FIXED MACHINES (BLUE),19.02,Norton,
^ 50x1220mm R824 Z40 NORZON CLOTH BELTS FOR FIXED MACHINES (BLUE),18.2,Norton,
^ 50x1220mm R824 Z60 NORZON CLOTH BELTS FOR FIXED MACHINES (BLUE),16.65,Norton,
^ 50x1220mm R824 Z80 NORZON CLOTH BELTS FOR FIXED MACHINES (BLUE),15.93,Norton,
^ 50x1520mm R824 Z36 NORZON CLOTH BELTS FOR FIXED MACHINES (BLUE),22.22,Norton,
^ 50x1520mm R824 Z40 NORZON CLOTH BELTS FOR FIXED MACHINES (BLUE),21.07,Norton,
^ 50x1520mm R824 Z60 NORZON CLOTH BELTS FOR FIXED MACHINES (BLUE),19.42,Norton,
^ 50x2440mm R824 Z36 NORZON CLOTH BELTS FOR FIXED MACHINES (BLUE),31.86,Norton,
^ 50x2440mm R824 Z40 NORZON CLOTH BELTS FOR FIXED MACHINES (BLUE),29.67,Norton,
^ 50x2440mm R824 Z60 NORZON CLOTH BELTS FOR FIXED MACHINES (BLUE),13.61,Norton,
^ 50x2440mm R824 Z80 NORZON CLOTH BELTS FOR FIXED MACHINES (BLUE),11.9,Norton,
^ 100x914mm R824 Z36 NORZON CLOTH BELTS FOR FIXED MACHINES (BLUE),28.65,Norton,
^ 100x914mm R824 Z40 NORZON CLOTH BELTS FOR FIXED MACHINES (BLUE),27.43,Norton,
100x914mm R824 Z60 NORZON CLOTH BELTS FOR FIXED MACHINES (BLUE),25.37,Norton,
^ 100x914mm R824 Z80 NORZON CLOTH BELTS FOR FIXED MACHINES (BLUE),24.65,Norton,
^ 100x1520mm R824 Z36 NORZON CLOTH BELTS FOR FIXED MACHINES (BLUE),42.2,Norton,
^ 100x1520mm R824 Z40 NORZON CLOTH BELTS FOR FIXED MACHINES (BLUE),39.85,Norton,
^ 100x1520mm R824 Z60 NORZON CLOTH BELTS FOR FIXED MACHINES (BLUE),36.38,Norton,
^ 100x1520mm R824 Z80 NORZON CLOTH BELTS FOR FIXED MACHINES (BLUE),34.74,Norton,
^ 100x2440mm R824 Z36 NORZON CLOTH BELTS FOR FIXED MACHINES (BLUE),60.25,Norton,
^ 100x2440mm R824 Z40 NORZON CLOTH BELTS FOR FIXED MACHINES (BLUE),56.71,Norton,
^ 100x2440mm R824 Z60 NORZON CLOTH BELTS FOR FIXED MACHINES (BLUE),51.17,Norton,
^ 100x4270mm R824 Z36 NORZON CLOTH BELTS FOR FIXED MACHINES (BLUE),96.41,Norton,
^ 100x4270mm R824 Z40 NORZON CLOTH BELTS FOR FIXED MACHINES (BLUE),90.35,Norton,
^ 100x4270mm R824 Z60 NORZON CLOTH BELTS FOR FIXED MACHINES (BLUE),74.14,Norton,
^ 50x914mm R293 P24 METALITE CLOTH BELTS,8.94,Norton,
50x914mm R293 P36 METALITE CLOTH BELTS,8.55,Norton,
50x914mm R293 P40 METALITE CLOTH BELTS,8.16,Norton,
50x914mm R293 P60 METALITE CLOTH BELTS,7.52,Norton,
50x914mm R293 P80 METALITE CLOTH BELTS,7.13,Norton,
50x914mm R293 P100 METALITE CLOTH BELTS,7.02,Norton,
50x914mm R293 P120 METALITE CLOTH BELTS,7.02,Norton,
50x914mm R293 P180 METALITE CLOTH BELTS,7.02,Norton,
50x914mm R293 P240 METALITE CLOTH BELTS,7.02,Norton,
50x914mm R293 P320 METALITE CLOTH BELTS,7.02,Norton,
^ 50x1220mm R293 P36 METALITE CLOTH BELTS,10.22,Norton,
^ 50x1220mm R293 P40 METALITE CLOTH BELTS,9.63,Norton,
50x1220mm R293 P60 METALITE CLOTH BELTS,8.88,Norton,
50x1220mm R293 P80 METALITE CLOTH BELTS,8.66,Norton,
^ 50x1220mm R293 P100 METALITE CLOTH BELTS,8.38,Norton,
50x1220mm R293 P120 METALITE CLOTH BELTS,8.38,Norton,
^ 50x1220mm R293 P180 METALITE CLOTH BELTS,8.38,Norton,
^ 50x1520mm R293 P36 METALITE CLOTH BELTS,11.77,Norton,
^ 50x1520mm R293 P60 METALITE CLOTH BELTS,10.85,Norton,
^ 50x1520mm R293 P80 METALITE CLOTH BELTS,9.92,Norton,
^ 50x1520mm R293 P100 METALITE CLOTH BELTS,9.38,Norton,
^ 50x1520mm R293 P120 METALITE CLOTH BELTS,9.38,Norton,
^ 50x2440mm R293 P24 METALITE CLOTH BELTS,22.15,Norton,
^ 50x2440mm R293 P40 METALITE CLOTH BELTS,18.15,Norton,
^ 50x2440mm R293 P60 METALITE CLOTH BELTS,15.37,Norton,
^ 50x2440mm R293 P80 METALITE CLOTH BELTS,14.41,Norton,
^ 50x2440mm R293 P120 METALITE CLOTH BELTS,14.0,Norton,
^ 50x2440mm R293 P240 METALITE CLOTH BELTS,14.0,Norton,
^ 75x2000mm R293 P24 METALITE CLOTH BELTS,34.49,Norton,
^ 75x2000mm R293 P36 METALITE CLOTH BELTS,30.54,Norton,
^ 75x2000mm R293 P80 METALITE CLOTH BELTS,21.57,Norton,
^ 100x914mm R293 P24 METALITE CLOTH BELTS,18.57,Norton,
^ 100x914mm R293 P36 METALITE CLOTH BELTS,16.69,Norton,
^ 100x914mm R293 P40 METALITE CLOTH BELTS,16.19,Norton,
^ 100x914mm R293 P60 METALITE CLOTH BELTS,14.91,Norton,
^ 100x914mm R293 P80 METALITE CLOTH BELTS,14.33,Norton,
^ 100x914mm R293 P100 METALITE CLOTH BELTS,13.81,Norton,
^ 100x914mm R293 P120 METALITE CLOTH BELTS,13.81,Norton,
^ 100x927mm R293 P60 METALITE CLOTH BELTS,15.96,Norton,
^ 100x927mm R293 P80 METALITE CLOTH BELTS,15.23,Norton,
^ 100x927mm R293 P100 METALITE CLOTH BELTS,15.23,Norton,
^ 100x927mm R293 P120 METALITE CLOTH BELTS,15.23,Norton,
^ 100x1330mm R293 P60 METALITE CLOTH BELTS,19.62,Norton,
^ 100x1330mm R293 P80 METALITE CLOTH BELTS,18.66,Norton,
^ 100x1330mm R293 P100 METALITE CLOTH BELTS,18.03,Norton,
^ 100x1330mm R293 P120 METALITE CLOTH BELTS,18.03,Norton,
^ 100x1520mm R293 P36 METALITE CLOTH BELTS,24.27,Norton,
^ 100x1520mm R293 P40 METALITE CLOTH BELTS,23.13,Norton,
100x1520mm R293 P60 METALITE CLOTH BELTS,21.07,Norton,
100x1520mm R293 P80 METALITE CLOTH BELTS,19.42,Norton,
^ 100x1520mm R293 P120 METALITE CLOTH BELTS,19.33,Norton,
^ 100x2440mm R293 P24 METALITE CLOTH BELTS,45.19,Norton,
^ 100x2440mm R293 P40 METALITE CLOTH BELTS,37.69,Norton,
^ 100x2440mm R293 P60 METALITE CLOTH BELTS,33.49,Norton,
^ 100x2440mm R293 P80 METALITE CLOTH BELTS,31.86,Norton,
^ 100x2440mm R293 P100 METALITE CLOTH BELTS,30.2,Norton,
^ 100x2440mm R293 P120 METALITE CLOTH BELTS,30.2,Norton,
100x4270mm R293 P36 METALITE CLOTH BELTS,61.61,Norton,
^ 100x4270mm R293 P40 METALITE CLOTH BELTS,58.01,Norton,
^ 100x4270mm R293 P60 METALITE CLOTH BELTS,51.99,Norton,
150x1220mm R293 P40 METALITE CLOTH BELTS,36.77,Norton,
150x1220mm R293 P60 METALITE CLOTH BELTS,34.09,Norton,
150x1220mm R293 P80 METALITE CLOTH BELTS,32.06,Norton,
150x1220mm R293 P100 METALITE CLOTH BELTS,31.25,Norton,
150x1220mm R293 P120 METALITE CLOTH BELTS,31.25,Norton,
^ 150x1520mm R293 P60 METALITE CLOTH BELTS,42.74,Norton,
^ 150x1520mm R293 P80 METALITE CLOTH BELTS,40.09,Norton,
^ 150x1520mm R293 P100 METALITE CLOTH BELTS,38.23,Norton,
50x914mm R219P P40 METALITE CLOTH BELTS,5.06,Norton,
50x914mm R219P P60 METALITE CLOTH BELTS,4.86,Norton,
50x914mm R219P P80 METALITE CLOTH BELTS,4.55,Norton,
50x914mm R219P P100 METALITE CLOTH BELTS,4.34,Norton,
50x914mm R219P P120 METALITE CLOTH BELTS,4.34,Norton,
50x1220mm R219P P60 METALITE CLOTH BELTS,6.39,Norton,
50x1220mm R219P P80 METALITE CLOTH BELTS,6.2,Norton,
50x1220mm R219P P120 METALITE CLOTH BELTS,5.59,Norton,
100x914mm R219P P40 METALITE CLOTH BELTS,9.75,Norton,
100x914mm R219P P60 METALITE CLOTH BELTS,8.94,Norton,
100x914mm R219P P80 METALITE CLOTH BELTS,8.54,Norton,
100x914mm R219P P100 METALITE CLOTH BELTS,8.03,Norton,
100x914mm R219P P120 METALITE CLOTH BELTS,8.03,Norton,
110x100x19mm MEDIUM MAROON BEAR-TEX SATINEX FLAP WHEEL,171.17,Norton,
110x100x19mm FINE MAROON BEAR-TEX SATINEX FLAP WHEEL,172.16,Norton,
110x100x19mm MEDIUM P80 BEAR-TEX INTER-LEAF FLAP WHEELS,178.39,Norton,
110x100x19mm MEDIUM P150 BEAR-TEX INTER-LEAF FLAP WHEELS,178.39,Norton,
110x100x19mm BEAR-TEX RAPID STRIP WHEELS,416.75,Norton,
* BLAZE FLOOR BELT 200x750MM R975 P40,56.95,Norton,
* BLAZE FLOOR BELT 200x750MM R975 P80,44.72,Norton,
200x750mm R955P P24 FLOORSANDING REDHEAT CLOTH BELTS (CERAMIC),56.57,Norton,
* 200x750mm R955P P36 FLOORSANDING REDHEAT CLOTH BELTS (CERAMIC),50.15,Norton,
200x750mm R955P P36 FLOORSANDING REDHEAT CLOTH BELTS (CERAMIC),55.96,Norton,
200x750mm R955P P60 FLOORSANDING REDHEAT CLOTH BELTS (CERAMIC),41.31,Norton,
200x750mm R955P P80 FLOORSANDING REDHEAT CLOTH BELTS (CERAMIC),36.65,Norton,
200x750mm R955P P100 FLOORSANDING REDHEAT CLOTH BELTS (CERAMIC),35.29,Norton,
200x750mm R955P P120 FLOORSANDING REDHEAT CLOTH BELTS (CERAMIC),33.31,Norton,
* 250x750mm R955P P36 FLOORSANDING REDHEAT CLOTH BELTS (CERAMIC),66.52,Norton,
* 250x750mm R955P P60 FLOORSANDING REDHEAT CLOTH BELTS (CERAMIC),54.75,Norton,
* 250x750mm R955P P80 FLOORSANDING REDHEAT CLOTH BELTS (CERAMIC),48.67,Norton,
250x750mm R955P P100 FLOORSANDING REDHEAT CLOTH BELTS (CERAMIC),46.87,Norton,
* 300x750mm R955P P36 FLOORSANDING REDHEAT CLOTH BELTS (CERAMIC),79.2,Norton,
* 300x750mm R955P P40 FLOORSANDING REDHEAT CLOTH BELTS (CERAMIC),69.92,Norton,
* 300x750mm R955P P60 FLOORSANDING REDHEAT CLOTH BELTS (CERAMIC),65.3,Norton,
* 300x750mm R955P P80 FLOORSANDING REDHEAT CLOTH BELTS (CERAMIC),57.94,Norton,
* 300x750mm R955P P100 FLOORSANDING REDHEAT CLOTH BELTS (CERAMIC),55.81,Norton,
300x800mm R955P P24 FLOORSANDING REDHEAT CLOTH BELTS (CERAMIC),89.36,Norton,
* 300x800mm R955P P36 FLOORSANDING REDHEAT CLOTH BELTS (CERAMIC),79.2,Norton,
* 300x800mm R955P P40 FLOORSANDING REDHEAT CLOTH BELTS (CERAMIC),69.92,Norton,
300x800mm R955P P60 FLOORSANDING REDHEAT CLOTH BELTS (CERAMIC),65.3,Norton,
300x800mm R955P P80 FLOORSANDING REDHEAT CLOTH BELTS (CERAMIC),57.94,Norton,
300x800mm R955P P100 FLOORSANDING REDHEAT CLOTH BELTS (CERAMIC),55.81,Norton,
300x800mm R955P P120 FLOORSANDING REDHEAT CLOTH BELTS (CERAMIC),54.26,Norton,
200x750mm R809 Z24 FLOORSANDING ZIRKON CLOTH BELTS (ZIRCONIA),32.87,Norton,
200x750mm R809 Z36 FLOORSANDING ZIRKON CLOTH BELTS (ZIRCONIA),29.6,Norton,
200x750mm R809 Z40 FLOORSANDING ZIRKON CLOTH BELTS (ZIRCONIA),27.78,Norton,
200x750mm R809 Z60 FLOORSANDING ZIRKON CLOTH BELTS (ZIRCONIA),24.27,Norton,
200x750mm R809 Z80 FLOORSANDING ZIRKON CLOTH BELTS (ZIRCONIA),23.43,Norton,
200x750mm R809 Z100 FLOORSANDING ZIRKON CLOTH BELTS (ZIRCONIA),23.43,Norton,
200x750mm R809 Z120 FLOORSANDING ZIRKON CLOTH BELTS (ZIRCONIA),23.43,Norton,
250x750mm R809 Z24 FLOORSANDING ZIRKON CLOTH BELTS (ZIRCONIA),39.05,Norton,
250x750mm R809 Z36 FLOORSANDING ZIRKON CLOTH BELTS (ZIRCONIA),36.59,Norton,
250x750mm R809 Z40 FLOORSANDING ZIRKON CLOTH BELTS (ZIRCONIA),34.92,Norton,
250x750mm R809 Z60 FLOORSANDING ZIRKON CLOTH BELTS (ZIRCONIA),30.4,Norton,
250x750mm R809 Z80 FLOORSANDING ZIRKON CLOTH BELTS (ZIRCONIA),29.6,Norton,
250x750mm R809 Z100 FLOORSANDING ZIRKON CLOTH BELTS (ZIRCONIA),29.6,Norton,
250x750mm R809 Z120 FLOORSANDING ZIRKON CLOTH BELTS (ZIRCONIA),29.6,Norton,
305x750mm R809 Z36 FLOORSANDING ZIRKON CLOTH BELTS (ZIRCONIA),44.68,Norton,
305x750mm R809 Z40 FLOORSANDING ZIRKON CLOTH BELTS (ZIRCONIA),42.59,Norton,
305x750mm R809 Z60 FLOORSANDING ZIRKON CLOTH BELTS (ZIRCONIA),36.77,Norton,
305x750mm R809 Z80 FLOORSANDING ZIRKON CLOTH BELTS (ZIRCONIA),35.85,Norton,
305x750mm R809 Z100 FLOORSANDING ZIRKON CLOTH BELTS (ZIRCONIA),35.85,Norton,
203x480mm R206 P24 FLOORSANDING CLOTH BELTS ALUMINIUM OXIDE,12.14,Norton,
203x480mm R206 P40 FLOORSANDING CLOTH BELTS ALUMINIUM OXIDE,11.41,Norton,
203x480mm R206 P60 FLOORSANDING CLOTH BELTS ALUMINIUM OXIDE,10.1,Norton,
203x480mm R206 P80 FLOORSANDING CLOTH BELTS ALUMINIUM OXIDE,9.69,Norton,
203x480mm R206 P100 FLOORSANDING CLOTH BELTS ALUMINIUM OXIDE,9.36,Norton,
203x480mm R206 P120 FLOORSANDING CLOTH BELTS ALUMINIUM OXIDE,9.36,Norton,
200x750mm R206 P24 FLOORSANDING CLOTH BELTS ALUMINIUM OXIDE,20.35,Norton,
200x750mm R206 P36 FLOORSANDING CLOTH BELTS ALUMINIUM OXIDE,20.35,Norton,
200x750mm R206 P40 FLOORSANDING CLOTH BELTS ALUMINIUM OXIDE,19.42,Norton,
200x750mm R206 P60 FLOORSANDING CLOTH BELTS ALUMINIUM OXIDE,16.87,Norton,
200x750mm R206 P80 FLOORSANDING CLOTH BELTS ALUMINIUM OXIDE,16.34,Norton,
200x750mm R206 P100 FLOORSANDING CLOTH BELTS ALUMINIUM OXIDE,16.34,Norton,
200x750mm R206 P120 FLOORSANDING CLOTH BELTS ALUMINIUM OXIDE,16.34,Norton,
* 250x750mm R206 P36 FLOORSANDING CLOTH BELTS ALUMINIUM OXIDE,25.48,Norton,
* 250x750mm R206 P40 FLOORSANDING CLOTH BELTS ALUMINIUM OXIDE,24.27,Norton,
* 250x750mm R206 P60 FLOORSANDING CLOTH BELTS ALUMINIUM OXIDE,21.27,Norton,
* 250x750mm R206 P100 FLOORSANDING CLOTH BELTS ALUMINIUM OXIDE,20.43,Norton,
* 305x750mm R206 P24 FLOORSANDING CLOTH BELTS ALUMINIUM OXIDE,31.12,Norton,
* 305x750mm R206 P36 FLOORSANDING CLOTH BELTS ALUMINIUM OXIDE,31.12,Norton,
* 305x750mm R206 P60 FLOORSANDING CLOTH BELTS ALUMINIUM OXIDE,25.79,Norton,
* 200mm x 25m R413 P30 CLOTH BACK FLOORSANDING ROLLS DURITE (RED),506.77,Norton,
* 200mm x 25m R413 P40 CLOTH BACK FLOORSANDING ROLLS DURITE (RED),506.77,Norton,
^ 305mm x 25m R413 P24 CLOTH BACK FLOORSANDING ROLLS DURITE (RED),759.93,Norton,
* 305mm x 25m R413 P30 CLOTH BACK FLOORSANDING ROLLS DURITE (RED),759.93,Norton,
200mm x 50m H425 P60 CLOTH BACK FLOORSANDING ROLLS DURITE (BLACK),649.36,Norton,
200mm x 50m H425 P80 CLOTH BACK FLOORSANDING ROLLS DURITE (BLACK),561.24,Norton,
200mm x 50m H425 P100 CLOTH BACK FLOORSANDING ROLLS DURITE (BLACK),513.78,Norton,
250mm x 50m H425 P60 CLOTH BACK FLOORSANDING ROLLS DURITE (BLACK),861.88,Norton,
250mm x 50m H425 P80 CLOTH BACK FLOORSANDING ROLLS DURITE (BLACK),743.36,Norton,
250mm x 50m H425 P100 CLOTH BACK FLOORSANDING ROLLS DURITE (BLACK),694.14,Norton,
305mm x 50m H425 P60 CLOTH BACK FLOORSANDING ROLLS DURITE (BLACK),964.2,Norton,
305mm x 50m H425 P80 CLOTH BACK FLOORSANDING ROLLS DURITE (BLACK),836.55,Norton,
305mm x 50m H425 P100 CLOTH BACK FLOORSANDING ROLLS DURITE (BLACK),764.06,Norton,
205x475mm H425 P40 CLARKE SHEETS (WITH NOTCHED ENDS),7.42,Norton,
205x475mm H425 P60 CLARKE SHEETS (WITH NOTCHED ENDS),5.99,Norton,
205x475mm H425 P80 CLARKE SHEETS (WITH NOTCHED ENDS),5.89,Norton,
205x475mm H425 P100 CLARKE SHEETS (WITH NOTCHED ENDS),5.47,Norton,
205x475mm H425 P120 CLARKE SHEETS (WITH NOTCHED ENDS),5.47,Norton,
RED HEAT SPEED-GRIP DISC 125MMxNH H955 P60,4.02,Norton,
RED HEAT SPEED-GRIP DISC 125MMxNH H955 P80,3.85,Norton,
RED HEAT SPEED-GRIP DISC 125MMxNH H955 P100,3.62,Norton,
RED HEAT SPEED-GRIP DISC 125MMxNH H955 P120,3.62,Norton,
150 mm x NH H955 P36 REDHEAT SPEED GRIP FLOORSANDING DISCS H955 (CERAMIC),6.29,Norton,
150 mm x NH H955 P40 REDHEAT SPEED GRIP FLOORSANDING DISCS H955 (CERAMIC),5.99,Norton,
150 mm x NH H955 P50 REDHEAT SPEED GRIP FLOORSANDING DISCS H955 (CERAMIC),5.55,Norton,
150 mm x NH H955 P60 REDHEAT SPEED GRIP FLOORSANDING DISCS H955 (CERAMIC),5.13,Norton,
150 mm x NH H955 P80 REDHEAT SPEED GRIP FLOORSANDING DISCS H955 (CERAMIC),4.92,Norton,
150 mm x NH H955 P100 REDHEAT SPEED GRIP FLOORSANDING DISCS H955 (CERAMIC),4.62,Norton,
150 mm x NH H955 P120 REDHEAT SPEED GRIP FLOORSANDING DISCS H955 (CERAMIC),4.62,Norton,
178 mm x NH H955 P24 REDHEAT SPEED GRIP FLOORSANDING DISCS H955 (CERAMIC),8.14,Norton,
178 mm x NH H955 P36 REDHEAT SPEED GRIP FLOORSANDING DISCS H955 (CERAMIC),7.54,Norton,
178 mm x NH H955 P40 REDHEAT SPEED GRIP FLOORSANDING DISCS H955 (CERAMIC),7.18,Norton,
178 mm x NH H955 P50 REDHEAT SPEED GRIP FLOORSANDING DISCS H955 (CERAMIC),6.64,Norton,
178 mm x NH H955 P60 REDHEAT SPEED GRIP FLOORSANDING DISCS H955 (CERAMIC),6.17,Norton,
178 mm x NH H955 P80 REDHEAT SPEED GRIP FLOORSANDING DISCS H955 (CERAMIC),5.89,Norton,
178 mm x NH H955 P100 REDHEAT SPEED GRIP FLOORSANDING DISCS H955 (CERAMIC),5.55,Norton,
178 mm x NH H955 P120 REDHEAT SPEED GRIP FLOORSANDING DISCS H955 (CERAMIC),5.55,Norton,
178 mm x 10H H955 P36 REDHEAT SPEED GRIP FLOORSANDING DISCS H955 (CERAMIC),7.61,Norton,
178 mm x 10H H955 P40 REDHEAT SPEED GRIP FLOORSANDING DISCS H955 (CERAMIC),7.28,Norton,
178 mm x 10H H955 P50 REDHEAT SPEED GRIP FLOORSANDING DISCS H955 (CERAMIC),6.7,Norton,
178 mm x 10H H955 P60 REDHEAT SPEED GRIP FLOORSANDING DISCS H955 (CERAMIC),6.21,Norton,
178 mm x 10H H955 P80 REDHEAT SPEED GRIP FLOORSANDING DISCS H955 (CERAMIC),5.97,Norton,
178 mm x 10H H955 P100 REDHEAT SPEED GRIP FLOORSANDING DISCS H955 (CERAMIC),5.59,Norton,
178 mm x 10H H955 P120 REDHEAT SPEED GRIP FLOORSANDING DISCS H955 (CERAMIC),5.59,Norton,
200 mm x NH H955 P36 REDHEAT SPEED GRIP FLOORSANDING DISCS H955 (CERAMIC),8.83,Norton,
200 mm x NH H955 P40 REDHEAT SPEED GRIP FLOORSANDING DISCS H955 (CERAMIC),8.36,Norton,
200 mm x NH H955 P50 REDHEAT SPEED GRIP FLOORSANDING DISCS H955 (CERAMIC),7.88,Norton,
200 mm x NH H955 P60 REDHEAT SPEED GRIP FLOORSANDING DISCS H955 (CERAMIC),7.17,Norton,
200 mm x NH H955 P80 REDHEAT SPEED GRIP FLOORSANDING DISCS H955 (CERAMIC),6.76,Norton,
200 mm x NH H955 P100 REDHEAT SPEED GRIP FLOORSANDING DISCS H955 (CERAMIC),6.16,Norton,
200 mm x NH H955 P120 REDHEAT SPEED GRIP FLOORSANDING DISCS H955 (CERAMIC),5.97,Norton,
406 mm x NH H955 P40 REDHEAT SPEED GRIP FLOORSANDING DISCS H955 (CERAMIC),38.19,Norton,
406 mm x NH H955 P60 REDHEAT SPEED GRIP FLOORSANDING DISCS H955 (CERAMIC),32.24,Norton,
406 mm x NH H955 P80 REDHEAT SPEED GRIP FLOORSANDING DISCS H955 (CERAMIC),30.64,Norton,
406 mm x NH H955 P100 REDHEAT SPEED GRIP FLOORSANDING DISCS H955 (CERAMIC),28.52,Norton,
406 mm x NH H955 P120 REDHEAT SPEED GRIP FLOORSANDING DISCS H955 (CERAMIC),27.61,Norton,
405mm R413 P24 DURITE CLOTH BACK FLOORSANDING DISCS (RED),26.51,Norton,
405mm R413 P30 DURITE CLOTH BACK FLOORSANDING DISCS (RED),26.51,Norton,
405mm R413 P40 DURITE CLOTH BACK FLOORSANDING DISCS (RED),26.51,Norton,
405mm x NH H425 P40 DURITE PAPER BACK FLOORSANDING DISCS (BLACK),23.63,Norton,
405mm x NH H425 P60 DURITE PAPER BACK FLOORSANDING DISCS (BLACK),19.81,Norton,
405mm x NH H425 P80 DURITE PAPER BACK FLOORSANDING DISCS (BLACK),17.8,Norton,
405mm x NH H425 P100 DURITE PAPER BACK FLOORSANDING DISCS (BLACK),17.8,Norton,
405mm x NH H425 P40 DURITE PAPER SPEED-GRIP FLOORSANDING DISC (BLACK),27.23,Norton,
405mm x NH H425 P60 DURITE PAPER SPEED-GRIP FLOORSANDING DISC (BLACK),22.82,Norton,
405mm x NH H425 P80 DURITE PAPER SPEED-GRIP FLOORSANDING DISC (BLACK),20.43,Norton,
405mm x NH H425 P100 DURITE PAPER SPEED-GRIP FLOORSANDING DISC (BLACK),17.87,Norton,
180x22mm H955 P24 REDHEAT EDG-R PAPER FLOORSANDING DISCS (CERAMIC),5.71,Norton,
180x22mm H955 P36 REDHEAT EDG-R PAPER FLOORSANDING DISCS (CERAMIC),4.55,Norton,
180x22mm H955 P40 REDHEAT EDG-R PAPER FLOORSANDING DISCS (CERAMIC),4.34,Norton,
180x22mm H955 P60 REDHEAT EDG-R PAPER FLOORSANDING DISCS (CERAMIC),3.75,Norton,
180x22mm H955 P80 REDHEAT EDG-R PAPER FLOORSANDING DISCS (CERAMIC),3.49,Norton,
180x22mm H955 P100 REDHEAT EDG-R PAPER FLOORSANDING DISCS (CERAMIC),3.2,Norton,
180x22mm H955 P120 REDHEAT EDG-R PAPER FLOORSANDING DISCS (CERAMIC),3.1,Norton,
178x22mm R413 P24 EDG-R DURITE CLOTH BACK FLOORSANDING DISCS (RED),4.55,Norton,
178x22mm R413 P30 EDG-R DURITE CLOTH BACK FLOORSANDING DISCS (RED),4.55,Norton,
178x22mm R413 P40 EDG-R DURITE CLOTH BACK FLOORSANDING DISCS (RED),4.55,Norton,
178x22mm H425 P36 EDG-R DURITE PAPER FLOORSANDING DISCS (BLACK),3.76,Norton,
178x22mm H425 P40 EDG-R DURITE PAPER FLOORSANDING DISCS (BLACK),3.31,Norton,
178x22mm H425 P60 EDG-R DURITE PAPER FLOORSANDING DISCS (BLACK),2.91,Norton,
178x22mm H425 P80 EDG-R DURITE PAPER FLOORSANDING DISCS (BLACK),2.72,Norton,
178x22mm H425 P100 EDG-R DURITE PAPER FLOORSANDING DISCS (BLACK),2.35,Norton,
178x22mm H425 P120 EDG-R DURITE PAPER FLOORSANDING DISCS (BLACK),2.35,Norton,
406mm Q955 P80 REDHEAT SCREEN-BAK DISCS (CERAMIC),39.5,Norton,
406mm Q955 P100 REDHEAT SCREEN-BAK DISCS (CERAMIC),36.0,Norton,
406mm Q955 P120 REDHEAT SCREEN-BAK DISCS (CERAMIC),33.0,Norton,
406mm Q955 P150 REDHEAT SCREEN-BAK DISCS (CERAMIC),33.0,Norton,
406mm Q955 P180 REDHEAT SCREEN-BAK DISCS (CERAMIC),33.0,Norton,
406mm Q955 P220 REDHEAT SCREEN-BAK DISCS (CERAMIC),33.0,Norton,
^ 200mm Q421 P80 DURITE SCREEN-BAK DISCS 200 mm,13.44,Norton,
^ 200mm Q421 P100 DURITE SCREEN-BAK DISCS 200 mm,13.44,Norton,
^ 200mm Q421 P120 DURITE SCREEN-BAK DISCS 200 mm,13.44,Norton,
^ 200mm Q421 P150 DURITE SCREEN-BAK DISCS 200 mm,13.44,Norton,
^ 200mm Q421 P180 DURITE SCREEN-BAK DISCS 200 mm,13.44,Norton,
405mm Q421 P80 DURITE SCREEN-BAK DISCS 405 mm,22.9,Norton,
405mm Q421 P100 DURITE SCREEN-BAK DISCS 405 mm,22.9,Norton,
405mm Q421 P120 DURITE SCREEN-BAK DISCS 405 mm,22.9,Norton,
405mm Q421 P150 DURITE SCREEN-BAK DISCS 405 mm,22.9,Norton,
405mm Q421 P180 DURITE SCREEN-BAK DISCS 405 mm,22.9,Norton,
405mm Q421 P220 DURITE SCREEN-BAK DISCS 405 mm,22.9,Norton,
405mm Q421 P320 DURITE SCREEN-BAK DISCS 405 mm,22.9,Norton,
406mm COARSE BLUE FLOORSANDING PRODUCTS SANDDOLLAR DISCS,53.46,Norton,
406mm MEDIUM RED FLOORSANDING PRODUCTS SANDDOLLAR DISCS,53.46,Norton,
406mm FINE YELLOW FLOORSANDING PRODUCTS SANDDOLLAR DISCS,53.46,Norton,
406mm V.FINE GREEN FLOORSANDING PRODUCTS SANDDOLLAR DISCS,53.46,Norton,
COND. PAD GENERAL PURPOSE 406mm (10 PADS) BEAR-TEX FLOOR CONDITIONING & MAINTENANCE,208.72,Norton,
COND. PAD BUFFING 406mm (GREY) (10 PADS) BEAR-TEX FLOOR CONDITIONING & MAINTENANCE,208.72,Norton,
MAIN. PAD BLACK SUPER STRIPPER (5 PADS) BEAR-TEX FLOOR CONDITIONING & MAINTENANCE,100.02,Norton,
MAIN. PAD BLUE SUPER CLEAN (5 PADS) BEAR-TEX FLOOR CONDITIONING & MAINTENANCE,100.02,Norton,
MAIN. PAD RED BUFFER 406MM (5 PADS) BEAR-TEX FLOOR CONDITIONING & MAINTENANCE,100.02,Norton,
MAIN. PAD WHITE SUPER GLOSS (5 PADS) BEAR-TEX FLOOR CONDITIONING & MAINTENANCE,75.92,Norton,
SCREEN DRIVER PAD WHITE - FIRM (5 PADS),75.92,Norton,
THIN FLEX 152 mm VFINE MAROON BEAR-TEX THIN-FLEX SCUFF DISCS,4.72,Norton,
THIN FLEX 152 mm UFINE GREY BEAR-TEX THIN-FLEX SCUFF DISCS,4.72,Norton,
* THIN FLEX 115x230mm VFINE MAROON BEAR-TEX HAND PADS,3.41,Norton,
* THIN FLEX 115x230mm UFINE GREY BEAR-TEX HAND PADS,3.41,Norton,
150x230mm MED DARK TAN 740HD BEAR-TEX HAND PADS,13.6,Norton,
150x230mm MED GREY 746 BEAR-TEX HAND PADS,6.93,Norton,
150x230mm VFINE MAROON 777 BEAR-TEX HAND PADS,4.25,Norton,
150x230mm VFINE MAROON 747 BEAR-TEX HAND PADS,4.25,Norton,
150x230mm VFINE GREEN 796 BEAR-TEX HAND PADS,3.65,Norton,
150x230mm UFINE GREY 635 BEAR-TEX HAND PADS,4.25,Norton,
150x230mm MFINE GREY 748 BEAR-TEX HAND PADS,4.25,Norton,
150x230mm MFINE GOLD 914 BEAR-TEX HAND PADS,4.25,Norton,
150x230mm NON/AB WHITE 456 BEAR-TEX HAND PADS,3.65,Norton,
115mm x 10m THIN FLEX VFINE MAROON BEAR-TEX THIN FLEX PERFORATED ROLLS,122.79,Norton,
115mm x 10m THIN FLEX UFINE GREY BEAR-TEX THIN FLEX PERFORATED ROLLS,122.79,Norton,
115mm x 10m V/FINE MAROON 747 BEAR-TEX - PERFORATED ROLLS,114.27,Norton,
115mm x 10m V/FINE GREEN 796 BEAR-TEX - PERFORATED ROLLS,114.27,Norton,
115mm x 10m MICRO FINE GREY 748 BEAR-TEX - PERFORATED ROLLS,114.27,Norton,
115mm x 10m NON/AB WHITE 456 BEAR-TEX - PERFORATED ROLLS,114.27,Norton,
DEPRESSED CENTRE DISC 100x16mm BLAZE RAPID STRIP CERAMIC (ORANGE),41.9,Norton,
DEPRESSED CENTRE DISC 115x22mm BLAZE RAPID STRIP CERAMIC (ORANGE),48.18,Norton,
DEPRESSED CENTRE DISC 125x22mm BLAZE RAPID STRIP CERAMIC (ORANGE),53.46,Norton,
DEPRESSED CENTRE DISC 178x22mm BLAZE RAPID STRIP CERAMIC (ORANGE),86.51,Norton,
DISC (PLAIN) 100x6mm BLAZE RAPID STRIP CERAMIC (ORANGE),37.54,Norton,
DISC (PLAIN) 100x16mm BLAZE RAPID STRIP CERAMIC (ORANGE),37.54,Norton,
DISC (PLAIN) 178x22mm BLAZE RAPID STRIP CERAMIC (ORANGE),59.34,Norton,
DEPRESSED CENTRE DISC 100x16mm RAPID STRIP SILICON CARBIDE (BLACK),32.59,Norton,
DEPRESSED CENTRE DISC 115x22mm RAPID STRIP SILICON CARBIDE (BLACK),37.49,Norton,
DEPRESSED CENTRE DISC 125x22mm RAPID STRIP SILICON CARBIDE (BLACK),41.57,Norton,
DEPRESSED CENTRE DISC 180x22mm RAPID STRIP SILICON CARBIDE (BLACK),67.29,Norton,
DISC (PLAIN) 100x6mm RAPID STRIP SILICON CARBIDE (BLACK),28.86,Norton,
DISC (PLAIN) 180x22mm RAPID STRIP SILICON CARBIDE (BLACK),45.63,Norton,
DRILL MOUNT HANDY PACK RAPID STRIP SILICON CARBIDE (BLACK),24.48,Norton,
DEPRESSED CENTRE DISC 115x22mm VORTEX RAPID BLEND (BLUE),67.75,Norton,
DEPRESSED CENTRE DISC 125x22mm VORTEX RAPID BLEND (BLUE),86.1,Norton,
115X22mm FINE NEX RAPID BLEND DISCS,48.47,Norton,
125X22mm FINE NEX RAPID BLEND DISCS,66.18,Norton,
127x22mm COARSE (BROWN) BEAR-TEX - RAPID BLEND FLAP DISCS - TYPE 29,30.87,Norton,
127x22mm MEDIUM (MAROON) BEAR-TEX - RAPID BLEND FLAP DISCS - TYPE 29,30.87,Norton,
127x22mm V/FINE (BLUE) BEAR-TEX - RAPID BLEND FLAP DISCS - TYPE 29,30.87,Norton,
"115X22mm (Max RPM 8,500) RAPID POLISH FELT FLAP DISCS - TYPE 29",58.19,Norton,
"125X22mm (Max RPM 7,700) RAPID POLISH FELT FLAP DISCS - TYPE 29",65.76,Norton,
DISC 100mm COARSE BROWN BEAR-TEX - RAPID PREP SURFACE BLENDING,11.94,Norton,
DISC 100mm MEDIUM MAROON BEAR-TEX - RAPID PREP SURFACE BLENDING,11.94,Norton,
DISC 100mm V/FINE BLUE BEAR-TEX - RAPID PREP SURFACE BLENDING,11.94,Norton,
DISC 115mm COARSE BROWN BEAR-TEX - RAPID PREP SURFACE BLENDING,13.05,Norton,
^ DISC 115mm MEDIUM MAROON BEAR-TEX - RAPID PREP SURFACE BLENDING,13.05,Norton,
^ DISC 115mm V/FINE BLUE BEAR-TEX - RAPID PREP SURFACE BLENDING,13.05,Norton,
DISC 127mm COARSE BROWN BEAR-TEX - RAPID PREP SURFACE BLENDING,16.06,Norton,
DISC 127mm MEDIUM MAROON BEAR-TEX - RAPID PREP SURFACE BLENDING,16.06,Norton,
DISC 127mm V/FINE BLUE BEAR-TEX - RAPID PREP SURFACE BLENDING,16.06,Norton,
DISC 178mm COARSE BROWN BEAR-TEX - RAPID PREP SURFACE BLENDING,25.08,Norton,
DISC 178mm MEDIUM MAROON BEAR-TEX - RAPID PREP SURFACE BLENDING,25.08,Norton,
DISC 178mm V/FINE BLUE BEAR-TEX - RAPID PREP SURFACE BLENDING,25.08,Norton,
50x914mm COARSE BEAR-TEX - RAPID PREP SURFACE CONDITIONING BELTS,46.49,Norton,
50x914mm MEDIUM BEAR-TEX - RAPID PREP SURFACE CONDITIONING BELTS,46.49,Norton,
50x914mm V.FINE BEAR-TEX - RAPID PREP SURFACE CONDITIONING BELTS,46.49,Norton,
50x1220mm COARSE BEAR-TEX - RAPID PREP SURFACE CONDITIONING BELTS,57.7,Norton,
50x1220mm MEDIUM BEAR-TEX - RAPID PREP SURFACE CONDITIONING BELTS,57.7,Norton,
50x1220mm V.FINE BEAR-TEX - RAPID PREP SURFACE CONDITIONING BELTS,57.7,Norton,
90x400mm COARSE BEAR-TEX - RAPID PREP SURFACE CONDITIONING BELTS,49.3,Norton,
90x400mm MEDIUM BEAR-TEX - RAPID PREP SURFACE CONDITIONING BELTS,49.3,Norton,
90x400mm V.FINE BEAR-TEX - RAPID PREP SURFACE CONDITIONING BELTS,49.3,Norton,
100x914mm COARSE BEAR-TEX - RAPID PREP SURFACE CONDITIONING BELTS,94.23,Norton,
100x914mm MEDIUM BEAR-TEX - RAPID PREP SURFACE CONDITIONING BELTS,94.23,Norton,
100x914mm V.FINE BEAR-TEX - RAPID PREP SURFACE CONDITIONING BELTS,94.23,Norton,
HEAVY DE-BURRING SERIES 4000 WHEEL 152.4x25.4x25.4mm 9SF BEAR-TEX RAPID FINISH CONVOLUTE,121.36,Norton,
HEAVY DE-BURRING SERIES 4000 WHEEL 203.2x25.4x76.2mm 8SF BEAR-TEX RAPID FINISH CONVOLUTE,159.8,Norton,
GEN. PURP. SERIES 1000LL WHEEL 152.4x25.4x25.4mm 7SF BEAR-TEX RAPID FINISH CONVOLUTE,224.34,Norton,
GEN. PURP. SERIES 1000LL WHEEL 203.2x25.4x76.2mm 7SF BEAR-TEX RAPID FINISH CONVOLUTE,228.25,Norton,
GEN. PURP. RAPID FINISH WHEEL 203.2x50.8x76.2mm 6SF BEAR-TEX RAPID FINISH CONVOLUTE,375.75,Norton,
GEN. PURP. SERIES 1000LL WHEEL 203.2x50.8x76.2mm 8SF BEAR-TEX RAPID FINISH CONVOLUTE,448.81,Norton,
METAL FINISHING WHEEL 152.4x25.4x25.4mm 5AM BEAR-TEX RAPID FINISH CONVOLUTE,196.44,Norton,
METAL FINISHING WHEEL 152.4x50.8x25.4mm 5AM BEAR-TEX RAPID FINISH CONVOLUTE,306.14,Norton,
METAL FINISHING WHEEL 203.2x50.8x76.2mm 5AM BEAR-TEX RAPID FINISH CONVOLUTE,367.31,Norton,
SURFACE FINISHING WHEEL 152.4x25.4x25.4mm 0SM BEAR-TEX RAPID FINISH CONVOLUTE,137.13,Norton,
SURFACE FINISHING WHEEL 152.4x50.8x25.4mm 0SM BEAR-TEX RAPID FINISH CONVOLUTE,201.05,Norton,
CLEAN & FINISH WHEEL 152.4x25.4x25.4mm 0SM BEAR-TEX RAPID FINISH CONVOLUTE,99.37,Norton,
CLEAN & FINISH WHEEL 152.4x50.8x25.4mm 0SM BEAR-TEX RAPID FINISH CONVOLUTE,174.09,Norton,
CLEAN & FINISH WHEEL 152.4x50.8x25.4mm 0SF BEAR-TEX RAPID FINISH CONVOLUTE,174.09,Norton,
^ 150mm 5-PLY VERY FINE HI-STRENGTH FLEXI WHEEL,90.31,Norton,
^ 200mm 3-PLY VERY FINE HI-STRENGTH FLEXI WHEEL,151.41,Norton,
150x50 QOSM MED REDIBUFF WHEEL TAPERED SPINDLE,100.72,Norton,
200x50 QOSM MED REDIBUFF WHEEL TAPERED SPINDLE,141.65,Norton,
100x16mm P16 RETAIL PACKED METALITE FIBRE DISCS,2.35,Norton,
100x16mm P24 RETAIL PACKED METALITE FIBRE DISCS,2.35,Norton,
100x16mm P36 RETAIL PACKED METALITE FIBRE DISCS,2.35,Norton,
100x16mm P60 RETAIL PACKED METALITE FIBRE DISCS,2.17,Norton,
100x16mm P80 RETAIL PACKED METALITE FIBRE DISCS,2.17,Norton,
* 100x16mm P100 RETAIL PACKED METALITE FIBRE DISCS,2.17,Norton,
115x22mm P24 RETAIL PACKED METALITE FIBRE DISCS,3.49,Norton,
115x22mm P60 RETAIL PACKED METALITE FIBRE DISCS,2.83,Norton,
115x22mm P80 RETAIL PACKED METALITE FIBRE DISCS,2.83,Norton,
125x22mm P16 RETAIL PACKED METALITE FIBRE DISCS,3.49,Norton,
125x22mm P24 RETAIL PACKED METALITE FIBRE DISCS,3.49,Norton,
125x22mm P36 RETAIL PACKED METALITE FIBRE DISCS,3.49,Norton,
125x22mm P50 RETAIL PACKED METALITE FIBRE DISCS,3.49,Norton,
125x22mm P60 RETAIL PACKED METALITE FIBRE DISCS,2.83,Norton,
125x22mm P80 RETAIL PACKED METALITE FIBRE DISCS,2.83,Norton,
125x22mm P120 RETAIL PACKED METALITE FIBRE DISCS,2.83,Norton,
178x22mm P16 RETAIL PACKED METALITE FIBRE DISCS,4.02,Norton,
178x22mm P24 RETAIL PACKED METALITE FIBRE DISCS,4.02,Norton,
178x22mm P36 RETAIL PACKED METALITE FIBRE DISCS,4.02,Norton,
178x22mm P60 RETAIL PACKED METALITE FIBRE DISCS,3.49,Norton,
178x22mm P80 RETAIL PACKED METALITE FIBRE DISCS,3.49,Norton,
178x22mm P100 RETAIL PACKED METALITE FIBRE DISCS,3.49,Norton,
EXPERT QUANTUM 125mm x MH 12PK V/CRSE P40 PREMIUM SPEED-GRIP CERAMIC DISCS,27.56,Norton,
EXPERT QUANTUM 125mm x MH 12PK MEDIUM P80 PREMIUM SPEED-GRIP CERAMIC DISCS,27.56,Norton,
EXPERT QUANTUM 125mm x MH 12PK FINE P120 PREMIUM SPEED-GRIP CERAMIC DISCS,27.56,Norton,
EXPERT QUANTUM 125mm x MH 12PK FINE P180 PREMIUM SPEED-GRIP CERAMIC DISCS,27.56,Norton,
EXPERT QUANTUM 125mm x MH 12PK V/FINE P240 PREMIUM SPEED-GRIP CERAMIC DISCS,27.56,Norton,
EXPERT QUANTUM 150mm x MH 12PK MEDIUM P80 PREMIUM SPEED-GRIP CERAMIC DISCS,28.97,Norton,
EXPERT QUANTUM 150mm x MH 12PK FINE P120 PREMIUM SPEED-GRIP CERAMIC DISCS,28.97,Norton,
* EXPERT QUANTUM 150mm x MH 12PK V/FINE P240 PREMIUM SPEED-GRIP CERAMIC DISCS,28.97,Norton,
EXPERT QUANTUM 150mm x MH 12PK V/FINE P320 PREMIUM SPEED-GRIP CERAMIC DISCS,28.97,Norton,
EXPERT QUANTUM DETAIL SHEETS 93x93mm 6H 12PK V/CRSE P40 PREMIUM SPEED-GRIP CERAMIC,23.16,Norton,
EXPERT QUANTUM DETAIL SHEETS 93x93mm 6H 12PK MED P80 PREMIUM SPEED-GRIP CERAMIC,23.16,Norton,
EXPERT QUANTUM DETAIL SHEETS 93x93mm 6H 12PK FINE P120 PREMIUM SPEED-GRIP CERAMIC,23.16,Norton,
EXPERT QUANTUM 93x185mm x MH 12PK V/CRSE P40 PREMIUM SPEED-GRIP CERAMIC SHEETS,30.15,Norton,
EXPERT QUANTUM 93x185mm x MH 12PK MEDIUM P80 PREMIUM SPEED-GRIP CERAMIC SHEETS,30.15,Norton,
EXPERT QUANTUM 93x185mm x MH 12PK FINE P120 PREMIUM SPEED-GRIP CERAMIC SHEETS,30.15,Norton,
EXPERT QUANTUM 93x185mm x MH 12PK FINE P180 PREMIUM SPEED-GRIP CERAMIC SHEETS,30.15,Norton,
EXPERT QUANTUM 93x185mm x MH 12PK V/FINE P240 PREMIUM SPEED-GRIP CERAMIC SHEETS,30.15,Norton,
EXPERT QUANTUM BELTS 10X330mm 3PK V/CRSE PREMIUM ZIRCONIA,12.27,Norton,
EXPERT QUANTUM BELTS 10X330mm 3PK COARSE PREMIUM ZIRCONIA,12.27,Norton,
EXPERT QUANTUM BELTS 10X330mm 3PK MEDIUM PREMIUM ZIRCONIA,12.27,Norton,
EXPERT QUANTUM BELTS 13X445mm 3PK V/CRSE PREMIUM ZIRCONIA,15.34,Norton,
EXPERT QUANTUM BELTS 13X445mm 3PK COARSE PREMIUM ZIRCONIA,15.34,Norton,
EXPERT QUANTUM BELTS 13X445mm 3PK MEDIUM PREMIUM ZIRCONIA,15.34,Norton,
EXPERT QUANTUM BELTS 20X520mm 3PK V/CRSE PREMIUM ZIRCONIA,19.62,Norton,
EXPERT QUANTUM BELTS 20X520mm 3PK COARSE PREMIUM ZIRCONIA,19.62,Norton,
EXPERT QUANTUM BELTS 20X520mm 3PK MEDIUM PREMIUM ZIRCONIA,19.62,Norton,
EXPERT QUANTUM BELTS 75x533mm 3PK V/CRSE P36 PREMIUM ZIRCONIA,20.26,Norton,
EXPERT QUANTUM BELTS 75x533mm 3PK COARSE P50 PREMIUM ZIRCONIA,20.26,Norton,
EXPERT QUANTUM BELTS 75x533mm 3PK MEDIUM P80 PREMIUM ZIRCONIA,20.26,Norton,
EXPERT QUANTUM BELTS 75x533mm 3PK FINE P120 PREMIUM ZIRCONIA,20.26,Norton,
EXPERT QUANTUM BELTS 100x610mm 3PK V/CRSE P36 PREMIUM ZIRCONIA,24.17,Norton,
EXPERT QUANTUM BELTS 100x610mm 3PK COARSE P50 PREMIUM ZIRCONIA,24.17,Norton,
EXPERT QUANTUM BELTS 100x610mm 3PK MEDIUM P80 PREMIUM ZIRCONIA,24.17,Norton,
EXPERT QUANTUM BELTS 100x610mm 3PK FINE P120 PREMIUM ZIRCONIA,24.17,Norton,
EXPERT QUANTUM BELTS 50x914mm 3PK V/CRSE P36 PREMIUM ZIRCONIA,27.97,Norton,
EXPERT QUANTUM BELTS 50x914mm 3PK COARSE P50 PREMIUM ZIRCONIA,27.97,Norton,
EXPERT QUANTUM BELTS 50x914mm 3PK MEDIUM P80 PREMIUM ZIRCONIA,27.97,Norton,
EXPERT QUANTUM BELTS 50x914mm 3PK FINE P120 PREMIUM ZIRCONIA,27.97,Norton,
EXPERT QUANTUM BELTS 100x914mm 3PK V/CRSE P36 PREMIUM ZIRCONIA,40.29,Norton,
EXPERT QUANTUM BELTS 100x914mm 3PK COARSE P50 PREMIUM ZIRCONIA,40.29,Norton,
EXPERT QUANTUM BELTS 100x914mm 3PK MEDIUM P80 PREMIUM ZIRCONIA,40.29,Norton,
EXPERT QUANTUM BELTS 100x914mm 3PK FINE P120 PREMIUM ZIRCONIA,40.29,Norton,
ALL SURF 115mm x 8H 5PK V/CRSE P40 STEP 1 RETAIL PACKED SPEED-GRIP DISCS,9.75,Norton,
ALL SURF 115mm x 8H 5PK CRSE P60 STEP 2 RETAIL PACKED SPEED-GRIP DISCS,9.49,Norton,
ALL SURF 115mm x 8H 5PK MED P80 STEP 2 RETAIL PACKED SPEED-GRIP DISCS,9.29,Norton,
ALL SURF 115mm x 8H 5PK FINE P120 STEP 3 RETAIL PACKED SPEED-GRIP DISCS,8.77,Norton,
ALL SURF 115mm x 8H 5PK V/FINE P180 STEP 4 RETAIL PACKED SPEED-GRIP DISCS,8.77,Norton,
ALL SURF 115mm x 8H 5PK V/FINE P240 STEP 4 RETAIL PACKED SPEED-GRIP DISCS,8.77,Norton,
ALL SURF 125mm x NH 5PK V/CRSE P40 STEP 1 RETAIL PACKED SPEED-GRIP DISCS,10.8,Norton,
ALL SURF 125mm x NH 5PK CRSE P60 STEP 2 RETAIL PACKED SPEED-GRIP DISCS,10.1,Norton,
ALL SURF 125mm x NH 5PK MED P80 STEP 3 RETAIL PACKED SPEED-GRIP DISCS,9.49,Norton,
ALL SURF 125mm x NH 5PK FINE P120 STEP 4 RETAIL PACKED SPEED-GRIP DISCS,9.49,Norton,
ALL SURF 125mm x 8H 5PK V/CRSE P40 STEP 1 RETAIL PACKED SPEED-GRIP DISCS,10.8,Norton,
ALL SURF 125mm x 8H 5PK CRSE P60 STEP 2 RETAIL PACKED SPEED-GRIP DISCS,10.1,Norton,
ALL SURF 125mm x 8H 5PK MED P80 STEP 2 RETAIL PACKED SPEED-GRIP DISCS,9.49,Norton,
ALL SURF 125mm x 8H 5PK FINE P120 STEP 3 RETAIL PACKED SPEED-GRIP DISCS,9.49,Norton,
ALL SURF 125mm x 8H 5PK V/FINE P180 STEP 4 RETAIL PACKED SPEED-GRIP DISCS,9.49,Norton,
ALL SURF 125mm x 8H 5PK V/FINE P240 STEP 4 RETAIL PACKED SPEED-GRIP DISCS,9.49,Norton,
ALL SURF 150mm x NH 5PK V/CRSE P40 STEP 1 RETAIL PACKED SPEED-GRIP DISCS,13.37,Norton,
ALL SURF 150mm x NH 5PK CRSE P60 STEP 2 RETAIL PACKED SPEED-GRIP DISCS,12.36,Norton,
ALL SURF 150mm x NH 5PK MED P80 STEP 3 RETAIL PACKED SPEED-GRIP DISCS,12.04,Norton,
ALL SURF 150mm x NH 5PK FINE P120 STEP 4 RETAIL PACKED SPEED-GRIP DISCS,11.73,Norton,
ALL SURF 150mm x 8H 5PK V/CRSE P40 STEP 1 RETAIL PACKED SPEED-GRIP DISCS,12.04,Norton,
ALL SURF 150mm x 8H 5PK CRSE P60 STEP 2 RETAIL PACKED SPEED-GRIP DISCS,11.73,Norton,
ALL SURF 150mm x 8H 5PK MED P80 STEP 2 RETAIL PACKED SPEED-GRIP DISCS,11.73,Norton,
ALL SURF 150mm x 8H 5PK FINE P120 STEP 3 RETAIL PACKED SPEED-GRIP DISCS,11.73,Norton,
ALL SURF 150mm x 8H 5PK V/FINE P180 STEP 4 RETAIL PACKED SPEED-GRIP DISCS,11.73,Norton,
ALL SURF 178mm x NH 5PK V/CRSE P40 STEP 1 RETAIL PACKED SPEED-GRIP DISCS,17.68,Norton,
ALL SURF 178mm x NH 5PK CRSE P60 STEP 2 RETAIL PACKED SPEED-GRIP DISCS,16.87,Norton,
ALL SURF 178mm x NH 5PK MED P80 STEP 2 RETAIL PACKED SPEED-GRIP DISCS,15.93,Norton,
ALL SURF 178mm x NH 5PK FINE P120 STEP 3 RETAIL PACKED SPEED-GRIP DISCS,15.3,Norton,
ALL SURF 178mm x NH 5PK V/FINE P180 STEP 4 RETAIL PACKED SPEED-GRIP DISCS,15.3,Norton,
PAINT 150mm x 6+1H 5PK MED P80 STEP 1 RETAIL PACKED SPEED-GRIP DISCS,12.04,Norton,
PAINT 150mm x 6+1H 5PK FINE P120 STEP 2 RETAIL PACKED SPEED-GRIP DISCS,11.73,Norton,
PAINT 150mm x 6+1H 5PK V/FINE P180 STEP 3 RETAIL PACKED SPEED-GRIP DISCS,11.73,Norton,
PAINT 150mm x 6+1H 5PK V/FINE P240 STEP 4 RETAIL PACKED SPEED-GRIP DISCS,11.73,Norton,
PAINT 150mm x 6+1H 5PK V/FINE P320 STEP 4 RETAIL PACKED SPEED-GRIP DISCS,11.73,Norton,
PAINT 150mm x 6+1H 5PK V/FINE P400 STEP 4 RETAIL PACKED SPEED-GRIP DISCS,11.73,Norton,
DISC MASTER PAINT 125mm x 8H ASSTD SPEED-GRIP DISCS 50PK CADDY,59.06,Norton,
DISC MASTER ALL SURF 125mm x 8H ASSTD SPEED-GRIP DISCS 50PK CADDY,52.49,Norton,
EXPERT DRY WALL 225mm x MH 5PK P120 RETAIL PACKED SANDING DISCS,30.82,Norton,
EXPERT DRY WALL 225mm x MH 5PK P150 RETAIL PACKED SANDING DISCS,30.82,Norton,
EXPERT DRY WALL 225mm x MH 5PK P180 RETAIL PACKED SANDING DISCS,30.82,Norton,
EXPERT DRY WALL 225mm x MH 5PK P240 RETAIL PACKED SANDING DISCS,30.82,Norton,
* AUTOMOTIVE 125mm x 8H 5PK MEDIUM P80 STEP 1 RETAIL PACKED SPEED-GRIP DISCS,8.47,Norton,
* AUTOMOTIVE 125mm x 8H 5PK FINE P120 STEP 2 RETAIL PACKED SPEED-GRIP DISCS,8.23,Norton,
* AUTOMOTIVE 125mm x 8H 5PK V/FINE P180 STEP 3 RETAIL PACKED SPEED-GRIP DISCS,8.16,Norton,
* AUTOMOTIVE 125mm x 8H 5PK V/FINE P320 STEP 4 RETAIL PACKED SPEED-GRIP DISCS,7.32,Norton,
* AUTOMOTIVE 150mm x NH 5PK COARSE P60 STEP 1 RETAIL PACKED SPEED-GRIP DISCS,11.33,Norton,
* AUTOMOTIVE 150mm x NH 5PK MEDIUM P80 STEP 2 RETAIL PACKED SPEED-GRIP DISCS,8.23,Norton,
* AUTOMOTIVE 150mm x NH 5PK V/FINE P180 STEP 3 RETAIL PACKED SPEED-GRIP DISCS,7.8,Norton,
* AUTOMOTIVE 150mm x NH 5PK V/FINE P320 STEP 4 RETAIL PACKED SPEED-GRIP DISCS,7.39,Norton,
AUTOMOTIVE 125mm x 8H 5PK COARSE P80 STRIPPING RETAIL PACKED CERAMIC SPEED-GRIP DISCS,9.74,Norton,
AUTOMOTIVE 125mm x 8H 5PK MEDIUM P120 FILLER RETAIL PACKED CERAMIC SPEED-GRIP DISCS,9.74,Norton,
AUTOMOTIVE 125mm x 8H 5PK FINE P180 FILLER RETAIL PACKED CERAMIC SPEED-GRIP DISCS,9.74,Norton,
AUTOMOTIVE 125mm x 8H 5PK V/FINE P320 PRIMER RETAIL PACKED CERAMIC SPEED-GRIP DISCS,9.74,Norton,
AUTOMOTIVE 125mm x 8H 5PK V/FINE P400 PRIMER RETAIL PACKED CERAMIC SPEED-GRIP DISCS,9.74,Norton,
AUTOMOTIVE 125mm x 8H 5PK E/FINE P800 BLENDING RETAIL PACKED CERAMIC SPEED-GRIP DISCS,9.74,Norton,
AUTOMOTIVE 150mm x 6+1H 5PK COARSE P80 STRIPPING RETAIL PACKED CERAMIC SPEED-GRIP DISCS,10.89,Norton,
AUTOMOTIVE 150mm x 6+1H 5PK MEDIUM P120 FILLER RETAIL PACKED CERAMIC SPEED-GRIP DISCS,10.89,Norton,
AUTOMOTIVE 150mm x 6+1H 5PK FINE P180 FILLER RETAIL PACKED CERAMIC SPEED-GRIP DISCS,10.89,Norton,
AUTOMOTIVE 150mm x 6+1H 5PK V/FINE P320 PRIMER RETAIL PACKED CERAMIC SPEED-GRIP DISCS,10.89,Norton,
AUTOMOTIVE 150mm x 6+1H 5PK V/FINE P400 PRIMER RETAIL PACKED CERAMIC SPEED-GRIP DISCS,10.89,Norton,
AUTOMOTIVE 150mm x 6+1H 5PK E/FINE P800 BLENDING RETAIL PACKED CERAMIC SPEED-GRIP DISCS,10.89,Norton,
AUTOMOTIVE 125mm x NH 5PK U/FINE P1000 PRE-POLISH RETAIL PACKED FOAM SPEED-GRIP DISCS,9.74,Norton,
AUTOMOTIVE 125mm x NH 5PK U/FINE P2000 PRE-POLISH RETAIL PACKED FOAM SPEED-GRIP DISCS,9.74,Norton,
AUTOMOTIVE 150mm x NH 5PK U/FINE P1000 PRE-POLISH RETAIL PACKED FOAM SPEED-GRIP DISCS,10.89,Norton,
AUTOMOTIVE 150mm x NH 5PK U/FINE P2000 PRE-POLISH RETAIL PACKED FOAM SPEED-GRIP DISCS,10.89,Norton,
AUTOMOTIVE STICK’n’SAND 150mm x NH 5PK MEDIUM P80 STEP 1 RETAIL PACKED DISCS,8.11,Norton,
AUTOMOTIVE STICK’n’SAND 150mm x NH 5PK FINE P120 STEP 2 RETAIL PACKED DISCS,7.88,Norton,
AUTOMOTIVE STICK’n’SAND 150mm x NH 5PK V/FINE P180 STEP 3 RETAIL PACKED DISCS,7.76,Norton,
AUTOMOTIVE STICK’n’SAND 150mm x NH 5PK V/FINE P320 STEP 4 RETAIL PACKED DISCS,7.41,Norton,
TIMBER SHEETS 108x372mm 5PK ASSORTED RETAIL PACKED CUT SHEETS,5.15,Norton,
PAINT SHEETS 108x372mm 5PK ASSORTED RETAIL PACKED CUT SHEETS,5.15,Norton,
PLASTER MESH SHEETS 108x372mm 5PK P150 RETAIL PACKED CUT SHEETS,5.15,Norton,
TIMBER 93x230mm 5PK V/COARSE P40 STEP 1 RETAIL PACKED ORBITAL SHEETS,3.76,Norton,
TIMBER 93x230mm 5PK MEDIUM P80 STEP 2 RETAIL PACKED ORBITAL SHEETS,3.76,Norton,
TIMBER 93x230mm 5PK FINE P120 STEP 3 RETAIL PACKED ORBITAL SHEETS,3.76,Norton,
TIMBER 115x280mm 5PK V/COARSE P40 STEP 1 RETAIL PACKED ORBITAL SHEETS,5.59,Norton,
TIMBER 115x280mm 5PK MEDIUM P80 STEP 2 RETAIL PACKED ORBITAL SHEETS,5.59,Norton,
TIMBER 115x280mm 5PK FINE P120 STEP 3 RETAIL PACKED ORBITAL SHEETS,5.59,Norton,
PAINT 92x230mm NH 5PK MEDIUM P80 STEP 1 RETAIL PACKED ORBITAL SHEETS,4.85,Norton,
PAINT 92x230mm NH 5PK FINE P120 STEP 2 RETAIL PACKED ORBITAL SHEETS,4.85,Norton,
PAINT 92x230mm NH 5PK V/FINE P180 STEP 3 RETAIL PACKED ORBITAL SHEETS,4.85,Norton,
PAINT 92x230mm NH 5PK V/FINE P240 STEP 4 RETAIL PACKED ORBITAL SHEETS,4.85,Norton,
PAINT 92x230mm 8H OVAL CONFIG 5PK MEDIUM P80 STEP 1 RETAIL PACKED ORBITAL SHEETS,4.85,Norton,
PAINT 92x230mm 8H OVAL CONFIG 5PK FINE P120 STEP 2 RETAIL PACKED ORBITAL SHEETS,4.85,Norton,
PAINT 92x230mm 8H OVAL CONFIG 5PK V/FINE P180 STEP 3 RETAIL PACKED ORBITAL SHEETS,4.85,Norton,
PAINT 92x230mm 8H PARALLEL CONFIG 5PK MEDIUM P80 STEP 1 RETAIL PACKED ORBITAL SHEETS,4.85,Norton,
PAINT 92x230mm 8H PARALLEL CONFIG 5PK FINE P120 STEP 2 RETAIL PACKED ORBITAL SHEETS,4.85,Norton,
PAINT 92x230mm 8H PARALLEL CONFIG 5PK V/FINE P180 STEP 3 RETAIL PACKED ORBITAL SHEETS,4.85,Norton,
ALL SURF 93x93mm 6H 5PK V/COARSE P40 STEP 1 RETAIL PACKED SPEED-GRIP DARTS,8.85,Norton,
ALL SURF 93x93mm 6H 5PK MEDIUM P80 STEP 2 RETAIL PACKED SPEED-GRIP DARTS,8.85,Norton,
ALL SURF 93x93mm 6H 5PK FINE P120 STEP 3 RETAIL PACKED SPEED-GRIP DARTS,8.85,Norton,
ALL SURF 93x93mm 6H 5PK V/FINE P180 STEP 4 RETAIL PACKED SPEED-GRIP DARTS,8.85,Norton,
ALL SURF 93x93mm 6H 5PK V/FINE P240 STEP 4 RETAIL PACKED SPEED-GRIP DARTS,8.85,Norton,
ALL SURF 98x138mm 7 SLOTS V/CRSE 5PK P40 STEP 1 RETAIL PACKED SPEED-GRIP DETAIL SHEETS,10.15,Norton,
ALL SURF 98x138mm 7 SLOTS CRSE 5PK P60 STEP 2 RETAIL PACKED SPEED-GRIP DETAIL SHEETS,10.31,Norton,
ALL SURF 98x138mm 7 SLOTS MED 5PK P80 STEP 3 RETAIL PACKED SPEED-GRIP DETAIL SHEETS,9.89,Norton,
ALL SURF 98x138mm 7 SLOTS FINE 5PK P120 STEP 4 RETAIL PACKED SPEED-GRIP DETAIL SHEETS,9.16,Norton,
ALL SURF 100x135mm 4H 5PK V/COARSE P40 STEP 1 RETAIL PACKED SPEED-GRIP MOUSE SHEETS,8.66,Norton,
ALL SURF 100x135mm 4H 5PK COARSE P60 STEP 2 RETAIL PACKED SPEED-GRIP MOUSE SHEETS,8.66,Norton,
ALL SURF 100x135mm 4H 5PK MEDIUM P80 STEP 2 RETAIL PACKED SPEED-GRIP MOUSE SHEETS,8.66,Norton,
ALL SURF 100x135mm 4H 5PK FINE P120 STEP 3 RETAIL PACKED SPEED-GRIP MOUSE SHEETS,8.66,Norton,
ALL SURF 100x135mm 4H 5PK V/FINE P180 STEP 4 RETAIL PACKED SPEED-GRIP MOUSE SHEETS,8.66,Norton,
ALL SURF 100x135mm 4H 5PK V/FINE P240 STEP 4 RETAIL PACKED SPEED-GRIP MOUSE SHEETS,8.66,Norton,
ALL SURF 100x140mm NH 5PK V/COARSE P40 STEP 1 RETAIL PACKED SPEED-GRIP DETAIL SHEETS,10.31,Norton,
ALL SURF 100x140mm NH 5PK MEDIUM P80 STEP 2 RETAIL PACKED SPEED-GRIP DETAIL SHEETS,9.36,Norton,
ALL SURF 100x140mm NH 5PK FINE P120 STEP 3 RETAIL PACKED SPEED-GRIP DETAIL SHEETS,8.66,Norton,
ALL SURF 100x140mm 5H 5PK V/COARSE P40 STEP 1 RETAIL PACKED SPEED-GRIP DETAIL SHEETS,10.15,Norton,
ALL SURF 100x140mm 5H 5PK COARSE P60 STEP 2 RETAIL PACKED SPEED-GRIP DETAIL SHEETS,10.31,Norton,
ALL SURF 100x140mm 5H 5PK MEDIUM P80 STEP 3 RETAIL PACKED SPEED-GRIP DETAIL SHEETS,9.89,Norton,
ALL SURF 100x140mm 5H 5PK FINE P120 STEP 4 RETAIL PACKED SPEED-GRIP DETAIL SHEETS,9.16,Norton,
ALL SURF 100x140mm 8H 5PK MEDIUM P80 STEP 2 RETAIL PACKED SPEED-GRIP DETAIL SHEETS,8.53,Norton,
ALL SURF 100x140mm 8H 5PK FINE P120 STEP 3 RETAIL PACKED SPEED-GRIP DETAIL SHEETS,8.53,Norton,
ALL SURF 100x140mm 8H 5PK V/FINE P180 STEP 4 RETAIL PACKED SPEED-GRIP DETAIL SHEETS,8.53,Norton,
ALL SURF 103x150mm 11H 5PK V/COARSE P40 STEP 1 RETAIL PACKED SPEED-GRIP PRIO SHEETS,10.31,Norton,
ALL SURF 103x150mm 11H 5PK MEDIUM P80 STEP 2 RETAIL PACKED SPEED-GRIP PRIO SHEETS,9.36,Norton,
ALL SURF 103x150mm 11H 5PK FINE P120 STEP 3 RETAIL PACKED SPEED-GRIP PRIO SHEETS,8.66,Norton,
ALL SURF 103x150mm 11H 5PK V/FINE P180 STEP 4 RETAIL PACKED SPEED-GRIP PRIO SHEETS,8.66,Norton,
PAINT 100X140mm NH 5PK MEDIUM P80 STEP 1 RETAIL PACKED SPEED-GRIP DETAIL SHEETS,8.66,Norton,
PAINT 100X140mm NH 5PK FINE P120 STEP 2 RETAIL PACKED SPEED-GRIP DETAIL SHEETS,8.66,Norton,
PAINT 100X140mm NH 5PK V/FINE P180 STEP 3 RETAIL PACKED SPEED-GRIP DETAIL SHEETS,8.66,Norton,
AUTOMOTIVE 70x460mm 5PK V/COARSE P36 STEP 1 RETAIL PACKED,11.56,Norton,
AUTOMOTIVE 70x460mm 5PK COARSE P60 STEP 2 RETAIL PACKED,10.71,Norton,
AUTOMOTIVE 70x460mm 5PK MEDIUM P80 STEP 3 RETAIL PACKED,10.6,Norton,
AUTOMOTIVE 70x460mm 5PK FINE P120 STEP 4 RETAIL PACKED,10.4,Norton,
AUTOMOTIVE 115x280mm 5PK MEDIUM P80 STEP 3 RETAIL PACKED,9.22,Norton,
AUTOMOTIVE 115x280mm 5PK FINE P120 STEP 4 RETAIL PACKED,8.99,Norton,
FURNITURE SHEETS 230x280mm 5PK ASSORTED RETAIL PACKED,3.68,Norton,
TIMBER SHEETS 230x280mm 5PK ASSORTED RETAIL PACKED,5.42,Norton,
PAINT SHEETS 230x280mm 5PK ASSORTED RETAIL PACKED,4.14,Norton,
WATERPROOF SHEETS 230x280mm 5PK ASSORTED RETAIL PACKED,4.87,Norton,
METAL CLOTH SHEETS 230x280mm 5PK ASSORTED RETAIL PACKED,5.71,Norton,
EDG-R DISC 178x22mm 3PK V/COARSE P24 RETAIL PACKED,7.34,Norton,
EDG-R DISC 178x22mm PK3 COARSE P40 RETAIL PACKED,6.02,Norton,
EDG-R DISC 178x22mm PK3 MEDIUM P80 RETAIL PACKED,6.02,Norton,
EDG-R DISC 178x22mm PK3 FINE P120 RETAIL PACKED,6.02,Norton,
* ALL SURF 13x455mm 3PK V/COARSE P40 STEP 1 RETAIL PACKED CLOTH BELTS,10.59,Norton,
* ALL SURF 13x455mm 3PK MEDIUM P80 STEP 3 RETAIL PACKED CLOTH BELTS,10.59,Norton,
* ALL SURF 13x455mm 3PK FINEP120 STEP 4 RETAIL PACKED CLOTH BELTS,10.59,Norton,
ALL SURF 75x457mm 2PK V/COARSE P40 STEP 1 RETAIL PACKED CLOTH BELTS,9.75,Norton,
ALL SURF 75x457mm 2PK COARSE P60 STEP 2 RETAIL PACKED CLOTH BELTS,9.75,Norton,
ALL SURF 75x457mm 2PK MEDIUM P80 STEP 3 RETAIL PACKED CLOTH BELTS,9.75,Norton,
ALL SURF 75x457mm 2PK FINE P120 STEP 4 RETAIL PACKED CLOTH BELTS,9.75,Norton,
ALL SURF 75x533mm 2PK V/COARSE P40 STEP 1 RETAIL PACKED CLOTH BELTS,9.75,Norton,
ALL SURF 75x533mm 2PK COARSE P60 STEP 2 RETAIL PACKED CLOTH BELTS,9.75,Norton,
ALL SURF 75x533mm 2PK MEDIUM P80 STEP 3 RETAIL PACKED CLOTH BELTS,9.75,Norton,
ALL SURF 75x533mm 2PK FINE P120 STEP 4 RETAIL PACKED CLOTH BELTS,9.75,Norton,
ALL SURF 75x610mm 2PK V/COARSE P40 STEP 1 RETAIL PACKED CLOTH BELTS,9.75,Norton,
ALL SURF 75x610mm 2PK MEDIUM P80 STEP 3 RETAIL PACKED CLOTH BELTS,9.75,Norton,
ALL SURF 75x610mm 2PK FINE P120 STEP 4 RETAIL PACKED CLOTH BELTS,9.75,Norton,
ALL SURF 100x610mm 2PK V/COARSE P40 STEP 1 RETAIL PACKED CLOTH BELTS,10.1,Norton,
ALL SURF 100x610mm 2PK MEDIUM P80 STEP 3 RETAIL PACKED CLOTH BELTS,10.1,Norton,
ALL SURF 100x610mm 2PK FINE P120 STEP 4 RETAIL PACKED CLOTH BELTS,10.1,Norton,
CLASSIC CERAMIC H7 115x22.23,31.75,Norton,
CLASSIC CERAMIC H7 125x22.23,35.72,Norton,
CLASSIC CERAMIC H7 180x25.4/22.23,37.29,Norton,
CLASSIC CERAMIC H7 200x30/25.4,41.29,Norton,
CLASSIC CERAMIC H7 230x22.23,57.16,Norton,
CLASSIC CERAMIC H7 230x25.4,57.16,Norton,
CLASSIC CERAMIC TURBO H7 115x22.23,34.91,Norton,
CLASSIC CERAMIC TURBO H7 125x22.23,42.87,Norton,
PRO CERAMIC H9 115x22.23,111.21,Norton,
PRO CERAMIC H9 125x22.23,127.09,Norton,
PRO CERAMIC H9 180x22.23,136.62,Norton,
PRO CERAMIC H9 200x25.4,146.16,Norton,
PRO CERAMIC H9 230x22.23,173.25,Norton,
PRO CERAMIC H9 230x25.4,173.25,Norton,
EXTREME CERAMIC H9 200x25.4,168.08,Norton,
EXTREME CERAMIC TURBO H10 115x22.23,127.88,Norton,
EXTREME CERAMIC TURBO H10 125x22.23,146.15,Norton,
EXTREME CERAMIC TURBO H10 200x25.4,168.08,Norton,
EXTREME CERAMIC TURBO H10 230x22.23,199.24,Norton,
EXTREME CERAMIC TURBO H10 230x25.4,199.24,Norton,
CLASSIC CG H4.5 100x22.23,251.9,Norton,
CLASSIC CG H4.5 125x22.23,323.96,Norton,
CLASSIC CG H4.5 180x22.23,519.94,Norton,
CRACK CHASER 125 x 6.5 x 13 x 22.2mm CRACK CHASER TP-V,224.82,Norton,
EXTREME CG COMFORT 125x22.23,283.58,Norton,
EXTREME CUT'N GRIND 125xM14,283.58,Norton,
NORTON CGT 100X22.23,176.0,Norton,
NORTON CGT 125X22.23,213.05,Norton,
NORTON CGT 180X22.23,324.19,Norton,
NORTON EXTREME CG 100x22.23,237.43,Norton,
NORTON EXTREME CG 125x22.23,283.58,Norton,
NORTON EXTREME CG 125x22.23 FLAT,283.58,Norton,
NORTON EXTREME CG 180x22.23,431.51,Norton,
NORTON PRO CG 100x22.23,212.94,Norton,
NORTON PRO CG 125x22.23,257.79,Norton,
NORTON PRO CG 180x22.23,392.3,Norton,
NORTON SUP CG2 100 X 22/16,176.0,Norton,
NORTON SUP CG2 125X22.23,213.05,Norton,
NORTON SUP CG2 180 X 22/16,324.19,Norton,
CLASSIC UNI LASER H10 230x22.23,95.31,Norton,
CLASSIC UNI LASER H7 115x22.23,39.68,Norton,
CLASSIC UNI LASER H7 125x22.23,47.64,Norton,
CLASSIC UNI LASER H7 180x22.23,79.4,Norton,
EXTREME BETON H12 115x22.23 AS,141.48,Norton,
EXTREME BETON H12 125x22.23 AS,157.36,Norton,
EXTREME BETON H15 230x22.23,362.73,Norton,
EXTREME BETON SILENCIO H17 230x22.23 OG,363.96,Norton,
EXTREME UNI TP-Z H7 125x22.23,141.48,Norton,
PRO 4x4 EXPLORER H10 115x22.23,66.7,Norton,
PRO 4x4 EXPLORER H10 125x22.23,73.05,Norton,
PRO 4x4 EXPLORER H10 180x22.23,111.21,Norton,
PRO 4x4 EXPLORER H12 230x22.23,178.02,Norton,
PRO UNI DUCTILE 115x22.23,47.64,Norton,
PRO UNI DUCTILE 125x22.23,57.16,Norton,
PRO UNI DUCTILE 230x22.23,104.85,Norton,
PRO UNI LASER H10 115x22.23 KH,52.4,Norton,
PRO UNI LASER H12 125x22.23 KH,53.42,Norton,
PRO UNI LASER H10 230x22.23 DS,104.85,Norton,
CLASSIC UNI TURBO H10 115x22.23,39.68,Norton,
CLASSIC UNI TURBO H10 125x22.23,47.64,Norton,
CLASSIC UNI TURBO H10 180x22.23,79.4,Norton,
CLASSIC UNI TURBO H10 230x22.23,95.31,Norton,
EXTREME UNI TURBO H12 115x22.23,141.48,Norton,
EXTREME UNI TURBO H12 125x22.23,157.36,Norton,
EXTREME UNI TURBO H12 230x22.23,363.96,Norton,
PRO UNI TURBO H12 115x22.23,52.4,Norton,
PRO UNI TURBO H12 125x22.23,68.29,Norton,
PRO UNI TURBO H12 230x22.23,142.98,Norton,
CLASSIC UNI LASER H10 300x25.4,173.25,Norton,
EXTREME BETON H15 300x25.4 AS DI,450.08,Norton,
EXTREME BETON H15 450x25.4 AS DI,856.61,Norton,
PRO 4x4 EXPLORER H12 300x25.4,411.63,Norton,
350X25/20 VALUE PLUS ABRAS SEG,185.26,Norton,
350X25/20 VALUE PLUS GP SEG,185.26,Norton,
CLASSIC UNI H10 350x25.4,185.26,Norton,
CLASSIC UNI LASER H10 350x25.4,252.71,Norton,
EXTREME UNI SILENCIO MS H15 350x25.4 OG,857.22,Norton,
EXTREME UNI SILENCIO MS H15 400x25.4 OG,1129.04,Norton,
PRO 4x4 EXPLORER H10 500x25.4,856.61,Norton,
PRO UNI SILENCIO MS H12 350x25.4 NG,475.21,Norton,
CLASSIC ASPHALT H10 350x25.4,220.93,Norton,
CLASSIC ASPHALT H10 400x25.4,252.71,Norton,
EXTREME ASPHALT H15 350x25.4 WG DI,586.46,Norton,
EXTREME ASPHALT H15 400x25.4 WG DI,745.36,Norton,
PRO 4x4 EXPLORER H12 450x25.4,856.61,Norton,
PRO ASPHALT H10 350x25.4 WG 3SL DI,379.85,Norton,
* PRO ASPHALT H10 400x25.4 WG 4SL DI,411.63,Norton,
350X30/25 PRO CONTINUOUS RIM,376.02,Norton,
EXTREME BETON H15 350x25.4 AS DI,539.74,Norton,
EXTREME BETON H15 400x25.4 AS DI,697.69,Norton,
PRO 4x4 EXPLORER H12 350x25.4/20,538.78,Norton,
PRO 4x4 EXPLORER H12 400x25.4,697.69,Norton,
PRO UNI LASER H10 400x25.4 KH,490.84,Norton,
FLEXOVIT DIAMOND 125 x 2.1 x 10 x 22.23 TRIPLE PACK,105.84,Norton,
NORTON DIAMOND 105 x 2.1 x 10 x 22.23 TRIPLE PACK,27.58,Norton,
105 x 1.6 x 7 x 20/16mm TILE CUTTER FLEXOVIT CONTINUOUS RIM DIAMONDS BLADES - FOR ANGLE GRINDER/CIRCULAR SAW/TILE SAW,17.43,Norton,
115 x 1.6 x 7 x 22/20mm TILE CUTTER FLEXOVIT CONTINUOUS RIM DIAMONDS BLADES - FOR ANGLE GRINDER/CIRCULAR SAW/TILE SAW,21.16,Norton,
127 x 1.6 x 7 x 22/20mm TILE CUTTER FLEXOVIT CONTINUOUS RIM DIAMONDS BLADES - FOR ANGLE GRINDER/CIRCULAR SAW/TILE SAW,26.89,Norton,
100X16/20/22.23 FLEXOVIT MULTI MATERIAL DIAMONDS BLADES - FOR ANGLE GRINDER/CIRCULAR SAW/TILE SAW,39.45,Norton,
115X20/22.23 FLEXOVIT MULTI MATERIAL DIAMONDS BLADES - FOR ANGLE GRINDER/CIRCULAR SAW/TILE SAW,42.07,Norton,
125X20/22.23 FLEXOVIT MULTI MATERIAL DIAMONDS BLADES - FOR ANGLE GRINDER/CIRCULAR SAW/TILE SAW,44.71,Norton,
100X16/20/22.23 FLEXOVIT MULTI MATERIAL DIAMONDS BLADES - FOR ANGLE GRINDER/CIRCULAR SAW/TILE SAW,79.78,Norton,
115X20/22.23 FLEXOVIT MULTI MATERIAL DIAMONDS BLADES - FOR ANGLE GRINDER/CIRCULAR SAW/TILE SAW,96.05,Norton,
125X20/22.23 FLEXOVIT MULTI MATERIAL DIAMONDS BLADES - FOR ANGLE GRINDER/CIRCULAR SAW/TILE SAW,122.1,Norton,
180X20/22.23 FLEXOVIT MULTI MATERIAL DIAMONDS BLADES - FOR ANGLE GRINDER/CIRCULAR SAW/TILE SAW,150.85,Norton,
230X20/22.23 FLEXOVIT MULTI MATERIAL DIAMONDS BLADES - FOR ANGLE GRINDER/CIRCULAR SAW/TILE SAW,190.54,Norton,
105 x 1.6 x 7 x 20/16mm CONT.RIM DIA.BLADE NORTON ESSENTIAL,9.34,Norton,
105 x 1.6 x 7 x 20/16mm TWIN PACK NORTON ESSENTIAL,20.1,Norton,
115 x 1.6 x 7 x 22/20mm CONT.RIM DIA.BLADE NORTON ESSENTIAL,12.96,Norton,
125 x 1.6 x 7 x 22/20mm CONT.RIM DIA.BLADE NORTON ESSENTIAL,15.54,Norton,
ULTRA-THIN TURBO 105 x 1.2 x 16mm FLEXOVIT,48.77,Norton,
ULTRA-THIN TURBO 115 x 1.2 x 20mm FLEXOVIT,54.27,Norton,
ULTRA-THIN TURBO 125 x 1.2 x 22mm FLEXOVIT,57.85,Norton,
TURBO 105 x 2.1 x 10 x 22/20/16mm CONCRETE/CLAY CUTTER FLEXOVIT,23.18,Norton,
TURBO 115 x 2.1 x 10 x 22mm CONCRETE/CLAY CUTTER FLEXOVIT,34.65,Norton,
TURBO 125 x 2.2 x 10 x 22/20mm CONCRETE/CLAY CUTTER FLEXOVIT,50.06,Norton,
TURBO 180 x 2.6 x 10 x 25/22mm CONCRETE/CLAY CUTTER FLEXOVIT,92.45,Norton,
TURBO 230 x 2.6 x 10 x 25/22mm CONCRETE/CLAY CUTTER FLEXOVIT,111.72,Norton,
TURBO 105 x 2.1 x 10 x 20/16mm NORTON ESSENTIAL,12.96,Norton,
TURBO 115 x 2.1 x 10 x 22/20 mm NORTON ESSENTIAL,16.31,Norton,
TURBO 125 x 2.2 x 10 x 22/20mm NORTON ESSENTIAL,20.33,Norton,
TURBO 180 x 2.6 x 10 x 25.4/22mm NORTON ESSENTIAL,41.67,Norton,
TURBO 230 x 2.6 x 10 x 25.4/22mm NORTON ESSENTIAL,52.05,Norton,
SEGMENTED 105 x 2.0 x 10 x 20/16mm TILE & BRICK CUTTER FLEXOVIT,23.18,Norton,
SEGMENTED 115 x 2.0 x 10 x 22/20mm TILE & BRICK CUTTER FLEXOVIT,34.65,Norton,
SEGMENTED 125 x 2.1 x 10 x 22/20mm TILE & BRICK CUTTER FLEXOVIT,50.06,Norton,
SEGMENTED 230 x 2.5 x 10 x 25/22mm TILE & BRICK CUTTER FLEXOVIT,111.72,Norton,
LASER WELDED 230 x 2.5 x 8 x 25/22mm CEMENT BLOCK CUTTER FLEXOVIT SEGMENTED BLADES,260.92,Norton,
SEGMENTED 105 x 2.0 x 10 x 20/16mm NORTON ESSENTIAL,10.82,Norton,
SEGMENTED 115 x 2.0 x 10 x 22/20mm NORTON ESSENTIAL,13.58,Norton,
SEGMENTED 125 x 2.1 x 10 x 22/20mm NORTON ESSENTIAL,17.1,Norton,
SEGMENTED 180 x 2.4 x 10 x 25.4/22mm NORTON ESSENTIAL,34.62,Norton,
SEGMENTED 230 x 2.5 x 10 x 25.4/22mm NORTON ESSENTIAL,41.39,Norton,
CENTERING DEVICE FOR VB DRY,79.4,Norton,
EXTREME VB DRY 6xM14,36.09,Norton,
EXTREME VB DRY 8xM14,39.88,Norton,
EXTREME VB DRY 10xM14,43.71,Norton,
EXTREME VB DRY 12xM14,47.52,Norton,
EXTREME VB DRY 20xM14,57.05,Norton,
EXTREME VB DRY 28xM14,68.5,Norton,
EXTREME VB DRY 35xM14,87.57,Norton,
EXTREME VB DRY 45xM14,95.19,Norton,
EXTREME VB DRY 50xM14,106.65,Norton,
EXTREME VB DRY 55xM14,114.27,Norton,
EXTREME VB DRY 68xM14,152.42,Norton,
EXTREME VB DRY 82xM14,190.55,Norton,
EXTREME VB DRY 102xM14,247.76,Norton,
EXTREME VB DRY 107xM14,266.84,Norton,
EXTREME VB DRY 132xM14,343.11,Norton,
EXTREME VB DRY SET 20/28/35/50/68MM+ACC,786.69,Norton,
EXTREME VB DRY 6/8/10/12/35/45/68mm+Cent,786.69,Norton,
100 x 5 x 8 x 22.2/16mm DOUBLE ROW CUP GRINDER FLEXOVIT FOR ANGLE GRINDERS,111.37,Norton,
125 x 5 x 8 x 22.2mm DOUBLE ROW CUP GRINDER FLEXOVIT FOR ANGLE GRINDERS,137.03,Norton,
180 x 5 x 8 x 22.2mm DOUBLE ROW CUP GRINDER FLEXOVIT FOR ANGLE GRINDERS,188.41,Norton,
100 x 5 x 8 x 22.2/16mm SINGLE ROW CUP GRINDER FLEXOVIT - FOR ANGLE GRINDERS,94.25,Norton,
125 x 5 x 8 x 22.2mm SINGLE ROW CUP GRINDER FLEXOVIT - FOR ANGLE GRINDERS,111.37,Norton,
180 x 5 x 8 x 22.2mm SINGLE ROW CUP GRINDER FLEXOVIT - FOR ANGLE GRINDERS,171.3,Norton,
100 x 5 x 8 x 22.2/16mm DOUBLE ROW CUP GRINDER NORTON ESSENTIAL - FOR ANGLE GRINDERS,105.72,Norton,
125 x 5 x 8 x 22.2mm DOUBLE ROW CUP GRINDER NORTON ESSENTIAL - FOR ANGLE GRINDERS,138.27,Norton,
180 x 5 x 8 x 22.2mm DOUBLE ROW CUP GRINDER NORTON ESSENTIAL - FOR ANGLE GRINDERS,180.58,Norton,
100 x 5 x 8 x 22.2/16mm SINGLE ROW CUP GRINDER NORTON ESSENTIAL -FOR ANGLE GRINDERS,74.8,Norton,
125 x 5 x 8 x 22.2mm SINGLE ROW CUP GRINDER NORTON ESSENTIAL -FOR ANGLE GRINDERS,105.72,Norton,
180 x 5 x 8 x 22.2mm SINGLE ROW CUP GRINDER NORTON ESSENTIAL -FOR ANGLE GRINDERS,130.14,Norton,
250 x 10 x 10 x 45mm GRINDING PLATE 16 SEGMENT NORTON,639.49,Norton,
250 x 10 x 10 x 45mm GRINDING PLATE 8 SEGMENT NORTON,419.99,Norton,
WET DRILLING CORE BIT 16 x 350 x R1/2” PRO DIAMOND - FOR SPECIALIST DIAMOND DRILLING MOTORS,248.18,Norton,
WET DRILLING CORE BIT 18 x 350 x R1/2” PRO DIAMOND - FOR SPECIALIST DIAMOND DRILLING MOTORS,251.99,Norton,
WET DRILLING CORE BIT 20 x 350 x R1/2” PRO DIAMOND - FOR SPECIALIST DIAMOND DRILLING MOTORS,257.72,Norton,
WET DRILLING CORE BIT 22 x 350 x R1/2” PRO DIAMOND - FOR SPECIALIST DIAMOND DRILLING MOTORS,263.45,Norton,
WET DRILLING CORE BIT 24 x 350 x R1/2” PRO DIAMOND - FOR SPECIALIST DIAMOND DRILLING MOTORS,271.08,Norton,
WET DRILLING CORE BIT 28 x 350 x R1/2” PRO DIAMOND - FOR SPECIALIST DIAMOND DRILLING MOTORS,282.55,Norton,
WET DRILLING CORE BIT 30 x 350 x R1/2” PRO DIAMOND - FOR SPECIALIST DIAMOND DRILLING MOTORS,290.19,Norton,
WET DRILLING CORE BIT 32 x 350 x R1/2” PRO DIAMOND - FOR SPECIALIST DIAMOND DRILLING MOTORS,295.91,Norton,
BBL BLOCKSAW 350 3 PHASE 4.0KW 415V CLIPPER,9239.51,Norton,
BBL BLOCKSAW 500 3 PHASE 4.0KW 415V CLIPPER,9239.51,Norton,
CLIPPER CP514 PETROL DEMO SAW,1881.16,Norton,
CLIPPER CS451 FLOOR SAW,6304.15,Norton,
CM35 MINI CLIPPER 230V,2440.6,Norton,
CM43 COMPACT BRICK SAW CLIPPER,2723.76,Norton,
CLIPPER TR 202 230V WITH EXTREME DIAMOND BLADE,849.75,Norton,
CLIPPER TR 252 230V WITH DIAMOND BLADE,3668.0,Norton,
TT180BM TILE SAW 230V CLIPPER,247.87,Norton,
TT200EM TILE SAW 230V CLIPPER,424.9,Norton,
"MITRE CUT 400A DROP SAW 4KW/5.5HP, 3 PHASE",3770.69,Norton,
CLIPPER CDM 204 CORE DRILL MOTOR ,1467.2,Norton,
CLIPPER FLOOR GRINDER SINGLE HEAD 250MM CLIPPER,3373.03,Norton,
* G360 SUPER FAST SYSTEM FINISH STARTER KIT FOR DARK COLOURS - KT3006,122.09,Norton,
G360 SUPER FAST POLISHING SYSTEM COMPLETE KIT - KT3018,288.56,Norton,
G360 SUPER FAST SYSTEM STARTER KIT - KT3036,126.39,Norton,
G360 SUPER FAST SYSTEM REPAIR KIT - KT3024,87.98,Norton,
G360 SUPER FAST COMPOUND 100ML - SFC106,10.39,Norton,
G360 SUPER FAST COMPOUND 500ML - SFC501,61.31,Norton,
G360 SUPER FAST COMPOUND 1Kg - SFC101,94.35,Norton,
G360 SUPER FAST FINISH 100ML - SFF106,10.87,Norton,
G360 SUPER FAST FINISH 500ML - SFF501,64.46,Norton,
G360 SUPER FAST FINISH 1L - SFF101,98.79,Norton,
G3 PREMIUM ABRASIVE COMPOUND 1Kg - G3P101,104.71,Norton,
G3 EXTRA PLUS 1Kg - G3E124,64.71,Norton,
G3 REGULAR GRADE PASTE 250 g - G3-250,22.95,Norton,
G3 REGULAR GRADE PASTE 400 g - G3-400,30.6,Norton,
G3 REGULAR GRADE PASTE 1 Kg - G3-1000,44.71,Norton,
G3 REGULAR GRADE PASTE 3 Kg - G3-3000,100.01,Norton,
G3 FINE FINISHING COMPOUND 1 Kg - G3F101,81.18,Norton,
G3 GLAZE GLOSS ENHANCER 1 L - G3G101,57.66,Norton,
G3 WAX PREMIUM LIQUID PROTECTION 1 L - G3W106,45.89,Norton,
ADVANCED G3 LIQUID 1 L - AG3-1400-GEN,68.24,Norton,
ADVANCED G3 LIQUID 500 ml - AG3-700-L1,42.37,Norton,
G6 RAPID GRADE PASTE 400 g - G6-400,32.95,Norton,
G6 RAPID GRADE PASTE 3 Kg - G6-3000,135.3,Norton,
G6 RAPID ADVANCED DRY USE LIQUID 1L,84.36,Norton,
PROFILE 100 EXTRA HEAVY CUT PASTE COMPOUND 100G - PRE124,13.58,Norton,
PROFILE 100 EXTRA HEAVY CUT PASTE COMPOUND 3KG - PRE306,118.76,Norton,
PROFILE 200 SELECT LIQUID COMPOUND 100ML - PRS124,13.58,Norton,
PROFILE SELECT LIQUID COMPOUND 1 L - PRS101,65.49,Norton,
PROFILE SELECT LIQUID COMPOUND 1 gallon - PRS106,176.48,Norton,
PROFILE 300 RAPID CUT COMPOUND 3KG - PRO300-3000,118.76,Norton,
PROFILE 350 PREMIUM LIQUID GRP FAST MEDIUM CUT LIQUID COMPOUND 1L - PRL112,81.03,Norton,
PROFILE 350 PREMIUM LIQUID GRP FAST MEDIUM CUT LIQUID COMPOUND 500ML - PRL501,50.26,Norton,
PROFILE 350 PREMIUM LIQUID GRP FAST MEDIUM CUT LIQUID COMPOUND 1 US GALLON - PRL118,238.62,Norton,
PROFILE 400 ADVANCED PLUS GRP FAST MEDIUM CUT LIQUID COMPOUND 100ML - PRA124,13.58,Norton,
PROFILE 400 ADVANCED PLUS GRP FAST MEDIUM CUT LIQUID COMPOUND 1 L - PRA101,118.76,Norton,
PROFILE PREMIUM PASTE COMPOUND 3KG - PRP306,113.21,Norton,
PROFILE 700 FINISH LIGHT 100ML - PRF124,13.58,Norton,
PROFILE 700 FINISH LIGHT 1L PRF112,69.93,Norton,
PROFILE UV WAX 1 L - PRU101,65.49,Norton,
PROFILE UV WAX MACHINE APPLICATION 1L - PRW101,45.85,Norton,
PROFILE CLEAN & PROTECT 1L - CAP101,42.89,Norton,
"G MOP 3""/75MM SUPER HIGH CUT COMPOUNDING PAD (3 PACK) - GMC350",60.0,Norton,
"G MOP 3""/75MM YELLOW COMPOUNDING FOAMS (5 pack) - GMC312",45.89,Norton,
"G MOP 3""/75MM PURPLE ANGLED PREMIUM COMPOUNDING FOAM (3 pack) - GMC322 ",75.51,Norton,
"G MOP 3""/75MM BLACK ANGLED FINISHING FOAMS (3 pack) - GMF322",36.95,Norton,
G MOP 3“/75MM LAMBSWOOL PADS (5 pack) - GML301,64.71,Norton,
"G MOP 6""/150MM ANGLED BLACK FINISHING FOAM - GMF622",57.66,Norton,
"G MOP 6""/150MM ANGLED YELLOW COMPOUNDING FOAM - GMC622",57.66,Norton,
"G MOP 6""/150MM SUPER HIGH CUT COMPOUNDING PAD - GMC650",57.66,Norton,
"6"" ADV G-MOP COMPOUNDING FOAM - AGM-CF",41.18,Norton,
"* G MOP 6""/150MM FLEXIBLE YELLOW COMPOUNDING FOAM (2 pack) - GMC624 ~",57.66,Norton,
"G MOP 6""/150MM DRY USE YELLOW COMPOUNDING FOAM (2 pack) - GMC612",57.66,Norton,
"G MOP 6""/150MM WET USE COMPOUNDING FOAM  - GMC606 ",17.65,Norton,
"* G MOP 6""/150MM FLEXIBLE BLACK FINISHING FOAM (2 pack) - GMF624 ~",57.66,Norton,
G MOP 6/150MM BLACK FINISHING FOAM (2 pack) - GMF601,57.66,Norton,
"G MOP 6""/150MM LAMBSWOOL PAD - GML601",45.89,Norton,
"* G MOP 8""/200MM FINISHING FOAM - GMF801",37.66,Norton,
"G MOP 8""/200MM SINGLE-SIDED WOOL COMPOUNDING PAD - GMW811",45.89,Norton,
"G MOP 8""/200MM SINGLE-SIDED WOOL COMPOUNDING PAD  - GML801",43.5,Norton,
"G MOP 8""/200MM WAFFLE BLACK FINISHING FOAM - GMF822",47.35,Norton,
"G MOP 8""/200MM WAFFLE YELLOW COMPOUNDING FOAM - GMC822",47.35,Norton,
"G MOP 8""/200MM DOUBLE-SIDED WOOL COMPOUNDING PAD - GMW816",57.66,Norton,
"G MOP 6""/150MM INTERFACE BACK PLATE 14MM THREAD (1 pack) - GMB614",57.66,Norton,
"G MOP FLEXIBLE BACK PLATE FOR 6""/150MM PAD 14MM THREAD (1 pack) - GMB146",34.13,Norton,
"G MOP 8""/200MM BACK PLATE 14MM THREAD (1 pack) - GMB814",57.66,Norton,
G PLUS SPURRING BRUSH - GPS001,41.18,Norton,
MICROFIBRE FINISHING CLOTH - LOOSE (100 pack) - FC-100,7.07,Norton,
FARECLA WATER SPRAY BOTTLE,25.89,Norton,
"FARECLA G MOP BOLT ADAPTOR 8""/200MM M14 - GMA014",23.45,Norton,
G PLUS PEN LIGHT - GPL001,120.0,Norton,
G PLUS CHECK LIGHT - GPL006,278.25,Norton,
G3 PRO 7165 Paint Renovator 500ml,36.06,Norton,
G3 PRO 7193 Rapid Detailer 500ml,22.27,Norton,
G3 PRO 7199 Multicleaner 500ml,23.42,Norton,
G3 PRO 7220 Multi Cleaner 3.785L,168.28,Norton,
G3 PRO 7205 Snow Foam 500ml,18.98,Norton,
G3 PRO 7216 Snow Foam 3.785L,136.44,Norton,
* G3 PRO 7208 Cut and Wax 500ml,37.95,Norton,
G3 PRO 7209 Wheel Cleaner 500ml,27.45,Norton,
G3 PRO 7224 Wheel Cleaner 3.785L,197.37,Norton,
G3 PRO 7210 Surface Sealant 500ml,63.75,Norton,
G3 PRO 7200 Leather Cleaner 500ml,37.2,Norton,
* G3 PRO 7206 Wash and Wax 500ml,21.52,Norton,
G3 PRO 7191 Deep Clean Clay Mitt,66.03,Norton,
G3 PRO 7167 Applicator Waffle Pad,29.11,Norton,
G3 PRO 7195 Colour Restorer 500ml,37.45,Norton,
G3 PRO 7163 Scratch Remover Paste,17.21,Norton,
G3 PRO 7164 Scratch Remover 500ml,36.71,Norton,
G3 PRO 7166 Resin Superwax 500ml,35.3,Norton,
G3 PRO 7211 Spray Wax 500ml,34.03,Norton,
G3 PRO 7177 SuperGloss Paste Wax,100.17,Norton,
G3 PRO 7201 Super Dressing 500ml,29.11,Norton,
G3 PRO 7213 Tyre Shine Gel 500ml,35.43,Norton,
G3 PRO 7202 Glass Cleaner 500ml,21.52,Norton,
G3 PRO 7235 Glass Cleaner 3.785L,154.63,Norton,
* Polisher 150mm Dual Action GPT203,621.81,Norton,
Polisher 150mm Dual Action GPT203,621.81,Norton,
Polisher 150mm Rotary - GPT003,411.87,Norton,
Polisher Spare Part Speed Control x 5 - GPT118,75.9,Norton,
Polisher Spare Part Trigger Switch x 10 - GPT124,18.8,Norton,
Polisher Spare Part Armature - GPT130,117.17,Norton,
Polisher Spare Parts Carbon Brushes x 2 - GPT101,9.34,Norton,
DEFECT GUIDE COAT,88.02,Norton,
* PAINT MIXING BAR - NORTON PAINT SYSTEM,1.94,Norton,
* PAINT MIXING BAR WITH MEASURING SCALE - NORTON PAINT SYSTEM,13.75,Norton,
PAINT STRAINER 125µm,0.51,Norton,
PAINT STRAINER 190µm,0.51,Norton,
* HARD CUP 250ml REUSEABLE,19.53,Norton,
* HARD CUP 750ml REUSEABLE,25.42,Norton,
* QUICK CONENCT SATA JET 3000 SPRAY GUN ADAPTORS,22.4,Norton,
"* TYPE 15A.1, 3/8”-19 BSP Male SPRAY GUN ADAPTORS",39.93,Norton,
"* TYPE 2A.1, M16x1.5mm Female SPRAY GUN ADAPTORS",39.93,Norton,
"* TYPE 40A.1, M12x1.5mm Male SPRAY GUN ADAPTORS",49.94,Norton,
"* TYPE 5A.1, M12x1.5mm Male SPRAY GUN ADAPTORS",39.93,Norton,
"* TYPE 6A.1, 1/4”-19 BSP Male SPRAY GUN ADAPTORS",39.93,Norton,
"* TYPE 8A.1, M12x1.0mm Male SPRAY GUN ADAPTORS",39.93,Norton,
"* TYPE 9A.1, M16x1.5mm Male SPRAY GUN ADAPTORS",39.93,Norton,
BLUE MICROFIBRE WIPE CLOTHS 406x406mm,21.76,Norton,
"* CLEAN UP/DETAILER SPRAY, 946ml LIQUID ICE COMPOUNDS AND DETAILER",47.18,Norton,
"* OEM, 1 LITRE LIQUID ICE COMPOUNDS AND DETAILER",101.28,Norton,
"* CUTTING FOAM - BLACK SOFT FLAT, SUITS OEM 150x30mm POLISHING HEADS",36.05,Norton,
"* CUTTING FOAM - WHITE HARD FLAT, SUITS XTRA CUT 150x30mm POLISHING HEADS",42.98,Norton,
"* CUTTING FOAM - WHITE HARD WAFFLE, SUITS QUICK CUT 150x30mm POLISHING HEADS",42.98,Norton,
"* CUTTING FOAM - WHITE HARD WAFFLE, SUITS QUICK CUT 80x25mm POLISHING HEADS",17.11,Norton,
* GENERAL PURPOSE - ORANGE 150x30mm POLISHING HEADS,42.98,Norton,
* LAMBSWOOL 150mm POLISHING HEADS,39.9,Norton,
* SUPER COMFORT SUPPORT PAD 125mm x M14 POLISHING HEADS,93.17,Norton,
* 7700-30S HALF MASK RESPIRATOR - SMALL SILICONE,102.67,Norton,
* 7500-50 PARTICULATE FILTER - P2 BEAR CHEMICAL GAS & VAPOUR FILTER CARTRIDGES,19.03,Norton,
* 7500-8 HIGH TOXIC PARTICULATE FILTER - P3 BEAR CHEMICAL GAS & VAPOUR FILTER CARTRIDGES,20.92,Norton,
* 7500-81 0RGANIC VAPOUR/PAINT/HIGH TOXIC CARTRIDGE BEAR CHEMICAL GAS & VAPOUR FILTER CARTRIDGES,42.54,Norton,
* MULTI GAS & HIGH TOXIC PARTICULATE FILTER BEAR CHEMICAL GAS & VAPOUR FILTER CARTRIDGES,68.4,Norton,
* MULTI GAS CARTRIDGE 75SCA BEAR CHEMICAL GAS & VAPOUR FILTER CARTRIDGES,39.57,Norton,
* 7500-27 FIT CHECK FILTER COVER BEAR BEAR,4.24,Norton,
* 7506 PAINT SPRAY/MIST PAD FILTER - P2 BEAR BEAR,9.77,Norton,
* 7506 PAINT SPRAY/MIST PAD FILTER - P2 BEAR BEAR,8.29,Norton,
* 1800 DUST/MIST RESPIRATOR - P1 - DISPOSABLE - 20 PACK BEAR DISPOSABLE MASKS,47.37,Norton,
DISP MASK ACTIVE CARBON W/VAL 2PK HANG SELL - P2,17.24,Norton,
DISP MASK DUST W/VAL 3PK HANG SELL - P2,16.28,Norton,
DISPOSABLE MASK VALVED DISPOSABLE 2PK W/CARBON,17.24,Norton,
DISPOSABLE MASK VALVED DISPOSABLE 3PK P2,16.28,Norton,
MASK FILTERS A2 ORGANIC,40.67,Norton,
MASK SPRAY PAINTERS KIT MED,124.52,Norton,
* EARPLUG DISPOSABLE UNCORDED 200PK CLASS 5 26DB,0.6,Norton,
EARMUFF FOLDING CLASS 5,48.79,Norton,
EARPLUG 1 PAIR CORDED WITH CASE CLASS 4,8.16,Norton,
EARPLUG BANDED 1 PAIR CLASS 5,12.71,Norton,
EARPLUGS DISOSABLE 5 PAIR WITH CASE CLASS 5,6.32,Norton,
* 410 PROTECTIVE CAP - WHITE BEAR,45.65,Norton,
* HARD HAT WHITE BEAR,50.86,Norton,
* B174R BUTYL GLOVE - SIZE 10 BEAR,125.57,Norton,
* 3729XL WORKNIT HEAVY DUTY GLOVE - X LARGE BEAR,26.97,Norton,
* LEATHER RIGGER GLOVES - LARGE BEAR,20.83,Norton,
GLOVES COTTON POLY WITH RUBBER PALM,11.41,Norton,
GLOVES POLYESTER WITH NITRILE PALM,8.16,Norton,
SAFETY GLASSES CLEAR (BSG1000-C) BEAR,10.76,Norton,
SAFETY GLASSES CLEAR (BSG2000-C) BEAR,18.96,Norton,
* SAFETY GLASSES SMOKE (BSG1000-S) BEAR,10.76,Norton,
* SAFETY GLASSES SMOKE (BSG2000-S) BEAR,18.96,Norton,
SAFETY FIT OVER GLASSES CLEAR,16.28,Norton,
SAFETY GLASSES 180 DEG VISION SMOKE,20.37,Norton,
SAFETY GOGGLES INDIRECT VENT,26.69,Norton,
FLARING CUP CBN WHEEL 11V9 100 x 2 x 10 x 31.75mm T=35 CB 151 C75 BI 161,592.91,Norton,
FLARING CUP DIAMOND WHEEL 11V9 100 x 3 x 10 x 31.75mm T=35 D126 C75 BI 126,386.68,Norton,
MULTI POINT DRESSER 1A6C7 19.05 x 6.35mm - 15 deg Tilt - 11 mm shank,334.79,Norton,
MULTI POINT DRESSER 1R6J7 6.35mm 11 mm shank,187.49,Norton,
MULTI POINT DRESSER 2A6D7 12.7x 6.35mm- 11 mm SHANK - Straight,267.82,Norton,
MULTI POINT DRESSER 2R6K7 9.52mm - 11 mm shank,245.52,Norton,
MULTIPOINT DRESSER 1A6A7 19.05x6.35 - STRAIGHT - 11 mm shank,334.79,Norton,
MULTIPOINT DRESSER SG2R6K7 - 9.52 Dia x6.35 -PREMIUM - 11 mm shank,278.94,Norton,
T-BAR MULTIPOINT NIB - 19X6 DIAMOND SECTION -screwdriver handle,257.17,Norton,
PAINT & DECORATOR MASKING TAPE 18mm x 50M,5.01,Norton,
PAINT & DECORATOR MASKING TAPE 24mm x 50M,6.46,Norton,
PAINT & DECORATOR MASKING TAPE 36mm x 50M,9.76,Norton,
PAINT & DECORATOR MASKING TAPE 48mm x 50M,13.0,Norton,
CONTRACTOR 3 DAY MASK TAPE 24mmx50M NOR,8.73,Norton,
CONTRACTOR 3 DAY MASK TAPE 36mmx50M NOR,13.14,Norton,
CONTRACTOR 3 DAY MASK TAPE 48mmx50M NOR,17.5,Norton,
PRECISION GREEN MASKING TAPE 24mm x 50M - 3 PACK,41.06,Norton,
PRECISION GREEN MASKING TAPE 18mm x 50M,12.05,Norton,
PRECISION GRN 10 DAY MSK TP 24mmx50M NOR,14.43,Norton,
PRECISION GRN 10 DAY MSK TP 36mmx50M NOR,21.98,Norton,
PRECISION GRN 10 DAY MSK TP 48mmx50M NOR,27.32,Norton,
WASHI DELICAT 14 DAY MSK TP 24mmx50M NOR,22.92,Norton,
WASHI DELICAT 14 DAY MSK TP 36mmx50M NOR,34.08,Norton,
WASHI DELICAT 14 DAY MSK TP 48mmx50M NOR,42.98,Norton,
WASHI MULTI 14 DAY MSK TP 24mm x 50M NOR,13.42,Norton,
WASHI MULTI 14 DAY MSK TP 36mm x 50M NOR,16.59,Norton,
WASHI MULTI 14 DAY MSK TP 48mm x 50M NOR,22.63,Norton,
RENDERING 14 DAY MASK TP 36mm x 25m NOR,15.06,Norton,
RENDERING 14 DAY MASK TP 48mm x 25m NOR,20.06,Norton,
OUTDOOR LONG LIFE MASKING TAPE 24mm x 50M BEAR - 14 DAYS,9.73,Norton,
HIGH TEMP 110DEG ORANGE TAPE 18X50M RL 48/CT HANG SELL,5.96,Norton,
HIGH TEMP 110DEG ORANGE TAPE 24X50M RL 36/CT HANG SELL,7.93,Norton,
HIGH TEMP 110DEG ORANGE TAPE 36X50M RL 24/CT HANG SELL,11.87,Norton,
HIGH TEMP 110DEG ORANGE TAPE 48X50M RL 24/CT HANG SELL,14.49,Norton,
HIGH TEMP 110DEG ORANGE TAPE 18X50M RL 48/CT,4.96,Norton,
HIGH TEMP 110DEG ORANGE TAPE 24X50M RL 36/CT,6.61,Norton,
HIGH TEMP 110DEG ORANGE TAPE 36X50M RL 24/CT,9.89,Norton,
HIGH TEMP 110DEG ORANGE TAPE 48X50M RL 24/CT,12.08,Norton,
* HIGH TEMP TAPE 24mm x 50M RL 36/CT BEAR AUTOMOTIVE UP TO 95°C WATER & SOLVENT BASED PAINTS,6.61,Norton,
* HIGH TEMP TAPE 36mm x 50M RL 24/CT BEAR AUTOMOTIVE UP TO 95°C WATER & SOLVENT BASED PAINTS,9.89,Norton,
* HIGH TEMP TAPE 48mm x 50M RL 24/CT BEAR AUTOMOTIVE UP TO 95°C WATER & SOLVENT BASED PAINTS,12.08,Norton,
HIGH TEMP MASKING TAPE 225 18mm x 50M BEAR AUTOMOTIVE UP TO 150°C,5.51,Norton,
HIGH TEMP MASKING TAPE 225 24mm x 50M BEAR AUTOMOTIVE UP TO 150°C,7.34,Norton,
HIGH TEMP MASKING TAPE 225 36mm x 50M BEAR AUTOMOTIVE UP TO 150°C,10.93,Norton,
HIGH TEMP MASKING TAPE 225 48mm x 50M BEAR AUTOMOTIVE UP TO 150°C,14.67,Norton,
BODY MOULD TAPE 2830 12mm x 10M BEAR - AUTOMOTIVE,28.64,Norton,
BODY MOULD TAPE 2830 12mm x 61M BEAR - AUTOMOTIVE,148.79,Norton,
* FINE LINE TAPE 3mm x 32m,12.35,Norton,
FINE LINE TAPE PVC 12mm x 55m,44.7,Norton,
FINE LINE TAPE PVC 3mm x 55m,19.27,Norton,
FINE LINE TAPE PVC 6mm x 55m,23.72,Norton,
BLUE WRAP FLOOR MATS 125/ROLL PLASTIC SHEETING,103.7,Norton,
BLUE WRAP SEAT COVERS 125/ROLL PLASTIC SHEETING,172.86,Norton,
BLUE WRAP WHEEL MASKERS 50/ROLL PLASTIC SHEETING,126.76,Norton,
PLASTIFILM 5m x 170m 11µm - BLUE PLASTIC SHEETING,169.04,Norton,
PLASTIFILM 5m x 170m 9µm - CLEAR PLASTIC SHEETING,147.14,Norton,
PLASTIFILM DISPENSER,343.38,Norton,
* PREFOLDED MASKING FILM 1200mm x 55m NOR,28.64,Norton,
* PREFOLDED MASKING FILM 1800mm x 27m NOR,21.45,Norton,
* PREFOLDED MASKING FILM 2400mm x 27m NOR,28.05,Norton,
* PREFOLDED MASKING FILM 600mm x 55m NOR,14.82,Norton,
* PREMASKED FILM REFILL 1200mm x 33m NOR,18.36,Norton,
PREMASKED FILM REFILL 1800mm x 33m NOR,22.44,Norton,
PREMASKED FILM REFILL 2700mm x 17m NOR,21.02,Norton,
PREMASKED FILM REFILL 600mm x 33m NOR,12.71,Norton,
* PREMASKED FILM W/DISP 1200mm x 33m NOR,28.76,Norton,
PREMASKED FILM W/DISP 1800mm x 33m NOR,32.43,Norton,
PREMASKED FILM WITH DISP 600mm x 33m NOR,19.05,Norton,
PREMASKED FILM WITH DISPENSER 2700mm x 17m,31.67,Norton,
PACKAGING TAPE 533P 48mm x 75M - BROWN BEAR,9.94,Norton,
PACKAGING TAPE 533P 48mm x 75M - CLEAR BEAR,9.94,Norton,
CLOTH TAPE 50mm x 15M - BLACK BEAR,13.14,Norton,
CLOTH TAPE 50mm x 15M - BLUE BEAR,13.14,Norton,
CLOTH TAPE 50mm x 15M - GREEN BEAR,13.14,Norton,
CLOTH TAPE 50mm x 15M - RED BEAR,13.14,Norton,
CLOTH TAPE 50mm x 15M - SILVER BEAR,13.14,Norton,
CLOTH TAPE 50mm x 15M - TAN BEAR,13.14,Norton,
CLOTH TAPE 50mm x 15M - WHITE BEAR,13.14,Norton,
CLOTH TAPE 50mm x 15M - YELLOW BEAR,13.14,Norton,
CLOTH TAPE 50mm x 25M - BLACK BEAR,18.29,Norton,
CLOTH TAPE 50mm x 25M - BLUE BEAR,18.29,Norton,
CLOTH TAPE 50mm x 25M - GREEN BEAR,18.29,Norton,
CLOTH TAPE 50mm x 25M - RED BEAR,18.29,Norton,
CLOTH TAPE 50mm x 25M - SILVER BEAR,18.29,Norton,
CLOTH TAPE 50mm x 25M - WHITE BEAR,18.29,Norton,
CLOTH TAPE 50mm x 25M - YELLOW BEAR,18.29,Norton,
CLOTH TAPE 50mm x 4.5M - BLACK BEAR,6.44,Norton,
CLOTH TAPE 50mm x 4.5M - SILVER BEAR,6.44,Norton,
CLOTH TAPE 50mm x 4.5M - WHITE BEAR,6.44,Norton,
CLOTH TAPE 50mm x 50M - BLACK BEAR,35.58,Norton,
CLOTH TAPE 50mm x 50M - SILVER BEAR,35.58,Norton,
ASSORTED 50mm x 4.5M CLOTH ROLLS BEAR,6.44,Norton,
GAFFER TAPE 48mm x 25M - BLACK BEAR,38.2,Norton,
GAFFER TAPE 50mm x 10M - BLACK BEAR,13.78,Norton,
GAFFER TAPE 50mm x 10M - SILVER BEAR,13.78,Norton,
GAFFER TAPE 50mm x 20M - BLACK BEAR,30.49,Norton,
GAFFER TAPE 50mm x 20M - SILVER BEAR,30.49,Norton,
TAPE GAFFER GRIZZLY 50mm x 18M - BLACK BEAR,34.81,Norton,
TAPE GAFFER GRIZZLY 50mm x 18M - SILVER BEAR,34.81,Norton,
TAPE GAFFER GRIZZLY 50mm x 9M - BLACK BEAR,18.31,Norton,
TAPE GAFFER GRIZZLY 50mm x 9M - SILVER BEAR,18.31,Norton,
INDOOR MOUNTING TAPE 12mm x 2M BEAR DOUBLE SIDED,8.15,Norton,
INDOOR MOUNTING TAPE 24mm x 2M BEAR DOUBLE SIDED,15.2,Norton,
OUTDOOR MOUNTING TAPE 12mm x 4M BEAR DOUBLE SIDED,13.42,Norton,
OUTDOOR MOUNTING TAPE 24mm x 2.5M BEAR DOUBLE SIDED,16.59,Norton,
DOUBLE SIDED POLY TAPE 190 36mm x 4.5M BEAR,18.11,Norton,
DOUBLE SIDED POLY TAPE 250 48mm x 4.5M BEAR,24.25,Norton,
ALL WEATHER TAPE 48mm x 25M - CLEAR BEAR,28.92,Norton,
FLASHTAC TAPE 48mm x 3M 142-S BEAR,26.63,Norton,
FLASHTAC TAPE 48mm x 10M 414-S BEAR,67.66,Norton,
FLASHTAC TAPE 72mm x 3M 143-S BEAR,39.88,Norton,
FLASHTAC TAPE 72mm x 10M 414-S BEAR,92.96,Norton,
FLASHTAC TAPE 96mm x 10M 414-S BEAR,117.84,Norton,
THREAD SEAL TAPE PTFE 12mm x 10M BEAR,2.57,Norton,
PVC DUCT TAPE 48mm x 30M - BLACK BEAR,7.6,Norton,
PVC DUCT TAPE 48mm x 30M - GREY BEAR,7.6,Norton,
PVC DUCT TAPE 512 48mm x 30M - BLACK BEAR,11.19,Norton,
PVC DUCT TAPE 512 48mm x 30M - SILVER BEAR,11.19,Norton,
PVC DUCT TAPE 512 72mm x 30M - SILVER BEAR,19.43,Norton,
ELECTRICAL TAPE 504 18mm x 20M - BLACK BEAR PVC,3.42,Norton,
ELECTRICAL TAPE 504 18mm x 20M - BLUE BEAR PVC,3.42,Norton,
ELECTRICAL TAPE 504 18mm x 20M - GREEN BEAR PVC,3.42,Norton,
ELECTRICAL TAPE 504 18mm x 20M - RED BEAR PVC,3.42,Norton,
ELECTRICAL TAPE 504 18mm x 20M - WHITE BEAR PVC,3.42,Norton,
ELECTRICAL TAPE 504 18mm x 20M - YELL/GRN BEAR PVC,3.42,Norton,
ELECTRICAL TAPE 504 18mm x 20M - YELLOW BEAR PVC,3.42,Norton,
MAGNETIC TAPE 12mm x 5M,14.62,Norton,
TEKBOND SEALANT SILICON NATURAL CURE EASY SEAL ROOF & GUTTER 100% PREMIUM TRANSLUCENT 300ML,10.48,Norton,
TEKBOND SEALANT SILICON NATURAL CURE EASY SEAL ROOF & GUTTER 100% PREMIUM WHITE 300ML,10.48,Norton,
TEKBOND SEALANT SILICON NATURAL CURE EASY SEAL ROOF & GUTTER 100% PREMIUM BLACK 300ML,10.48,Norton,
TEKBOND SEALANT SILICON NATURAL CURE EASY SEAL ROOF & GUTTER 100% PREMIUM GREY 300ML,10.48,Norton,
TEKBOND SEALANT SILICON NATURAL CURE EASY SEAL ROOF & GUTTER GENERAL PURPOSE CLEAR 300ML,7.97,Norton,
TEKBOND SEALANT SILICON NATURAL CURE EASY SEAL ROOF & GUTTER GENERAL PURPOSE WHITE 300ML,7.97,Norton,
TEKBOND SEALANT SILICON ACETIC CURE EASY SEAL KITCHEN & BATH 100% PREMIUM TRANSLUCENT 300ML,10.28,Norton,
TEKBOND SEALANT SILICON ACETIC CURE EASY SEAL KITCHEN & BATH 100% PREMIUM WHITE 300ML,10.28,Norton,
TEKBOND SEALANT SILICON ACETIC CURE EASY SEAL KITCHEN & BATH 100% PREMIUM BLACK 300ML,10.28,Norton,
TEKBOND SEALANT SILICON ACETIC CURE EASY SEAL KITCHEN & BATH 100% PREMIUM GREY 300ML,10.28,Norton,
TEKBOND SEALANT SILICON ACETIC CURE EASY SEAL KITCHEN & BATH GENERAL PURPOSE CLEAR 300ML,9.23,Norton,
TEKBOND SEALANT SILICON ACETIC CURE EASY SEAL KITCHEN & BATH GENERAL PURPOSE WHITE 300ML,9.23,Norton,
TEKBOND GAP FILLER ACRYLIC INTERIOR WHITE 300ML,3.67,Norton,
TEKBOND CONSTRUCTION ADHESIVE EASY NAIL INTERIOR WHITE 300ML,5.14,Norton,
TEKBOND CONSTRUCTION ADHESIVE EASY NAIL INTERIOR & EXTERIOR BEIGE 300ML,5.35,Norton,
TEKBOND MS HYBRID ALL IN ONE GENERAL PURPOSE INTERIOR & EXTERIOR WHITE 300ML,11.85,Norton,
TEKBOND REMOVEABLE HOOKS ZAFIRA METAL MED 1KG 2PK,6.57,Norton,
TEKBOND REMOVEABLE HOOKS PICTURE FRAME 1KG 2PK,6.57,Norton,
TEKBOND REMOVEABLE HOOKS TOPAZ SQUARE LARGE 2KG 1PK,4.26,Norton,
TEKBOND REMOVEABLE HOOKS TOPAZ SQUARE MED 1.5KG 2PK,4.26,Norton,
TEKBOND REMOVEABLE HOOK REFILL STRIPS LARGE 4PK,4.9,Norton,
TEKBOND REMOVEABLE HOOK REFILL STRIPS MED 9PK,5.8,Norton,
TEKBOND REMOVEABLE HOOK REFILL STRIPS SMALL 12PK,5.15,Norton,
TEKBOND REMOVEABLE HOOKS SMART TAPE LARGE 2KG 4PK,6.57,Norton,
TEKBOND REMOVEABLE HOOKS SMART TAPE MED 1.5KG 4PK,5.29,Norton,
TEKBOND REMOVEABLE HOOKS SMART TAPE SMALL 1KG 4PK,4.51,Norton,
TEKBOND MAGIC SPONGE- 3PK,5.15,Norton,
100 x 1.0 x 16.0mm ZA60Y-T41 MAXX INOX - ULTRA THIN,3.96,Norton,
115 x 1.0 x 22.23mm ZA60Y-T41 MAXX INOX - ULTRA THIN,4.44,Norton,
125 x 1.0 x 22.23mm ZA60Y -MAXX INOX 100x TUB,4.99,Norton,
125 x 1.0 x 22.23mm ZA60Y-T41 MAXX INOX - ULTRA THIN,4.99,Norton,
125 x 1.3 x 22.23mm ZA60Y-T41 MAXX INOX - ULTRA THIN,6.67,Norton,
125 x 1.6 x 22.23mm ZA60Y-T41 MAXX INOX,7.12,Norton,
180 x 1.6 x 22.23mm ZA46Y-T41 MAXX INOX - ULTRA THIN,7.52,Norton,
230 x 1.9 x 22.23mm ZA46Y-T41 MAXX INOX - ULTRA THIN,10.69,Norton,
230 x 2.0 x 22.23mm ZA46Y-T41 MAXX INOX - ULTRA THIN,10.54,Norton,
TWSET A46T-125x1.0x22.23-FLX MAXX INOX 10x TIN,48.21,Norton,
100 x 1.0 x 16.0mm A46T-BF41 MEGA INOX - ULTRA THIN,3.54,Norton,
100 x 1.6 x 16.0mm A46T-BF41 MEGA INOX - ULTRA THIN,3.86,Norton,
115 x 1.0 x 22.23mm A46T-BF41 MEGA INOX - ULTRA THIN,3.93,Norton,
115 x 1.6 x 22.23mm A46T-BF41 MEGA INOX - ULTRA THIN,4.32,Norton,
125 x 1.0 x 22.23mm A46T-BF41 MEGA INOX - ULTRA THIN,4.45,Norton,
125 x 1.6 x 22.23mm A46T-BF41 MEGA INOX ULTRA THIN,4.78,Norton,
125 x 2.0 x 22.23mm A46T-BF41 MEGA INOX ULTRA THIN,5.02,Norton,
180 x 2.0 x 22.23mm A46T-BF41 MEGA INOX ULTRA THIN,7.38,Norton,
180 x 1.6 x 22.23mm A46T-BF41 MEGA INOX ULTRA THIN,5.97,Norton,
230 x 1.9 x 22.23mm A46T-BF41 MEGA INOX ULTRA THIN,7.79,Norton,
230 x 2.0 x 22.23mm A46T-BF41 MEGA INOX ULTRA THIN,8.19,Norton,
TWSET A46T-100x1.0x16.0-T41 FLX ULTRA THIN 10x TIN ,35.14,Norton,
TWSET A46T-100x1.0x16.0-T41 FLX 25x ULTRA THIN TUB,87.84,Norton,
TWSET A46T-115x1.0x22.23-FLX ULTRA THIN 10x TIN,39.11,Norton,
TWSET A46T-115x1.0x22.23-T41 FLX 25x ULTRA THIN TUB,97.7,Norton,
TWSET A46T-125x1.0x22.23mm-FLX ML 10x TIN,44.09,Norton,
TWSET 41 -125 X 1.0 X 22.2 - A46T-BF41 ULTRA THIN 10x TIN,44.2,Norton,
TWSET A46T-125x1.0x22.23-T41 FLX 25x ULTRA THIN TUB,110.5,Norton,
100 X 1.0 X 16.0MM A46TBF41 MEGA-LINE CUT-OFF TUB,3.54,Norton,
115 X 1.0 X 22.2MM A46TBF41 MEGA-LINE CUT-OFF TUB,3.93,Norton,
125 X 1.0 X 22.2MM A46TBF41 MEGA-LINE CUT-OFF TUB,4.45,Norton,
125 X 1.0 X 22.2MM A46TBF41 MEGA LINE CUT-OFF TUB,441.88,Norton,
100 x 2.5 x 16.0mm FLX-MEGA-LINE,2.99,Norton,
115 x 2.5 x 22.23mm FLX-MEGA-LINE,3.52,Norton,
125 x 2.5 x 22.23mm FLX-MEGA-LINE,3.92,Norton,
230 x 2.5 x 22.23mm FLX-MEGA-LINE,6.02,Norton,
TWSET A46T-125x1.0x22.23mm-FLX ION 10x TIN,44.79,Norton,
115 x 1.0 x 22.23mm Z46X-BF41 ION CORDLESS INOX ULTRA THIN TUB,4.03,Norton,
125 x 1.0 x 22.23mm Z46X-BF41 ION CORDLESS INOX ULTRA THIN TUB,4.49,Norton,
100 x 1.0 x 16.0mm C60T-BF41 MULTI MATERIAL ULTRA THIN TUB,3.58,Norton,
115 x 1.0 x 22.23mm C60T-BF41 MULTI MATERIAL ULTRA THIN TUB,3.74,Norton,
TWSET A46T-125x1.0x22.23mm-FLX MM 10x TIN,43.18,Norton,
125 x 1.0 x 22.23mm C60T-BF41 MULTI MATERIAL ULTRA THIN TUB,4.35,Norton,
180 x 3.2 x 22.23mm C24T-BF41 MULTI MATERIAL,5.3,Norton,
230 x 3.2 x 22.23mm C24T-BF41 MULTI MATERIAL,5.99,Norton,
356 x 3.0 x 25.4mm C30S-BF41 MULTI MATERIAL,18.73,Norton,
TWSET 125 x 1.0 x 22.23mmC60T-BF41 MULTI MATERIAL 25PK ULTRA THIN TUB,107.94,Norton,
* 76 x 0.89 x 6.35mm A60T-BF41 IRON FREE ULTRA THIN - AUTOMOTIVE,5.01,Norton,
180 x 2.5 x 22.23mm FLX-MEGA-LINE,5.1,Norton,
230 x 2.5 x 25.4mm FH38 METAL GENERAL PURPOSE,6.16,Norton,
230 x 3.1 x 22.23mm A30V-BF41 INOX LONG LIFE,7.38,Norton,
51 x 2.5 x 10.0mm FH38 METAL GENERAL PURPOSE,5.02,Norton,
76 x 2.5 x 10.0mm FH38 METAL GENERAL PURPOSE,5.72,Norton,
* 100 x 2.5 x 16.0mm A30V-BF41 EXTRA PREMIUM,3.52,Norton,
* 125 x 2.5 x 22.23mm A24V-BF41 MEGA INOX PREMIUM,5.02,Norton,
* 230 x 2.5 x 22.23mm A24V-BF41 MEGA INOX PREMIUM,8.39,Norton,
* 115 x 2.5 x 22.23mm FH38 IRON FREE CUTTING-OFF WHEELS TYPE 41 STANDARD,3.52,Norton,
100 x 2.5 x 16.0mm FH38 ALUMINIUM TYPE 41 CUTTING - OFF WHEELS,4.93,Norton,
115 x 2.5 x 22.23mm FH38 ALUMINIUM TYPE 41 CUTTING - OFF WHEELS,5.28,Norton,
125 x 2.5 x 22.23mm FH38 ALUMINIUM TYPE 41 CUTTING - OFF WHEELS,5.72,Norton,
230 x 2.5 x 22.23mm FH38 ALUMINIUM TYPE 41 CUTTING - OFF WHEELS,8.39,Norton,
100 x 3.2 x 16.0mm FH64 MASONRY TYPE 41 CUTTING - OFF WHEELS,3.45,Norton,
115 x 3.2 x 22.23mm FH64 MASONRY TYPE 41 CUTTING - OFF WHEELS,3.97,Norton,
125 x 3.2 x 22.23mm FH64 MASONRY TYPE 41 CUTTING - OFF WHEELS,4.62,Norton,
180 x 3.2 x 22.23mm FH64 MASONRY TYPE 41 CUTTING - OFF WHEELS,5.94,Norton,
230 x 3.2 x 22.23mm FH64 MASONRY TYPE 41 CUTTING - OFF WHEELS,6.79,Norton,
356 x 3.0 x 25.4mm C36SB MASONRY L/SPEED PORTABLE CHOP SAWS,21.09,Norton,
305 x 3.0 x 25.4mm A36SB L/SPEED PORTABLE CHOP SAWS - METAL,12.9,Norton,
356 x 3.0 x 25.4mm A36SB L/SPEED PORTABLE CHOP SAWS - METAL,14.28,Norton,
406 x 3.0 x 25.4mm A36SB L/SPEED PORTABLE CHOP SAWS - METAL,22.56,Norton,
350 x 4.1 x 20.0mm FH3714 MASONRY HIGH SPEED MACHINES CUTTING-OFF WHEELS TYPE 41,28.93,Norton,
350 x 4.1 x 25.4mm FH3714 MASONRY HIGH SPEED MACHINES CUTTING-OFF WHEELS TYPE 41,28.93,Norton,
350 x 4.1 x 25.4mm FZ2707 MASONRY HIGH SPEED MACHINES CUTTING-OFF WHEELS TYPE 41,28.94,Norton,
302 x 3.4 x 20.0mm 2UU670SS METAL HIGH SPEED MACHINES CUTTING-OFF WHEELS TYPE 41,14.84,Norton,
305 x 3.4 x 25.4mm 2UU670SS METAL HIGH SPEED MACHINES CUTTING-OFF WHEELS TYPE 41,14.84,Norton,
350 x 3.8 x 20.0mm 2UU670SS METAL HIGH SPEED MACHINES CUTTING-OFF WHEELS TYPE 41,25.76,Norton,
350 x 3.8 x 25.4mm 2UU670SS METAL HIGH SPEED MACHINES CUTTING-OFF WHEELS TYPE 41,25.76,Norton,
356 x 3.8 x 25.4mm 4HU700OP METAL HIGH SPEED MACHINES CUTTING-OFF WHEELS TYPE 41,38.64,Norton,
406 x 4.0 x 25.4mm 1HU670QR METAL HIGH SPEED MACHINES CUTTING-OFF WHEELS TYPE 41,57.39,Norton,
406 x 4.4 x 20.0mm 2UU670SS METAL HIGH SPEED MACHINES CUTTING-OFF WHEELS TYPE 41,41.96,Norton,
406 x 4.4 x 25.4mm 2UU670SS METAL HIGH SPEED MACHINES CUTTING-OFF WHEELS TYPE 41,41.96,Norton,
350 x 3.8 x 20.0mm 2UE790QR RAIL CUTTING-OFF WHEELS,25.76,Norton,
350 x 3.8 x 25.4mm 2UE790QR RAIL CUTTING-OFF WHEELS,25.76,Norton,
356 x 4.0 x 25.4mm A24Q-BF41/100 RAIL CUTTING-OFF WHEELS,32.21,Norton,
^ NQ24Q-356x4.0x25.4-T41 FLX-MaXX3,65.74,Norton,
406 x 4.0 x 25.4mm A24P-BF41 RAIL - SOFT CUTTING-OFF WHEELS,46.54,Norton,
406 x 4.0 x 25.4mm A24Q-BF41 RAIL CUTTING-OFF WHEELS,46.54,Norton,
406 x 4.0 x 25.4mm A24Q-BF41/100 RAIL CUTTING-OFF WHEELS,50.33,Norton,
NQ24Q-406x4.0x25.4-T41 FLX-MaXX3,77.92,Norton,
100 X 3.4 X 16.0mm FLX-MEGA-LINE,3.36,Norton,
115 X 3.4 X 22.23 FLX-MEGA-LINE,4.38,Norton,
125 X 3.4 X 22.23 FLX-MEGA-LINE,4.45,Norton,
230 X 3.4 X 22.23 FLX-MEGA-LINE,9.06,Norton,
125 x 0.8 x 22.23mm A60V-BF42 MEGA INOX METAL DEPRESSED CENTRE -PREMIUM- ULTRA THIN,5.01,Norton,
125 x 2.0 x 22.23mm A46T BF42 MEGA INOX METAL DEPRESSED CENTRE -PREMIUM- ULTRA THIN,4.82,Norton,
180 x 1.6 x 22.23mm A30V-BF42 MEGA INOX METAL DEPRESSED CENTRE -PREMIUM- ULTRA THIN,7.38,Norton,
230 x 1.9 x 22.23mm A30V-BF42 MEGA INOX METAL DEPRESSED CENTRE -PREMIUM- ULTRA THIN,9.76,Norton,
100 x 2.5 x 16.0mm A24V-BF42 MEGA INOX METAL DEPRESSED CENTRE -PREMIUM,4.08,Norton,
125 x 2.5 x 22.23mm A24V-BF42 MEGA INOX METAL DEPRESSED CENTRE -PREMIUM,4.82,Norton,
180 x 2.5 x 22.23mm A24V-BF42 MEGA INOX METAL DEPRESSED CENTRE -PREMIUM,7.11,Norton,
230 x 2.5 x 22.23mm A24V-BF42 MEGA INOX METAL DEPRESSED CENTRE -PREMIUM,9.4,Norton,
* 180 x 3.4 x 22.23mm A24/30T IRON FREE METAL DEPRESSED CENTRE - STANDARD,6.45,Norton,
180 x 3.4 x 22.23 FLX-MEGA-LINE,6.4,Norton,
230 x 3.4 x 22.23mm ZAC24R FOUNDRY,13.77,Norton,
125 x 3.4 x 22.23mm A24/30P ALUMINIUM METAL DEPRESSED CENTRE,5.94,Norton,
100 x 3.4 x 16.0mm C30T MASONRY DEPRESSED CENTRE CUTTING,3.74,Norton,
115 x 3.4 x 22.23mm C30T MASONRY DEPRESSED CENTRE CUTTING,4.86,Norton,
125 x 3.4 x 22.23mm C30T MASONRY DEPRESSED CENTRE CUTTING,5.04,Norton,
230 x 3.4 x 22.23mm C30T MASONRY DEPRESSED CENTRE CUTTING,10.15,Norton,
125 x 2.2 x 22.23mm A46S-BF ALL IN ONE,6.49,Norton,
125 x 3.0 x 22.23mm ZA60P-T27 MAXX ULTRA THIN DEPRESSED CENTRE GRINDING,7.67,Norton,
125 x 3.0 x 22.23mm - T27 C30/2T ULTRA THIN ION DEPRESSED CENTRE GRINDING,6.38,Norton,
100 x 3.0 x 16.0mm C30/2P ULTRA THIN MULTI MATERIAL DEPRESSED CENTRE GRINDING,5.11,Norton,
115 x 3.0 x 22.23mm C30/2P ULTRA THIN MULTI MATERIAL DEPRESSED CENTRE GRINDING,5.72,Norton,
125 x 3.0 x 22.23mm C30/2P ULTRA THIN MULTI MATERIAL DEPRESSED CENTRE GRINDING,5.96,Norton,
125x7.0x22.23-T27 FLX-MaXX 3 NQ24P METAL DEPRESSED CENTRE GRINDING - CERAMIC,24.77,Norton,
* 180x7.0x22.23-T27 FLX-MaXX 3 NQ24P METAL DEPRESSED CENTRE GRINDING - CERAMIC,52.35,Norton,
230x7.0x22.23-T27 FLX-MaXX 3 NQ24P METAL DEPRESSED CENTRE GRINDING - CERAMIC,91.09,Norton,
125 x 7.0 x 22.23mm ZA24Q MAXX METAL DEPRESSED CENTRE GRINDING - ZIRCONIA,14.06,Norton,
230 x 7.0 x 22.23mm ZA24Q MAXX METAL DEPRESSED CENTRE GRINDING - ZIRCONIA,37.18,Norton,
230 x 6.8 x 22.23mm ZA24R ZIRCONIA METAL DEPRESSED CENTRE GRINDING,18.33,Norton,
100 x 6.0 x 16.0mm A30S IRON FREE METAL DEPRESSED CENTRE GRINDING,3.41,Norton,
115 x 6.0 x 22.23mm A30S IRON FREE METAL DEPRESSED CENTRE GRINDING,4.35,Norton,
125 x 6.8 x 22.23mm A24/30T IRON FREE METAL DEPRESSED CENTRE GRINDING,4.95,Norton,
180 x 6.8 x 22.23mm A24/30T IRON FREE METAL DEPRESSED CENTRE GRINDING,7.58,Norton,
230 x 6.8 x 22.23mm A24/30T IRON FREE METAL DEPRESSED CENTRE GRINDING,10.37,Norton,
100 x 7.0 x 16.0mm A30Q-BF27 MEGA INOX METAL DEPRESSED CENTRE GRINDING - PREMIUM,7.0,Norton,
125 x 7.0 x 22.23mm A30Q-BF27 MEGA INOX METAL DEPRESSED CENTRE GRINDING - PREMIUM,9.02,Norton,
180 x 7.0 x 22.23mm A30Q-BF27 MEGA INOX METAL DEPRESSED CENTRE GRINDING - PREMIUM,12.7,Norton,
230 x 7.0 x 22.23mm A30Q-BF27 MEGA INOX METAL DEPRESSED CENTRE GRINDING - PREMIUM,16.15,Norton,
100 x 4.0 x 16.0mm A30S METAL DEPRESSED CENTRE GRINDING - GENERAL PURPOSE,3.41,Norton,
100 x 6.0 x 16.0mm A30S METAL DEPRESSED CENTRE GRINDING - GENERAL PURPOSE,3.32,Norton,
115 x 4.0 x 22.23mm A30S METAL DEPRESSED CENTRE GRINDING - GENERAL PURPOSE,4.53,Norton,
115 x 6.0 x 22.23mm A30S METAL DEPRESSED CENTRE GRINDING - GENERAL PURPOSE,4.35,Norton,
125 x 4.5 x 22.23mm A24/30T METAL DEPRESSED CENTRE GRINDING - GENERAL PURPOSE,5.04,Norton,
125 x 6.8 x 22.23mm A24/30T METAL DEPRESSED CENTRE GRINDING - GENERAL PURPOSE,4.86,Norton,
125 x 6.8 x 22.23mm A30P-T27 METAL DEPRESSED CENTRE GRINDING - GENERAL PURPOSE,4.86,Norton,
180 x 4.5 x 22.23mm A24/30T METAL DEPRESSED CENTRE GRINDING - GENERAL PURPOSE,7.58,Norton,
180 x 6.8 x 22.23mm A24/30T METAL DEPRESSED CENTRE GRINDING - GENERAL PURPOSE,7.73,Norton,
180 x 6.8 x 22.23mm A30P METAL DEPRESSED CENTRE GRINDING - GENERAL PURPOSE,7.7,Norton,
230 x 4.5 x 22.23mm A24/30T METAL DEPRESSED CENTRE GRINDING - GENERAL PURPOSE,10.37,Norton,
230 x 6.8 x 22.23mm A24/30T METAL DEPRESSED CENTRE GRINDING - GENERAL PURPOSE,10.07,Norton,
230 x 6.8 x 22.23mm A24Q-BF27 METAL DEPRESSED CENTRE GRINDING - GENERAL PURPOSE,10.37,Norton,
230 x 6.8 x 22.3mm A24/30P METAL DEPRESSED CENTRE GRINDING - GENERAL PURPOSE,10.07,Norton,
50 x 4.0 x 9.53mm A36Q-BF27 DEPRESSED CENTRE GRINDING - GENERAL PURPOSE,7.51,Norton,
100 x 6.0 x 16.0mm A30S ALUMINIUM DEPRESSED CENTRE GRINDING,5.48,Norton,
125 x 6.8 x 22.23mm A24/30P ALUMINIUM DEPRESSED CENTRE GRINDING,7.39,Norton,
180 x 6.8 x 22.23mm A24/30P ALUMINIUM DEPRESSED CENTRE GRINDING,10.07,Norton,
230 x 6.8 x 22.2mm A24/30P ALUMINIUM DEPRESSED CENTRE GRINDING,16.27,Norton,
100 x 6.0 x 16.0mm C30R MASONRY DEPRESSED CENTRE GRINDING,3.45,Norton,
115 x 6.0 x 22.23mm C30R MASONRY DEPRESSED CENTRE GRINDING,4.62,Norton,
125 x 6.8 x 22.23mm C30R MASONRY DEPRESSED CENTRE GRINDING,6.73,Norton,
180 x 6.8 x 22.23mm C30R MASONRY DEPRESSED CENTRE GRINDING,7.73,Norton,
230 x 6.8 x 22.23mm C30R MASONRY DEPRESSED CENTRE GRINDING,10.48,Norton,
100 x 3.0 x 16.0mm AC36 FLEXIBLE DISC DEPRESSED CENTRE GRINDING,4.55,Norton,
100 x 3.0 x 16.0mm AC46 FLEXIBLE DISC DEPRESSED CENTRE GRINDING,4.55,Norton,
125 x 3.0 x 22.23mm AC36 FLEXIBLE DISC DEPRESSED CENTRE GRINDING,7.12,Norton,
125 x 3.0 x 22.23mm AC46 FLEXIBLE DISC DEPRESSED CENTRE GRINDING,7.12,Norton,
125 x 3.0 x 22.23mm AC60 FLEXIBLE DISC DEPRESSED CENTRE GRINDING,7.12,Norton,
180 x 3.0 x 22.23mm AC46 FLEXIBLE DISC DEPRESSED CENTRE GRINDING,9.85,Norton,
* 115 x 3.0 x 22.23mm WA46 FLEXIBLE DISC DEPRESSED CENTRE GRINDING,6.72,Norton,
125 x 3.0 x 22.23mm WA46 FLEXIBLE DISC DEPRESSED CENTRE GRINDING,8.14,Norton,
180 x 6.8 x 22.23mm A24/30P SAUCER METAL DEPRESSED CENTRE GRINDING TYPE 28,16.49,Norton,
230 x 6.8 x 22.23mm A24/30P SAUCER METAL DEPRESSED CENTRE GRINDING TYPE 28,25.78,Norton,
125 x 4.0 x 22.23mm A36T-BF29 - MEGA VIEW METAL DEPRESSED CENTRE GRINDING,7.58,Norton,
115x1.0x22 Z46X T41-ION CORDLESS,4.07,Norton,
125x1.0x22 Z46X-T41-ION CORDLESS,4.54,Norton,
125x1.0x22 ZA60Y-T41 NOR QUANTUM,4.96,Norton,
MET C/O 100X1.6X16 NZN I/F,3.99,Norton,
MET C/O 115X1.6X22 NZN I/F,4.3,Norton,
MET C/O 125X1.6X22 NZN I/F,5.65,Norton,
A46T-100x1.0x16.0-T41 NOR BLUE-FIRE,3.89,Norton,
MET C/O 115X1.0X22 INOX I/FREE,4.2,Norton,
MET C/O 125X1.0X22 INOX I/FREE,4.47,Norton,
TWSET A46T-115x1.0x22.23-NORTON BF TIN O,39.06,Norton,
TWSET A46T-125x1.0x22.23-NORTON BF TIN O,44.16,Norton,
TWSET A46T-100x1.0x16.0mm-NOR BDX 10x,32.06,Norton,
TWSET A46T-115x1.0x22.23mm-NOR BDX 10x,36.34,Norton,
TWSET A46T-125x1.0x22.23mm-NOR BDX 10x,28.88,Norton,
A46T-100x1.0x16.0mm-T41 NOR BDX,2.9,Norton,
A46T-115x1.0x22.23-T41 NOR-BDX,3.22,Norton,
A46T-125x1.0x22.23mm-T41 NOR BDX,3.66,Norton,
"Z46T-3""x1/16""x3/8""-T41 NOR-Medallion",9.01,Norton,
A30S 230x2.5x25.4-NOR BDX,5.06,Norton,
102x1.0x16 C60TBF41 NORTON MULTI MATERIA,3.61,Norton,
115x1.0x22 C60TBF41 MULTI MATERIAL,3.76,Norton,
MULTI PURP C/O 115X1.6X22.23,3.89,Norton,
125x1.0x22 C60TBF41 Nor Multi Material,4.39,Norton,
A30T-100x2.5x16.0-T41 NOR-Bluefire,2.98,Norton,
A30T-115x2.5x22.23-T41 NOR-Bluefire,3.51,Norton,
A30T-125x2.5x22.23-T41 NOR-Bluefire,3.9,Norton,
A30T-180x2.5x22.23-T41 NOR-Bluefire,5.09,Norton,
A30T-230x2.5x22.23-T41 NOR-Bluefire,6.01,Norton,
A36P-300x3.0x25.4-T41 NOR-Bluefire,2.75,Norton,
A36P-350x3.0x25.4-T41 NOR-Bluefire,14.27,Norton,
A24R-350x3.4x25.4-T41 NOR-Bluefire,25.73,Norton,
C24R-100x2.5x16.0-T41 NOR-Bluefire,3.1,Norton,
C24R-115x2.5x22.23-T41 NOR-Bluefire,3.51,Norton,
C24R-125x2.5x22.23-T41 NOR-Bluefire,4.16,Norton,
C24S-230x2.5x22.23-T41 NOR-Bluefire,6.09,Norton,
A30S-100x2.5x16.0 NOR BDX,2.51,Norton,
A30S-115x2.5x22.23 NOR BDX,2.88,Norton,
A30S-125x2.5x22.23 NOR BDX,3.43,Norton,
A30S 230x2.5x22.23-NOR BDX,5.06,Norton,
A36SB 350x3.8x25.4mm NOR BDX L/SPEED,11.74,Norton,
C30T-125x3.0x22.23-T27 Norton Cordless,7.07,Norton,
C30P-100x3.0x16.0-T27 NOR-Multi Purpose,5.1,Norton,
C30P-115x3.0x22.23-T27 NOR-Multi Purpose,5.71,Norton,
C30P-125x3.0x22.23-T27 NOR-Multi Purpose,5.95,Norton,
A24S-100x6.0x16.0-T27 NOR-Bluefire,3.34,Norton,
A24S-115x6.0x22.23-T27 NOR-Bluefire,4.52,Norton,
A24S-125x6.0x22.23-T27 NOR-Bluefire,4.83,Norton,
A30S-180x6.0x22.23-T27 NOR-Bluefire,7.72,Norton,
A30S-230x6.0x22.23-T27 NOR-Bluefire,10.06,Norton,
C24S-100x6.0x16.0-T27 NOR-Bluefire,3.44,Norton,
C24S-115x6.0x22.23-T27 NOR-Bluefire,4.62,Norton,
C24S-125x6.0x22.23-T27 NOR-Bluefire,6.71,Norton,
A24/30T 100x6.0x16.0 NOR BDX,2.51,Norton,
A24/30T 115x6.0x22.23 NOR BDX,3.21,Norton,
A24/30T 125x6.0x22.23 NOR BDX,3.66,Norton,
A24/30T 230x6.0x22.23 NOR BDX,7.67,Norton,
NORTON WIRE CUP BRUSHES CRIMPED - STEEL 75 X M14X2 0.30,25.92,Norton,
NORTON WIRE CUP BRUSHES CRIMPED - STEEL 125 X M14X2 0.30,63.68,Norton,
NORTON WIRE CUP BRUSHES TWIST KNOT - STEEL 65 X MULTI TWISTKNT 0.50,24.21,Norton,
NORTON WIRE CUP BRUSHES TWIST KNOT - STEEL 75 X M14X2 TWISTKNOT 0.50,25.92,Norton,
NORTON WIRE CUP BRUSHES TWIST KNOT - STEEL 100 X 1R X M14X2 TWISTKNOT 0.50,64.88,Norton,
NORTON WIRE CUP BRUSHES TWIST KNOT - STAINLESS STEEL 65 X M14X2 TWISTKNOT 0.50 SS,41.98,Norton,
NORTON WIRE BEVEL BRUSHES TWISTKNOT - STEEL 100 X M14X2 TWISTKNOT 0.50,37.2,Norton,
NORTON WIRE BEVEL BRUSHES TWISTKNOT - STEEL 115 X M14X2 TWISTKNOT 0.50,48.35,Norton,
NORTON WIRE BEVEL BRUSHES TWISTKNOT - STAINLESS STEEL  115 X M14X2 TWISTKNOT 0.50 SS,45.99,Norton,
NORTON WIRE CUP ADAPTOR ADAPTOR M10X1.5 - M14X2,5.56,Norton,
NORTON WIRE WHEEL BRUSHES CRIMPED - STEEL 150 X 18 X MULTI 0.30,43.3,Norton,
NORTON WIRE WHEEL BRUSHES CRIMPED - STEEL 150 X 25 X MULTI 0.30,44.81,Norton,
NORTON WIRE WHEEL BRUSHES CRIMPED - STEEL 200 X 20 X MULTI 0.30,50.71,Norton,
NORTON WIRE WHEEL BRUSHES CRIMPED - STEEL 200 X 25 X MULTI 0.30,54.25,Norton,
* NORTON WIRE WHEEL BRUSHES CRIMPED - STEEL 250 X 37 X MULTI 0.30,128.68,Norton,
NORTON WIRE WHEEL BRUSHES CRIMPED - STEEL 305 X 50 X MULTI 0.30,259.71,Norton,
NORTON WIRE WHEEL PIPELINE BRUSHES TWISTKNOT - STEEL 125 X 6 X 22 P/LINE TWISTKNOT 42K 0.50,59.24,Norton,
NORTON WIRE WHEEL PIPELINE BRUSHES TWISTKNOT - STAINLESS STEEL  125 X 6 X 22 P/LINE TWISTKNOT 42K 0.50 SS,72.61,Norton,
NORTON SCRATCH BRUSHES - WOODEN HANDLE 3-ROW 72 TUFT - STEEL,6.57,Norton,
NORTON SCRATCH BRUSHES - WOODEN HANDLE 4-ROW 72 TUFT - STEEL,7.69,Norton,
NORTON SPARK PLUG BRUSHES - PLASTIC HANDLE 3-ROW RED HANDLE - SPARK PLUG BRUSH BRASS,8.89,Norton,
"NORTON SPINDLED WIRE CUP BRUSHES CRIMPED - STEEL 50 X 10 X 1/4"" HEX SPINDLE 0.30",9.4,Norton,
"NORTON SPINDLED WIRE CUP BRUSHES CRIMPED - STEEL 75 X 10 X 1/4"" HEX SPINDLE 0.30",10.04,Norton,
"NORTON SPINDLED WIRE WHEEL BRUSHES TWISTKNOT - STEEL 75 X 1 ROW X 1/4"" SPINDLE TWISTKNOT 0.50",37.72,Norton,
"NORTON ROTARY BRUSHES - STEEL 63 X 15 X 1/4"" SPINDLE 0.30",31.49,Norton,
"NORTON ROTARY BRUSHES - STEEL 75 X 15 X 1/4"" SPINDLE 0.30",34.12,Norton,
"NORTON ROTARY END BRUSHES  TWISTKNOT -  STEEL 18 X 1/4"" SPINDLE TWISTKNOT 0.50",43.06,Norton,
"NORTON ROTARY END BRUSHES  TWISTKNOT -  STEEL 25 X 1/4"" SPINDLE TWISTKNOT 0.50",66.69,Norton,
* WIRE CUP 75 X MULTI 0.30 SS NORTON EXPERT QUANTUM CRIMPED -STAINLESS STEEL,89.44,Norton,
* WIRE CUP 125 X M14X2 0.50 NORTON EXPERT QUANTUM CRIMPED -STEEL,105.52,Norton,
* WIRE CUP 75 X MULTI 0.30 NORTON EXPERT QUANTUM CRIMPED -STEEL,47.59,Norton,
* WIRE CUP 75 X M14X2 TWISTKNOT 0.50 SS NORTON EXPERT QUANTUM - STAINLESS STEEL,108.27,Norton,
* WIRE CUP 75 X MULTI TWISTKNOT 0.50 SS NORTON EXPERT QUANTUM - STAINLESS STEEL,108.27,Norton,
* WIRE WHEEL 50 X 13 X 10 0.30 NORTON EXPERT QUANTUM CRIMPED - STEEL,46.82,Norton,
* WIRE WHEEL 125 X 6 X 22 P/LINE TWISTKNOT 0.50 SS CT15 BULK NORTON EXPERT QUANTUM - STAINLESS STEEL,1648.88,Norton,
* WIRE WHEEL 125 X 6 X 22 P/LINE TWISTKNOT 30K 0.50 SS NORTON EXPERT QUANTUM - STAINLESS STEEL,129.36,Norton,
* WIRE WHEEL 125 X 6 X 22 P/LINE TWISTKNOT 0.50 CT15 BULK NORTON EXPERT QUANTUM - STEEL,1185.22,Norton,
* WIRE WHEEL 75 X 1 ROW X 6 SPINDLE TWISTKNOT 0.50 NORTON EXPERT QUANTUM - STEEL,53.57,Norton,
WIRE HAND PLASTIC SCRATCH 4 ROW NORTON EXPERT QUANTUM,14.48,Norton,
WIRE HAND PLASTIC SCRATCH 4 ROW BRASS NORTON EXPERT QUANTUM,22.59,Norton,
WIRE HAND PLASTIC SCRATCH 4 ROW SS NORTON EXPERT QUANTUM,22.59,Norton,
100 x 20 x MULTI 0.3 FLEXOVIT WIRE BRUSHES CRIMPED - STEEL,53.86,Norton,
150 x 13 x MULTI 0.4 FLEXOVIT WIRE BRUSHES CRIMPED - STEEL,41.13,Norton,
150 x 20 x MULTI 0.4 FLEXOVIT WIRE BRUSHES CRIMPED - STEEL,44.23,Norton,
150 x 28 x MULTI 0.4 FLEXOVIT WIRE BRUSHES CRIMPED - STEEL,55.39,Norton,
200 x 20 x MULTI 0.4 FLEXOVIT WIRE BRUSHES CRIMPED - STEEL,54.95,Norton,
200 x 28 x MULTI 0.4 FLEXOVIT WIRE BRUSHES CRIMPED - STEEL,76.15,Norton,
75 x M10 x 1.5 0.3 FLEXOVIT WIRE BRUSHES CRIMPED - STEEL,43.25,Norton,
75 x M14 x 2 0.3 FLEXOVIT WIRE BRUSHES CRIMPED - STEEL,43.25,Norton,
125 x M14 x 2 0.5 FLEXOVIT WIRE BRUSHES CRIMPED - STEEL,74.04,Norton,
65 x 1R M10 x 1.5 0.46 FLEXOVIT WIRE BRUSHES TWIST KNOT - STEEL,35.97,Norton,
75 x 1R M10 x 1.5 0.46 FLEXOVIT WIRE BRUSHES TWIST KNOT - STEEL,40.13,Norton,
75 x 1R M14 x 2 0.46 FLEXOVIT WIRE BRUSHES TWIST KNOT - STEEL,40.13,Norton,
100 x 1R M14 x 2 0.46 FLEXOVIT WIRE BRUSHES TWIST KNOT - STEEL,69.64,Norton,
100 x 1R M14 x 2 SKT 0.46 FLEXOVIT WIRE BRUSHES TWIST KNOT - STEEL,77.79,Norton,
125 x 1R M14 x 2 0.46 FLEXOVIT WIRE BRUSHES TWIST KNOT - STEEL,106.47,Norton,
125 x 1R M14 x 2 SKT 0.46 FLEXOVIT WIRE BRUSHES TWIST KNOT - STEEL,115.45,Norton,
125 x 2R M14 x 2 0.46 FLEXOVIT WIRE BRUSHES TWIST KNOT - STEEL,164.17,Norton,
125 x 2R M14 x 2 SKT 0.46 FLEXOVIT WIRE BRUSHES TWIST KNOT - STEEL,179.41,Norton,
75 x M10 x 1.5 0.46 DP FLEXOVIT WIRE CUP BRUSHES TWIST KNOT - STAINLESS STEEL,90.22,Norton,
75 x M14 x 2 0.46 DP FLEXOVIT WIRE CUP BRUSHES TWIST KNOT - STAINLESS STEEL,92.81,Norton,
^ 100 x M14 x 2 0.46 FLEXOVIT WIRE CUP BRUSHES TWIST KNOT - STAINLESS STEEL,192.18,Norton,
100 x M10 x 1.5 0.46 DP FLEXOVIT WIRE BEVEL BRUSHES TWIST KNOT - STAINLESS STEEL,80.58,Norton,
100 x M14 x 2 0.46 DP FLEXOVIT WIRE BEVEL BRUSHES TWIST KNOT - STAINLESS STEEL,80.58,Norton,
100x1RxM10-1.50,39.88,Norton,
100x1RxM14-2.0,39.88,Norton,
125 x 1R x 22mm 0.46 24K FLEXOVIT WIRE WHEEL BRUSHES TWIST KNOT - STAINLESS STEEL,84.49,Norton,
100 x 1R x 16mm 0.46 18K FLEXOVIT WIRE WHEEL BRUSHES TWIST KNOT - STEEL,33.32,Norton,
125 x 1R x 22mm 0.46 24K FLEXOVIT WIRE WHEEL BRUSHES TWIST KNOT - STEEL,48.87,Norton,
150 x 2R x MULTI 0.46 30K FLEXOVIT WIRE WHEEL BRUSHES TWIST KNOT - STEEL,80.23,Norton,
125 x 6 x 22mm 0.46 30K FLEXOVIT WIRE WHEEL PIPELINE BRUSHES TWIST KNOT - STAINLESS STEEL,90.44,Norton,
125 x 6 x 22mm 0.46 30K FLEXOVIT WIRE WHEEL PIPELINE BRUSHES TWIST KNOT - STEEL,57.74,Norton,
150 x 6 x 22mm 0.70 30K FLEXOVIT WIRE WHEEL PIPELINE BRUSHES TWIST KNOT - STEEL,62.43,Norton,
170 x 6 x M14 0.55 50K FLEXOVIT WIRE WHEEL PIPELINE BRUSHES TWIST KNOT - STEEL,69.06,Norton,
180 x 6 x 22mm 0.5 52K FLEXOVIT WIRE WHEEL PIPELINE BRUSHES TWIST KNOT - STEEL,68.46,Norton,
4-ROW 72 TUFT RED HANDLE - STEEL FLEXOVIT SCRATCH BRUSHES - PLASTIC HANDLE,14.48,Norton,
4-ROW 72 TUFT YELLOW HANDLE - BRASS FLEXOVIT SCRATCH BRUSHES - PLASTIC HANDLE,22.59,Norton,
4-ROW 73 TUFT BLUE HANDLE - S/STEEL FLEXOVIT SCRATCH BRUSHES - PLASTIC HANDLE,22.59,Norton,
3-ROW 43 TUFT CONVERGING - S/STEEL FLEXOVIT SCRATCH BRUSHES - WOODEN HANDLE,23.23,Norton,
3-ROW 43 TUFT CONVERGING - STEEL FLEXOVIT SCRATCH BRUSHES - WOODEN HANDLE,13.49,Norton,
3-ROW 54 TUFT - S/STEEL FLEXOVIT SCRATCH BRUSHES - WOODEN HANDLE,19.32,Norton,
3-ROW 54 TUFT - STEEL FLEXOVIT SCRATCH BRUSHES - WOODEN HANDLE,9.4,Norton,
4-ROW 72 TUFT - S/STEEL FLEXOVIT SCRATCH BRUSHES - WOODEN HANDLE,25.39,Norton,
4-ROW 72 TUFT - STEEL FLEXOVIT SCRATCH BRUSHES - WOODEN HANDLE,10.51,Norton,
,,Norton,
,,Norton,
