description,supplier_name,sku,product_name,unit_price
KNIPEX TWINKEY CONTROL CABINET KEY,Tridon 003483 Whitelaw Tooling Supplies,,,
KNIPEX CONTROL CABINET KEY,Tridon 003483 Whitelaw Tooling Supplies,,,
KNIPEX CONTROL CABINET KEY,Tridon 003483 Whitelaw Tooling Supplies,,,
KNIPEX PROFI-KEY (AF),Tridon 003483 Whitelaw Tooling Supplies,,,
KNIPEX UNIVERSAL CONTROL CABINET KEY,Tridon 003483 Whitelaw Tooling Supplies,,,
KNIPEX CONTROL CABINET KEY (AF),Tridon 003483 Whitelaw Tooling Supplies,,,
KNIPEX FOLDABLE CONTROL CABINET KEY,Tridon 003483 Whitelaw Tooling Supplies,,,
KNIPEX DOUBLE JOINT CONTROL CABINET KEY,Tridon 003483 Whitelaw Tooling Supplies,,,
KNIPEX PEN-STYLE CONTROL CABINET KEY,Tridon 003483 Whitelaw Tooling Supplies,,,
KNIPEX LED MAGNETIC LIGHT,Tridon 003483 Whitelaw Tooling Supplies,,,
KNIPEX MATERIAL CATCHER FOR 79 SER (AF),Tridon 003483 Whitelaw Tooling Supplies,,,
KNIPEX TWINGRIP COUNTER DISPLAY 10 PCE,Tridon 003483 Whitelaw Tooling Supplies,,,
KNIPEX FESTIVE BUNDLE COUNTER DISPLAY,Tridon 003483 Whitelaw Tooling Supplies,,,
KNIPEXTEND SALES DISPLAY 24PC,Tridon 003483 Whitelaw Tooling Supplies,,,
KNIPEXTEND SALES DISPLAY 24PC (AF),Tridon 003483 Whitelaw Tooling Supplies,,,
KNIPEX COUNTER MERCHANDISER ERGOSTRIP,Tridon 003483 Whitelaw Tooling Supplies,,,
KNIPEX COUNTER MERCHANDISER 001101,Tridon 003483 Whitelaw Tooling Supplies,,,
KNIPEX SALES DISPLAY EMPTY (AF),Tridon 003483 Whitelaw Tooling Supplies,,,
KNIPEX PLIER WRENCH MERCHANDISER 8PC,Tridon 003483 Whitelaw Tooling Supplies,,,
KNIPEX COBRA MERCHANDISER 12PC,Tridon 003483 Whitelaw Tooling Supplies,,,
KNIPEX SALES DISPLAY 7305160 (AF),Tridon 003483 Whitelaw Tooling Supplies,,,
KNIPEX SALES DISPLAY 7306160 (AF),Tridon 003483 Whitelaw Tooling Supplies,,,
KNIPEX SALES DISPLAY 1382200 (AF),Tridon 003483 Whitelaw Tooling Supplies,,,
KNIPEX SALES DISPLAY 1386200 (AF),Tridon 003483 Whitelaw Tooling Supplies,,,
KNIPEX SALES DISPLAY 1392200 (AF),Tridon 003483 Whitelaw Tooling Supplies,,,
KNIPEX SALES DISPLAY 1396200 (AF),Tridon 003483 Whitelaw Tooling Supplies,,,
KNIPEX SALES DISPLAY 1426160 (AF),Tridon 003483 Whitelaw Tooling Supplies,,,
KNIPEX SALES DISPLAY 8801250/300 (AF),Tridon 003483 Whitelaw Tooling Supplies,,,
KNIPEX UNIVERSAL MASTKEY (AF),Tridon 003483 Whitelaw Tooling Supplies,,,
KNIPEX COUNTER MERCH 99 00 220 (AF),Tridon 003483 Whitelaw Tooling Supplies,,,
KNIPEX COUNTER MERCH 99 00 250 (AF),Tridon 003483 Whitelaw Tooling Supplies,,,
KNIPEX COUNTER MERCH 99 14 250 (AF),Tridon 003483 Whitelaw Tooling Supplies,,,
KNIPEXCOUNT MERCH 8801180 / 8801250 (AF),Tridon 003483 Whitelaw Tooling Supplies,,,
KNIPEX COUNT MERCH 8801180/300 (AF),Tridon 003483 Whitelaw Tooling Supplies,,,
KNIPEX SALES DISPLAY 8721250 (AF),Tridon 003483 Whitelaw Tooling Supplies,,,
KNIPEX TEST SUPPORT EMPTY FOR 87+88,Tridon 003483 Whitelaw Tooling Supplies,,,
KNIPEX TEST SUPPORT (FOLDING),Tridon 003483 Whitelaw Tooling Supplies,,,
KNIPEX TEST SUPPORT FOR 86,Tridon 003483 Whitelaw Tooling Supplies,,,
KNIPEX SALES DISPLAY UNCARDED PRODUCTS,Tridon 003483 Whitelaw Tooling Supplies,,,
KNIPEX 1000V SCREWDRIVER RACK,Tridon 003483 Whitelaw Tooling Supplies,,,
KNIPEX TOOL ROLL 11 PIECE (AF),Tridon 003483 Whitelaw Tooling Supplies,,,
KNIPEX MODULAR X18 STRAP POUCH (AF),Tridon 003483 Whitelaw Tooling Supplies,,,
KNIPEX PLIER WRENCH SET 5 PC,Tridon 003483 Whitelaw Tooling Supplies,,,
KNIPEX COBRA SET 5 PIECE,Tridon 003483 Whitelaw Tooling Supplies,,,
KNIPEX PLIERS WRENCH SET TOOL ROLL 3PC,Tridon 003483 Whitelaw Tooling Supplies,,,
KNIPEX PLIERS WRENCH SET TOOL ROLL 3PC,Tridon 003483 Whitelaw Tooling Supplies,,,
KNIPEX COBRA SET TOOL ROLL 3PC,Tridon 003483 Whitelaw Tooling Supplies,,,
KNIPEX COBRA SET TOOL ROLL 3PC,Tridon 003483 Whitelaw Tooling Supplies,,,
KNIPEX CIRCLIP PLIER SET 4 PCE,Tridon 003483 Whitelaw Tooling Supplies,,,
KNIPEX TOOL ROLL EMPTY,Tridon 003483 Whitelaw Tooling Supplies,,,
KNIPEX CIRCLIP PLIER SET 4 PC,Tridon 003483 Whitelaw Tooling Supplies,,,
KNIPEX PRECISION CIRCLIP PLIER SET 4 PC,Tridon 003483 Whitelaw Tooling Supplies,,,
KNIPEX PRECISION CIRCLIP PLIER SET 4 PC,Tridon 003483 Whitelaw Tooling Supplies,,,
KNIPEX CIRCLIP PLIER SET 4 PC,Tridon 003483 Whitelaw Tooling Supplies,,,
KNIPEX TOOL BAG EMPTY (AF),Tridon 003483 Whitelaw Tooling Supplies,,,
KNIPEX CIRCLIP PLIER SET 8 PC,Tridon 003483 Whitelaw Tooling Supplies,,,
KNIPEX PRECISION CIRCLIP PLIER SET 8 PC,Tridon 003483 Whitelaw Tooling Supplies,,,
KNIPEX TWINGRIP SLIP JOINT PLIERS SET3PC,Tridon 003483 Whitelaw Tooling Supplies,,,
KNIPEX TWINGRIP SLIP JOINT PLIERS SET2PC,Tridon 003483 Whitelaw Tooling Supplies,,,
KNIPEX PLUMBERS GRIPPING SET 4PC,Tridon 003483 Whitelaw Tooling Supplies,,,
KNIPEX BELT POUCH SMALL EMPTY,Tridon 003483 Whitelaw Tooling Supplies,,,
KNIPEX AVIATION CABLE TIE REMOVER SET,Tridon 003483 Whitelaw Tooling Supplies,,,
KNIPEX BELT POUCH XS DOUBLE,Tridon 003483 Whitelaw Tooling Supplies,,,
"KNIPEX TOOL BELT POUCH, EMPTY",Tridon 003483 Whitelaw Tooling Supplies,,,
KNIPEX PRECISION CIRCLIP FOAM TRAY 6PC,Tridon 003483 Whitelaw Tooling Supplies,,,
KNIPEX CIRCLIP PLIER FOAM TRAY SET 6PC,Tridon 003483 Whitelaw Tooling Supplies,,,
KNIPEX MIXED PLIER FOAM TRAY SET 4PC,Tridon 003483 Whitelaw Tooling Supplies,,,
KNIPEX PRECISON CIRCLIP FOAM TRAY 4PC,Tridon 003483 Whitelaw Tooling Supplies,,,
KNIPEX MIXED PLIERS SET 4PC,Tridon 003483 Whitelaw Tooling Supplies,,,
KNIPEX 1000V PLIER TOOL ROLL,Tridon 003483 Whitelaw Tooling Supplies,,,
KNIPEX MIXED PLIER FOAM TRAY SET 4PC,Tridon 003483 Whitelaw Tooling Supplies,,,
KNIPEX MIXED PLIER FOAM TRAY SET 4PC,Tridon 003483 Whitelaw Tooling Supplies,,,
KNIPEX MIXED PLIER FOAM TRAY SET 4PC-AF,Tridon 003483 Whitelaw Tooling Supplies,,,
KNIPEX PRECISION CIRCLIP PLIER SET 4PC,Tridon 003483 Whitelaw Tooling Supplies,,,
KNIPEX CIRCLIP PLIER SET 4 PIECE,Tridon 003483 Whitelaw Tooling Supplies,,,
KNIPEX PRECISION CIRCLIP PLIER SET 8 PC,Tridon 003483 Whitelaw Tooling Supplies,,,
KNIPEX CIRCLIP PLIER SET 8PC,Tridon 003483 Whitelaw Tooling Supplies,,,
KNIPEX TOOL SET 3 PIECE,Tridon 003483 Whitelaw Tooling Supplies,,,
KNIPEX COBRA SET 3PC,Tridon 003483 Whitelaw Tooling Supplies,,,
KNIPEX ALLIGATOR SET 3 PIECE,Tridon 003483 Whitelaw Tooling Supplies,,,
KNIPEX POWER PACK 3PC,Tridon 003483 Whitelaw Tooling Supplies,,,
KNIPEX MIXED PLIERS SET 3PC,Tridon 003483 Whitelaw Tooling Supplies,,,
KNIPEX ASSEMBLY PACK 3 PC,Tridon 003483 Whitelaw Tooling Supplies,,,
KNIPEX HD POWER PACK 3 PC,Tridon 003483 Whitelaw Tooling Supplies,,,
KNIPEX CHROME ASSEMBLY PACK 3PC,Tridon 003483 Whitelaw Tooling Supplies,,,
KNIPEX1000V SAFETY PACK 3 PIECE,Tridon 003483 Whitelaw Tooling Supplies,,,
KNIPEX 1000V  SCREWDRIVER SET 6PC,Tridon 003483 Whitelaw Tooling Supplies,,,
KNIPEX 1000V SLIM SCREWDRIVER SET 6PC,Tridon 003483 Whitelaw Tooling Supplies,,,
KNIPEX 1000V PH & PHZ SDRIVER SET 6PC-AF,Tridon 003483 Whitelaw Tooling Supplies,,,
KNIPEX 1000V SL & PHZ SDRIVER SET 6PC-AF,Tridon 003483 Whitelaw Tooling Supplies,,,
KNIPEX 1000V +/- SDRIVER SET 6PC (AF),Tridon 003483 Whitelaw Tooling Supplies,,,
KNIPEX 1000V TOOL SET 5 PC,Tridon 003483 Whitelaw Tooling Supplies,,,
KNIPEX 1000V COMPACT BOX SET 4 PCS,Tridon 003483 Whitelaw Tooling Supplies,,,
KNIPEX ELECTRONICS PLIERS SET 6 PC,Tridon 003483 Whitelaw Tooling Supplies,,,
KNIPEX CASE WITH ELECTRONIC PLIER (AF),Tridon 003483 Whitelaw Tooling Supplies,,,
KNIPEX CASE FOR ELECTRONIC PLIER ESD-AF,Tridon 003483 Whitelaw Tooling Supplies,,,
KNIPEX ESD PLIERS SET 6 PC,Tridon 003483 Whitelaw Tooling Supplies,,,
KNIPEX TOOL SET FOR ELECTRONICS 8 PC,Tridon 003483 Whitelaw Tooling Supplies,,,
KNIPEX ESD ELECTRONICS BOX,Tridon 003483 Whitelaw Tooling Supplies,,,
KNIPEX 1000V PLIERS SET 3PC,Tridon 003483 Whitelaw Tooling Supplies,,,
KNIPEX FESTIVE BUNDLE,Tridon 003483 Whitelaw Tooling Supplies,,,
KNIPEX BELT POUCH W/ MINI PL 2 PIECE-AF,Tridon 003483 Whitelaw Tooling Supplies,,,
KNIPEX BELT POUCH W/ PLIERS 2 PIECE (AF),Tridon 003483 Whitelaw Tooling Supplies,,,
KNIPEX BELT POUCH SET 2 PIECE,Tridon 003483 Whitelaw Tooling Supplies,,,
KNIPEX MINI PLIERS SET IN TOOL BELT,Tridon 003483 Whitelaw Tooling Supplies,,,
KNIPEX MINI PLIER SET IN BELT POUCH,Tridon 003483 Whitelaw Tooling Supplies,,,
KNIPEX EXTENSION SET ELECTRO 1 (AF),Tridon 003483 Whitelaw Tooling Supplies,,,
KNIPEX EXTENSION SET ELECTRO 2 (AF),Tridon 003483 Whitelaw Tooling Supplies,,,
KNIPEX TOOL BAG ELECTRIC (AF),Tridon 003483 Whitelaw Tooling Supplies,,,
KNIPEX TOOL BAGS EMPTY (AF),Tridon 003483 Whitelaw Tooling Supplies,,,
KNIPEX 1000V EV TOOL CASE 29PC,Tridon 003483 Whitelaw Tooling Supplies,,,
KNIPEX TOOL CASE EMPTY (AF),Tridon 003483 Whitelaw Tooling Supplies,,,
KNIPEX ELECTRICAL TOOLCASE 68 PC (AF),Tridon 003483 Whitelaw Tooling Supplies,,,
KNIPEX PLUMBERS TOOL CASE (AF),Tridon 003483 Whitelaw Tooling Supplies,,,
KNIPEX APPRENTICE TOOL CASE (AF),Tridon 003483 Whitelaw Tooling Supplies,,,
KNIPEX TOOL BAGS EMPTY BASIC MOVE (AF),Tridon 003483 Whitelaw Tooling Supplies,,,
KNIPEX MECHANICS TOOLCASE 90 PC (AF),Tridon 003483 Whitelaw Tooling Supplies,,,
KNIPEX TRADITIONAL TOOL POUCH EMPTY (AF),Tridon 003483 Whitelaw Tooling Supplies,,,
KNIPEX TOOL CASE EMPTY (AF),Tridon 003483 Whitelaw Tooling Supplies,,,
KNIPEX NOTEBOOK/TOOLS CARRY CASE (AF),Tridon 003483 Whitelaw Tooling Supplies,,,
KNIPEX KNIPEX TOOL BAG COMPACT ELECT-AF,Tridon 003483 Whitelaw Tooling Supplies,,,
KNIPEX TOOL BAG EMPTY,Tridon 003483 Whitelaw Tooling Supplies,,,
KNIPEX 1000V COMPACT TOOL SET 7PCS,Tridon 003483 Whitelaw Tooling Supplies,,,
KNIPEX EMPTY 1000V COMPACT TOOL CASE,Tridon 003483 Whitelaw Tooling Supplies,,,
KNIPEX L-BOXX TOOL CASE EMPTY (AF),Tridon 003483 Whitelaw Tooling Supplies,,,
KNIPEX L-BOXX ELECT TOOL CASE 65 PC (AF),Tridon 003483 Whitelaw Tooling Supplies,,,
KNIPEX L-BOXX EMPTY,Tridon 003483 Whitelaw Tooling Supplies,,,
KNIPEX L-BOXX PLUMB TOOL CASE 52 PC (AF),Tridon 003483 Whitelaw Tooling Supplies,,,
KNIPEX L-BOXX TWO PART TOOL HOLDER (AF),Tridon 003483 Whitelaw Tooling Supplies,,,
KNIPEX 1000V ELEKTRO TOOL SET 20PC,Tridon 003483 Whitelaw Tooling Supplies,,,
KNIPEX EMPTY 1000V ELEKTRO TOOL CASE,Tridon 003483 Whitelaw Tooling Supplies,,,
KNIPEX SANITARY TOOL CASE MEISTER (AF),Tridon 003483 Whitelaw Tooling Supplies,,,
KNIPEX SET OF 8 PRECISION CIRCLIP PLIERS,Tridon 003483 Whitelaw Tooling Supplies,,,
KNIPEX TOOL CASE ROBUST26 ELECTRIC (AF),Tridon 003483 Whitelaw Tooling Supplies,,,
KNIPEX TOOL CASE ROBUST26 EMPTY (AF),Tridon 003483 Whitelaw Tooling Supplies,,,
KNIPEX TOOL CASE ROBUST26 PLUMBING (AF),Tridon 003483 Whitelaw Tooling Supplies,,,
KNIPEX TOOL CASE ROBUST 23 ELECT (AF),Tridon 003483 Whitelaw Tooling Supplies,,,
KNIPEX TOOL CASE ROBUST EMPTY,Tridon 003483 Whitelaw Tooling Supplies,,,
KNIPEX ELECTRIC TOOL SET 26 PIECE,Tridon 003483 Whitelaw Tooling Supplies,,,
KNIPEX ROBUST 34 EMPTY TOOLCASE (AF),Tridon 003483 Whitelaw Tooling Supplies,,,
KNIPEX ELECTRIC TOOL SET 63 PIECE (AF),Tridon 003483 Whitelaw Tooling Supplies,,,
KNIPEX ROBUST 45 EMPTY TOOLCASE (AF),Tridon 003483 Whitelaw Tooling Supplies,,,
KNIPEX MECHANICS TOOLCASE 90 PC (AF),Tridon 003483 Whitelaw Tooling Supplies,,,
KNIPEX BIG TWIN ELECTRIC CASE 65 PC (AF),Tridon 003483 Whitelaw Tooling Supplies,,,
KNIPEX TOOL CASE BIG TWIN EMPTY (AF),Tridon 003483 Whitelaw Tooling Supplies,,,
KNIPEX TELESCOPIC HANDLE FOR CASE (AF),Tridon 003483 Whitelaw Tooling Supplies,,,
KNIPEX ELECTRIC TOOL CASE 65 PIECE (AF),Tridon 003483 Whitelaw Tooling Supplies,,,
KNIPEX TOOL BAGS EMPTY BIG TWIN (AF),Tridon 003483 Whitelaw Tooling Supplies,,,
KNIPEX TOOL CASE BIG TWIN ELEKTRO (AF),Tridon 003483 Whitelaw Tooling Supplies,,,
KNIPEX TOOL CASE BIG TWIN EMPTY (AF),Tridon 003483 Whitelaw Tooling Supplies,,,
KNIPEX BACKPACK MODULAR X18 ELECTRO (AF),Tridon 003483 Whitelaw Tooling Supplies,,,
KNIPEX BACKPACK MODULAR X18 EMPTY,Tridon 003483 Whitelaw Tooling Supplies,,,
KNIPEX BACKPACK MODULAR X18 PLUMBING-AF,Tridon 003483 Whitelaw Tooling Supplies,,,
KNIPEX MODULAR X18 ADAPTORS 4PC (AF),Tridon 003483 Whitelaw Tooling Supplies,,,
KNIPEX SPARE TILTING LOCK WITH KEY (AF),Tridon 003483 Whitelaw Tooling Supplies,,,
KNIPEX SP HANDLE 00 21 XX/98 99 XX (AF),Tridon 003483 Whitelaw Tooling Supplies,,,
KNIPEX SPARE HANDLE FOR 00 21 05 (AF),Tridon 003483 Whitelaw Tooling Supplies,,,
KNIPEX SPARE TELESCOPIC  HANDLE (AF),Tridon 003483 Whitelaw Tooling Supplies,,,
KNIPEX SPARE SHOULDER STRAP (AF),Tridon 003483 Whitelaw Tooling Supplies,,,
KNIPEX SPARE TILTING LOCK (AF),Tridon 003483 Whitelaw Tooling Supplies,,,
KNIPEX SP KEY 0021XX/98 99 15 (2X) (AF),Tridon 003483 Whitelaw Tooling Supplies,,,
KNIPEX SPARE COMBINATION LOCK (AF),Tridon 003483 Whitelaw Tooling Supplies,,,
KNIPEX SPARE WHEELS (AF),Tridon 003483 Whitelaw Tooling Supplies,,,
KNIPEX SPARE ROTATING SWIVEL (AF),Tridon 003483 Whitelaw Tooling Supplies,,,
KNIPEX SP SEPARATORS F002105 (4X) (AF),Tridon 003483 Whitelaw Tooling Supplies,,,
KNIPEX SP SEPARATORS F002106 (4X) (AF),Tridon 003483 Whitelaw Tooling Supplies,,,
KNIPEX SPARE SEPARATORS (AF),Tridon 003483 Whitelaw Tooling Supplies,,,
KNIPEX SPARE SEPARATORS (AF),Tridon 003483 Whitelaw Tooling Supplies,,,
KNIPEX SP TOOLBOARDS F002105 (2X) (AF),Tridon 003483 Whitelaw Tooling Supplies,,,
KNIPEX SP TOOLBOARDS F002106 (3X) (AF),Tridon 003483 Whitelaw Tooling Supplies,,,
KNIPEX SP TOOLBOARDS F002142 (2X) (AF),Tridon 003483 Whitelaw Tooling Supplies,,,
KNIPEX SP TOOLBOARDS F002141 (2X) (AF),Tridon 003483 Whitelaw Tooling Supplies,,,
KNIPEX SPARE TILTING CLASP FRONT (AF),Tridon 003483 Whitelaw Tooling Supplies,,,
KNIPEX SPARE TILTING CLASP SIDE (AF),Tridon 003483 Whitelaw Tooling Supplies,,,
KNIPEX SPARE HANDLE FOR 00 21 3X (AF),Tridon 003483 Whitelaw Tooling Supplies,,,
KNIPEX SP GAS SPRING FOR 002137(2X) (AF),Tridon 003483 Whitelaw Tooling Supplies,,,
KNIPEX SPARE TELESCOPIC HANDLE (AF),Tridon 003483 Whitelaw Tooling Supplies,,,
KNIPEX SP. SHOULDER STRAP (AF),Tridon 003483 Whitelaw Tooling Supplies,,,
KNIPEX SP WHEELS FOR 00 21 37 (2X) (AF),Tridon 003483 Whitelaw Tooling Supplies,,,
KNIPEX SPARE ROTATING SWIVEL (AF),Tridon 003483 Whitelaw Tooling Supplies,,,
KNIPEX SP HINGE FOR 00 21 3X (2X) (AF),Tridon 003483 Whitelaw Tooling Supplies,,,
KNIPEX SPARE CLIP FOR TOOL BOARD (AF),Tridon 003483 Whitelaw Tooling Supplies,,,
KNIPEX SPARE TOOL BOARD FASTENER (AF),Tridon 003483 Whitelaw Tooling Supplies,,,
KNIPEX SP TOOLBOARDS F002135 (2X) (AF),Tridon 003483 Whitelaw Tooling Supplies,,,
KNIPEX SP TOOLBOARDS F002136 (2X) (AF),Tridon 003483 Whitelaw Tooling Supplies,,,
KNIPEX SP TOOLBOARDS F002137 (3X) (AF),Tridon 003483 Whitelaw Tooling Supplies,,,
KNIPEX CUTTING AND COBRA MERCHANDISER,Tridon 003483 Whitelaw Tooling Supplies,,,
KNIPEX PLIERS MERCHANDISER,Tridon 003483 Whitelaw Tooling Supplies,,,
KNIPEX COBRA SET 2 PIECE,Tridon 003483 Whitelaw Tooling Supplies,,,
KNIPEX ALLIGATOR SET 2 PIECE,Tridon 003483 Whitelaw Tooling Supplies,,,
KNIPEX COBRA  & PLIER WRENCH SET 2 PIECE,Tridon 003483 Whitelaw Tooling Supplies,,,
KNIPEX ELECTRICAL INSTALLATIONS SET 3PC,Tridon 003483 Whitelaw Tooling Supplies,,,
KNIPEX INTERNAL CIRCLIP PLIER MERCH,Tridon 003483 Whitelaw Tooling Supplies,,,
KNIPEX EXTERNAL CIRCLIP PLIER MERCH,Tridon 003483 Whitelaw Tooling Supplies,,,
KNIPEX PLIER TOOL ROLL 4PC,Tridon 003483 Whitelaw Tooling Supplies,,,
KNIPEX DEMO KIT CIRCLIP PLIER (AF),Tridon 003483 Whitelaw Tooling Supplies,,,
KNIPEX TEST SUPPORT,Tridon 003483 Whitelaw Tooling Supplies,,,
KNIPEX COBRA MERCHANDISER,Tridon 003483 Whitelaw Tooling Supplies,,,
RENNSTEIG CENTRE PUNCH MERCHANDISER,Tridon 003483 Whitelaw Tooling Supplies,,,
RENNSTEIG CHISEL MERCHANDISER,Tridon 003483 Whitelaw Tooling Supplies,,,
RENNSTEIG PIN PUNCH MERCHANDISER,Tridon 003483 Whitelaw Tooling Supplies,,,
RENNSTEIG TAPER PUNCH MERCHANDISER,Tridon 003483 Whitelaw Tooling Supplies,,,
RENNSTEIG MASTER WALL MERCHANDISER,Tridon 003483 Whitelaw Tooling Supplies,,,
KNIPEX 1000V PLIER & SCREWDRIVER SET 6PC,Tridon 003483 Whitelaw Tooling Supplies,,,
KNIPEX TETHERING LANYARD 1.5M,Tridon 003483 Whitelaw Tooling Supplies,,,
KNIPEX TETHERING ADAPTOR STRAPS 3PK,Tridon 003483 Whitelaw Tooling Supplies,,,
KNIPEX TETHERING CARABINER 2PK,Tridon 003483 Whitelaw Tooling Supplies,,,
KNIPEX TETHERING SYSTEM PACK,Tridon 003483 Whitelaw Tooling Supplies,,,
KNIPEX TETHER WITH CARABINER (AF),Tridon 003483 Whitelaw Tooling Supplies,,,
KNIPEX ADAPTER STRAP WITH CARABINER (AF),Tridon 003483 Whitelaw Tooling Supplies,,,
KNIPEX HOOK ON LANYARD 6KG/13IBS,Tridon 003483 Whitelaw Tooling Supplies,,,
KNIPEX WRIST ADAPTER STRAP 6KG/13IBS,Tridon 003483 Whitelaw Tooling Supplies,,,
KNIPEX LANYARD W FIXATED CARABINER 6KG,Tridon 003483 Whitelaw Tooling Supplies,,,
KNIPEX ADAPT STRAP W FIXATED CARABINER,Tridon 003483 Whitelaw Tooling Supplies,,,
KNIPEX TETHERED TOOL BAG SMALL,Tridon 003483 Whitelaw Tooling Supplies,,,
KNIPEX TETHERED TOOL BAG LARGE,Tridon 003483 Whitelaw Tooling Supplies,,,
KNIPEX 1000V SCREW DRIVER MERCHANDISER,Tridon 003483 Whitelaw Tooling Supplies,,,
KNIPEX 1000V SLIM S/DRIVER MERCH 20PC,Tridon 003483 Whitelaw Tooling Supplies,,,
KNIPEX CONCRETOR MERCHANDISER,Tridon 003483 Whitelaw Tooling Supplies,,,
KNIPEX CONCRETER TOOL ROLL 4PC,Tridon 003483 Whitelaw Tooling Supplies,,,
KNIPEXTEND COLOURED CLIPS DRK GREY 10PC,Tridon 003483 Whitelaw Tooling Supplies,,,
KNIPEXTEND COLOURED CLIPS BLUE 10PC,Tridon 003483 Whitelaw Tooling Supplies,,,
KNIPEXTEND COLOURED CLIPS GREEN 10PC,Tridon 003483 Whitelaw Tooling Supplies,,,
KNIPEXTEND COLOURED CLIPS PINK 10PC,Tridon 003483 Whitelaw Tooling Supplies,,,
KNIPEXTEND COLOURED CLIPS ORANGE 10PC,Tridon 003483 Whitelaw Tooling Supplies,,,
KNIPEXTEND COLOURED CLIPS RED 10PC,Tridon 003483 Whitelaw Tooling Supplies,,,
KNIPEXTEND COLOURED CLIPS GREY 10PC,Tridon 003483 Whitelaw Tooling Supplies,,,
KNIPEXTEND COLOURED CLIPS PURPLE 10PC,Tridon 003483 Whitelaw Tooling Supplies,,,
KNIPEXTEND COLOURED CLIPS MIX 1 10PC,Tridon 003483 Whitelaw Tooling Supplies,,,
KNIPEXTEND COLOURED CLIPS MIX 2 10PC,Tridon 003483 Whitelaw Tooling Supplies,,,
KNIPEXTEND COLOURED CLIPS WHITE 10PC,Tridon 003483 Whitelaw Tooling Supplies,,,
KNIPEXTEND COLOURED CLIPS YELLOW 10PC,Tridon 003483 Whitelaw Tooling Supplies,,,
KNIPEXTEND TETHERED CLIPS RED 10PC,Tridon 003483 Whitelaw Tooling Supplies,,,
KNIPEXTEND TT & COLOUR CLIPS RED 6PC,Tridon 003483 Whitelaw Tooling Supplies,,,
KNIPEX COUNTER TOP MERCHANDISER 6801280,Tridon 003483 Whitelaw Tooling Supplies,,,
KNIPEX PLIER MERCHANDISER,Tridon 003483 Whitelaw Tooling Supplies,,,
KNIPEX INSULATED MERCHANDISER,Tridon 003483 Whitelaw Tooling Supplies,,,
KNIPEX COBOLT CUTTER COMB PACK,Tridon 003483 Whitelaw Tooling Supplies,,,
RENNSTEIG CHISEL & PUNCH MERCH 18 PC,Tridon 003483 Whitelaw Tooling Supplies,,,
RENNSTEIG CHISEL MERCH 18 PC,Tridon 003483 Whitelaw Tooling Supplies,,,
RENNSTEIG MASTER MERCHANDISER 37 PC,Tridon 003483 Whitelaw Tooling Supplies,,,
RENNSTEIG WRECKING BAR MERCHANDISER,Tridon 003483 Whitelaw Tooling Supplies,,,
RENNSTEIG WRECKING & PODGER BAR MERCH,Tridon 003483 Whitelaw Tooling Supplies,,,
KNIPEX STARTER MERCH STANDARD GRIP 15PC,Tridon 003483 Whitelaw Tooling Supplies,,,
KNIPEX STARTER MERCH COMFORT GRIP 15PC,Tridon 003483 Whitelaw Tooling Supplies,,,
KNIPEX INT PREC CIRCLIP PLIER MERCH 15PC,Tridon 003483 Whitelaw Tooling Supplies,,,
KNIPEX EXT PREC CIRCLIP PLIER MERCH 15PC,Tridon 003483 Whitelaw Tooling Supplies,,,
KNIPEX ELECTRICAL MERCH 15PC,Tridon 003483 Whitelaw Tooling Supplies,,,
KNIPEX 1000V TETHERED MERCHANDISER 15PC,Tridon 003483 Whitelaw Tooling Supplies,,,
RENNSTEIG WAD PUNCH WALL MERCH 42PC,Tridon 003483 Whitelaw Tooling Supplies,,,
RENNSTEIG WAD PUNCH WALL MERCH 25PC,Tridon 003483 Whitelaw Tooling Supplies,,,
RENNSTEIG WAD PUNCH MASTER MERCH 36PC,Tridon 003483 Whitelaw Tooling Supplies,,,
KNIPEX PLIERS WRENCH MERCH 15PC,Tridon 003483 Whitelaw Tooling Supplies,,,
KNIPEX PLIERS WRENCH MERCH 15PC,Tridon 003483 Whitelaw Tooling Supplies,,,
KNIPEX PLIERS WRENCH MERCH 15PC,Tridon 003483 Whitelaw Tooling Supplies,,,
KNIPEX 1000V COMBINATION PLIERS 160MM,Tridon 003483 Whitelaw Tooling Supplies,,,
KNIPEX 1000V COMBINATION PLIERS 190MM,Tridon 003483 Whitelaw Tooling Supplies,,,
SYKES STUD SETTER AND EXTRACTOR,Tridon 003483 Whitelaw Tooling Supplies,,,
SYKES STUD SETTER AND EXTRACTOR,Tridon 003483 Whitelaw Tooling Supplies,,,
SYKES CLUTCH ALIGNMENT TOOL KIT,Tridon 003483 Whitelaw Tooling Supplies,,,
"SYKES SPARK PLUG THREAD CHASER M14, M18",Tridon 003483 Whitelaw Tooling Supplies,,,
SYKES LAMBDA SENSOR THREAD RESTORER,Tridon 003483 Whitelaw Tooling Supplies,,,
SYKES LAMBDA SENSOR THREAD RESTORER,Tridon 003483 Whitelaw Tooling Supplies,,,
"SYKES SPARK PLUG THREAD CHASER M10, M12",Tridon 003483 Whitelaw Tooling Supplies,,,
SYKES GAUGE & HOSE ASSEMBLY,Tridon 003483 Whitelaw Tooling Supplies,,,
"SYKES CIRCUIT TESTER 6, 12, 24 VOLT",Tridon 003483 Whitelaw Tooling Supplies,,,
SYKES CIRCUIT TESTER 6-24V,Tridon 003483 Whitelaw Tooling Supplies,,,
SYKES CIRCUIT TESTER 3-28V,Tridon 003483 Whitelaw Tooling Supplies,,,
SYKES DIESEL INJECTOR SOCKET 22MM,Tridon 003483 Whitelaw Tooling Supplies,,,
SYKES DIESEL INJECTOR SOCKET 27MM,Tridon 003483 Whitelaw Tooling Supplies,,,
SYKES ADJUSTABLE STRAP SPANNER,Tridon 003483 Whitelaw Tooling Supplies,,,
SYKES THREAD RESTORER FILES - BSW/BSF,Tridon 003483 Whitelaw Tooling Supplies,,,
SYKES THREAD RESTORER FILES -SAE/UN,Tridon 003483 Whitelaw Tooling Supplies,,,
SYKES THREAD RESTORER FILES - METRIC,Tridon 003483 Whitelaw Tooling Supplies,,,
SYKES THREAD RESTORER FILES BSP THREAD,Tridon 003483 Whitelaw Tooling Supplies,,,
SYKES THREAD FILE SET 4 PIECE,Tridon 003483 Whitelaw Tooling Supplies,,,
SYKES THREAD RESTORING SET,Tridon 003483 Whitelaw Tooling Supplies,,,
SYKES TORX KEY TX55 X 140MM,Tridon 003483 Whitelaw Tooling Supplies,,,
SYKES FEELER GAUGE-38 BLADE,Tridon 003483 Whitelaw Tooling Supplies,,,
SYKES FEELER GAUGE-26 CRANKED BLADE,Tridon 003483 Whitelaw Tooling Supplies,,,
SYKES ALTERNATOR COMBINATION SOCKET SET,Tridon 003483 Whitelaw Tooling Supplies,,,
SYKES LAMBDA (OXYGEN) SENSOR SOCKET SET,Tridon 003483 Whitelaw Tooling Supplies,,,
SYKES LAMBDA SENSOR SOCKET 29MM,Tridon 003483 Whitelaw Tooling Supplies,,,
SYKES LAMBDA SENSOR SOCKET 22MM,Tridon 003483 Whitelaw Tooling Supplies,,,
SYKES LAMBDA SENSOR SOCKET 27MM,Tridon 003483 Whitelaw Tooling Supplies,,,
SYKES LAMBDA SENSOR SOCKET 22MM,Tridon 003483 Whitelaw Tooling Supplies,,,
SYKES LAMBDA SENSOR SOCKET 11/16 INCH,Tridon 003483 Whitelaw Tooling Supplies,,,
SYKES LAMBDA SENSOR SOCKET 22MM,Tridon 003483 Whitelaw Tooling Supplies,,,
SYKES LAMBDA SENSOR SOCKET 22MM,Tridon 003483 Whitelaw Tooling Supplies,,,
SYKES DIESEL INJECTOR SEAT CUTTER SET,Tridon 003483 Whitelaw Tooling Supplies,,,
SYKES FLAT CUTTER 19MM BOSCH INJECT NO 1,Tridon 003483 Whitelaw Tooling Supplies,,,
SYKES FLAT CUTTER 17MM,Tridon 003483 Whitelaw Tooling Supplies,,,
SYKES FLAT CUTTER 15MM UNIV INJECT. NO3,Tridon 003483 Whitelaw Tooling Supplies,,,
SYKES ANGLED CUTTER 17MM,Tridon 003483 Whitelaw Tooling Supplies,,,
SYKES PILOT SPINDLE,Tridon 003483 Whitelaw Tooling Supplies,,,
SYKES T HANDLE SOCKET WRENCH 19MM,Tridon 003483 Whitelaw Tooling Supplies,,,
SYKES ENGINE SUPPORT BEAM,Tridon 003483 Whitelaw Tooling Supplies,,,
SYKES STRAIGHT FLUTED EXTRACTOR SET OF10,Tridon 003483 Whitelaw Tooling Supplies,,,
KNIPEX HI LEVERAGE COMB PLIER 180MM,Tridon 003483 Whitelaw Tooling Supplies,,,
KNIPEX HI LEVERAGE COMB PLIER 200MM,Tridon 003483 Whitelaw Tooling Supplies,,,
KNIPEX HI LEVERAGE COMB PLIER 225MM,Tridon 003483 Whitelaw Tooling Supplies,,,
KNIPEX HI LEVERAGE COMB PLIER 180MM,Tridon 003483 Whitelaw Tooling Supplies,,,
KNIPEX HI LEVERAGE COMB PLIER 200MM,Tridon 003483 Whitelaw Tooling Supplies,,,
KNIPEX HI LEVERAGE COMB PLIER 225MM,Tridon 003483 Whitelaw Tooling Supplies,,,
KNIPEX TETHERED HI LEV COMB PLIER 225MM,Tridon 003483 Whitelaw Tooling Supplies,,,
KNIPEX COMBINATION PLIER 180MM (AF),Tridon 003483 Whitelaw Tooling Supplies,,,
KNIPEX COMBINATION PLIER 200MM (AF),Tridon 003483 Whitelaw Tooling Supplies,,,
KNIPEX COMBINATION PLIER 225MM (AF),Tridon 003483 Whitelaw Tooling Supplies,,,
KNIPEX 1000V HIGH LEV COMB PLIERS 180MM,Tridon 003483 Whitelaw Tooling Supplies,,,
KNIPEX 1000V COMBINATION PLIER 200MM,Tridon 003483 Whitelaw Tooling Supplies,,,
KNIPEX 1000V HIGH LEV COMB PLIERS  225MM,Tridon 003483 Whitelaw Tooling Supplies,,,
KNIPEX 1000V COMBINATION PLIERS 225MM,Tridon 003483 Whitelaw Tooling Supplies,,,
SYKES FLEXIBLE HOSE CLAMPS,Tridon 003483 Whitelaw Tooling Supplies,,,
SYKES FLEXIBLE HOSE CLAMPS SET OF 10,Tridon 003483 Whitelaw Tooling Supplies,,,
SYKES PIPE AID PLIERS - 4.75MM,Tridon 003483 Whitelaw Tooling Supplies,,,
SYKES PIPE AID PLIERS-DUAL 4.75MM & 6MM,Tridon 003483 Whitelaw Tooling Supplies,,,
SYKES EXHAUST PIPE CUTTER 28-68MM,Tridon 003483 Whitelaw Tooling Supplies,,,
SYKES TUBE CUTTER 3-32MM,Tridon 003483 Whitelaw Tooling Supplies,,,
SYKES CUTTER WHEEL X 2,Tridon 003483 Whitelaw Tooling Supplies,,,
SYKES CAM SHAFT CLAMP SET,Tridon 003483 Whitelaw Tooling Supplies,,,
SYKES CAM LOCKING TOOL,Tridon 003483 Whitelaw Tooling Supplies,,,
SYKES CAM LOCKING TOOL,Tridon 003483 Whitelaw Tooling Supplies,,,
SYKES BRAKE PIPE CORROSION TOOL,Tridon 003483 Whitelaw Tooling Supplies,,,
SYKES ADJUSTABLE PIPE BENDER 4.75-6.0MM,Tridon 003483 Whitelaw Tooling Supplies,,,
"SYKES PIPE BENDER 3/16"" & 1/4""",Tridon 003483 Whitelaw Tooling Supplies,,,
SYKES TUBE STRAIGHTENER 3/16-3/8INCH,Tridon 003483 Whitelaw Tooling Supplies,,,
SYKES 270 FLARING TOOL KIT - IMPERIAL,Tridon 003483 Whitelaw Tooling Supplies,,,
SYKES 270 FLARING TOOL KIT 3/16IN & 4.75,Tridon 003483 Whitelaw Tooling Supplies,,,
SYKES 270 FLARING TOOL KIT - METRIC,Tridon 003483 Whitelaw Tooling Supplies,,,
SYKES 270 FLARING TOOL COMPLETE KIT,Tridon 003483 Whitelaw Tooling Supplies,,,
SYKES 270 FLARING TOOL-4.75MM & 6MM DIN,Tridon 003483 Whitelaw Tooling Supplies,,,
SYKES BODY & TURRET LESS HANDLE -7 PUNCH,Tridon 003483 Whitelaw Tooling Supplies,,,
SYKES BODY & TURRET LESS HANDLE -3 PUNCH,Tridon 003483 Whitelaw Tooling Supplies,,,
SYKES TURRET ASSEMBLY (7 PUNCH),Tridon 003483 Whitelaw Tooling Supplies,,,
SYKES TURRET ASSEMBLY (3 PUNCH),Tridon 003483 Whitelaw Tooling Supplies,,,
SYKES TURRET ASSEMBLY (2 PUNCH),Tridon 003483 Whitelaw Tooling Supplies,,,
REPL. CLAMP TOP PLATE,Tridon 003483 Whitelaw Tooling Supplies,,,
SYKES DIE CLAMP SCREW C/W T BAR,Tridon 003483 Whitelaw Tooling Supplies,,,
SYKES HANDLE C/W SLEEVE,Tridon 003483 Whitelaw Tooling Supplies,,,
SYKES DIE SET - 3/16IN SAE,Tridon 003483 Whitelaw Tooling Supplies,,,
SYKES DIE SET - 1/4IN SAE,Tridon 003483 Whitelaw Tooling Supplies,,,
SYKES DIE SET - 5/16IN SAE,Tridon 003483 Whitelaw Tooling Supplies,,,
SYKES DIE SET - 3/8IN SAE,Tridon 003483 Whitelaw Tooling Supplies,,,
SYKES DIE SET - 1/2IN SAE,Tridon 003483 Whitelaw Tooling Supplies,,,
SYKES DIE SET - 4.75MM DIN,Tridon 003483 Whitelaw Tooling Supplies,,,
SYKES DIE SET - 6MM SAE,Tridon 003483 Whitelaw Tooling Supplies,,,
SYKES DIE SET - 8MM SAE,Tridon 003483 Whitelaw Tooling Supplies,,,
SYKES DIE SET - 10MM SAE,Tridon 003483 Whitelaw Tooling Supplies,,,
SYKES DIE SET - 12MM SAE,Tridon 003483 Whitelaw Tooling Supplies,,,
SYKES DIE SET - 6MM DIN,Tridon 003483 Whitelaw Tooling Supplies,,,
SYKES DIE SET - 8MM DIN,Tridon 003483 Whitelaw Tooling Supplies,,,
SYKES DIE SET - 10MM DIN,Tridon 003483 Whitelaw Tooling Supplies,,,
SYKES OP.1 PUNCH - 3/16IN SAE,Tridon 003483 Whitelaw Tooling Supplies,,,
SYKES OP.1 PUNCH - 1/4IN SAE & 6MM,Tridon 003483 Whitelaw Tooling Supplies,,,
SYKES OP.1 PUNCH - 5/16IN SAE & 8MM,Tridon 003483 Whitelaw Tooling Supplies,,,
SYKES OP.1 PUNCH - 3/8IN SAE & 10MM,Tridon 003483 Whitelaw Tooling Supplies,,,
SYKES OP.1 PUNCH - 1/2IN SAE & 12MM,Tridon 003483 Whitelaw Tooling Supplies,,,
SYKES OP.1 PUNCH - 4.75MM DIN,Tridon 003483 Whitelaw Tooling Supplies,,,
SYKES OP.1 PUNCH - 6MM DIN,Tridon 003483 Whitelaw Tooling Supplies,,,
SYKES OP.1 PUNCH - 8MM DIN,Tridon 003483 Whitelaw Tooling Supplies,,,
SYKES OP.1 PUNCH - 10MM DIN,Tridon 003483 Whitelaw Tooling Supplies,,,
SYKES OP.1 PUNCH - 12MM DIN,Tridon 003483 Whitelaw Tooling Supplies,,,
"SYKES OP 2 PUNCH 3/16, 1/4, 4.75 & 6MM",Tridon 003483 Whitelaw Tooling Supplies,,,
"SYKES OP.2 PUNCH - 5/16, 3/8, 8 & 10MM",Tridon 003483 Whitelaw Tooling Supplies,,,
SYKES OP.2 PUNCH - 1/2 & 12MM,Tridon 003483 Whitelaw Tooling Supplies,,,
"SYKES DIE SET 3/16"" SAE & 4.74 DIN",Tridon 003483 Whitelaw Tooling Supplies,,,
SYKES FLAREMASTER BRAKE PIPE KIT,Tridon 003483 Whitelaw Tooling Supplies,,,
"SYKES OP.1 PUNCH 3/16"" SAE",Tridon 003483 Whitelaw Tooling Supplies,,,
SYKES FLAREMASTER 2 SPARE HANDLE,Tridon 003483 Whitelaw Tooling Supplies,,,
SYKES OP.1 PUNCH - 4.75MM DIN,Tridon 003483 Whitelaw Tooling Supplies,,,
SYKES FLAREMASTER 2 - 6MM UPGRADE,Tridon 003483 Whitelaw Tooling Supplies,,,
"SYKES OP. 2 PUNCH 3/16"" SAE",Tridon 003483 Whitelaw Tooling Supplies,,,
SYKES FLAREMASTER 2 S/S KIT,Tridon 003483 Whitelaw Tooling Supplies,,,
SYKES RETRACTABLE DEBURRING TOOL,Tridon 003483 Whitelaw Tooling Supplies,,,
SYKES AIROP VALVE LAPPER,Tridon 003483 Whitelaw Tooling Supplies,,,
SYKES AIR BLOW GUN,Tridon 003483 Whitelaw Tooling Supplies,,,
SYKES CYLINDER HONE 4-IN-1 SET,Tridon 003483 Whitelaw Tooling Supplies,,,
SYKES CYLINDER HONE STONE SET - FINE,Tridon 003483 Whitelaw Tooling Supplies,,,
SYKES CYLINDER HONE STONE SET - MEDIUM,Tridon 003483 Whitelaw Tooling Supplies,,,
SYKES CYLINDER HONE STONE SET - COARSE,Tridon 003483 Whitelaw Tooling Supplies,,,
SYKES CYLINDER HONE,Tridon 003483 Whitelaw Tooling Supplies,,,
SYKES CYLINDER HONE STONE SET - FINE,Tridon 003483 Whitelaw Tooling Supplies,,,
SYKES CYLINDER HONE STONE SET - MEDIUM,Tridon 003483 Whitelaw Tooling Supplies,,,
SYKES CYLINDER HONE STONE SET - COARSE,Tridon 003483 Whitelaw Tooling Supplies,,,
SYKES CIRCLIP TOOL SET 70MM SPREAD,Tridon 003483 Whitelaw Tooling Supplies,,,
SYKES CYLINDER HONE 32-89mm,Tridon 003483 Whitelaw Tooling Supplies,,,
SYKES CYLINDER HONE 32-89mm,Tridon 003483 Whitelaw Tooling Supplies,,,
KNIPEX COMBINATION PLIER 140mm,Tridon 003483 Whitelaw Tooling Supplies,,,
KNIPEX COMBINATION PLIER 160MM,Tridon 003483 Whitelaw Tooling Supplies,,,
KNIPEX COMBINATION PLIER 180MM,Tridon 003483 Whitelaw Tooling Supplies,,,
KNIPEX COMBINATION PLIER 200MM,Tridon 003483 Whitelaw Tooling Supplies,,,
KNIPEX COMBINATION PLIER 250MM UNCARDED,Tridon 003483 Whitelaw Tooling Supplies,,,
KNIPEX COMBINATION PLIER 160MM,Tridon 003483 Whitelaw Tooling Supplies,,,
KNIPEX COMBINATION PLIER 180MM,Tridon 003483 Whitelaw Tooling Supplies,,,
KNIPEX COMBINATION PLIER 200MM,Tridon 003483 Whitelaw Tooling Supplies,,,
SYKES FLEXIBLE LED INSPECTION TORCH,Tridon 003483 Whitelaw Tooling Supplies,,,
KNIPEX COMBINATION PLIER 140MM (AF),Tridon 003483 Whitelaw Tooling Supplies,,,
KNIPEX COMBINATION PLIER 160MM (AF),Tridon 003483 Whitelaw Tooling Supplies,,,
KNIPEX COMBINATION PLIER 180MM (AF),Tridon 003483 Whitelaw Tooling Supplies,,,
KNIPEX COMBINATION PLIER 200MM (AF),Tridon 003483 Whitelaw Tooling Supplies,,,
KNIPEX 1000V COMBINATION PLIER 160MM,Tridon 003483 Whitelaw Tooling Supplies,,,
KNIPEX 1000V COMBINATION PLIER 180MM,Tridon 003483 Whitelaw Tooling Supplies,,,
KNIPEX TETHERED COMB PLIER 1000V 180MM,Tridon 003483 Whitelaw Tooling Supplies,,,
KNIPEX 1000V COMBINATION PLIER 200MM,Tridon 003483 Whitelaw Tooling Supplies,,,
KNIPEX COMBINATION PLIER 1000V 160MM,Tridon 003483 Whitelaw Tooling Supplies,,,
KNIPEX COMBINATION PLIER 1000V 180MM,Tridon 003483 Whitelaw Tooling Supplies,,,
KNIPEX 1000V COMBINATION PLIERS 200MM,Tridon 003483 Whitelaw Tooling Supplies,,,
KNIPEX 1000V COMBINATION PLIER 250MM,Tridon 003483 Whitelaw Tooling Supplies,,,
SYKES VISCOUS FAN HUB SPANNER - 32MM,Tridon 003483 Whitelaw Tooling Supplies,,,
SYKES BELT TENSIONING ADJUSTER - 46MM,Tridon 003483 Whitelaw Tooling Supplies,,,
SYKES NUT SPLITTER 20MM CAPACITY,Tridon 003483 Whitelaw Tooling Supplies,,,
SYKES HD NUT SPLITTER 3-23MM,Tridon 003483 Whitelaw Tooling Supplies,,,
SYKES SHEET METAL CLAMP,Tridon 003483 Whitelaw Tooling Supplies,,,
SYKES EXTENSION ROD - 295MM,Tridon 003483 Whitelaw Tooling Supplies,,,
SYKES 317 SYS CONNECTOR STD BAYONET,Tridon 003483 Whitelaw Tooling Supplies,,,
SYKES 318 SERIES RADIATOR ADAPTOR SMALL,Tridon 003483 Whitelaw Tooling Supplies,,,
SYKES 318 PUMP SEAL AND WASHER SET,Tridon 003483 Whitelaw Tooling Supplies,,,
SYKES COOLING SYSTEM TESTER,Tridon 003483 Whitelaw Tooling Supplies,,,
SYKES 319 SERIES EXPANSION PLUG NO. 2,Tridon 003483 Whitelaw Tooling Supplies,,,
SYKES 319 SERIES EXPANSION PLUG NO. 3,Tridon 003483 Whitelaw Tooling Supplies,,,
SYKES 319 SERIES EXPANSION PLUG MERCEDES,Tridon 003483 Whitelaw Tooling Supplies,,,
SYKES 318 SERIES RADIATOR SYS. CONNECTOR,Tridon 003483 Whitelaw Tooling Supplies,,,
SYKES COOLING SYSTEM THERMOMETER,Tridon 003483 Whitelaw Tooling Supplies,,,
SYKES 319 SERIES - AIRLINE ADAPTOR,Tridon 003483 Whitelaw Tooling Supplies,,,
SYKES CYL.HEAD LEAK DETECTOR KIT,Tridon 003483 Whitelaw Tooling Supplies,,,
SYKES ANTI-FREEZE TESTER,Tridon 003483 Whitelaw Tooling Supplies,,,
SYKES ANTIFREEZE HYDROMETER - P/GLYCOL,Tridon 003483 Whitelaw Tooling Supplies,,,
SYKES BATTERY TESTER,Tridon 003483 Whitelaw Tooling Supplies,,,
SYKES REFRACTOMETER,Tridon 003483 Whitelaw Tooling Supplies,,,
SYKES PISTON RING COMPRESSOR,Tridon 003483 Whitelaw Tooling Supplies,,,
SYKES SPARK PLUG BOOT PLIER,Tridon 003483 Whitelaw Tooling Supplies,,,
SYKES ACCELERATOR PEDAL DEPRESSOR,Tridon 003483 Whitelaw Tooling Supplies,,,
SYKES TYRE TREAD DEPTH GAUGE,Tridon 003483 Whitelaw Tooling Supplies,,,
SYKES SPARK PLUG SOCKET - STD 19MM,Tridon 003483 Whitelaw Tooling Supplies,,,
SYKES SPARK PLUG SOCKET - STD 14MM,Tridon 003483 Whitelaw Tooling Supplies,,,
SYKES SPARK PLUG SOCKET - LONG 14MM,Tridon 003483 Whitelaw Tooling Supplies,,,
SYKES LONG HANDLE HINGED PLUG SCKT 16MM,Tridon 003483 Whitelaw Tooling Supplies,,,
SYKES LONG HANDLE HINGED PLUG SCKT 21MM,Tridon 003483 Whitelaw Tooling Supplies,,,
SYKES HYDRAULIC NUT SPLITTER UP TO 33MM,Tridon 003483 Whitelaw Tooling Supplies,,,
SYKES HYDRAULIC NUT SPLITTER KIT,Tridon 003483 Whitelaw Tooling Supplies,,,
SYKES ANVIL FOR 033600,Tridon 003483 Whitelaw Tooling Supplies,,,
SYKES WASHER SET FOR 033600 NUT SPLITER,Tridon 003483 Whitelaw Tooling Supplies,,,
SYKES HYDRAULIC SERVICE KIT,Tridon 003483 Whitelaw Tooling Supplies,,,
SYKES AUTO FILLER UNIT,Tridon 003483 Whitelaw Tooling Supplies,,,
SYKES PRESSURE BRAKE BLEEDER MASTER KIT,Tridon 003483 Whitelaw Tooling Supplies,,,
SYKES BRAKE BLEEDER WRENCH-VAG GOLF 5/A3,Tridon 003483 Whitelaw Tooling Supplies,,,
SYKES BRAKE BLEEDER WRENCH-VAG PASSAT/A4,Tridon 003483 Whitelaw Tooling Supplies,,,
SYKES BRAKE PIN DUO PUNCH 3MM,Tridon 003483 Whitelaw Tooling Supplies,,,
SYKES BRAKE PIN DUO PUNCH 4MM,Tridon 003483 Whitelaw Tooling Supplies,,,
SYKES BRAKE PIN DUO PUNCH 5.8MM,Tridon 003483 Whitelaw Tooling Supplies,,,
SYKES BRAKE PIN DUO PUNCHES - SET OF 3,Tridon 003483 Whitelaw Tooling Supplies,,,
SYKES BRAKE & FUEL LINE CLAMP,Tridon 003483 Whitelaw Tooling Supplies,,,
SYKES REACTION STRAP,Tridon 003483 Whitelaw Tooling Supplies,,,
SYKES DRIVE ADAPTOR NO. 10,Tridon 003483 Whitelaw Tooling Supplies,,,
SYKES DRIVE ADAPTOR NO. 3,Tridon 003483 Whitelaw Tooling Supplies,,,
SYKES DRIVE ADAPTOR NO. 11,Tridon 003483 Whitelaw Tooling Supplies,,,
SYKES DRIVE ADAPTOR NO. 12,Tridon 003483 Whitelaw Tooling Supplies,,,
SYKES DRIVE ADAPTOR NO. 15,Tridon 003483 Whitelaw Tooling Supplies,,,
SYKES DRIVE ADAPTOR NO. 19,Tridon 003483 Whitelaw Tooling Supplies,,,
SYKES DRIVE ADAPTOR NO. 8,Tridon 003483 Whitelaw Tooling Supplies,,,
SYKES DRIVE ADAPTOR NO. 14,Tridon 003483 Whitelaw Tooling Supplies,,,
SYKES DRIVE CONNECTOR -  IVECO DAILY,Tridon 003483 Whitelaw Tooling Supplies,,,
SYKES DRIVE ADAPTOR NO. 25,Tridon 003483 Whitelaw Tooling Supplies,,,
SYKES UNI. BRAKE PISTON WINDBACK TOOL,Tridon 003483 Whitelaw Tooling Supplies,,,
SYKES AIR ASSISTED WINDBACK MASTER KIT,Tridon 003483 Whitelaw Tooling Supplies,,,
SYKES BRAKE CALIPER WINDBACK UNI. KIT,Tridon 003483 Whitelaw Tooling Supplies,,,
SYKES BRAKE CALIPER WINDBACK EURO KIT,Tridon 003483 Whitelaw Tooling Supplies,,,
SYKES BRAKE CALIPER PISTON TOOL,Tridon 003483 Whitelaw Tooling Supplies,,,
SYKES CALIPER WIND BACK BODY LH,Tridon 003483 Whitelaw Tooling Supplies,,,
SYKES BRAKE CALIPER WINDBACK MASTER KIT,Tridon 003483 Whitelaw Tooling Supplies,,,
SYKES CALIPER PISTON WINDBACK RH 7 PIECE,Tridon 003483 Whitelaw Tooling Supplies,,,
SYKES CALIPER PISTON WINDBACK TOOL LH,Tridon 003483 Whitelaw Tooling Supplies,,,
SYKES BRAKE SPRING PLIERS,Tridon 003483 Whitelaw Tooling Supplies,,,
SYKES BRAKE SPRING PLIERS,Tridon 003483 Whitelaw Tooling Supplies,,,
SYKES VALVE SPRING COMPRESSOR LARGE ENG.,Tridon 003483 Whitelaw Tooling Supplies,,,
SYKES ADJUSTABLE OIL FILTER REMOVER,Tridon 003483 Whitelaw Tooling Supplies,,,
SYKES OIL FILTER REMOVER,Tridon 003483 Whitelaw Tooling Supplies,,,
SYKES OIL FILTER REMOVER,Tridon 003483 Whitelaw Tooling Supplies,,,
SYKES OIL FILTER REMOVER,Tridon 003483 Whitelaw Tooling Supplies,,,
SYKES FUEL FILTER REMOVER - GM/OPEL,Tridon 003483 Whitelaw Tooling Supplies,,,
SYKES VALVE SPRING COMPRESSOR MULTIVALVE,Tridon 003483 Whitelaw Tooling Supplies,,,
SYKES AIR HOLDING ADAPTOR,Tridon 003483 Whitelaw Tooling Supplies,,,
SYKES VALVE STEM SEAL PLIERS,Tridon 003483 Whitelaw Tooling Supplies,,,
SYKES VALVEMASTER SERVICE CENTRE,Tridon 003483 Whitelaw Tooling Supplies,,,
SYKES ZIPCUT,Tridon 003483 Whitelaw Tooling Supplies,,,
SYKES IMPACT DRIVER,Tridon 003483 Whitelaw Tooling Supplies,,,
SYKES METAL CASE FOR 040100 (040101),Tridon 003483 Whitelaw Tooling Supplies,,,
SYKES SPOT DRILL STUBBY 8MM,Tridon 003483 Whitelaw Tooling Supplies,,,
SYKES SPOT DRILL JOBBER 100MM X 6.5MM,Tridon 003483 Whitelaw Tooling Supplies,,,
SYKES CRYOCOBALT DRILL - 6.5MM DIA.,Tridon 003483 Whitelaw Tooling Supplies,,,
SYKES CRYOCOBALT DRILL - 8.0MM DIA.,Tridon 003483 Whitelaw Tooling Supplies,,,
SYKES UNI-CUT HOLE CUTTER 6-20MM X 70MM,Tridon 003483 Whitelaw Tooling Supplies,,,
SYKES UNI-CUT HOLE CUTTER 16-30MM X 75MM,Tridon 003483 Whitelaw Tooling Supplies,,,
SYKES UNI-CUT HOLE CUTTER 25-40MMX 80MM,Tridon 003483 Whitelaw Tooling Supplies,,,
SYKES LIGHTWEIGHT SHEETMETAL CUTTER1.6MM,Tridon 003483 Whitelaw Tooling Supplies,,,
SYKES VICE BLOCK,Tridon 003483 Whitelaw Tooling Supplies,,,
SYKES HEAVY DUTY SHEETMETAL CUTTER 3.2MM,Tridon 003483 Whitelaw Tooling Supplies,,,
SYKES HOLE PUNCH 3/16inch,Tridon 003483 Whitelaw Tooling Supplies,,,
SYKES PANEL HOLE PUNCH 6MM,Tridon 003483 Whitelaw Tooling Supplies,,,
SYKES DOOR SKIN CRIMPING TOOL,Tridon 003483 Whitelaw Tooling Supplies,,,
SYKES REPLACEMENT PAD 50MM WIDE,Tridon 003483 Whitelaw Tooling Supplies,,,
SYKES SHEET METAL FOLDER-4ft,Tridon 003483 Whitelaw Tooling Supplies,,,
SYKES PNEUMATIC HINGE PIN TOOL,Tridon 003483 Whitelaw Tooling Supplies,,,
SYKES HINGE PIN REMOVER-10MM SOLID PINS,Tridon 003483 Whitelaw Tooling Supplies,,,
SYKES HINGE PIN REMOVER-7.5MM SOLID PINS,Tridon 003483 Whitelaw Tooling Supplies,,,
SYKES HINGE PIN REMOVER - HOLLOW PINS,Tridon 003483 Whitelaw Tooling Supplies,,,
SYKES SET OF 3 ROLL PIN REMOVERS,Tridon 003483 Whitelaw Tooling Supplies,,,
SYKES ROLL PIN REMOVERS-3.5MM DIA,Tridon 003483 Whitelaw Tooling Supplies,,,
SYKES ROLL PIN REMOVERS-4.5MM DIA,Tridon 003483 Whitelaw Tooling Supplies,,,
SYKES ROLL PIN REMOVERS-5.5MM DIA,Tridon 003483 Whitelaw Tooling Supplies,,,
SYKES AUTOMOTIVE TRIM REMOVAL TOOL SET,Tridon 003483 Whitelaw Tooling Supplies,,,
SYKES UNIVERSAL BODY TRIM TOOL,Tridon 003483 Whitelaw Tooling Supplies,,,
TOLEDO FILE HALF ROUND 100MM BASTARD BU,Tridon 003483 Whitelaw Tooling Supplies,,,
TOLEDO FILE HALF ROUND 100MM BASTARD CD,Tridon 003483 Whitelaw Tooling Supplies,,,
TOLEDO FILE HALF ROUND 100MM 2ND CUT BU,Tridon 003483 Whitelaw Tooling Supplies,,,
TOLEDO FILE HALF ROUND 100MM 2ND CUT CD,Tridon 003483 Whitelaw Tooling Supplies,,,
TOLEDO FILE HALF ROUND 100MM SMOOTH BU,Tridon 003483 Whitelaw Tooling Supplies,,,
TOLEDO FILE HALF ROUND 100MM SMOOTH CD,Tridon 003483 Whitelaw Tooling Supplies,,,
TOLEDO FILE ROUND 100MM BASTARD BU,Tridon 003483 Whitelaw Tooling Supplies,,,
TOLEDO FILE ROUND 100MM BASTARD CD,Tridon 003483 Whitelaw Tooling Supplies,,,
TOLEDO FILE ROUND 100MM 2ND CUT BU,Tridon 003483 Whitelaw Tooling Supplies,,,
TOLEDO FILE ROUND 100MM 2ND CUT CD,Tridon 003483 Whitelaw Tooling Supplies,,,
TOLEDO FILE ROUND 100MM SMOOTH BU,Tridon 003483 Whitelaw Tooling Supplies,,,
TOLEDO FILE ROUND 100MM SMOOTH CD,Tridon 003483 Whitelaw Tooling Supplies,,,
TOLEDO FILE SQUARE 100MM BASTARD BU,Tridon 003483 Whitelaw Tooling Supplies,,,
TOLEDO FILE SQUARE 100MM BASTARD CD,Tridon 003483 Whitelaw Tooling Supplies,,,
TOLEDO FILE SQUARE 100MM 2ND CUT BU,Tridon 003483 Whitelaw Tooling Supplies,,,
TOLEDO FILE SQUARE 100MM 2ND CUT CD,Tridon 003483 Whitelaw Tooling Supplies,,,
TOLEDO FILE SQUARE 100MM SMOOTH BU,Tridon 003483 Whitelaw Tooling Supplies,,,
TOLEDO FILE SQUARE 100MM SMOOTH CD,Tridon 003483 Whitelaw Tooling Supplies,,,
TOLEDO FILE SLIM TAPER 100MM 2ND CUT CD,Tridon 003483 Whitelaw Tooling Supplies,,,
TOLEDO FILE 3 SQUARE 100MM BASTARD BU,Tridon 003483 Whitelaw Tooling Supplies,,,
TOLEDO FILE 3 SQUARE 100MM BASTARD CD,Tridon 003483 Whitelaw Tooling Supplies,,,
TOLEDO FILE 3 SQUARE 100MM 2ND CUT BU,Tridon 003483 Whitelaw Tooling Supplies,,,
TOLEDO FILE 3 SQUARE 100MM 2ND CUT CD,Tridon 003483 Whitelaw Tooling Supplies,,,
TOLEDO FILE 3 SQUARE 100MM SMOOTH BU,Tridon 003483 Whitelaw Tooling Supplies,,,
TOLEDO FILE 3 SQUARE 100MM SMOOTH CD,Tridon 003483 Whitelaw Tooling Supplies,,,
TOLEDO FILE WARDING 100MM BASTARD BU,Tridon 003483 Whitelaw Tooling Supplies,,,
TOLEDO FILE WARDING 100MM BASTARD CD,Tridon 003483 Whitelaw Tooling Supplies,,,
TOLEDO FILE WARDING 100MM 2ND CUT BU,Tridon 003483 Whitelaw Tooling Supplies,,,
TOLEDO FILE WARDING 100MM 2ND CUT CD,Tridon 003483 Whitelaw Tooling Supplies,,,
TOLEDO FILE WARDING 100MM SMOOTH BU,Tridon 003483 Whitelaw Tooling Supplies,,,
TOLEDO FILE WARDING 100MM SMOOTH CD,Tridon 003483 Whitelaw Tooling Supplies,,,
SYKES SPOON,Tridon 003483 Whitelaw Tooling Supplies,,,
SYKES HEAVY DUTY PRY SPOON,Tridon 003483 Whitelaw Tooling Supplies,,,
SYKES REPLACEMENT SCREW FOR 052700,Tridon 003483 Whitelaw Tooling Supplies,,,
SYKES LIGHT SHRINKING HAMMER,Tridon 003483 Whitelaw Tooling Supplies,,,
SYKES STRAIGHT PEIN & FIN HAMMER,Tridon 003483 Whitelaw Tooling Supplies,,,
SYKES PICK & FINISHING HAMMER,Tridon 003483 Whitelaw Tooling Supplies,,,
SYKES RUBBER FACED MALLET,Tridon 003483 Whitelaw Tooling Supplies,,,
SYKES CURVED PEIN & FINISHING HAMMER,Tridon 003483 Whitelaw Tooling Supplies,,,
SYKES THIN CURVED DOLLY,Tridon 003483 Whitelaw Tooling Supplies,,,
SYKES THIN DOE DOLLY,Tridon 003483 Whitelaw Tooling Supplies,,,
SYKES ANVIL DOLLY,Tridon 003483 Whitelaw Tooling Supplies,,,
SYKES GRID TOE DOLLY,Tridon 003483 Whitelaw Tooling Supplies,,,
SYKES UTILITY DOLLY,Tridon 003483 Whitelaw Tooling Supplies,,,
SYKES HEEL DOLLY,Tridon 003483 Whitelaw Tooling Supplies,,,
SYKES ROUND HEAD DOLLY,Tridon 003483 Whitelaw Tooling Supplies,,,
SYKES HEAVY TOE DOLLY,Tridon 003483 Whitelaw Tooling Supplies,,,
SYKES STANDARD BUMPING HAMMER,Tridon 003483 Whitelaw Tooling Supplies,,,
SYKES STANDARD BUMPING HAMMER,Tridon 003483 Whitelaw Tooling Supplies,,,
SYKES LIGHT BUMPING HAMMER,Tridon 003483 Whitelaw Tooling Supplies,,,
SYKES STRAIGHT PEIN & FIN HAMMER,Tridon 003483 Whitelaw Tooling Supplies,,,
SYKES PICK & FINISHING HAMMER,Tridon 003483 Whitelaw Tooling Supplies,,,
"SYKES PANEL BEATING HAMMER - LIGHT, FLAT",Tridon 003483 Whitelaw Tooling Supplies,,,
SYKES PANEL BEATING HAMMER SHRINKING,Tridon 003483 Whitelaw Tooling Supplies,,,
SHAFT & WEDGES,Tridon 003483 Whitelaw Tooling Supplies,,,
SYKES BODY BLADE HOLDER WITH BLADE,Tridon 003483 Whitelaw Tooling Supplies,,,
SYKES ADJUSTABLE HOLDER WITHOUT BLADE,Tridon 003483 Whitelaw Tooling Supplies,,,
SYKES BODY BLADE STD CUT BLADE (S) 9TPI,Tridon 003483 Whitelaw Tooling Supplies,,,
SYKES BODY BLADE FINE CUT (SINGLE) 13TPI,Tridon 003483 Whitelaw Tooling Supplies,,,
SYKES BODY BLADE PLASTICUT 6 TPI,Tridon 003483 Whitelaw Tooling Supplies,,,
SYKES BODY BLADE STD CUT  9TPI X 10,Tridon 003483 Whitelaw Tooling Supplies,,,
SYKES BODY BLADE FINE CUT 13TPI BOX X 10,Tridon 003483 Whitelaw Tooling Supplies,,,
SYKES BODY BLADE PLASTICUT 6.5TPI,Tridon 003483 Whitelaw Tooling Supplies,,,
SYKES PRY AND SURFACING SPOON,Tridon 003483 Whitelaw Tooling Supplies,,,
SYKES GENERAL PURPOSE SPOON,Tridon 003483 Whitelaw Tooling Supplies,,,
SYKES ANGLED SURFACING SPOON,Tridon 003483 Whitelaw Tooling Supplies,,,
SYKES BODY REPAIR SET - STANDARD KIT,Tridon 003483 Whitelaw Tooling Supplies,,,
SYKES BODY REPAIR SET - STARTER KIT,Tridon 003483 Whitelaw Tooling Supplies,,,
SYKES BODY REPAIR SET - LIGHTWEIGHT KIT,Tridon 003483 Whitelaw Tooling Supplies,,,
SYKES BODY REPAIR SET - GENERAL KIT,Tridon 003483 Whitelaw Tooling Supplies,,,
SYKES BODY REPAIR SET - MASTER KIT,Tridon 003483 Whitelaw Tooling Supplies,,,
SYKES CORROSION ASSESSMENT TOOL,Tridon 003483 Whitelaw Tooling Supplies,,,
SYKES BODYBLADE 14INS -,Tridon 003483 Whitelaw Tooling Supplies,,,
SYKES BUMPING TOOL FLAT BLADE,Tridon 003483 Whitelaw Tooling Supplies,,,
SYKES DOOR LOCK HOLE REFORMING TOOL,Tridon 003483 Whitelaw Tooling Supplies,,,
SYKES BUMPING FILE CURVED - FINE CUT,Tridon 003483 Whitelaw Tooling Supplies,,,
SYKES BUMPING FILE CURVED - MED CUT,Tridon 003483 Whitelaw Tooling Supplies,,,
SYKES TIN SNIP STRAIGHT 10inch,Tridon 003483 Whitelaw Tooling Supplies,,,
SYKES TIN SNIP STRAIGHT 12inch,Tridon 003483 Whitelaw Tooling Supplies,,,
TOLEDO FILE MILLSAW TAPRD 150MM 2CUT BU,Tridon 003483 Whitelaw Tooling Supplies,,,
TOLEDO FILE MILLSAW TAPRD 150MM 2CUT CD,Tridon 003483 Whitelaw Tooling Supplies,,,
SYKES SHEET METAL TIN SNIPS COMPOUND,Tridon 003483 Whitelaw Tooling Supplies,,,
SYKES SHEET METAL CLAMP,Tridon 003483 Whitelaw Tooling Supplies,,,
SYKES C' CLAMP,Tridon 003483 Whitelaw Tooling Supplies,,,
SYKES AXIAL GRIP WELDING CLAMP 'J',Tridon 003483 Whitelaw Tooling Supplies,,,
SYKES AXIAL GRIP WELDING CLAMP 'W',Tridon 003483 Whitelaw Tooling Supplies,,,
SYKES SET OF 5 SELF GRIP WRENCHES,Tridon 003483 Whitelaw Tooling Supplies,,,
SYKES CURVED JAW SELF GRIP WRENCH 5 IN,Tridon 003483 Whitelaw Tooling Supplies,,,
SYKES CURVED JAW SELF GRIP WRENCH 10 IN,Tridon 003483 Whitelaw Tooling Supplies,,,
SYKES OMNIUM GRIP WRENCH 7 INCH,Tridon 003483 Whitelaw Tooling Supplies,,,
SYKES OMNIUM GRIP WRENCH 10 INCH,Tridon 003483 Whitelaw Tooling Supplies,,,
SYKES HOSE PINCH OFF CLAMP,Tridon 003483 Whitelaw Tooling Supplies,,,
SYKES ERGO-GRIP LOCKING WRENCH,Tridon 003483 Whitelaw Tooling Supplies,,,
TOLEDO FILE CHAINSAW 4MMX200MM BU,Tridon 003483 Whitelaw Tooling Supplies,,,
TOLEDO FILE CHAINSAW 4MMX200MM CD,Tridon 003483 Whitelaw Tooling Supplies,,,
TOLEDO FILE TAPERSAW XSLIM 150MM 2CUT BU,Tridon 003483 Whitelaw Tooling Supplies,,,
TOLEDO FILE TAPERSAW XSLIM 150MM 2CUT CD,Tridon 003483 Whitelaw Tooling Supplies,,,
TOLEDO FILE TAPERSAW XX-SLIM 150MM BU,Tridon 003483 Whitelaw Tooling Supplies,,,
TOLEDO FILE TAPERSAW XX-SLIM 150MM CD,Tridon 003483 Whitelaw Tooling Supplies,,,
TOLEDO FILE FLAT 150MM BASTARD BU,Tridon 003483 Whitelaw Tooling Supplies,,,
TOLEDO FILE FLAT 150MM BASTARD CD,Tridon 003483 Whitelaw Tooling Supplies,,,
TOLEDO FILE FLAT 150MM 2ND CUT BU,Tridon 003483 Whitelaw Tooling Supplies,,,
TOLEDO FILE FLAT 150MM 2ND CUT CD,Tridon 003483 Whitelaw Tooling Supplies,,,
TOLEDO FILE FLAT 150MM SMOOTH BU,Tridon 003483 Whitelaw Tooling Supplies,,,
TOLEDO FILE FLAT 150MM SMOOTH CD,Tridon 003483 Whitelaw Tooling Supplies,,,
TOLEDO FILE HALF ROUND 150MM  BASTARD BU,Tridon 003483 Whitelaw Tooling Supplies,,,
TOLEDO FILE HALF ROUND 150MM BASTARD CD,Tridon 003483 Whitelaw Tooling Supplies,,,
TOLEDO FILE HALF ROUND 150MM 2ND CUT BU,Tridon 003483 Whitelaw Tooling Supplies,,,
TOLEDO FILE HALF ROUND 150MM 2ND CUT CD,Tridon 003483 Whitelaw Tooling Supplies,,,
TOLEDO FILE HALF ROUND 150MM SMOOTH BU,Tridon 003483 Whitelaw Tooling Supplies,,,
TOLEDO FILE HALF ROUND 150MM SMOOTH CD,Tridon 003483 Whitelaw Tooling Supplies,,,
TOLEDO FILE ROUND 150MM BASTARD BU,Tridon 003483 Whitelaw Tooling Supplies,,,
TOLEDO FILE ROUND 150MM BASTARD CD,Tridon 003483 Whitelaw Tooling Supplies,,,
TOLEDO FILE ROUND 150MM 2ND CUT BU,Tridon 003483 Whitelaw Tooling Supplies,,,
TOLEDO FILE ROUND 150MM 2ND CUT CD,Tridon 003483 Whitelaw Tooling Supplies,,,
TOLEDO FILE ROUND 150MM SMOOTH BU,Tridon 003483 Whitelaw Tooling Supplies,,,
TOLEDO FILE ROUND 150MM SMOOTH CD,Tridon 003483 Whitelaw Tooling Supplies,,,
TOLEDO FILE SQUARE 150MM BASTARD BU,Tridon 003483 Whitelaw Tooling Supplies,,,
TOLEDO FILE SQUARE 150MM BASTARD CD,Tridon 003483 Whitelaw Tooling Supplies,,,
TOLEDO FILE SQUARE 150MM 2ND CUT BU,Tridon 003483 Whitelaw Tooling Supplies,,,
TOLEDO FILE SQUARE 150MM 2ND CUT CD,Tridon 003483 Whitelaw Tooling Supplies,,,
TOLEDO FILE SQUARE 150MM SMOOTH BU,Tridon 003483 Whitelaw Tooling Supplies,,,
TOLEDO FILE SQUARE 150MM SMOOTH CD,Tridon 003483 Whitelaw Tooling Supplies,,,
TOLEDO FILE TAPERSAW SLIM 150MM 2CUT BU,Tridon 003483 Whitelaw Tooling Supplies,,,
TOLEDO FILE TAPERSAW SLIM 150MM 2CUT CD,Tridon 003483 Whitelaw Tooling Supplies,,,
TOLEDO FILE TAPERSAW REGULAR 150MM BU,Tridon 003483 Whitelaw Tooling Supplies,,,
TOLEDO FILE TAPERSAW REGULAR 150MM CD,Tridon 003483 Whitelaw Tooling Supplies,,,
TOLEDO FILE 3 SQUARE 150MM BASTARD BU,Tridon 003483 Whitelaw Tooling Supplies,,,
TOLEDO FILE 3 SQUARE 150MM BASTARD CD,Tridon 003483 Whitelaw Tooling Supplies,,,
TOLEDO FILE 3 SQUARE 150MM 2ND CUT BU,Tridon 003483 Whitelaw Tooling Supplies,,,
TOLEDO FILE 3 SQUARE 150MM 2ND CUT CD,Tridon 003483 Whitelaw Tooling Supplies,,,
TOLEDO FILE 3 SQUARE 150MM SMOOTH BU,Tridon 003483 Whitelaw Tooling Supplies,,,
TOLEDO FILE 3 SQUARE 150MM SMOOTH CD,Tridon 003483 Whitelaw Tooling Supplies,,,
TOLEDO FILE WARDING 150MM BASTARD BU,Tridon 003483 Whitelaw Tooling Supplies,,,
TOLEDO FILE WARDING 150MM BASTARD CD,Tridon 003483 Whitelaw Tooling Supplies,,,
TOLEDO FILE WARDING 150MM 2ND CUT BU,Tridon 003483 Whitelaw Tooling Supplies,,,
TOLEDO FILE WARDING 150MM 2ND CUT CD,Tridon 003483 Whitelaw Tooling Supplies,,,
TOLEDO FILE WARDING 150MM SMOOTH BU,Tridon 003483 Whitelaw Tooling Supplies,,,
TOLEDO FILE WARDING 150MM SMOOTH CD,Tridon 003483 Whitelaw Tooling Supplies,,,
SYKES DIAL TEST INDICATOR 0-8MM,Tridon 003483 Whitelaw Tooling Supplies,,,
SYKES FLEXIBLE DRIVE BELT STRETCHER,Tridon 003483 Whitelaw Tooling Supplies,,,
SYKES V BELT PULLEY HOLDING TOOL,Tridon 003483 Whitelaw Tooling Supplies,,,
SYKES CAMBELT PULLEY PULLER,Tridon 003483 Whitelaw Tooling Supplies,,,
SYKES FLEXIBLE DRIVE BELT STRETCHER KIT,Tridon 003483 Whitelaw Tooling Supplies,,,
SYKES ENG TIMING  KIT-FIAT/ALFA ROMEO,Tridon 003483 Whitelaw Tooling Supplies,,,
SYKES ENG TIMING TOOL KIT-FIAT 1.2 (16V),Tridon 003483 Whitelaw Tooling Supplies,,,
SYKES ENG TIMING TOOL KIT-FIAT / OPEL,Tridon 003483 Whitelaw Tooling Supplies,,,
SYKES ENG TIMING  KIT-PSA/FIAT/RENAULT,Tridon 003483 Whitelaw Tooling Supplies,,,
SYKES ENGINE TIMING KIT FIAT 1.4 PETROL,Tridon 003483 Whitelaw Tooling Supplies,,,
SYKES ENG TIMING KIT FIAT 1.6 16V PETROL,Tridon 003483 Whitelaw Tooling Supplies,,,
SYKES ENG TIMING KIT FIAT 1.8 16V PETROL,Tridon 003483 Whitelaw Tooling Supplies,,,
SYKES ENG TIMING KIT FIAT /ALFA  DIESEL,Tridon 003483 Whitelaw Tooling Supplies,,,
SYKES ENGINE TIMING TOOL KIT - FORD,Tridon 003483 Whitelaw Tooling Supplies,,,
SYKES ENG TIMING TOOL KIT-FORD DURATORQ,Tridon 003483 Whitelaw Tooling Supplies,,,
SYKES ENG TIMING TOOL KIT-FORD DURATORQ,Tridon 003483 Whitelaw Tooling Supplies,,,
SYKES ENG TIMING TOOL KIT-FORD ZETEC SET,Tridon 003483 Whitelaw Tooling Supplies,,,
SYKES ENGINE TIMING TOOL KIT - FORD TDCI,Tridon 003483 Whitelaw Tooling Supplies,,,
SYKES ENGINE TIMING KIT FORD DIESEL,Tridon 003483 Whitelaw Tooling Supplies,,,
SYKES ENG TIMING TOOL KIT-GM / VAUXHALL,Tridon 003483 Whitelaw Tooling Supplies,,,
SYKES ENG TIMING TOOL KIT-OPEL ECOTEC,Tridon 003483 Whitelaw Tooling Supplies,,,
SYKES ENG TIMING TOOL KIT-OPEL 1.0 / 1.2,Tridon 003483 Whitelaw Tooling Supplies,,,
SYKES ENG TIMING  KIT-OPEL 2.0 DIESEL,Tridon 003483 Whitelaw Tooling Supplies,,,
SYKES ENG TIMING TOOL KIT-GM 1.6 16V,Tridon 003483 Whitelaw Tooling Supplies,,,
SYKES ENG TIMING TOOL KIT-GM/SAAB/VAUX,Tridon 003483 Whitelaw Tooling Supplies,,,
SYKES ENG TIMING  KIT-PEUGEOT/CITROEN,Tridon 003483 Whitelaw Tooling Supplies,,,
SYKES ENG TIMING  KIT-PEUGEOT/CITROEN,Tridon 003483 Whitelaw Tooling Supplies,,,
SYKES ENG TIMING  KIT-LANDROVER/JAGUAR,Tridon 003483 Whitelaw Tooling Supplies,,,
SYKES ENGINE TIMING KIT PSA PETROL,Tridon 003483 Whitelaw Tooling Supplies,,,
SYKES ENGINE TIMING KIT  PSA DIESEL,Tridon 003483 Whitelaw Tooling Supplies,,,
SYKES ENG TIMING TOOL KIT-RENAULT 16V,Tridon 003483 Whitelaw Tooling Supplies,,,
SYKES ENG TIMING  KIT-RENAULT 2.0 IDE,Tridon 003483 Whitelaw Tooling Supplies,,,
SYKES CAM SPROCKET TOOL-RENAULT 2.0 IDE,Tridon 003483 Whitelaw Tooling Supplies,,,
"SYKES ENGINE TIMING KIT FORD, RENAULT",Tridon 003483 Whitelaw Tooling Supplies,,,
SYKES VAG TENSIONER WRENCH,Tridon 003483 Whitelaw Tooling Supplies,,,
SYKES VAG TENSIONER WRENCH - LONG HANDLE,Tridon 003483 Whitelaw Tooling Supplies,,,
SYKES VAG TENSIONER WRENCH,Tridon 003483 Whitelaw Tooling Supplies,,,
SYKES MULTI POSITION TENSIONER VAG,Tridon 003483 Whitelaw Tooling Supplies,,,
SYKES ENG TIMING TOOL KIT-VAG 2.0 TDI,Tridon 003483 Whitelaw Tooling Supplies,,,
"SYKES ENG TIMING TOOL KIT AUDI A4,A6,A8",Tridon 003483 Whitelaw Tooling Supplies,,,
SYKES ENG TIMING  KIT VAG TRANSPORTER,Tridon 003483 Whitelaw Tooling Supplies,,,
SYKES VAG CAMSHAFT SETTING TOOL,Tridon 003483 Whitelaw Tooling Supplies,,,
"SYKES ENG TIMING  KIT VAG 1.4,1.6 FSI",Tridon 003483 Whitelaw Tooling Supplies,,,
SYKES ENG TIMING TOOL KIT VAG 2.0F.S.I.,Tridon 003483 Whitelaw Tooling Supplies,,,
SYKES VALVE TIMING TOOL KIT VAG,Tridon 003483 Whitelaw Tooling Supplies,,,
SYKES VAG GUIDE PIN SET,Tridon 003483 Whitelaw Tooling Supplies,,,
SYKES CAMSHAFT SPROCKET PULLEY VAG,Tridon 003483 Whitelaw Tooling Supplies,,,
SYKES ENGINE TIMING TOOL KIT - BMW,Tridon 003483 Whitelaw Tooling Supplies,,,
SYKES ENGINE TIMING TOOL KIT - BMW 2.0D,Tridon 003483 Whitelaw Tooling Supplies,,,
SYKES ENGINE TIMING TOOL KIT - BMW,Tridon 003483 Whitelaw Tooling Supplies,,,
SYKES ENGINE TIMING TOOL KIT - BMW MINI,Tridon 003483 Whitelaw Tooling Supplies,,,
SYKES ENG TIMING  KIT-MERCEDES 2.0 CDI,Tridon 003483 Whitelaw Tooling Supplies,,,
SYKES AUTOMOTIVE BALL JOINT SPLITTER,Tridon 003483 Whitelaw Tooling Supplies,,,
TOLEDO FILE MILLSAW TAPERED200MM 2CUT BU,Tridon 003483 Whitelaw Tooling Supplies,,,
TOLEDO FILE MILLSAW TAPERED200MM 2CUT CD,Tridon 003483 Whitelaw Tooling Supplies,,,
SYKES STEEL STORAGE CASE,Tridon 003483 Whitelaw Tooling Supplies,,,
SYKES 20MM BALL JOINT SEPARATOR,Tridon 003483 Whitelaw Tooling Supplies,,,
SYKES BALL JOINT SEPARATOR,Tridon 003483 Whitelaw Tooling Supplies,,,
KNIPEX MINI COMBINATION PLIERS 110MM(AF),Tridon 003483 Whitelaw Tooling Supplies,,,
SYKES BALL JOINT SEPARATOR - LONG REACH,Tridon 003483 Whitelaw Tooling Supplies,,,
SYKES BALL JOINT SEPARATOR,Tridon 003483 Whitelaw Tooling Supplies,,,
SYKES UNIVERSAL SUSPENSION ARM LEVER,Tridon 003483 Whitelaw Tooling Supplies,,,
SYKES CV JOINT PULLER,Tridon 003483 Whitelaw Tooling Supplies,,,
BALL JOINT PULLER,Tridon 003483 Whitelaw Tooling Supplies,,,
SYKES FORCE SCREW - MICRO PULLER,Tridon 003483 Whitelaw Tooling Supplies,,,
SYKES EXTENSION PIECE - MICRO PULLER,Tridon 003483 Whitelaw Tooling Supplies,,,
SYKES LEG FOR 082150 MICRO PULLER,Tridon 003483 Whitelaw Tooling Supplies,,,
KNIPEX NEEDLE NOSE COMB PLIER 145MM,Tridon 003483 Whitelaw Tooling Supplies,,,
KNIPEX NEEDLE NOSE PLIERS 185MM,Tridon 003483 Whitelaw Tooling Supplies,,,
SYKES FAST FIT MICRO PULLER,Tridon 003483 Whitelaw Tooling Supplies,,,
SYKES METAL BOX FOR 082100,Tridon 003483 Whitelaw Tooling Supplies,,,
SYKES HUB PULLER-COMMERCIAL VEHICLE-6LEG,Tridon 003483 Whitelaw Tooling Supplies,,,
SYKES SPARE LEG - LENGTH 211MM,Tridon 003483 Whitelaw Tooling Supplies,,,
KNIPEX NEEDLE NOSE COMB PLIER 145MM,Tridon 003483 Whitelaw Tooling Supplies,,,
KNIPEX NEEDLE NOSE PLIERS 185MM,Tridon 003483 Whitelaw Tooling Supplies,,,
SYKES GOLD STD TWIN/TRIPLE LEG PULLER,Tridon 003483 Whitelaw Tooling Supplies,,,
KNIPEX NEEDLE NOSE COMB PLIER 145MM (AF),Tridon 003483 Whitelaw Tooling Supplies,,,
KNIPEX NEEDLE NOSE PLIER CHROME 185MM-AF,Tridon 003483 Whitelaw Tooling Supplies,,,
SYKES SHOCK HANDLE,Tridon 003483 Whitelaw Tooling Supplies,,,
SYKES FORD TRANSIT BEARING REMOVER SET,Tridon 003483 Whitelaw Tooling Supplies,,,
SYKES HUB & FRONT WHEEL BEARING REMOVER,Tridon 003483 Whitelaw Tooling Supplies,,,
SYKES TWIN HEAD,Tridon 003483 Whitelaw Tooling Supplies,,,
SYKES  TRIPLE HEAD,Tridon 003483 Whitelaw Tooling Supplies,,,
KNIPEX 1000V NEEDLE NOSE COM PLIER 145MM,Tridon 003483 Whitelaw Tooling Supplies,,,
KNIPEX TETHERED COMB PLIER 1000V 145MM,Tridon 003483 Whitelaw Tooling Supplies,,,
KNIPEX 1000V NEEDLE NOSE PLIERS 185MM,Tridon 003483 Whitelaw Tooling Supplies,,,
SYKES TRIPLE LEG MECHANICAL PULLERS,Tridon 003483 Whitelaw Tooling Supplies,,,
SYKES TWIN/TRIPLE LEG MECH. PULLER KITS,Tridon 003483 Whitelaw Tooling Supplies,,,
SYKES FORCING SCREW,Tridon 003483 Whitelaw Tooling Supplies,,,
SYKES BEAM - TWIN,Tridon 003483 Whitelaw Tooling Supplies,,,
SYKES BEAM-TRIPLE,Tridon 003483 Whitelaw Tooling Supplies,,,
SYKES LEG ASSY REVERISBLE (124MM),Tridon 003483 Whitelaw Tooling Supplies,,,
SYKES TRIPLE LEG MECHANICAL PULLERS,Tridon 003483 Whitelaw Tooling Supplies,,,
SYKES TWIN/TRIPLE LEG MECH. PULLER KITS,Tridon 003483 Whitelaw Tooling Supplies,,,
SYKES FORCING SCREW,Tridon 003483 Whitelaw Tooling Supplies,,,
SYKES BEAM - TWIN,Tridon 003483 Whitelaw Tooling Supplies,,,
SYKES BEAM-TRIPLE,Tridon 003483 Whitelaw Tooling Supplies,,,
SYKES LEG ASSY,Tridon 003483 Whitelaw Tooling Supplies,,,
SYKES TRIPLE LEG MECHANICAL PULLERS,Tridon 003483 Whitelaw Tooling Supplies,,,
SYKES FORCING SCREW,Tridon 003483 Whitelaw Tooling Supplies,,,
SYKES BEAM - TWIN,Tridon 003483 Whitelaw Tooling Supplies,,,
SYKES BEAM-TRIPLE,Tridon 003483 Whitelaw Tooling Supplies,,,
SYKES LEG ASSY,Tridon 003483 Whitelaw Tooling Supplies,,,
SYKES LEG ONLY,Tridon 003483 Whitelaw Tooling Supplies,,,
SYKES TWIN LEG MECHANICAL PULLERS,Tridon 003483 Whitelaw Tooling Supplies,,,
SYKES TWIN LEG MECHANICAL PULLERS,Tridon 003483 Whitelaw Tooling Supplies,,,
SYKES TWIN LEG MECHANICAL PULLERS,Tridon 003483 Whitelaw Tooling Supplies,,,
SYKES TWIN LEG MECHANICAL PULLERS,Tridon 003483 Whitelaw Tooling Supplies,,,
SYKES TRIPLE LEG MECHANICAL PULLERS,Tridon 003483 Whitelaw Tooling Supplies,,,
SYKES FORD TRANSIT DISC & DRUM PULLER,Tridon 003483 Whitelaw Tooling Supplies,,,
SYKES STEERING WHEEL PULLER-GM.,Tridon 003483 Whitelaw Tooling Supplies,,,
SYKES MONDEO SUBFRAME ALIGNMENT,Tridon 003483 Whitelaw Tooling Supplies,,,
SYKES COIL SPRING COMPRESSOR-SCREW TYPE,Tridon 003483 Whitelaw Tooling Supplies,,,
SYKES COIL SPRING COMPRESSOR TRIPLE PACK,Tridon 003483 Whitelaw Tooling Supplies,,,
SYKES JAW 110-150MM FOR 083900 - MEDIUM,Tridon 003483 Whitelaw Tooling Supplies,,,
SYKES JAW 140-195MM FOR 083900 - LARGE,Tridon 003483 Whitelaw Tooling Supplies,,,
SYKES MAIN SCREW FOR 083900,Tridon 003483 Whitelaw Tooling Supplies,,,
SYKES SHEAR PIN 6 PACK FOR 083900,Tridon 003483 Whitelaw Tooling Supplies,,,
SYKES THRUST BEARING FOR 083900,Tridon 003483 Whitelaw Tooling Supplies,,,
SYKES JAW RETAIN SCREW 4 PK FOR 083900,Tridon 003483 Whitelaw Tooling Supplies,,,
SYKES JAW RETAIN SCREW 2 PK FOR 083900,Tridon 003483 Whitelaw Tooling Supplies,,,
SYKES PAIR OF REPLACE MULTI-PURPOSE JAWS,Tridon 003483 Whitelaw Tooling Supplies,,,
SYKES EXTRA LARGE JAWS - 180MM - 230MM,Tridon 003483 Whitelaw Tooling Supplies,,,
SYKES EXTRA SMALL JAWS - 80MM - 120MM,Tridon 003483 Whitelaw Tooling Supplies,,,
SYKES JAWS FOR CONICAL SPRINGS 80-145MM,Tridon 003483 Whitelaw Tooling Supplies,,,
SYKES SPECIAL JAWS - BMW/EGANE AVANSIS,Tridon 003483 Whitelaw Tooling Supplies,,,
SYKES SPECIAL JAWS - MERCEDES C CLASS,Tridon 003483 Whitelaw Tooling Supplies,,,
SYKES SPECIAL JAWS - MERCEDES E CLASS,Tridon 003483 Whitelaw Tooling Supplies,,,
SYKES SPECIAL JAWS-PSA BREAK/C15 (PAIR),Tridon 003483 Whitelaw Tooling Supplies,,,
SYKES SPECIAL JAWS - CHRYSLER VOYAGER,Tridon 003483 Whitelaw Tooling Supplies,,,
SYKES SAFETY SHEAR PIN,Tridon 003483 Whitelaw Tooling Supplies,,,
SYKES TWIN/TRIPLE LEG MECH. PULLER KITS,Tridon 003483 Whitelaw Tooling Supplies,,,
SYKES MECHANICAL PULLER & SEPARATOR KIT,Tridon 003483 Whitelaw Tooling Supplies,,,
SYKES MACPHERSON STRUT LIFTER & SUPPORT,Tridon 003483 Whitelaw Tooling Supplies,,,
SYKES HUB & KNUCKLE CLAMP SPREADER,Tridon 003483 Whitelaw Tooling Supplies,,,
SYKES MACPHERSON STRUT CONTROLLER KIT,Tridon 003483 Whitelaw Tooling Supplies,,,
SYKES MACPHERSON STRUT CLAMP,Tridon 003483 Whitelaw Tooling Supplies,,,
SYKES TWIN/TRIPLE LEG MECH. PULLER KITS,Tridon 003483 Whitelaw Tooling Supplies,,,
SYKES TWIN/TRIPLE LEG MECH. PULLER KITS,Tridon 003483 Whitelaw Tooling Supplies,,,
SYKES MECHANICAL PULLER/SEPARATOR KIT,Tridon 003483 Whitelaw Tooling Supplies,,,
SYKES MECH TWIN TRIPLE PULLER BOARD,Tridon 003483 Whitelaw Tooling Supplies,,,
SYKES PULLER OVERLAY FOR MERCH 084905,Tridon 003483 Whitelaw Tooling Supplies,,,
SYKES P/BOARD PANEL ONLY KIT FOR 084907,Tridon 003483 Whitelaw Tooling Supplies,,,
SYKES PULLER SET,Tridon 003483 Whitelaw Tooling Supplies,,,
SYKES FLYWHEEL PULLER,Tridon 003483 Whitelaw Tooling Supplies,,,
SYKES SLIDE HAMMER ASSEMBLY,Tridon 003483 Whitelaw Tooling Supplies,,,
SYKES MOUNTING PLATE,Tridon 003483 Whitelaw Tooling Supplies,,,
SYKES SLIDE HAMMER ASSEMBLY - 4.5KG,Tridon 003483 Whitelaw Tooling Supplies,,,
SYKES PULLER PLATE CONVERTOR,Tridon 003483 Whitelaw Tooling Supplies,,,
SYKES SLIDE HAMMER PULLER SET,Tridon 003483 Whitelaw Tooling Supplies,,,
SYKES SLIDE HAMMER PULLER SET,Tridon 003483 Whitelaw Tooling Supplies,,,
SYKES BEAM - TWIN,Tridon 003483 Whitelaw Tooling Supplies,,,
SYKES BEAM - TRIPLE,Tridon 003483 Whitelaw Tooling Supplies,,,
SYKES LEG LARGE SINGLE,Tridon 003483 Whitelaw Tooling Supplies,,,
SYKES LEG SMALL SET OF 3,Tridon 003483 Whitelaw Tooling Supplies,,,
SYKES HAMMER,Tridon 003483 Whitelaw Tooling Supplies,,,
SYKES CONE,Tridon 003483 Whitelaw Tooling Supplies,,,
SYKES SLIDE HAMMER ASSEMBLY - 1KG,Tridon 003483 Whitelaw Tooling Supplies,,,
SYKES INTERNAL EXTERNAL PULLER SET,Tridon 003483 Whitelaw Tooling Supplies,,,
SYKES SLIDE HAMMER ASSEMBLY,Tridon 003483 Whitelaw Tooling Supplies,,,
SYKES CONE,Tridon 003483 Whitelaw Tooling Supplies,,,
SYKES BEAM TRIPLE,Tridon 003483 Whitelaw Tooling Supplies,,,
SYKES GEARBOX BEARING RACE REMOVER - GM,Tridon 003483 Whitelaw Tooling Supplies,,,
SYKES INJECTOR REMOVAL TOOL,Tridon 003483 Whitelaw Tooling Supplies,,,
SYKES INJECT. REMOVE-HD SLIDE HAMMER KIT,Tridon 003483 Whitelaw Tooling Supplies,,,
SYKES INJECT. REMOVE KIT-WO SLIDE HAMMER,Tridon 003483 Whitelaw Tooling Supplies,,,
SYKES DIESEL INJECTOR SEAL EXTRACTOR,Tridon 003483 Whitelaw Tooling Supplies,,,
SYKES GLOWPLUG REMOVAL KIT M8 X 1,Tridon 003483 Whitelaw Tooling Supplies,,,
SYKES GLOWPLUG REMOVAL KIT M10 X 1,Tridon 003483 Whitelaw Tooling Supplies,,,
SYKES TWIN LEG MECHANICAL PULLER,Tridon 003483 Whitelaw Tooling Supplies,,,
SYKES THIN JAW PULLER - TRIPLE LEG,Tridon 003483 Whitelaw Tooling Supplies,,,
SYKES TWIN BEAM,Tridon 003483 Whitelaw Tooling Supplies,,,
SYKES TRIPLE BEAM,Tridon 003483 Whitelaw Tooling Supplies,,,
SYKES LEG ASSY - THIN JAW,Tridon 003483 Whitelaw Tooling Supplies,,,
SYKES LEG ASSY - THIN JAW,Tridon 003483 Whitelaw Tooling Supplies,,,
SYKES THIN JAW LEG EXTENSION 48MM,Tridon 003483 Whitelaw Tooling Supplies,,,
SYKES THIN JAW MECH PULLER TWIN LEG,Tridon 003483 Whitelaw Tooling Supplies,,,
SYKES THIN JAW MECH PULLER TRIPLE LEG,Tridon 003483 Whitelaw Tooling Supplies,,,
SYKES THIN JAW MECH PULLER TWIN LEG,Tridon 003483 Whitelaw Tooling Supplies,,,
SYKES FORCING SCREW,Tridon 003483 Whitelaw Tooling Supplies,,,
SYKES TWIN BEAM,Tridon 003483 Whitelaw Tooling Supplies,,,
SYKES LEG ASSY - THIN JAW,Tridon 003483 Whitelaw Tooling Supplies,,,
SYKES THIN JAW LEG EXTENSION SINGLE,Tridon 003483 Whitelaw Tooling Supplies,,,
SYKES THIN JAW MECH PULLER TWIN LEG,Tridon 003483 Whitelaw Tooling Supplies,,,
SYKES TWIN BEAM,Tridon 003483 Whitelaw Tooling Supplies,,,
SYKES THIN JAW MECH PULLER TWIN LEG,Tridon 003483 Whitelaw Tooling Supplies,,,
SYKES THIN JAW MECH. PULLER-TRIPLE LEG,Tridon 003483 Whitelaw Tooling Supplies,,,
SYKES TRIPLE BEAM,Tridon 003483 Whitelaw Tooling Supplies,,,
SYKES PULLER OVERLAY FOR MERCH 086505,Tridon 003483 Whitelaw Tooling Supplies,,,
SYKES THIN JAW MECH PULL TWIN/TRIPLE LEG,Tridon 003483 Whitelaw Tooling Supplies,,,
SYKES THIN JAW MECH PULLER TRIPLE LEG,Tridon 003483 Whitelaw Tooling Supplies,,,
SYKES THIN JAW MECH PULL TWIN/TRIPLE LEG,Tridon 003483 Whitelaw Tooling Supplies,,,
SYKES THIN JAW MECH PULL TWIN/TRIPLE LEG,Tridon 003483 Whitelaw Tooling Supplies,,,
SYKES LEG ASSEMBLY,Tridon 003483 Whitelaw Tooling Supplies,,,
SYKES LEG ONLY,Tridon 003483 Whitelaw Tooling Supplies,,,
SYKES NUT AND BOLT,Tridon 003483 Whitelaw Tooling Supplies,,,
SYKES TWIN LEG PULLER,Tridon 003483 Whitelaw Tooling Supplies,,,
SYKES REAR SUSPENSION TOOL - GM VECTRA,Tridon 003483 Whitelaw Tooling Supplies,,,
SYKES REAR SUSPENSION TOOL-BMW 3 SERIES,Tridon 003483 Whitelaw Tooling Supplies,,,
SYKES BALL JOINT TOOL - BMW 5 SERIES,Tridon 003483 Whitelaw Tooling Supplies,,,
SYKES REAR SUSPENSION TOOL-BMW 5 SERIES,Tridon 003483 Whitelaw Tooling Supplies,,,
SYKES REAR SUSPENSION TOOL - BMW X5,Tridon 003483 Whitelaw Tooling Supplies,,,
SYKES REAR BUSH TOOL,Tridon 003483 Whitelaw Tooling Supplies,,,
SYKES REAR SUSPENSION TOOL - FORD MONDEO,Tridon 003483 Whitelaw Tooling Supplies,,,
SYKES REAR SUSPENSION TOOL - FORD FOCUS,Tridon 003483 Whitelaw Tooling Supplies,,,
SYKES REAR SUSPENSION BUSH TOOL- FORD,Tridon 003483 Whitelaw Tooling Supplies,,,
SYKES SUSPENSION BUSH TOOL,Tridon 003483 Whitelaw Tooling Supplies,,,
"SYKES REAR AXLE BUSH TOOL-VW, AUDI",Tridon 003483 Whitelaw Tooling Supplies,,,
SYKES FRONT CONTROL ARM BUSH TOOL,Tridon 003483 Whitelaw Tooling Supplies,,,
SYKES UNIVERSAL PRESS & PULL SLEEVE SET,Tridon 003483 Whitelaw Tooling Supplies,,,
SYKES UNIVERSAL PRESS & PULL SLEEVE KIT,Tridon 003483 Whitelaw Tooling Supplies,,,
SYKES UNIVERSAL PRESS & PULL SLEEVE KIT,Tridon 003483 Whitelaw Tooling Supplies,,,
SYKES TWIN BEAM,Tridon 003483 Whitelaw Tooling Supplies,,,
SYKES LEG EXTENSION,Tridon 003483 Whitelaw Tooling Supplies,,,
SYKES TWIN BEAM,Tridon 003483 Whitelaw Tooling Supplies,,,
SYKES FORCING SCREW,Tridon 003483 Whitelaw Tooling Supplies,,,
SYKES TWIN BEAM,Tridon 003483 Whitelaw Tooling Supplies,,,
SYKES HEX KEY/BOLT & SPACERS KIT,Tridon 003483 Whitelaw Tooling Supplies,,,
SYKES COIL SPRING COMPRESSOR JAWS M YEL,Tridon 003483 Whitelaw Tooling Supplies,,,
SYKES COIL SPRING COMPRESSOR JAWS XL-BL,Tridon 003483 Whitelaw Tooling Supplies,,,
SYKES COIL SPRING COMPRESSOR JAWS SM-GRE,Tridon 003483 Whitelaw Tooling Supplies,,,
SYKES MCPHERSON STRUT TOOL,Tridon 003483 Whitelaw Tooling Supplies,,,
SYKES REPLACEMENT BODY ASSEMBLY,Tridon 003483 Whitelaw Tooling Supplies,,,
SYKES SHEAR PINS - PACK OF 5,Tridon 003483 Whitelaw Tooling Supplies,,,
TOLEDO FILE CHAINSAW 4.8MMX200MM BU,Tridon 003483 Whitelaw Tooling Supplies,,,
TOLEDO FILE CHAINSAW 4.8MMX200MM CD,Tridon 003483 Whitelaw Tooling Supplies,,,
TOLEDO FILE CHAINSAW 5.5MMX200MM BU,Tridon 003483 Whitelaw Tooling Supplies,,,
TOLEDO FILE CHAINSAW 5.5MMX200MM CD,Tridon 003483 Whitelaw Tooling Supplies,,,
TOLEDO FILE CHAINSAW 6.3MMX200MM BU,Tridon 003483 Whitelaw Tooling Supplies,,,
TOLEDO FILE CHAINSAW 6.3MMX200MM CD,Tridon 003483 Whitelaw Tooling Supplies,,,
TOLEDO FILE TAPERSAW X-SLIM 200MM BU,Tridon 003483 Whitelaw Tooling Supplies,,,
TOLEDO FILE TAPERSAW X-SLIM 200MM CD,Tridon 003483 Whitelaw Tooling Supplies,,,
TOLEDO FILE FLAT 200MM BASTARD BU,Tridon 003483 Whitelaw Tooling Supplies,,,
TOLEDO FILE FLAT 200MM BASTARD CD,Tridon 003483 Whitelaw Tooling Supplies,,,
TOLEDO FILE FLAT 200MM 2ND CUT BU,Tridon 003483 Whitelaw Tooling Supplies,,,
TOLEDO FILE FLAT 200MM 2ND CUT CD,Tridon 003483 Whitelaw Tooling Supplies,,,
TOLEDO FILE FLAT 200MM SMOOTH BU,Tridon 003483 Whitelaw Tooling Supplies,,,
TOLEDO FILE FLAT 200MM SMOOTH CD,Tridon 003483 Whitelaw Tooling Supplies,,,
TOLEDO FILE FARMERS OWN 200MM 2CUT BU,Tridon 003483 Whitelaw Tooling Supplies,,,
TOLEDO FILE HALF ROUND 200MM BASTARD BU,Tridon 003483 Whitelaw Tooling Supplies,,,
TOLEDO FILE HALF ROUND 200MM BASTARD CD,Tridon 003483 Whitelaw Tooling Supplies,,,
TOLEDO FILE HALF ROUND 200MM 2ND CUT BU,Tridon 003483 Whitelaw Tooling Supplies,,,
TOLEDO FILE HALF ROUND 200MM 2ND CUT CD,Tridon 003483 Whitelaw Tooling Supplies,,,
TOLEDO FILE HALF ROUND 200MM SMOOTH BU,Tridon 003483 Whitelaw Tooling Supplies,,,
TOLEDO FILE HALF ROUND 200MM SMOOTH CD,Tridon 003483 Whitelaw Tooling Supplies,,,
TOLEDO FILE ROUND 200MM BASTARD BU,Tridon 003483 Whitelaw Tooling Supplies,,,
TOLEDO FILE ROUND 200MM BASTARD CD,Tridon 003483 Whitelaw Tooling Supplies,,,
TOLEDO FILE ROUND 200MM 2ND CUT BU,Tridon 003483 Whitelaw Tooling Supplies,,,
TOLEDO FILE ROUND 200MM 2ND CUT CD,Tridon 003483 Whitelaw Tooling Supplies,,,
TOLEDO FILE ROUND 200MM SMOOTH BU,Tridon 003483 Whitelaw Tooling Supplies,,,
TOLEDO FILE ROUND 200MM SMOOTH CD,Tridon 003483 Whitelaw Tooling Supplies,,,
TOLEDO FILE SQUARE 200MM BASTARD BU,Tridon 003483 Whitelaw Tooling Supplies,,,
TOLEDO FILE SQUARE 200MM BASTARD CD,Tridon 003483 Whitelaw Tooling Supplies,,,
TOLEDO FILE SQUARE 200MM 2ND CUT BU,Tridon 003483 Whitelaw Tooling Supplies,,,
TOLEDO FILE SQUARE 200MM 2ND CUT CD,Tridon 003483 Whitelaw Tooling Supplies,,,
TOLEDO FILE SQUARE 200MM SMOOTH BU,Tridon 003483 Whitelaw Tooling Supplies,,,
TOLEDO FILE SQUARE 200MM SMOOTH CD,Tridon 003483 Whitelaw Tooling Supplies,,,
TOLEDO FILE 3 SQUARE 200MM BASTARD BU,Tridon 003483 Whitelaw Tooling Supplies,,,
TOLEDO FILE 3 SQUARE 200MM BASTARD CD,Tridon 003483 Whitelaw Tooling Supplies,,,
TOLEDO FILE 3 SQUARE 200MM 2ND CUT BU,Tridon 003483 Whitelaw Tooling Supplies,,,
TOLEDO FILE 3 SQUARE 200MM 2ND CUT CD,Tridon 003483 Whitelaw Tooling Supplies,,,
TOLEDO FILE 3 SQUARE 200MM SMOOTH BU,Tridon 003483 Whitelaw Tooling Supplies,,,
TOLEDO FILE 3 SQUARE 200MM SMOOTH CD,Tridon 003483 Whitelaw Tooling Supplies,,,
TOLEDO FILE WARDING 200MM BASTARD BU,Tridon 003483 Whitelaw Tooling Supplies,,,
TOLEDO FILE WARDING 200MM BASTARD CD,Tridon 003483 Whitelaw Tooling Supplies,,,
TOLEDO FILE WARDING 200MM 2ND CUT BU,Tridon 003483 Whitelaw Tooling Supplies,,,
TOLEDO FILE WARDING 200MM 2ND CUT CD,Tridon 003483 Whitelaw Tooling Supplies,,,
TOLEDO FILE WARDING 200MM SMOOTH BU,Tridon 003483 Whitelaw Tooling Supplies,,,
TOLEDO FILE WARDING 200MM SMOOTH CD,Tridon 003483 Whitelaw Tooling Supplies,,,
KNIPEX LINESMAN PLIER 240MM,Tridon 003483 Whitelaw Tooling Supplies,,,
KNIPEX LINESMAN PLIER 240MM,Tridon 003483 Whitelaw Tooling Supplies,,,
KNIPEX LINEMAN'S PLIERS (AF),Tridon 003483 Whitelaw Tooling Supplies,,,
KNIPEX 1000V LINESMAN PLIER 240MM,Tridon 003483 Whitelaw Tooling Supplies,,,
KNIPEX LINESMAN PLIER W GRIP ZONE 240MM,Tridon 003483 Whitelaw Tooling Supplies,,,
KNIPEX LINESMAN PLIER W GRIP ZONE 240MM,Tridon 003483 Whitelaw Tooling Supplies,,,
KNIPEX LINEMAN'S PLIERS (AF),Tridon 003483 Whitelaw Tooling Supplies,,,
SYKES BEARING SEPARATOR KIT,Tridon 003483 Whitelaw Tooling Supplies,,,
SYKES SEPARATOR PULLER PACK,Tridon 003483 Whitelaw Tooling Supplies,,,
SYKES TWIN BEAM,Tridon 003483 Whitelaw Tooling Supplies,,,
SYKES MAIN ROD ASSY,Tridon 003483 Whitelaw Tooling Supplies,,,
SYKES BEARING SEPARATOR KIT,Tridon 003483 Whitelaw Tooling Supplies,,,
SYKES SCREW C/W THRUST NUT,Tridon 003483 Whitelaw Tooling Supplies,,,
SYKES TWIN BEAM,Tridon 003483 Whitelaw Tooling Supplies,,,
SYKES SCREW,Tridon 003483 Whitelaw Tooling Supplies,,,
SYKES THRUST NUT,Tridon 003483 Whitelaw Tooling Supplies,,,
SYKES MAIN ROD ASSY,Tridon 003483 Whitelaw Tooling Supplies,,,
SYKES NUT,Tridon 003483 Whitelaw Tooling Supplies,,,
SYKES EXTENSION ROD,Tridon 003483 Whitelaw Tooling Supplies,,,
SYKES PROTECTOR,Tridon 003483 Whitelaw Tooling Supplies,,,
SYKES THRUST RACE,Tridon 003483 Whitelaw Tooling Supplies,,,
SYKES CONVERTER,Tridon 003483 Whitelaw Tooling Supplies,,,
SYKES EXTENSION ROD,Tridon 003483 Whitelaw Tooling Supplies,,,
SYKES SCREW C/W THRUST NUT,Tridon 003483 Whitelaw Tooling Supplies,,,
SYKES TWIN BEAM,Tridon 003483 Whitelaw Tooling Supplies,,,
SYKES SCREW ONLY,Tridon 003483 Whitelaw Tooling Supplies,,,
SYKES MAIN ROD ASSY,Tridon 003483 Whitelaw Tooling Supplies,,,
SYKES EXTENSION ROD,Tridon 003483 Whitelaw Tooling Supplies,,,
SYKES PROTECTOR,Tridon 003483 Whitelaw Tooling Supplies,,,
SYKES THRUST RACE,Tridon 003483 Whitelaw Tooling Supplies,,,
SYKES EXTENSION ROD 5 INCH,Tridon 003483 Whitelaw Tooling Supplies,,,
SYKES BEAM- TWIN,Tridon 003483 Whitelaw Tooling Supplies,,,
SYKES EXTENSION ROD,Tridon 003483 Whitelaw Tooling Supplies,,,
SYKES THREAD PROTECTOR,Tridon 003483 Whitelaw Tooling Supplies,,,
SYKES THRUST RACE,Tridon 003483 Whitelaw Tooling Supplies,,,
SYKES INTERNAL RACE EXTRACTOR,Tridon 003483 Whitelaw Tooling Supplies,,,
SYKES INTERNAL RACE EXTRACTOR,Tridon 003483 Whitelaw Tooling Supplies,,,
SYKES PULLING UNIT,Tridon 003483 Whitelaw Tooling Supplies,,,
SYKES MULTI PULLER PACK,Tridon 003483 Whitelaw Tooling Supplies,,,
SYKES INTERNAL RACE EXTRACTOR,Tridon 003483 Whitelaw Tooling Supplies,,,
SYKES INT BEARING PULLER SET,Tridon 003483 Whitelaw Tooling Supplies,,,
SYKES BEARING SEPARATOR 0-55MM,Tridon 003483 Whitelaw Tooling Supplies,,,
SYKES BEARING SEPARATOR 20-105MM,Tridon 003483 Whitelaw Tooling Supplies,,,
SYKES BOLT & NUT,Tridon 003483 Whitelaw Tooling Supplies,,,
SYKES BEARING SEPARATOR 35-140MM,Tridon 003483 Whitelaw Tooling Supplies,,,
SYKES BEARING SEPARATOR 50-175MM,Tridon 003483 Whitelaw Tooling Supplies,,,
SYKES BEARING EXTRACTOR KIT 6-60MM,Tridon 003483 Whitelaw Tooling Supplies,,,
SYKES BEARING EXTRACTOR KIT 6-13MM,Tridon 003483 Whitelaw Tooling Supplies,,,
SYKES BEARING EXTRACTOR KIT 13-30MM,Tridon 003483 Whitelaw Tooling Supplies,,,
SYKES BEARING EXTRACTOR KIT 30-60MM,Tridon 003483 Whitelaw Tooling Supplies,,,
SYKES BEARING EXTRACTOR KIT 8-22.5MM,Tridon 003483 Whitelaw Tooling Supplies,,,
SYKES TWIN BEAM PULLING UNIT,Tridon 003483 Whitelaw Tooling Supplies,,,
SYKES BEARING EXTRACTOR PULLER (57-75MM),Tridon 003483 Whitelaw Tooling Supplies,,,
SYKES BEARING EXTRACTOR PULLER 74-100MM,Tridon 003483 Whitelaw Tooling Supplies,,,
SYKES BEARING EXTRACTOR PULLER 57-100MM,Tridon 003483 Whitelaw Tooling Supplies,,,
SYKES SPLIT COLLET INTERNAL EXTRACTOR,Tridon 003483 Whitelaw Tooling Supplies,,,
SYKES SPLIT COLLET INTERNAL EXTRACTOR,Tridon 003483 Whitelaw Tooling Supplies,,,
SYKES SPLIT COLLET INTERNAL EXTRACTOR,Tridon 003483 Whitelaw Tooling Supplies,,,
SYKES SPLIT COLLET INTERNAL EXTRACTOR,Tridon 003483 Whitelaw Tooling Supplies,,,
SYKES SPLIT COLLET INTERNAL EXTRACTOR,Tridon 003483 Whitelaw Tooling Supplies,,,
SYKES SPLIT COLLET INTERNAL EXTRACTOR,Tridon 003483 Whitelaw Tooling Supplies,,,
SYKES SPLIT COLLET INTERNAL EXTRACTOR,Tridon 003483 Whitelaw Tooling Supplies,,,
SYKES SPLIT COLLET INTERNAL EXTRACTOR,Tridon 003483 Whitelaw Tooling Supplies,,,
SYKES SPLIT COLLET INTERNAL EXTRACTOR,Tridon 003483 Whitelaw Tooling Supplies,,,
SYKES INTERNAL COLLET EXTRACTOR 55-64MM,Tridon 003483 Whitelaw Tooling Supplies,,,
SYKES INTERNAL COLLET EXTRACTOR 65-76MM,Tridon 003483 Whitelaw Tooling Supplies,,,
SYKES ADAPTOR,Tridon 003483 Whitelaw Tooling Supplies,,,
SYKES BEARING EXTRACTOR (57-75MM),Tridon 003483 Whitelaw Tooling Supplies,,,
SYKES BEARING EXTRACTOR (74-100MM),Tridon 003483 Whitelaw Tooling Supplies,,,
SYKES SPIGOT BEARING TOOL,Tridon 003483 Whitelaw Tooling Supplies,,,
SYKES THREADED STUD EXTRACTOR SET M4-M10,Tridon 003483 Whitelaw Tooling Supplies,,,
SYKES THREADED STUD EXTRACTOR SET M6-M20,Tridon 003483 Whitelaw Tooling Supplies,,,
SYKES DOWEL PIN PULLER SET (6-16MM),Tridon 003483 Whitelaw Tooling Supplies,,,
SYKES FORCE SCREW 5T COMBI-PULLER,Tridon 003483 Whitelaw Tooling Supplies,,,
SYKES TWIN BEAM - 5T COMBI-PULLER,Tridon 003483 Whitelaw Tooling Supplies,,,
SYKES TRIPLE BEAM - 5T COMBI-PULLER,Tridon 003483 Whitelaw Tooling Supplies,,,
SYKES 5 TON CONNECTING BOLT ASSEMBLY,Tridon 003483 Whitelaw Tooling Supplies,,,
SYKES 5 TON LEG CLIPS - SET OF 4,Tridon 003483 Whitelaw Tooling Supplies,,,
SYKES COMBI-PULLER SYSTEM - TWIN LEG 5T,Tridon 003483 Whitelaw Tooling Supplies,,,
SYKES LEG - LONG NARROW - 5T COMBI,Tridon 003483 Whitelaw Tooling Supplies,,,
SYKES LEG  - SHORT SLOTTED - 5T COMBI,Tridon 003483 Whitelaw Tooling Supplies,,,
SYKES LEG  - SHORT THIN JAW - 5T COMBI,Tridon 003483 Whitelaw Tooling Supplies,,,
SYKES LEG  - LONG THIN JAW - 5T COMBI,Tridon 003483 Whitelaw Tooling Supplies,,,
SYKES COMBI-PULLER SYSTEM - TWIN LEG 10T,Tridon 003483 Whitelaw Tooling Supplies,,,
SYKES FORCE SCREW - 10T COMBI-PULLER,Tridon 003483 Whitelaw Tooling Supplies,,,
SYKES TWIN BEAM - 10T COMBI-PULLER,Tridon 003483 Whitelaw Tooling Supplies,,,
SYKES TRIPLE BEAM - 10T COMBI-PIULLER,Tridon 003483 Whitelaw Tooling Supplies,,,
SYKES 10 TON CONNECTING BOLT ASSEMBLY,Tridon 003483 Whitelaw Tooling Supplies,,,
SYKES 10 TON LEG CLIPS - SET OF 4,Tridon 003483 Whitelaw Tooling Supplies,,,
SYKES LEG  - LONG NARROW - 10T COMBI,Tridon 003483 Whitelaw Tooling Supplies,,,
SYKES LEG  - SHORT SLOTTED - 10T COMBI,Tridon 003483 Whitelaw Tooling Supplies,,,
SYKES LEG  - SHORT THIN JAW - 10T COMBI,Tridon 003483 Whitelaw Tooling Supplies,,,
SYKES LEG  - LONG THIN JAW - 10T COMBI,Tridon 003483 Whitelaw Tooling Supplies,,,
SYKES COMBI-PULLER SYSTEM TRIPLE LEG 5T,Tridon 003483 Whitelaw Tooling Supplies,,,
SYKES COMBI-PULLER SYSTEM TRIPLE LEG 10T,Tridon 003483 Whitelaw Tooling Supplies,,,
SYKES P/BOARD PANEL ONLY KIT FOR 096500,Tridon 003483 Whitelaw Tooling Supplies,,,
SYKES BEARING INSTALLATION KIT (26-47MM),Tridon 003483 Whitelaw Tooling Supplies,,,
SYKES BEARING INSTALLATION KIT (42-72MM),Tridon 003483 Whitelaw Tooling Supplies,,,
SYKES BEARING INSTALLATION KIT 62-100MM,Tridon 003483 Whitelaw Tooling Supplies,,,
SYKES BLIND HOUSING BEARING REMOVER KIT,Tridon 003483 Whitelaw Tooling Supplies,,,
SYKES FORCE SCREW,Tridon 003483 Whitelaw Tooling Supplies,,,
SYKES TWIN BEAM,Tridon 003483 Whitelaw Tooling Supplies,,,
SYKES ROD ASSEMBLY,Tridon 003483 Whitelaw Tooling Supplies,,,
SYKES EXTENSION ROD - 95MM,Tridon 003483 Whitelaw Tooling Supplies,,,
SYKES EXTENSION ROD - 30MM,Tridon 003483 Whitelaw Tooling Supplies,,,
SYKES MULTIPULL ADAPTOR NO 1,Tridon 003483 Whitelaw Tooling Supplies,,,
SYKES MULTIPULL ADAPTOR NO 2,Tridon 003483 Whitelaw Tooling Supplies,,,
SYKES MULTIPULL ADAPTOR NO 3,Tridon 003483 Whitelaw Tooling Supplies,,,
SYKES BLIND HOUSING BEARING REMOVER KIT,Tridon 003483 Whitelaw Tooling Supplies,,,
SYKES TWIN BEAM,Tridon 003483 Whitelaw Tooling Supplies,,,
SYKES ROD ASSEMBLY,Tridon 003483 Whitelaw Tooling Supplies,,,
SYKES EXTENSION ROD - 95MM,Tridon 003483 Whitelaw Tooling Supplies,,,
SYKES EXTENSION ROD - 195MM,Tridon 003483 Whitelaw Tooling Supplies,,,
SYKES MULTIPULL ADAPTOR NO 4,Tridon 003483 Whitelaw Tooling Supplies,,,
SYKES MULTIPULL ADAPTOR NO 5,Tridon 003483 Whitelaw Tooling Supplies,,,
SYKES MULTIPULL ADAPTOR NO 6,Tridon 003483 Whitelaw Tooling Supplies,,,
SYKES BLIND HOUSING BEARING REMOVER KIT,Tridon 003483 Whitelaw Tooling Supplies,,,
SYKES TWIN BEAM,Tridon 003483 Whitelaw Tooling Supplies,,,
SYKES THRUST WAHER,Tridon 003483 Whitelaw Tooling Supplies,,,
SYKES THRUST NUT,Tridon 003483 Whitelaw Tooling Supplies,,,
SYKES EXTENSION ROD - 195MM,Tridon 003483 Whitelaw Tooling Supplies,,,
SYKES EXTENSION ROD - 295MM,Tridon 003483 Whitelaw Tooling Supplies,,,
SYKES Extension Rod - 395mm,Tridon 003483 Whitelaw Tooling Supplies,,,
SYKES MULTIPULL ADAPTOR NO 8,Tridon 003483 Whitelaw Tooling Supplies,,,
SYKES MULTIPULL ADAPTOR NO 9,Tridon 003483 Whitelaw Tooling Supplies,,,
SYKES MULTIPULL ADAPTOR NO 10,Tridon 003483 Whitelaw Tooling Supplies,,,
SYKES MULTIPULL ADAPTOR NO 11,Tridon 003483 Whitelaw Tooling Supplies,,,
SYKES MULTIPULL ADAPTOR NO 12,Tridon 003483 Whitelaw Tooling Supplies,,,
SYKES FORCE SCREW END PIECE,Tridon 003483 Whitelaw Tooling Supplies,,,
TOLEDO S/STEEL RULE 1000MM/36IN,Tridon 003483 Whitelaw Tooling Supplies,,,
TOLEDO FOLDING S/S RULES,Tridon 003483 Whitelaw Tooling Supplies,,,
TOLEDO S/STEEL RULE 1000MM,Tridon 003483 Whitelaw Tooling Supplies,,,
SYKES CONCENTRIC EASY PULLER 3 TONNE,Tridon 003483 Whitelaw Tooling Supplies,,,
SYKES CONCENTRIC EASY PULLER 8 TONNE,Tridon 003483 Whitelaw Tooling Supplies,,,
TOLEDO FILE MILLSAW TAPRD 250MM 2CUT BU,Tridon 003483 Whitelaw Tooling Supplies,,,
TOLEDO FILE MILLSAW TAPRD 250MM 2CUT CD,Tridon 003483 Whitelaw Tooling Supplies,,,
SYKES SELF GRIP ADJ PULLER 1.1T,Tridon 003483 Whitelaw Tooling Supplies,,,
SYKES SELF GRIP ADJ PULLER 1.7T,Tridon 003483 Whitelaw Tooling Supplies,,,
TOLEDO DRESSMAKER SHEARS 200MM CARDED,Tridon 003483 Whitelaw Tooling Supplies,,,
TOLEDO RASP CABINET 250MM 2ND CUT BU,Tridon 003483 Whitelaw Tooling Supplies,,,
TOLEDO RASP CABINET 250MM 2ND CUT CD,Tridon 003483 Whitelaw Tooling Supplies,,,
TOLEDO DRESSMAKER SHEARS 250MM,Tridon 003483 Whitelaw Tooling Supplies,,,
TOLEDO DRESSMAKER SHEARS 300MM,Tridon 003483 Whitelaw Tooling Supplies,,,
TOLEDO DRESSMAKER SHEARS 200MM,Tridon 003483 Whitelaw Tooling Supplies,,,
KNIPEX EAR CLAMP PINCER TOP JAW,Tridon 003483 Whitelaw Tooling Supplies,,,
KNIPEX EAR CLAMP PINCER TOP & SIDE JAW,Tridon 003483 Whitelaw Tooling Supplies,,,
TOLEDO FILE FLAT 250MM BASTARD BU,Tridon 003483 Whitelaw Tooling Supplies,,,
TOLEDO FILE FLAT 250MM BASTARD CD,Tridon 003483 Whitelaw Tooling Supplies,,,
TOLEDO FILE FLAT 250MM 2ND CUT BU,Tridon 003483 Whitelaw Tooling Supplies,,,
TOLEDO FILE FLAT 250MM 2ND CUT CD,Tridon 003483 Whitelaw Tooling Supplies,,,
TOLEDO FILE FLAT 250MM SMOOTH BU,Tridon 003483 Whitelaw Tooling Supplies,,,
TOLEDO FILE FLAT 250MM SMOOTH CD,Tridon 003483 Whitelaw Tooling Supplies,,,
TOLEDO FILE FARMERS OWN 250MM 2ND CUT BU,Tridon 003483 Whitelaw Tooling Supplies,,,
TOLEDO FILE HALF ROUND 250MM BASTARD BU,Tridon 003483 Whitelaw Tooling Supplies,,,
TOLEDO FILE HALF ROUND 250MM BASTARD CD,Tridon 003483 Whitelaw Tooling Supplies,,,
TOLEDO FILE HALF ROUND 250MM 2ND CUT BU,Tridon 003483 Whitelaw Tooling Supplies,,,
TOLEDO FILE HALF ROUND 250MM 2ND CUT CD,Tridon 003483 Whitelaw Tooling Supplies,,,
TOLEDO FILE HALF ROUND 250MM SMOOTH BU,Tridon 003483 Whitelaw Tooling Supplies,,,
TOLEDO FILE HALF ROUND 250MM SMOOTH CD,Tridon 003483 Whitelaw Tooling Supplies,,,
TOLEDO FILE ROUND 250MM BASTARD BU,Tridon 003483 Whitelaw Tooling Supplies,,,
TOLEDO FILE ROUND 250MM BASTARD CD,Tridon 003483 Whitelaw Tooling Supplies,,,
TOLEDO FILE ROUND 250MM 2ND CUT BU,Tridon 003483 Whitelaw Tooling Supplies,,,
TOLEDO FILE ROUND 250MM 2ND CUT CD,Tridon 003483 Whitelaw Tooling Supplies,,,
TOLEDO FILE ROUND 250MM SMOOTH BU,Tridon 003483 Whitelaw Tooling Supplies,,,
TOLEDO FILE ROUND 250MM SMOOTH CD,Tridon 003483 Whitelaw Tooling Supplies,,,
TOLEDO FILE SQUARE 250MM BASTARD BU,Tridon 003483 Whitelaw Tooling Supplies,,,
TOLEDO FILE SQUARE 250MM BASTARD CD,Tridon 003483 Whitelaw Tooling Supplies,,,
TOLEDO FILE SQUARE 250MM 2ND CUT BU,Tridon 003483 Whitelaw Tooling Supplies,,,
TOLEDO FILE SQUARE 250MM 2ND CUT CD,Tridon 003483 Whitelaw Tooling Supplies,,,
TOLEDO FILE SQUARE 250MM SMOOTH BU,Tridon 003483 Whitelaw Tooling Supplies,,,
TOLEDO FILE SQUARE 250MM SMOOTH CD,Tridon 003483 Whitelaw Tooling Supplies,,,
TOLEDO FILE TAPERSAW SLIM 250MM 2CUT BU,Tridon 003483 Whitelaw Tooling Supplies,,,
TOLEDO FILE TAPERSAW SLIM 250MM 2CUT CD,Tridon 003483 Whitelaw Tooling Supplies,,,
TOLEDO FILE TAPERSAW REGULAR 250MM BU,Tridon 003483 Whitelaw Tooling Supplies,,,
TOLEDO FILE TAPERSAW REGULAR 250MM CD,Tridon 003483 Whitelaw Tooling Supplies,,,
TOLEDO FILE 3 SQUARE 250MM BASTARD BU,Tridon 003483 Whitelaw Tooling Supplies,,,
TOLEDO FILE 3 SQUARE 250MM BASTARD CD,Tridon 003483 Whitelaw Tooling Supplies,,,
TOLEDO FILE 3 SQUARE 250MM 2ND CUT BU,Tridon 003483 Whitelaw Tooling Supplies,,,
TOLEDO FILE 3 SQUARE 250MM 2ND CUT CD,Tridon 003483 Whitelaw Tooling Supplies,,,
TOLEDO FILE 3 SQUARE 250MM SMOOTH BU,Tridon 003483 Whitelaw Tooling Supplies,,,
TOLEDO FILE 3 SQUARE 250MM SMOOTH CD,Tridon 003483 Whitelaw Tooling Supplies,,,
RENNSTEIG PIPE WRENCH 90DEG ANG 560MM,Tridon 003483 Whitelaw Tooling Supplies,,,
KNIPEX WIRE STRIPPER 160MM,Tridon 003483 Whitelaw Tooling Supplies,,,
KNIPEX WIRE STRIPPER 160MM,Tridon 003483 Whitelaw Tooling Supplies,,,
KNIPEX END WIRE STRIPPERS (AF),Tridon 003483 Whitelaw Tooling Supplies,,,
KNIPEX 1000V WIRE STRIPPER 160MM,Tridon 003483 Whitelaw Tooling Supplies,,,
KNIPEX TETHERED WIRE STRIP 1000V 160MM,Tridon 003483 Whitelaw Tooling Supplies,,,
KNIPEX 1000V WIRE STRIPPER 160MM,Tridon 003483 Whitelaw Tooling Supplies,,,
KNIPEX KNURLED SCREW & NUT FOR 110X160,Tridon 003483 Whitelaw Tooling Supplies,,,
KNIPEX END WIRE STRIPPERS 160MM (AF),Tridon 003483 Whitelaw Tooling Supplies,,,
KNIPEX ELEC STRIPPING SHEARS 130MM,Tridon 003483 Whitelaw Tooling Supplies,,,
KNIPEX ELECTRONICS WIRE STRIPPER,Tridon 003483 Whitelaw Tooling Supplies,,,
TOLEDO FILE MILLSAW TPERED 300MM 2CUT BU,Tridon 003483 Whitelaw Tooling Supplies,,,
TOLEDO FILE MILLSAW TPERED 300MM 2CUT CD,Tridon 003483 Whitelaw Tooling Supplies,,,
KNIPEX AUTOMATIC INSULATION STRIPPERS-AF,Tridon 003483 Whitelaw Tooling Supplies,,,
KNIPEX PREC INSULATION STRIPPER 195MM,Tridon 003483 Whitelaw Tooling Supplies,,,
KNIPEX PREC INSULATION STRIPPER 195MM,Tridon 003483 Whitelaw Tooling Supplies,,,
KNIPEX PRECISON INSULATION STRIPPER (AF),Tridon 003483 Whitelaw Tooling Supplies,,,
KNIPEX PREC INSULATION STRIPPER 195MM,Tridon 003483 Whitelaw Tooling Supplies,,,
KNIPEX PRECISION INSULATION STRIPPER 195,Tridon 003483 Whitelaw Tooling Supplies,,,
KNIPEX PRECISON INSUL STRIPPER AWG (AF),Tridon 003483 Whitelaw Tooling Supplies,,,
KNIPEX PRECISON INSUL STRIPPER AWG (AF),Tridon 003483 Whitelaw Tooling Supplies,,,
TOLEDO RASP CABINET 300MM 2ND CUT BU,Tridon 003483 Whitelaw Tooling Supplies,,,
TOLEDO RASP CABINET 300MM 2ND CUT CD,Tridon 003483 Whitelaw Tooling Supplies,,,
TOLEDO RASP CABINET 300MM 2ND CUT HD,Tridon 003483 Whitelaw Tooling Supplies,,,
KNIPEX SPARE BLADE 121202,Tridon 003483 Whitelaw Tooling Supplies,,,
KNIPEX SPARE BLADES FOR NO 12 12 06 (AF),Tridon 003483 Whitelaw Tooling Supplies,,,
KNIPEX SPARE BLADES FOR NO 12 12 10 (AF),Tridon 003483 Whitelaw Tooling Supplies,,,
KNIPEX SPARE BLADES FOR NO 12 12 11 (AF),Tridon 003483 Whitelaw Tooling Supplies,,,
KNIPEX SPARE BLADE FOR 12 12 12,Tridon 003483 Whitelaw Tooling Supplies,,,
KNIPEX SPARE BLADES FOR NO 12 12 13 (AF),Tridon 003483 Whitelaw Tooling Supplies,,,
KNIPEX SPARE BLADES FOR NO 12 12 14 (AF),Tridon 003483 Whitelaw Tooling Supplies,,,
KNIPEX SP BLADES FOR NO. 12 11 180 (AF),Tridon 003483 Whitelaw Tooling Supplies,,,
KNIPEX SP LENGTH STOP FOR 12 12 XX (AF),Tridon 003483 Whitelaw Tooling Supplies,,,
KNIPEX SPARE SPRING SET FOR 1212 XX (AF),Tridon 003483 Whitelaw Tooling Supplies,,,
KNIPEX INSULATION STRIPPERS 180MM,Tridon 003483 Whitelaw Tooling Supplies,,,
KNIPEX SP BLADES FOR NO. 12 21 180 (AF),Tridon 003483 Whitelaw Tooling Supplies,,,
KNIPEX SELF-AJUST INSUL STRIPPER 200MM,Tridon 003483 Whitelaw Tooling Supplies,,,
KNIPEX MULTISTRIP 10,Tridon 003483 Whitelaw Tooling Supplies,,,
KNIPEX SPARE BLADES FOR 12 40 200 (AF),Tridon 003483 Whitelaw Tooling Supplies,,,
KNIPEX CLAMPING JAWS FOR 12 40 200 (AF),Tridon 003483 Whitelaw Tooling Supplies,,,
KNIPEX LENGTH STOP FOR 12 40 200 (AF),Tridon 003483 Whitelaw Tooling Supplies,,,
KNIPEX SP TORSION SPRING 12 X0 200 (AF),Tridon 003483 Whitelaw Tooling Supplies,,,
KNIPEX SPARE PRESSURE SPRING (AF),Tridon 003483 Whitelaw Tooling Supplies,,,
KNIPEX SPARE BLADE FOR 1242195 & 1272190,Tridon 003483 Whitelaw Tooling Supplies,,,
KNIPEX SP CLAMPING JAWS FOR 1242195 (AF),Tridon 003483 Whitelaw Tooling Supplies,,,
KNIPEX LENGTH STOP 1242P15 & 12721190,Tridon 003483 Whitelaw Tooling Supplies,,,
KNIPEX SP BLADES BLOCK FOR 1252195 (AF),Tridon 003483 Whitelaw Tooling Supplies,,,
KNIPEX SELF-ADJ. INSULATION STRIPPERS-AF,Tridon 003483 Whitelaw Tooling Supplies,,,
KNIPEX PRECISTRIP16 INS STRIPPER 195MM,Tridon 003483 Whitelaw Tooling Supplies,,,
KNIPEX SPARE BLADES FOR12 50 200 (AF),Tridon 003483 Whitelaw Tooling Supplies,,,
KNIPEX CLAMPING JAWS FOR 12 50 200 (AF),Tridon 003483 Whitelaw Tooling Supplies,,,
KNIPEX AUTOMATIC INSULATION STRIPPER,Tridon 003483 Whitelaw Tooling Supplies,,,
KNIPEX SELF-ADJ INSULATION STRIPPER,Tridon 003483 Whitelaw Tooling Supplies,,,
KNIPEX SPARE BLADE FOR 12 62 180,Tridon 003483 Whitelaw Tooling Supplies,,,
KNIPEX LENGTH STOP FOR 12 62 180 (AF),Tridon 003483 Whitelaw Tooling Supplies,,,
KNIPEX SPARE BLADES FOR 12 64 180 (AF),Tridon 003483 Whitelaw Tooling Supplies,,,
NEXSTRIP MULTI TOOL FOR ELECTRICIANS,Tridon 003483 Whitelaw Tooling Supplies,,,
SYKES HYDRAULIC RAM CONVERTOR,Tridon 003483 Whitelaw Tooling Supplies,,,
SYKES IMPACT FORCING SCREW UPGRADE,Tridon 003483 Whitelaw Tooling Supplies,,,
SYKES HYDRAULIC HUB PULLER - 5 LEG,Tridon 003483 Whitelaw Tooling Supplies,,,
SYKES HUB PULLER KIT-HYDRAULIC & MECH.,Tridon 003483 Whitelaw Tooling Supplies,,,
SYKES MECHANICAL IMPACT FORCE SCREW,Tridon 003483 Whitelaw Tooling Supplies,,,
KNIPEX AUTO ADJ CABLE STRIPPER 180MM,Tridon 003483 Whitelaw Tooling Supplies,,,
KNIPEX SPARE BLADES FOR 1274180SB (AF),Tridon 003483 Whitelaw Tooling Supplies,,,
KNIPEX MINI STRIPPING TOOL (AF),Tridon 003483 Whitelaw Tooling Supplies,,,
KNIPEX MINI STRIPPING TOOL (AF),Tridon 003483 Whitelaw Tooling Supplies,,,
KNIPEX WIRE STRIPPER FOR FIBRE OPTICS-AF,Tridon 003483 Whitelaw Tooling Supplies,,,
KNIPEX STRIPPING TOOL FOR FIBRE OPTICS,Tridon 003483 Whitelaw Tooling Supplies,,,
TOLEDO FILE FLAT 300MM BASTARD BU,Tridon 003483 Whitelaw Tooling Supplies,,,
TOLEDO FILE FLAT 300MM BASTARD CD,Tridon 003483 Whitelaw Tooling Supplies,,,
TOLEDO FILE FLAT 300MM 2ND CUT BU,Tridon 003483 Whitelaw Tooling Supplies,,,
TOLEDO FILE FLAT 300MM 2ND CUT CD,Tridon 003483 Whitelaw Tooling Supplies,,,
TOLEDO FILE FLAT 300MM SMOOTH BU,Tridon 003483 Whitelaw Tooling Supplies,,,
TOLEDO FILE FLAT 300MM SMOOTH CD,Tridon 003483 Whitelaw Tooling Supplies,,,
TOLEDO FILE HALF ROUND 300MM BASTARD BU,Tridon 003483 Whitelaw Tooling Supplies,,,
TOLEDO FILE HALF ROUND 300MM BASTARD CD,Tridon 003483 Whitelaw Tooling Supplies,,,
TOLEDO FILE HALF ROUND 300MM 2ND CUT BU,Tridon 003483 Whitelaw Tooling Supplies,,,
TOLEDO FILE HALF ROUND 300MM 2ND CUT CD,Tridon 003483 Whitelaw Tooling Supplies,,,
TOLEDO FILE HALF ROUND 300MM SMOOTH BU,Tridon 003483 Whitelaw Tooling Supplies,,,
TOLEDO FILE HALF ROUND 300MM SMOOTH CD,Tridon 003483 Whitelaw Tooling Supplies,,,
TOLEDO FILE ROUND 300MM BASTARD BU,Tridon 003483 Whitelaw Tooling Supplies,,,
TOLEDO FILE ROUND 300MM BASTARD CD,Tridon 003483 Whitelaw Tooling Supplies,,,
TOLEDO FILE ROUND 300MM 2ND CUT BU,Tridon 003483 Whitelaw Tooling Supplies,,,
TOLEDO FILE ROUND 300MM 2ND CUT CD,Tridon 003483 Whitelaw Tooling Supplies,,,
TOLEDO FILE ROUND 300MM SMOOTH BU,Tridon 003483 Whitelaw Tooling Supplies,,,
TOLEDO FILE ROUND 300MM SMOOTH CD,Tridon 003483 Whitelaw Tooling Supplies,,,
TOLEDO FILE SQUARE 300MM BASTARD BU,Tridon 003483 Whitelaw Tooling Supplies,,,
TOLEDO FILE SQUARE 300MM BASTARD CD,Tridon 003483 Whitelaw Tooling Supplies,,,
TOLEDO FILE SQUARE 300MM 2ND CUT BU,Tridon 003483 Whitelaw Tooling Supplies,,,
TOLEDO FILE SQUARE 300MM 2ND CUT CD,Tridon 003483 Whitelaw Tooling Supplies,,,
TOLEDO FILE SQUARE 300MM SMOOTH BU,Tridon 003483 Whitelaw Tooling Supplies,,,
TOLEDO FILE SQUARE 300MM SMOOTH CD,Tridon 003483 Whitelaw Tooling Supplies,,,
TOLEDO FILE 3 SQUARE 300MM BASTARD BU,Tridon 003483 Whitelaw Tooling Supplies,,,
TOLEDO FILE 3 SQUARE 300MM BASTARD CD,Tridon 003483 Whitelaw Tooling Supplies,,,
TOLEDO FILE 3 SQUARE 300MM 2ND CUT BU,Tridon 003483 Whitelaw Tooling Supplies,,,
TOLEDO FILE 3 SQUARE 300MM 2ND CUT CD,Tridon 003483 Whitelaw Tooling Supplies,,,
TOLEDO FILE 3 SQUARE 300MM SMOOTH BU,Tridon 003483 Whitelaw Tooling Supplies,,,
TOLEDO FILE 3 SQUARE 300MM SMOOTH CD,Tridon 003483 Whitelaw Tooling Supplies,,,
KNIPEX ELECTRICIANS PLIER 160MM,Tridon 003483 Whitelaw Tooling Supplies,,,
KNIPEX ELECTRICIANS PLIERS 160MM,Tridon 003483 Whitelaw Tooling Supplies,,,
KNIPEX ELECTRICIANS PL CHROME 160MM (AF),Tridon 003483 Whitelaw Tooling Supplies,,,
KNIPEX TETHERED ELECTRICIANS PL 160MM-AF,Tridon 003483 Whitelaw Tooling Supplies,,,
TOLEDO RASP FLAT 2ND CUT 250MM BU,Tridon 003483 Whitelaw Tooling Supplies,,,
TOLEDO RASP FLAT 2ND CUT 250MM CD,Tridon 003483 Whitelaw Tooling Supplies,,,
RENNSTEIG PIPE WRENCH SET S JAWS 3 PIECE,Tridon 003483 Whitelaw Tooling Supplies,,,
KNIPEX DISMANTLING PLIER 165MM (AF),Tridon 003483 Whitelaw Tooling Supplies,,,
KNIPEX DISMANTLING PLIER 165MM (AF),Tridon 003483 Whitelaw Tooling Supplies,,,
KNIPEX 1000V DISMANTLING PLIER 165MM,Tridon 003483 Whitelaw Tooling Supplies,,,
KNIPEX STRIX WIRE STRIPPER 180MM,Tridon 003483 Whitelaw Tooling Supplies,,,
KNIPEX STRIX WIRE STRIPPER 1000V 180MM,Tridon 003483 Whitelaw Tooling Supplies,,,
KNIPEX TETHERED STRIX PLIER 1000V 180MM,Tridon 003483 Whitelaw Tooling Supplies,,,
KNIPEX WIRESTRIPPER METRIC 200MM,Tridon 003483 Whitelaw Tooling Supplies,,,
KNIPEX WIRESTRIPPER METRIC 200MM,Tridon 003483 Whitelaw Tooling Supplies,,,
KNIPEX WIRESTRIPPER MULTI FUNCTION 200MM,Tridon 003483 Whitelaw Tooling Supplies,,,
KNIPEX UNIV PLIER FOR DATA CABLE,Tridon 003483 Whitelaw Tooling Supplies,,,
KNIPEX WIRESTRIPPER METRIC 200MM,Tridon 003483 Whitelaw Tooling Supplies,,,
KNIPEX WIRESTRIPPER METRIC 200MM,Tridon 003483 Whitelaw Tooling Supplies,,,
KNIPEX WIRESTRIPPER MULTI FUNCTION 200MM,Tridon 003483 Whitelaw Tooling Supplies,,,
KNIPEX 1000V WIRESTRIPPER METRIC 200MM,Tridon 003483 Whitelaw Tooling Supplies,,,
KNIPEX 1000V WIRESTRIPPER METRIC 200MM,Tridon 003483 Whitelaw Tooling Supplies,,,
KNIPEX ELEC INSTALLATION PLIER,Tridon 003483 Whitelaw Tooling Supplies,,,
KNIPEX ELEC INSTALLATION PLIER 200MM,Tridon 003483 Whitelaw Tooling Supplies,,,
KNIPEX 1000V  INSTALLATION PLIER,Tridon 003483 Whitelaw Tooling Supplies,,,
KNIPEX INSTALLATION PLIER W/CATCH,Tridon 003483 Whitelaw Tooling Supplies,,,
KNIPEX ELEC INSTALLATION PLIER W/CATCH,Tridon 003483 Whitelaw Tooling Supplies,,,
KNIPEX 1000V INSTALLATION PLIER W/CATCH,Tridon 003483 Whitelaw Tooling Supplies,,,
KNIPEX TETHERED ELEC PLIER 1000V 200MM,Tridon 003483 Whitelaw Tooling Supplies,,,
KNIPEX SPRING & LOCK FOR 139X200 SERIES,Tridon 003483 Whitelaw Tooling Supplies,,,
RENNSTEIG HOLLOW WAD PUNCH 100 X 2MM,Tridon 003483 Whitelaw Tooling Supplies,,,
RENNSTEIG HOLLOW WAD PUNCH 100 X 3MM,Tridon 003483 Whitelaw Tooling Supplies,,,
RENNSTEIG HOLLOW WAD PUNCH 100 X 4MM,Tridon 003483 Whitelaw Tooling Supplies,,,
RENNSTEIG HOLLOW WAD PUNCH 105 X 5MM,Tridon 003483 Whitelaw Tooling Supplies,,,
RENNSTEIG HOLLOW WAD PUNCH 105 X 6MM,Tridon 003483 Whitelaw Tooling Supplies,,,
RENNSTEIG HOLLOW WAD PUNCH 105 X 7MM,Tridon 003483 Whitelaw Tooling Supplies,,,
RENNSTEIG HOLLOW WAD PUNCH 115 X 8MM,Tridon 003483 Whitelaw Tooling Supplies,,,
RENNSTEIG HOLLOW WAD PUNCH 115 X 9MM,Tridon 003483 Whitelaw Tooling Supplies,,,
RENNSTEIG HOLLOW WAD PUNCH 115 X 10MM,Tridon 003483 Whitelaw Tooling Supplies,,,
RENNSTEIG HOLLOW WAD PUNCH 125 X 11MM,Tridon 003483 Whitelaw Tooling Supplies,,,
RENNSTEIG HOLLOW WAD PUNCH 125 X 12MM,Tridon 003483 Whitelaw Tooling Supplies,,,
RENNSTEIG HOLLOW WAD PUNCH 125 X 13MM,Tridon 003483 Whitelaw Tooling Supplies,,,
RENNSTEIG HOLLOW WAD PUNCH 135 X 14MM,Tridon 003483 Whitelaw Tooling Supplies,,,
RENNSTEIG HOLLOW WAD PUNCH 135 X 15MM,Tridon 003483 Whitelaw Tooling Supplies,,,
RENNSTEIG HOLLOW WAD PUNCH 135 X 16MM,Tridon 003483 Whitelaw Tooling Supplies,,,
RENNSTEIG HOLLOW WAD PUNCH 135 X 17MM,Tridon 003483 Whitelaw Tooling Supplies,,,
RENNSTEIG HOLLOW WAD PUNCH 140 X 18MM,Tridon 003483 Whitelaw Tooling Supplies,,,
RENNSTEIG HOLLOW WAD PUNCH 140 X 19MM,Tridon 003483 Whitelaw Tooling Supplies,,,
RENNSTEIG HOLLOW WAD PUNCH 140 X 20MM,Tridon 003483 Whitelaw Tooling Supplies,,,
RENNSTEIG HOLLOW WAD PUNCH 160 X 21MM,Tridon 003483 Whitelaw Tooling Supplies,,,
RENNSTEIG HOLLOW WAD PUNCH 160 X 22MM,Tridon 003483 Whitelaw Tooling Supplies,,,
RENNSTEIG HOLLOW WAD PUNCH 160 X 23MM,Tridon 003483 Whitelaw Tooling Supplies,,,
RENNSTEIG HOLLOW WAD PUNCH 160 X 24MM,Tridon 003483 Whitelaw Tooling Supplies,,,
RENNSTEIG HOLLOW WAD PUNCH 165 X 25MM,Tridon 003483 Whitelaw Tooling Supplies,,,
RENNSTEIG HOLLOW WAD PUNCH 165 X 26MM,Tridon 003483 Whitelaw Tooling Supplies,,,
RENNSTEIG HOLLOW WAD PUNCH 165 X 27MM,Tridon 003483 Whitelaw Tooling Supplies,,,
RENNSTEIG HOLLOW WAD PUNCH 175 X 28MM,Tridon 003483 Whitelaw Tooling Supplies,,,
RENNSTEIG HOLLOW WAD PUNCH 175 X 29MM,Tridon 003483 Whitelaw Tooling Supplies,,,
RENNSTEIG HOLLOW WAD PUNCH 175 X 30MM,Tridon 003483 Whitelaw Tooling Supplies,,,
RENNSTEIG HOLLOW WAD PUNCH 175 X 31MM,Tridon 003483 Whitelaw Tooling Supplies,,,
RENNSTEIG HOLLOW WAD PUNCH 175 X 32MM,Tridon 003483 Whitelaw Tooling Supplies,,,
RENNSTEIG HOLLOW WAD PUNCH 175 X 33MM,Tridon 003483 Whitelaw Tooling Supplies,,,
RENNSTEIG HOLLOW WAD PUNCH 180 X 34MM,Tridon 003483 Whitelaw Tooling Supplies,,,
RENNSTEIG HOLLOW WAD PUNCH 180 X 35MM,Tridon 003483 Whitelaw Tooling Supplies,,,
RENNSTEIG HOLLOW WAD PUNCH 180 X 36MM,Tridon 003483 Whitelaw Tooling Supplies,,,
RENNSTEIG HOLLOW WAD PUNCH 180 X 37MM,Tridon 003483 Whitelaw Tooling Supplies,,,
RENNSTEIG HOLLOW WAD PUNCH 190 X 38MM,Tridon 003483 Whitelaw Tooling Supplies,,,
RENNSTEIG HOLLOW WAD PUNCH 190 X 39MM,Tridon 003483 Whitelaw Tooling Supplies,,,
RENNSTEIG HOLLOW WAD PUNCH 190 X 40MM,Tridon 003483 Whitelaw Tooling Supplies,,,
RENNSTEIG HOLLOW WAD PUNCH 205 X 41MM,Tridon 003483 Whitelaw Tooling Supplies,,,
RENNSTEIG HOLLOW WAD PUNCH 205 X 42MM,Tridon 003483 Whitelaw Tooling Supplies,,,
RENNSTEIG HOLLOW WAD PUNCH 205 X 43MM,Tridon 003483 Whitelaw Tooling Supplies,,,
RENNSTEIG HOLLOW WAD PUNCH 205 X 44MM,Tridon 003483 Whitelaw Tooling Supplies,,,
RENNSTEIG HOLLOW WAD PUNCH 205 X 45MM,Tridon 003483 Whitelaw Tooling Supplies,,,
RENNSTEIG HOLLOW WAD PUNCH 205 X 46MM,Tridon 003483 Whitelaw Tooling Supplies,,,
RENNSTEIG HOLLOW WAD PUNCH 215 X 47MM,Tridon 003483 Whitelaw Tooling Supplies,,,
RENNSTEIG HOLLOW WAD PUNCH 215 X 48MM,Tridon 003483 Whitelaw Tooling Supplies,,,
RENNSTEIG HOLLOW WAD PUNCH 215 X 49MM,Tridon 003483 Whitelaw Tooling Supplies,,,
RENNSTEIG HOLLOW WAD PUNCH 215 X 50MM,Tridon 003483 Whitelaw Tooling Supplies,,,
RENNSTEIG HOLLOW WAD PUNCH 220 X 55MM,Tridon 003483 Whitelaw Tooling Supplies,,,
RENNSTEIG HOLLOW WAD PUNCH 240 X 60MM,Tridon 003483 Whitelaw Tooling Supplies,,,
RENNSTEIG HOLLOW WAD PUNCH 240 X 65MM,Tridon 003483 Whitelaw Tooling Supplies,,,
RENNSTEIG HOLLOW WAD PUNCH 250 X 70MM,Tridon 003483 Whitelaw Tooling Supplies,,,
RENNSTEIG HOLLOW WAD PUNCH 250 X 75MM,Tridon 003483 Whitelaw Tooling Supplies,,,
RENNSTEIG HOLLOW WAD PUNCH SET 9 PC,Tridon 003483 Whitelaw Tooling Supplies,,,
RENNSTEIG HOLLOW WAD PUNCH SET 19 PC,Tridon 003483 Whitelaw Tooling Supplies,,,
RENNSTEIG HOLLOW WAD PUNCH SET 15 PC,Tridon 003483 Whitelaw Tooling Supplies,,,
TOLEDO RASP HALF ROUND 2ND CUT 250MM BU,Tridon 003483 Whitelaw Tooling Supplies,,,
TOLEDO RASP HALF ROUND 2ND CUT 250MM CD,Tridon 003483 Whitelaw Tooling Supplies,,,
TOLEDO RASP HORSE 350MM VERY COARSE BU,Tridon 003483 Whitelaw Tooling Supplies,,,
TOLEDO RASP HORSE VERY COARSE 350MM CD,Tridon 003483 Whitelaw Tooling Supplies,,,
KNIPEX DIAG INSULATION STRIPPERS 160MM,Tridon 003483 Whitelaw Tooling Supplies,,,
KNIPEX DIAG INSULATION STRIPPER 160MM-AF,Tridon 003483 Whitelaw Tooling Supplies,,,
KNIPEX 1000V DIAGONAL STRIPPERS 160MM,Tridon 003483 Whitelaw Tooling Supplies,,,
SYKES 1400 SERIES TWIN/TRIPLE PULLER 4IN,Tridon 003483 Whitelaw Tooling Supplies,,,
TOLEDO FILE FLAT 350MM 2ND CUT BU,Tridon 003483 Whitelaw Tooling Supplies,,,
TOLEDO FILE FLAT 350MM 2ND CUT CD,Tridon 003483 Whitelaw Tooling Supplies,,,
TOLEDO FILE HALF ROUND 350MM 2ND CUT BU,Tridon 003483 Whitelaw Tooling Supplies,,,
TOLEDO FILE HALF ROUND 350MM 2ND CUT CD,Tridon 003483 Whitelaw Tooling Supplies,,,
TOLEDO FILE ROUND 350MM 2ND CUT  BU,Tridon 003483 Whitelaw Tooling Supplies,,,
TOLEDO FILE ROUND 350MM 2ND CUT  CD,Tridon 003483 Whitelaw Tooling Supplies,,,
TOLEDO FILE SQUARE 350MM SMOOTH BU,Tridon 003483 Whitelaw Tooling Supplies,,,
TOLEDO FILE SQUARE 350MM SMOOTH CD,Tridon 003483 Whitelaw Tooling Supplies,,,
TOLEDO FILE 3 SQUARE 350MM 2ND CUT BU,Tridon 003483 Whitelaw Tooling Supplies,,,
TOLEDO FILE 3 SQUARE 350MM 2ND CUT CD,Tridon 003483 Whitelaw Tooling Supplies,,,
SYKES HYDRAULIC RAM 8 TONNE,Tridon 003483 Whitelaw Tooling Supplies,,,
SYKES T/BAR AND SCREW,Tridon 003483 Whitelaw Tooling Supplies,,,
SYKES PLUNGER,Tridon 003483 Whitelaw Tooling Supplies,,,
END CAP,Tridon 003483 Whitelaw Tooling Supplies,,,
SYKES REPAIR KIT,Tridon 003483 Whitelaw Tooling Supplies,,,
SYKES 1400 SERIES HYD. UPGRADE KIT,Tridon 003483 Whitelaw Tooling Supplies,,,
SYKES RAM NOSEPIECE,Tridon 003483 Whitelaw Tooling Supplies,,,
TOLEDO S/STEEL RULE 1500MM/60IN,Tridon 003483 Whitelaw Tooling Supplies,,,
TOLEDO S/STEEL RULE 1500MM,Tridon 003483 Whitelaw Tooling Supplies,,,
SYKES HYDRAULIC DROP ARM PULLER,Tridon 003483 Whitelaw Tooling Supplies,,,
SYKES TOP PLATE,Tridon 003483 Whitelaw Tooling Supplies,,,
SYKES BOTTOM JAW PLATE (C PLATE),Tridon 003483 Whitelaw Tooling Supplies,,,
SYKES PILLAR,Tridon 003483 Whitelaw Tooling Supplies,,,
SYKES M14 X 2 CAP SCREWS,Tridon 003483 Whitelaw Tooling Supplies,,,
TOLEDO S/STEEL RULE 150MM/6IN,Tridon 003483 Whitelaw Tooling Supplies,,,
TOLEDO S/STEEL RULE 150MM/6INA,Tridon 003483 Whitelaw Tooling Supplies,,,
TOLEDO S/STEEL RULE 150MM,Tridon 003483 Whitelaw Tooling Supplies,,,
TOLEDO S/STEEL RULE 150MM,Tridon 003483 Whitelaw Tooling Supplies,,,
TOLEDO POCKET CLIP RULE,Tridon 003483 Whitelaw Tooling Supplies,,,
TOLEDO S/STEEL RULE 150MM/6IN,Tridon 003483 Whitelaw Tooling Supplies,,,
TOLEDO S/STEEL RULE 150MM,Tridon 003483 Whitelaw Tooling Supplies,,,
KNIPEX STRIPPING TWEEZER (AF),Tridon 003483 Whitelaw Tooling Supplies,,,
TOLEDO RASP ROUND 250MM 2ND CUT BU,Tridon 003483 Whitelaw Tooling Supplies,,,
TOLEDO RASP ROUND 250MM 2ND CUT CD,Tridon 003483 Whitelaw Tooling Supplies,,,
KNIPEX SPARE BLADES FOR 15 11 20 (AF),Tridon 003483 Whitelaw Tooling Supplies,,,
KNIPEX SPARE BLADES FOR 15 11 20 (AF),Tridon 003483 Whitelaw Tooling Supplies,,,
KNIPEX SPARE BLADES FOR 15 11 20 (AF),Tridon 003483 Whitelaw Tooling Supplies,,,
KNIPEX SPARE BLADES FOR 15 11 20 (AF),Tridon 003483 Whitelaw Tooling Supplies,,,
SYKES 1500 SER HYDRAULIC PULLER-TWIN LEG,Tridon 003483 Whitelaw Tooling Supplies,,,
SYKES TWIN HEAD ASSEMBLY,Tridon 003483 Whitelaw Tooling Supplies,,,
SYKES TWIN HEAD LESS CENTRE NUT,Tridon 003483 Whitelaw Tooling Supplies,,,
SYKES CENTRE NUT,Tridon 003483 Whitelaw Tooling Supplies,,,
SYKES PIN (FROM 152415),Tridon 003483 Whitelaw Tooling Supplies,,,
SYKES NUT (FROM 152415),Tridon 003483 Whitelaw Tooling Supplies,,,
SYKES RAM EXTENSION,Tridon 003483 Whitelaw Tooling Supplies,,,
SYKES 1500 LEG 100MM,Tridon 003483 Whitelaw Tooling Supplies,,,
SYKES PULLER LEG 100MM 4IN 2PACK,Tridon 003483 Whitelaw Tooling Supplies,,,
SYKES PULLER LEG 100MM 4IN 3PACK,Tridon 003483 Whitelaw Tooling Supplies,,,
SYKES 1500 SER HYDRAULIC PULLER-TWIN LEG,Tridon 003483 Whitelaw Tooling Supplies,,,
SYKES RAM EXTENSION 100MM,Tridon 003483 Whitelaw Tooling Supplies,,,
SYKES 1500 LEG 150MM,Tridon 003483 Whitelaw Tooling Supplies,,,
SYKES PULLER LEG 150MM 6IN 2PACK,Tridon 003483 Whitelaw Tooling Supplies,,,
SYKES PULLER LEG 150MM 6IN 3PACK,Tridon 003483 Whitelaw Tooling Supplies,,,
SYKES 1500 SER HYDRAULIC PULLER-TWIN LEG,Tridon 003483 Whitelaw Tooling Supplies,,,
SYKES RAM EXTENSION 150MM,Tridon 003483 Whitelaw Tooling Supplies,,,
SYKES 1500 LEG 250MM,Tridon 003483 Whitelaw Tooling Supplies,,,
SYKES 1500 SER HYDRAULIC PULLER-TWIN LEG,Tridon 003483 Whitelaw Tooling Supplies,,,
SYKES 1500 LEG 200MM,Tridon 003483 Whitelaw Tooling Supplies,,,
SYKES PULLER LEG 200MM 8IN 2PACK,Tridon 003483 Whitelaw Tooling Supplies,,,
SYKES PULLER LEG 200MM 8IN 3PACK,Tridon 003483 Whitelaw Tooling Supplies,,,
SYKES 1500 SER HYDRAULIC PULLER-TWIN LEG,Tridon 003483 Whitelaw Tooling Supplies,,,
SYKES 1500 LEG 250MM (EXTRA WIDE),Tridon 003483 Whitelaw Tooling Supplies,,,
SYKES PULLER LEG 250MM 10IN 2PACK,Tridon 003483 Whitelaw Tooling Supplies,,,
SYKES PULLER LEG 250MM 10IN 3PACK,Tridon 003483 Whitelaw Tooling Supplies,,,
SYKES 1500 SER HYDRAULIC PULLER -TRI LEG,Tridon 003483 Whitelaw Tooling Supplies,,,
SYKES 1500 SER TWIN/TRIPLE PULLER KIT,Tridon 003483 Whitelaw Tooling Supplies,,,
SYKES TRIPLE HEAD ASSEMBLY,Tridon 003483 Whitelaw Tooling Supplies,,,
SYKES TRIPLE BRIDGE,Tridon 003483 Whitelaw Tooling Supplies,,,
SYKES TRIPLE HEAD ASSEMBLY HANGSELL,Tridon 003483 Whitelaw Tooling Supplies,,,
SYKES 1500 SER HYDRAULIC PULLER -TRI LEG,Tridon 003483 Whitelaw Tooling Supplies,,,
SYKES 1500 SER HYDRAULIC PULLER -TRI LEG,Tridon 003483 Whitelaw Tooling Supplies,,,
SYKES 1500 SER HYDRAULIC PULLER -TRI LEG,Tridon 003483 Whitelaw Tooling Supplies,,,
SYKES TRANSIT ADAPTOR TO FIT 083410,Tridon 003483 Whitelaw Tooling Supplies,,,
SYKES 1500 THIN JAW PULLER TWIN LEG,Tridon 003483 Whitelaw Tooling Supplies,,,
SYKES PULLER PACK - TWIN LEG,Tridon 003483 Whitelaw Tooling Supplies,,,
SYKES 1500 SER TWIN/TRIPLE PULLER KIT,Tridon 003483 Whitelaw Tooling Supplies,,,
SYKES 1500 SER TWIN/TRIPLE PULLER KIT,Tridon 003483 Whitelaw Tooling Supplies,,,
SYKES 1500 SER TWIN/TRIPLE PULLER KIT,Tridon 003483 Whitelaw Tooling Supplies,,,
SYKES HYD. COMB. TWIN/TRIPLE PULLER KIT,Tridon 003483 Whitelaw Tooling Supplies,,,
SYKES 1500 SER TWIN/TRIPLE PULLER KIT,Tridon 003483 Whitelaw Tooling Supplies,,,
SYKES HYDRAULIC PULLER KIT ON PANEL,Tridon 003483 Whitelaw Tooling Supplies,,,
SYKES HYDRAULIC TWIN/TRIPLE PULLER BOARD,Tridon 003483 Whitelaw Tooling Supplies,,,
SYKES HYDRAULIC PULLER UPGRADE BOARD,Tridon 003483 Whitelaw Tooling Supplies,,,
KNIPEX INSULATION STRIPPERS 160MM (AF),Tridon 003483 Whitelaw Tooling Supplies,,,
SYKES PULLER OVERLAY FOR MERCH 155105,Tridon 003483 Whitelaw Tooling Supplies,,,
SYKES P/BOARD PANEL ONLY KIT FOR 155106,Tridon 003483 Whitelaw Tooling Supplies,,,
SYKES P/BOARD PANEL ONLY KIT FOR 155107,Tridon 003483 Whitelaw Tooling Supplies,,,
SYKES P/BOARD PANEL ONLY KIT FOR 155108,Tridon 003483 Whitelaw Tooling Supplies,,,
SYKES 1500 SER TWIN/TRIPLE PULLER KIT,Tridon 003483 Whitelaw Tooling Supplies,,,
SYKES 1500 SER TWIN/TRIPLE PULLER KIT,Tridon 003483 Whitelaw Tooling Supplies,,,
SYKES HYDRAULIC PULLER/SEPARATOR/EXTRACT,Tridon 003483 Whitelaw Tooling Supplies,,,
SYKES 1500 SER TWIN/TRIPLE PULLER KIT,Tridon 003483 Whitelaw Tooling Supplies,,,
SYKES 1500 SER TWIN/TRIPLE PULLER & KIT,Tridon 003483 Whitelaw Tooling Supplies,,,
SYKES PULLER OVERLAY FOR MERCH 155405,Tridon 003483 Whitelaw Tooling Supplies,,,
SYKES 1500 SER INT/EXT PULLER KIT,Tridon 003483 Whitelaw Tooling Supplies,,,
SYKES 1500 SER INT/EXT PULLER KIT,Tridon 003483 Whitelaw Tooling Supplies,,,
SYKES 1500 SER INT/EXT PULLER KIT,Tridon 003483 Whitelaw Tooling Supplies,,,
KNIPEX INSULATION STRIPPERS 160MM (AF),Tridon 003483 Whitelaw Tooling Supplies,,,
KNIPEX INSULATION STRIPPERS 160MM (AF),Tridon 003483 Whitelaw Tooling Supplies,,,
KNIPEX CABLE KNIFE WITH HOOK BLADE,Tridon 003483 Whitelaw Tooling Supplies,,,
KNIPEX DISMANTLING TOOL,Tridon 003483 Whitelaw Tooling Supplies,,,
KNIPEX DISMANTLING TOOL 130MM,Tridon 003483 Whitelaw Tooling Supplies,,,
KNIPEX FOLDING KNIFE 80MM BLADE,Tridon 003483 Whitelaw Tooling Supplies,,,
KNIPEX SPARE BLADE (AF),Tridon 003483 Whitelaw Tooling Supplies,,,
SYKES MED HYD PULLER & SEPARATOR KIT,Tridon 003483 Whitelaw Tooling Supplies,,,
KNIPEX DISMANTLING TOOL,Tridon 003483 Whitelaw Tooling Supplies,,,
KNIPEX DISMANTLING TOOL 145MM,Tridon 003483 Whitelaw Tooling Supplies,,,
KNIPEX SP BLADES FOR NO. 16 30 135 (AF),Tridon 003483 Whitelaw Tooling Supplies,,,
KNIPEX DISMANTLING TOOL,Tridon 003483 Whitelaw Tooling Supplies,,,
KNIPEX SPARE BLADE FOR 1640150  (AF),Tridon 003483 Whitelaw Tooling Supplies,,,
KNIPEX SP BLADE FEED FOR 16 40 150 (AF),Tridon 003483 Whitelaw Tooling Supplies,,,
KNIPEX STRIPPING KNIFE 145MM,Tridon 003483 Whitelaw Tooling Supplies,,,
KNIPEX COAX-STRIPPING TOOL 105MM,Tridon 003483 Whitelaw Tooling Supplies,,,
KNIPEX STRIPPING TOOL COAX CABLES,Tridon 003483 Whitelaw Tooling Supplies,,,
KNIPEX COAX-STRIPPING TOOL 100MM,Tridon 003483 Whitelaw Tooling Supplies,,,
KNIPEX DISMANTLING TOOL,Tridon 003483 Whitelaw Tooling Supplies,,,
KNIPEX DISMANTLING TOOL (AF),Tridon 003483 Whitelaw Tooling Supplies,,,
KNIPEX SP BLADES BLOCK 16 60 06 SB (AF),Tridon 003483 Whitelaw Tooling Supplies,,,
KNIPEX UNIVERSAL DISMANTLING TOOL 125MM,Tridon 003483 Whitelaw Tooling Supplies,,,
KNIPEX DEPTH STRIPPING TOOL 175MM (AF),Tridon 003483 Whitelaw Tooling Supplies,,,
KNIPEX UNIVERSAL DISMANTLING TOOL (AF),Tridon 003483 Whitelaw Tooling Supplies,,,
KNIPEX UNIVERSAL DISMANTLING TOOL (AF),Tridon 003483 Whitelaw Tooling Supplies,,,
KNIPEX ERGOSTRIP DISMANTLING TOOL 135MM,Tridon 003483 Whitelaw Tooling Supplies,,,
KNIPEX LH ERGOSTRIP 165MM (AF),Tridon 003483 Whitelaw Tooling Supplies,,,
TOLEDO FILE FLAT 400MM 2ND CUT BU,Tridon 003483 Whitelaw Tooling Supplies,,,
TOLEDO FILE FLAT 400MM 2ND CUT CD,Tridon 003483 Whitelaw Tooling Supplies,,,
TOLEDO FILE HALF ROUND 400MM 2ND CUT BU,Tridon 003483 Whitelaw Tooling Supplies,,,
TOLEDO FILE HALF ROUND 400MM 2ND CUT CD,Tridon 003483 Whitelaw Tooling Supplies,,,
TOLEDO FILE ROUND 400MM 2ND CUT BU,Tridon 003483 Whitelaw Tooling Supplies,,,
TOLEDO FILE ROUND 400MM 2ND CUT CD,Tridon 003483 Whitelaw Tooling Supplies,,,
SYKES 1800 SERIES HYDRAULIC RAM 12T,Tridon 003483 Whitelaw Tooling Supplies,,,
SYKES BALL JOINT SEPARATOR - HYDRAULIC,Tridon 003483 Whitelaw Tooling Supplies,,,
SYKES PULLER PLATE,Tridon 003483 Whitelaw Tooling Supplies,,,
SYKES CONVERTOR C/W LOCKING NUT,Tridon 003483 Whitelaw Tooling Supplies,,,
SYKES SHOULDER NUTS,Tridon 003483 Whitelaw Tooling Supplies,,,
SYKES M12 X 1.25 STUD - BROWN,Tridon 003483 Whitelaw Tooling Supplies,,,
SYKES M12 X 1.5 STUD - RED,Tridon 003483 Whitelaw Tooling Supplies,,,
SYKES M14 X 1.5 STUD - GREEN,Tridon 003483 Whitelaw Tooling Supplies,,,
SYKES M12 X 1.25 EXTENDSION NUT - YELLOW,Tridon 003483 Whitelaw Tooling Supplies,,,
SYKES M12 X 1.5 EXTENDSION NUT - BLUE,Tridon 003483 Whitelaw Tooling Supplies,,,
SYKES LANDROVER BEARING / BUSH PULLER,Tridon 003483 Whitelaw Tooling Supplies,,,
SYKES LCV IMPACT HUB PULLER,Tridon 003483 Whitelaw Tooling Supplies,,,
SYKES PSA ADAPTOR PLATE FOR 185800,Tridon 003483 Whitelaw Tooling Supplies,,,
SYKES FUEL INJECTOR EXTRACTOR KIT,Tridon 003483 Whitelaw Tooling Supplies,,,
SYKES 1500 SER THIN JAW PULLER KIT-2 LEG,Tridon 003483 Whitelaw Tooling Supplies,,,
SYKES TWIN BEAM,Tridon 003483 Whitelaw Tooling Supplies,,,
SYKES 1500 THIN JAW PULLER TWIN LEG,Tridon 003483 Whitelaw Tooling Supplies,,,
SYKES 1500 THIN JAW PULLER TWIN LEG,Tridon 003483 Whitelaw Tooling Supplies,,,
SYKES 1500 SER THIN JAW PULLER KIT-3 LEG,Tridon 003483 Whitelaw Tooling Supplies,,,
SYKES TRIPLE BEAM,Tridon 003483 Whitelaw Tooling Supplies,,,
SYKES PULLER OVERLAY FOR MERCH 186505,Tridon 003483 Whitelaw Tooling Supplies,,,
SYKES 1500 THIN JAW PULLER TRIPLE LEG,Tridon 003483 Whitelaw Tooling Supplies,,,
SYKES 1500 THIN JAW PULL TWIN/TRIPLE LEG,Tridon 003483 Whitelaw Tooling Supplies,,,
SYKES 1500 THIN JAW PULLER TRIPLE LEG,Tridon 003483 Whitelaw Tooling Supplies,,,
SYKES 1500 THIN JAW PULL TWIN/TRIPLE LEG,Tridon 003483 Whitelaw Tooling Supplies,,,
SYKES REAR SUSPENSION BUSH TOOL,Tridon 003483 Whitelaw Tooling Supplies,,,
SYKES UPPER PRESS PIECE SET-OPEL MOVANO,Tridon 003483 Whitelaw Tooling Supplies,,,
SYKES LOWER PRESS PIECE SET-OPEL MOVANO,Tridon 003483 Whitelaw Tooling Supplies,,,
SYKES REAR SUSPENSION BUSH TOOL,Tridon 003483 Whitelaw Tooling Supplies,,,
SYKES REAR SUSPENSION BUSH TOOL,Tridon 003483 Whitelaw Tooling Supplies,,,
SYKES REAR SUSPENSION BALL JOINT TOOL,Tridon 003483 Whitelaw Tooling Supplies,,,
SYKES BALL JOINT SEPARATOR - VW,Tridon 003483 Whitelaw Tooling Supplies,,,
SYKES EXTENSION FOR PRESS FRAME,Tridon 003483 Whitelaw Tooling Supplies,,,
SYKES UNIVERSAL CLAMP,Tridon 003483 Whitelaw Tooling Supplies,,,
SYKES HGV SPLIT BUSH MASTER KIT,Tridon 003483 Whitelaw Tooling Supplies,,,
KNIPEX JEWELLERS PLIERS 130MM,Tridon 003483 Whitelaw Tooling Supplies,,,
KNIPEX JEWELLERY PLIERS 130MM (AF),Tridon 003483 Whitelaw Tooling Supplies,,,
SYKES 1500 SER THIN JAW PULLER KIT,Tridon 003483 Whitelaw Tooling Supplies,,,
SYKES HYDRAULIC PULLER/SEPARATOR W/O RAM,Tridon 003483 Whitelaw Tooling Supplies,,,
SYKES 1500 SER THIN JAW PULLER KIT,Tridon 003483 Whitelaw Tooling Supplies,,,
SYKES 1500 SER THIN JAW PULLER KIT,Tridon 003483 Whitelaw Tooling Supplies,,,
SYKES TWIN BEAM,Tridon 003483 Whitelaw Tooling Supplies,,,
SYKES PULLER OVERLAY FOR MERCH 193105,Tridon 003483 Whitelaw Tooling Supplies,,,
SYKES P/BOARD PANEL ONLY KIT FOR 193106,Tridon 003483 Whitelaw Tooling Supplies,,,
SYKES 1500 SER THIN JAW PULLER KIT,Tridon 003483 Whitelaw Tooling Supplies,,,
SYKES TWIN BEAM,Tridon 003483 Whitelaw Tooling Supplies,,,
TOLEDO S/STEEL RULE 2000MM/78IN,Tridon 003483 Whitelaw Tooling Supplies,,,
TOLEDO S/STEEL RULE 2000MM,Tridon 003483 Whitelaw Tooling Supplies,,,
KNIPEX FLAT NOSE PLIER 125MM,Tridon 003483 Whitelaw Tooling Supplies,,,
KNIPEX FLAT NOSE PLIER 140MM,Tridon 003483 Whitelaw Tooling Supplies,,,
KNIPEX FLAT NOSE PLIER 160MM,Tridon 003483 Whitelaw Tooling Supplies,,,
KNIPEX FLAT NOSE PLIER 180MM,Tridon 003483 Whitelaw Tooling Supplies,,,
SYKES 20T HYDRAULIC CYL - STEEL SOLID,Tridon 003483 Whitelaw Tooling Supplies,,,
SYKES 20 TONNE HYDRAULIC CYL. BASE PLATE,Tridon 003483 Whitelaw Tooling Supplies,,,
SYKES 20 TONNE HYDRAULIC CYL. TOE LIFT,Tridon 003483 Whitelaw Tooling Supplies,,,
SYKES 20T HYDRAULIC CYL. BASE PUSH PLATE,Tridon 003483 Whitelaw Tooling Supplies,,,
SYKES 30T HYDRAULIC CYL - ALUM. HOLLOW,Tridon 003483 Whitelaw Tooling Supplies,,,
SYKES ADJUSTING SCREW,Tridon 003483 Whitelaw Tooling Supplies,,,
SYKES HANDLE,Tridon 003483 Whitelaw Tooling Supplies,,,
SYKES 20T HYDRAULIC JACK KIT,Tridon 003483 Whitelaw Tooling Supplies,,,
SYKES 20T HYDRAULIC TOE LIFT JACK KIT,Tridon 003483 Whitelaw Tooling Supplies,,,
SYKES ADJUSTING SCREW CAP,Tridon 003483 Whitelaw Tooling Supplies,,,
SYKES EXTRACTOR PIN 25 X 150,Tridon 003483 Whitelaw Tooling Supplies,,,
SYKES EXTRACTOR PIN 50 X 150,Tridon 003483 Whitelaw Tooling Supplies,,,
SYKES EXTRACTOR PIN 18 X 75,Tridon 003483 Whitelaw Tooling Supplies,,,
SYKES EXTRACTOR PIN 20 X 150,Tridon 003483 Whitelaw Tooling Supplies,,,
SYKES AUTOGRIP COLLAR & ADAPTOR,Tridon 003483 Whitelaw Tooling Supplies,,,
SYKES 50T HYDRAULIC CYL - ALUM. HOLLOW,Tridon 003483 Whitelaw Tooling Supplies,,,
SYKES ADJUSTING SCREW,Tridon 003483 Whitelaw Tooling Supplies,,,
SYKES HANDLE,Tridon 003483 Whitelaw Tooling Supplies,,,
SYKES 50T HYDRAULIC JACK KIT,Tridon 003483 Whitelaw Tooling Supplies,,,
SYKES ADJUSTING SCREW CAP,Tridon 003483 Whitelaw Tooling Supplies,,,
SYKES HIGH CAPACITY 2 SPEED HAND PUMP,Tridon 003483 Whitelaw Tooling Supplies,,,
SYKES 2 SPD HYDRAULIC HAND PUMP W/HOSE,Tridon 003483 Whitelaw Tooling Supplies,,,
SYKES LEG EXTENSION - C/W PINS & NUTS,Tridon 003483 Whitelaw Tooling Supplies,,,
SYKES LOADSTAR 20 TONNE INTERMEDIATE,Tridon 003483 Whitelaw Tooling Supplies,,,
KNIPEX FLAT NOSE PLIERS 140MM,Tridon 003483 Whitelaw Tooling Supplies,,,
KNIPEX FLAT NOSE PLIERS 160MM,Tridon 003483 Whitelaw Tooling Supplies,,,
SYKES PULLER LEG - STRAIGHT,Tridon 003483 Whitelaw Tooling Supplies,,,
SYKES 20 TONNE 3 WAY BEAM ASSEMBLY,Tridon 003483 Whitelaw Tooling Supplies,,,
SYKES PULLER LEG - CRANKED,Tridon 003483 Whitelaw Tooling Supplies,,,
SYKES ROD ASSEMBLY,Tridon 003483 Whitelaw Tooling Supplies,,,
SYKES EXTENSION ROD,Tridon 003483 Whitelaw Tooling Supplies,,,
SYKES 30 TONNE 3 WAY BEAM ASSEMBLY,Tridon 003483 Whitelaw Tooling Supplies,,,
KNIPEX FLAT NOSE PLIER 140MM (AF),Tridon 003483 Whitelaw Tooling Supplies,,,
KNIPEX FLAT NOSE PLIER 160MM (AF),Tridon 003483 Whitelaw Tooling Supplies,,,
SYKES 30 TONNE TWIN BEAM ASSEMBLY,Tridon 003483 Whitelaw Tooling Supplies,,,
SYKES INTERNAL PULLER UNIT,Tridon 003483 Whitelaw Tooling Supplies,,,
KNIPEX 1000V FLAT NOSE PLIER 160MM,Tridon 003483 Whitelaw Tooling Supplies,,,
SYKES 50 TONNE TRIPLE BEAM ASSEMBLY,Tridon 003483 Whitelaw Tooling Supplies,,,
SYKES 50 TONNE TWIN BEAM ASSEMBLY,Tridon 003483 Whitelaw Tooling Supplies,,,
SYKES LOADSTAR PULLER 8T,Tridon 003483 Whitelaw Tooling Supplies,,,
SYKES HYDRAULIC RAM,Tridon 003483 Whitelaw Tooling Supplies,,,
SYKES HEAD ASSEMBLY - UPPER,Tridon 003483 Whitelaw Tooling Supplies,,,
SYKES HEAD ASSEMBLY - LOWER,Tridon 003483 Whitelaw Tooling Supplies,,,
SYKES LEG ASSEMBLY,Tridon 003483 Whitelaw Tooling Supplies,,,
SYKES RAM EXTENSION SET (3 PCE),Tridon 003483 Whitelaw Tooling Supplies,,,
SYKES LOADSTAR PULLER 12T,Tridon 003483 Whitelaw Tooling Supplies,,,
SYKES HYDRAULIC RAM,Tridon 003483 Whitelaw Tooling Supplies,,,
SYKES HEAD ASSEMBLY - UPPER,Tridon 003483 Whitelaw Tooling Supplies,,,
SYKES HEAD ASSEMBLY - LOWER,Tridon 003483 Whitelaw Tooling Supplies,,,
SYKES LEG ASSEMBLY,Tridon 003483 Whitelaw Tooling Supplies,,,
SYKES RAM EXTENSION SET (4 PCE),Tridon 003483 Whitelaw Tooling Supplies,,,
SYKES LOADSTAR PULLER 20T,Tridon 003483 Whitelaw Tooling Supplies,,,
SYKES LOADSTAR PLUS  KIT 20T,Tridon 003483 Whitelaw Tooling Supplies,,,
SYKES LOADSTAR PLUS 20T NO PUMP,Tridon 003483 Whitelaw Tooling Supplies,,,
SYKES LOADSTAR PLUS SEPARATOR ADD-ON 20T,Tridon 003483 Whitelaw Tooling Supplies,,,
SYKES LOADSTAR PLUS ACCES ADD-ON PK 20T,Tridon 003483 Whitelaw Tooling Supplies,,,
SYKES LOADSTAR PLUS PRESS ADD-ON PK 20T,Tridon 003483 Whitelaw Tooling Supplies,,,
SYKES LOADSTAR PULLER SEPARATOR KIT 20T,Tridon 003483 Whitelaw Tooling Supplies,,,
SYKES LOADSTAR PLUS COMPREHENSIVE  20T,Tridon 003483 Whitelaw Tooling Supplies,,,
SYKES STEEL STORAGE CASE,Tridon 003483 Whitelaw Tooling Supplies,,,
SYKES STEEL STORAGE CASE,Tridon 003483 Whitelaw Tooling Supplies,,,
SYKES LOADSTAR PLUS  PULLER  30T,Tridon 003483 Whitelaw Tooling Supplies,,,
SYKES LOADSTAR PLUS  KIT 30T,Tridon 003483 Whitelaw Tooling Supplies,,,
SYKES LOADSTAR PLUS SEPARATOR ADD-ON 30T,Tridon 003483 Whitelaw Tooling Supplies,,,
SYKES LOADSTAR PLUS COMPREHENSIVE 30T,Tridon 003483 Whitelaw Tooling Supplies,,,
SYKES LOADSTAR INTEGRATED 4 TONNE,Tridon 003483 Whitelaw Tooling Supplies,,,
SYKES LOADSTAR INTEGRATED 6 TONNE,Tridon 003483 Whitelaw Tooling Supplies,,,
SYKES LOADSTAR INTEGRATED 8 TONNE,Tridon 003483 Whitelaw Tooling Supplies,,,
SYKES LOADSTAR INTEGRATED 12 TONNE,Tridon 003483 Whitelaw Tooling Supplies,,,
SYKES LOADSTAR INTEGRATED 20 TONNE,Tridon 003483 Whitelaw Tooling Supplies,,,
SYKES LOADSTAR INTEGRATED 30 TONNE,Tridon 003483 Whitelaw Tooling Supplies,,,
SYKES LOADSTAR PLUS KIT 50T,Tridon 003483 Whitelaw Tooling Supplies,,,
SYKES LOADSTAR PLUS 50T NO PUMP,Tridon 003483 Whitelaw Tooling Supplies,,,
SYKES LOADSTAR PLUS SEPARATOR ADD-ON 50T,Tridon 003483 Whitelaw Tooling Supplies,,,
SYKES LOADSTAR PLUS COMPREHENSIVE 50T,Tridon 003483 Whitelaw Tooling Supplies,,,
SYKES UNIVERAL HDV HUB PULLER KIT,Tridon 003483 Whitelaw Tooling Supplies,,,
SYKES LOADSTAR PLUS PRESS COMPLETE 20T,Tridon 003483 Whitelaw Tooling Supplies,,,
RENNSTEIG SDS PLUS CHISEL SET SHORT  3PC,Tridon 003483 Whitelaw Tooling Supplies,,,
SYKES LOADSTAR PLUS PRESS 20T NO PUMP,Tridon 003483 Whitelaw Tooling Supplies,,,
SYKES HIGH PRESSURE HOSE 1.8M LONG,Tridon 003483 Whitelaw Tooling Supplies,,,
SYKES GAUGE & BLOCK ASSY,Tridon 003483 Whitelaw Tooling Supplies,,,
KNIPEX ROUND NOSE PLIER 125MM,Tridon 003483 Whitelaw Tooling Supplies,,,
KNIPEX ROUND NOSE PLIERS 140MM,Tridon 003483 Whitelaw Tooling Supplies,,,
KNIPEX ROUND NOSE PLIER 160MM,Tridon 003483 Whitelaw Tooling Supplies,,,
KNIPEX ROUND NOSE PLIERS 140MM,Tridon 003483 Whitelaw Tooling Supplies,,,
KNIPEX ROUND NOSE PLIERS 160MM,Tridon 003483 Whitelaw Tooling Supplies,,,
KNIPEX ROUND NOSE PLIER 140MM (AF),Tridon 003483 Whitelaw Tooling Supplies,,,
KNIPEX ROUND NOSE PLIER 160MM (AF),Tridon 003483 Whitelaw Tooling Supplies,,,
KNIPEX 1000V ROUND NOSE PLIER 160MM,Tridon 003483 Whitelaw Tooling Supplies,,,
TOLEDO MECH PULLER SET,Tridon 003483 Whitelaw Tooling Supplies,,,
TOLEDO FORCING SCREW,Tridon 003483 Whitelaw Tooling Supplies,,,
TOLEDO BEAM,Tridon 003483 Whitelaw Tooling Supplies,,,
TOLEDO MAIN ROD SMALL 3/8IN,Tridon 003483 Whitelaw Tooling Supplies,,,
TOLEDO EXTENSION 3/8IN,Tridon 003483 Whitelaw Tooling Supplies,,,
TOLEDO MAIN ROD LARGE 3/8IN,Tridon 003483 Whitelaw Tooling Supplies,,,
TOLEDO EXTENSION ROD 3/8IN,Tridon 003483 Whitelaw Tooling Supplies,,,
TOLEDO TWIN & TRIP ARM PULLER MASTER KIT,Tridon 003483 Whitelaw Tooling Supplies,,,
TOLEDO TWIN BEAM,Tridon 003483 Whitelaw Tooling Supplies,,,
TOLEDO TRIPLE BEAM,Tridon 003483 Whitelaw Tooling Supplies,,,
TOLEDO PULLER LEG 100MM,Tridon 003483 Whitelaw Tooling Supplies,,,
TOLEDO PULLER LEG 210MM,Tridon 003483 Whitelaw Tooling Supplies,,,
TOLEDO PULLER LEG 260MM,Tridon 003483 Whitelaw Tooling Supplies,,,
TOLEDO MECH PULLER 2LEG 3IN/75MM,Tridon 003483 Whitelaw Tooling Supplies,,,
TOLEDO FORCING SCREW 3IN/75MM,Tridon 003483 Whitelaw Tooling Supplies,,,
TOLEDO LEG ASSEMBLY 3IN/75MM,Tridon 003483 Whitelaw Tooling Supplies,,,
TOLEDO BEAM TWIN 3IN/75MM,Tridon 003483 Whitelaw Tooling Supplies,,,
TOLEDO MECH PULLER 2LEG 4IN/100MM,Tridon 003483 Whitelaw Tooling Supplies,,,
TOLEDO FORCING SCREW 4IN/100MM,Tridon 003483 Whitelaw Tooling Supplies,,,
TOLEDO LEG ASSEMBLY 4IN/100MM,Tridon 003483 Whitelaw Tooling Supplies,,,
TOLEDO BEAM TWIN 4IN/100MM,Tridon 003483 Whitelaw Tooling Supplies,,,
TOLEDO MECH PULLER 2LEG 6IN/150MM,Tridon 003483 Whitelaw Tooling Supplies,,,
TOLEDO FORCING SCREW 6IN/150MM,Tridon 003483 Whitelaw Tooling Supplies,,,
TOLEDO LEG ASSEMBLY 6IN/150MM,Tridon 003483 Whitelaw Tooling Supplies,,,
TOLEDO BEAM TWIN 6IN/150MM,Tridon 003483 Whitelaw Tooling Supplies,,,
TOLEDO MECH PULLER 2LEG 8IN/200MM,Tridon 003483 Whitelaw Tooling Supplies,,,
TOLEDO FORCING SCREW 8IN/200MM,Tridon 003483 Whitelaw Tooling Supplies,,,
TOLEDO LEG ASSEMBLY 8IN/200MM,Tridon 003483 Whitelaw Tooling Supplies,,,
TOLEDO BEAM TWIN 8IN/200MM,Tridon 003483 Whitelaw Tooling Supplies,,,
TOLEDO MECH PULLER 2LEG 10IN/250MM,Tridon 003483 Whitelaw Tooling Supplies,,,
TOLEDO FORCING SCREW 10IN/250MM,Tridon 003483 Whitelaw Tooling Supplies,,,
TOLEDO LEG ASSEMBLY 10IN/250MM,Tridon 003483 Whitelaw Tooling Supplies,,,
TOLEDO BEAM TWIN 10IN/250MM,Tridon 003483 Whitelaw Tooling Supplies,,,
TOLEDO MECH PULLER 2LEG 12IN/300MM,Tridon 003483 Whitelaw Tooling Supplies,,,
TOLEDO FORCING SCREW 12IN/300MM,Tridon 003483 Whitelaw Tooling Supplies,,,
TOLEDO LEG ASSEMBLY 12IN/300MM,Tridon 003483 Whitelaw Tooling Supplies,,,
TOLEDO BEAM TWIN 12IN/300MM,Tridon 003483 Whitelaw Tooling Supplies,,,
TOLEDO MECHANICAL PULLER 3LEG 3IN/75MM,Tridon 003483 Whitelaw Tooling Supplies,,,
TOLEDO BEAM TRIPLE 3IN/75MM,Tridon 003483 Whitelaw Tooling Supplies,,,
TOLEDO MECHANICAL PULLER 3LEG 4IN/100MM,Tridon 003483 Whitelaw Tooling Supplies,,,
TOLEDO BEAM TRIPLE 4IN/100MM,Tridon 003483 Whitelaw Tooling Supplies,,,
TOLEDO MECHANCIAL PULLER 3LEG 6IN/150MM,Tridon 003483 Whitelaw Tooling Supplies,,,
TOLEDO BEAM TRIPLE 6IN/150MM,Tridon 003483 Whitelaw Tooling Supplies,,,
TOLEDO MECH PULLER 3LEG 8IN/200MM,Tridon 003483 Whitelaw Tooling Supplies,,,
TOLEDO BEAM TRIPLE 8IN/200MM,Tridon 003483 Whitelaw Tooling Supplies,,,
TOLEDO MECH PULLER 3LEG 10IN/250MM,Tridon 003483 Whitelaw Tooling Supplies,,,
TOLEDO BEAM TRIPPLE 10IN/250MM,Tridon 003483 Whitelaw Tooling Supplies,,,
TOLEDO MECH PULLER 3LEG 12IN/300MM,Tridon 003483 Whitelaw Tooling Supplies,,,
TOLEDO BEAM TRIPLE 12IN/300MM,Tridon 003483 Whitelaw Tooling Supplies,,,
TOLEDO MECH PULLER SET,Tridon 003483 Whitelaw Tooling Supplies,,,
TOLEDO FORCING SCREW,Tridon 003483 Whitelaw Tooling Supplies,,,
TOLEDO LEG,Tridon 003483 Whitelaw Tooling Supplies,,,
TOLEDO MAIN ROD,Tridon 003483 Whitelaw Tooling Supplies,,,
TOLEDO EXTENSION ROD,Tridon 003483 Whitelaw Tooling Supplies,,,
TOLEDO MECH PULLER SET 2&3 LEG 3IN/75MM,Tridon 003483 Whitelaw Tooling Supplies,,,
TOLEDO MECH PULLER SET 2&3 LEG 4IN/100MM,Tridon 003483 Whitelaw Tooling Supplies,,,
TOLEDO MECH PULLER SET 2&3 LEG 6IN/150MM,Tridon 003483 Whitelaw Tooling Supplies,,,
TOLEDO TWIN PULLER SET,Tridon 003483 Whitelaw Tooling Supplies,,,
TOLEDO ADAPTER SML,Tridon 003483 Whitelaw Tooling Supplies,,,
TOLEDO ADAPTOR MED,Tridon 003483 Whitelaw Tooling Supplies,,,
TOLEDO ADAPTOR LGE,Tridon 003483 Whitelaw Tooling Supplies,,,
TOLEDO BEAM,Tridon 003483 Whitelaw Tooling Supplies,,,
TOLEDO THRUST NUT,Tridon 003483 Whitelaw Tooling Supplies,,,
TOLEDO FORCING SCREW,Tridon 003483 Whitelaw Tooling Supplies,,,
TOLEDO ROD ASSEMBLY,Tridon 003483 Whitelaw Tooling Supplies,,,
TOLEDO ROD EXTENSION,Tridon 003483 Whitelaw Tooling Supplies,,,
TOLEDO BEAM,Tridon 003483 Whitelaw Tooling Supplies,,,
TOLEDO 2/3 LEG AUTO SELF GRIP PULLER 4IN,Tridon 003483 Whitelaw Tooling Supplies,,,
TOLEDO GEAR PULLER RATCHING 2/3LEG,Tridon 003483 Whitelaw Tooling Supplies,,,
TOLEDO 2/3 LEG AUTO SELF GRIP PULLER 7IN,Tridon 003483 Whitelaw Tooling Supplies,,,
TOLEDO TWIN PULLER SET MED,Tridon 003483 Whitelaw Tooling Supplies,,,
TOLEDO ADAPTER 9MM,Tridon 003483 Whitelaw Tooling Supplies,,,
TOLEDO ADAPTER 11MM,Tridon 003483 Whitelaw Tooling Supplies,,,
TOLEDO ADAPTER 12.5MM,Tridon 003483 Whitelaw Tooling Supplies,,,
TOLEDO FORCING SCREW,Tridon 003483 Whitelaw Tooling Supplies,,,
TOLEDO MAIN ROD,Tridon 003483 Whitelaw Tooling Supplies,,,
TOLEDO BEAM,Tridon 003483 Whitelaw Tooling Supplies,,,
TOLEDO ARMATURE PULLER 19-35MM 1T,Tridon 003483 Whitelaw Tooling Supplies,,,
TOLEDO ARMATURE PULLER 24-55MM 1.3T,Tridon 003483 Whitelaw Tooling Supplies,,,
TOLEDO ARMATURE PULLER 35-80MM 1.8T,Tridon 003483 Whitelaw Tooling Supplies,,,
TOLEDO ADAPTOR 16MM,Tridon 003483 Whitelaw Tooling Supplies,,,
TOLEDO ADAPTOR 19MM,Tridon 003483 Whitelaw Tooling Supplies,,,
TOLEDO ADAPTOR 22MM,Tridon 003483 Whitelaw Tooling Supplies,,,
TOLEDO ADAPTOR 25MM,Tridon 003483 Whitelaw Tooling Supplies,,,
TOLEDO ADAPTOR 28MM,Tridon 003483 Whitelaw Tooling Supplies,,,
TOLEDO ADAPTOR 31.7MM,Tridon 003483 Whitelaw Tooling Supplies,,,
TOLEDO FORCING SCREW,Tridon 003483 Whitelaw Tooling Supplies,,,
TOLEDO EXTENSION ROD,Tridon 003483 Whitelaw Tooling Supplies,,,
TOLEDO BEAM,Tridon 003483 Whitelaw Tooling Supplies,,,
TOLEDO TWIN PULLER KIT 56-220MM LARGE,Tridon 003483 Whitelaw Tooling Supplies,,,
TOLEDO TWIN BEAM 240MM,Tridon 003483 Whitelaw Tooling Supplies,,,
TOLEDO FORCING SCREW 280MM,Tridon 003483 Whitelaw Tooling Supplies,,,
TOLEDO NOSE EXTENSION FLAT TIP 40MM,Tridon 003483 Whitelaw Tooling Supplies,,,
TOLEDO  MAIN ROD 180MM 2PC,Tridon 003483 Whitelaw Tooling Supplies,,,
TOLDEO  EXTENSION ROD 150MM 2PC,Tridon 003483 Whitelaw Tooling Supplies,,,
TOLEDO  EXTENSION ROD 70MM 2PC,Tridon 003483 Whitelaw Tooling Supplies,,,
TOLEDO ADAPTERS 15MM 2PC,Tridon 003483 Whitelaw Tooling Supplies,,,
TOLEDO ADAPTER  17.4MM 2PC,Tridon 003483 Whitelaw Tooling Supplies,,,
TOLEDO ADAPTER  20MM 2PC,Tridon 003483 Whitelaw Tooling Supplies,,,
TOLEDO ADAPTER  25.2MM 2PC,Tridon 003483 Whitelaw Tooling Supplies,,,
TOLEDO ADAPTER  30MM 2PC,Tridon 003483 Whitelaw Tooling Supplies,,,
TOLEDO ADAPTER  36.4MM 2PC,Tridon 003483 Whitelaw Tooling Supplies,,,
KNIPEX FLAT NOSE PLIER 140MM,Tridon 003483 Whitelaw Tooling Supplies,,,
TOLEDO MECH SL/PULLER 2LEG 8MM,Tridon 003483 Whitelaw Tooling Supplies,,,
TOLEDO FORCING SCREW 180MM,Tridon 003483 Whitelaw Tooling Supplies,,,
TOLEDO LEG 100MM,Tridon 003483 Whitelaw Tooling Supplies,,,
TOLEDO BEAM 140MM,Tridon 003483 Whitelaw Tooling Supplies,,,
TOLEDO MECH SL/PULLER 2LEG 120MM,Tridon 003483 Whitelaw Tooling Supplies,,,
TOLEDO FORCING SCREW 180MM,Tridon 003483 Whitelaw Tooling Supplies,,,
TOLEDO BEAM 170MM,Tridon 003483 Whitelaw Tooling Supplies,,,
TOLEDO MECH SL/PULLER 2LEG 160MM,Tridon 003483 Whitelaw Tooling Supplies,,,
TOLEDO FORCING SCREW 260MM,Tridon 003483 Whitelaw Tooling Supplies,,,
TOLEDO LEG 160MM,Tridon 003483 Whitelaw Tooling Supplies,,,
TOLEDO BEAM 220MM,Tridon 003483 Whitelaw Tooling Supplies,,,
TOLEDO MECH SL PULLER 2LEG 200MM,Tridon 003483 Whitelaw Tooling Supplies,,,
TOLEDO FORCING SCREW 265MM,Tridon 003483 Whitelaw Tooling Supplies,,,
TOLEDO BEAM 260MM,Tridon 003483 Whitelaw Tooling Supplies,,,
TOLEDO BEARING SEPARATOR 50-105MM,Tridon 003483 Whitelaw Tooling Supplies,,,
TOLEDO BEARING SEPARATOR 20-40MM,Tridon 003483 Whitelaw Tooling Supplies,,,
TOLEDO BEARING SEPARATOR 30-50MM,Tridon 003483 Whitelaw Tooling Supplies,,,
TOLEDO BEARING SEPARATOR 50-75MM,Tridon 003483 Whitelaw Tooling Supplies,,,
TOLEDO BEARING SEPARATOR 75-105MM,Tridon 003483 Whitelaw Tooling Supplies,,,
TOLEDO BEARING SEPARATOR 105-150MM,Tridon 003483 Whitelaw Tooling Supplies,,,
TOLEDO SLIDE HAMMER HUB PULLER,Tridon 003483 Whitelaw Tooling Supplies,,,
TOLEDO LEGS (SET OF 3),Tridon 003483 Whitelaw Tooling Supplies,,,
TOLEDO TRIPLE HEAD,Tridon 003483 Whitelaw Tooling Supplies,,,
TOLEDO TWIN HEAD,Tridon 003483 Whitelaw Tooling Supplies,,,
TOLEDO CONE ACCESSORIES,Tridon 003483 Whitelaw Tooling Supplies,,,
TOLEDO FRONT HUB PULLER,Tridon 003483 Whitelaw Tooling Supplies,,,
TOLEDO REAR AXLE PULLER,Tridon 003483 Whitelaw Tooling Supplies,,,
TOLEDO CV JOINT HUB PULLER,Tridon 003483 Whitelaw Tooling Supplies,,,
TOLEDO SLIDING HAMMER,Tridon 003483 Whitelaw Tooling Supplies,,,
TOLEDO HAMMER EXTENSION,Tridon 003483 Whitelaw Tooling Supplies,,,
TOLEDO ADAPTOR FORK,Tridon 003483 Whitelaw Tooling Supplies,,,
TOLEDO ALTERNATOR/POWER STEERING REM,Tridon 003483 Whitelaw Tooling Supplies,,,
TOLEDO POWER STEERING PUMP PULLER KIT,Tridon 003483 Whitelaw Tooling Supplies,,,
TOLEDO HARMONIC BALANCER PULLER INST,Tridon 003483 Whitelaw Tooling Supplies,,,
TOLEDO CENTRE RINGS 4PC,Tridon 003483 Whitelaw Tooling Supplies,,,
TOLEDO FORCING SCREW,Tridon 003483 Whitelaw Tooling Supplies,,,
TOLEDO BODY PULLER,Tridon 003483 Whitelaw Tooling Supplies,,,
TOLEDO ADAPTOR 7/16IN/150MM,Tridon 003483 Whitelaw Tooling Supplies,,,
TOLEDO ADAPTOR M12,Tridon 003483 Whitelaw Tooling Supplies,,,
TOLEDO ADAPTOR 1/2IN,Tridon 003483 Whitelaw Tooling Supplies,,,
TOLEDO ADAPTOR M14,Tridon 003483 Whitelaw Tooling Supplies,,,
TOLEDO ADAPTOR 9/16IN/150MM,Tridon 003483 Whitelaw Tooling Supplies,,,
TOLEDO ADAPTOR 5/8IN/200MM,Tridon 003483 Whitelaw Tooling Supplies,,,
TOLEDO ADAPTOR M16,Tridon 003483 Whitelaw Tooling Supplies,,,
TOLEDO ADAPTOR 3/4IN/100MM,Tridon 003483 Whitelaw Tooling Supplies,,,
TOLEDO UNIVERSAL HUB SEPERATOR SET,Tridon 003483 Whitelaw Tooling Supplies,,,
TOLEDO FORCING SCREW ASSEMBLY FOR 245440,Tridon 003483 Whitelaw Tooling Supplies,,,
TOLEDO REPLACEMENT PART D FROM 245440,Tridon 003483 Whitelaw Tooling Supplies,,,
TOLEDO FORCING SCREW TO SUIT 245440,Tridon 003483 Whitelaw Tooling Supplies,,,
TOLEDO LONG JAW BEARING PULLER,Tridon 003483 Whitelaw Tooling Supplies,,,
TOLEDO FORCING SCREW,Tridon 003483 Whitelaw Tooling Supplies,,,
TOLEDO LEG,Tridon 003483 Whitelaw Tooling Supplies,,,
TOLEDO PILOT BEARING PULLER 3 JAWS,Tridon 003483 Whitelaw Tooling Supplies,,,
TOLEDO UNIVERSAL JOINT PULLER SMALL,Tridon 003483 Whitelaw Tooling Supplies,,,
TOLEDO UNIVERSAL JOINT PULLER MEDUIM,Tridon 003483 Whitelaw Tooling Supplies,,,
TOLEDO UNIVERSAL JOINT PULLER LARGE,Tridon 003483 Whitelaw Tooling Supplies,,,
TOLEDO YOKE PULLER KIT HEAVY DUTY,Tridon 003483 Whitelaw Tooling Supplies,,,
TOLEDO BRAKE ANCHOR PIN PRESS,Tridon 003483 Whitelaw Tooling Supplies,,,
TOLEDO AXLE SHAFT PULLER,Tridon 003483 Whitelaw Tooling Supplies,,,
TOLEDO CONCENTRIC PULLER 2/3 LEG (2T),Tridon 003483 Whitelaw Tooling Supplies,,,
TOLEDO CONCENTRIC PULLER 2/3 LEG (3T),Tridon 003483 Whitelaw Tooling Supplies,,,
TOLEDO CONCENTRIC PULLER 2/3 LEG (5T),Tridon 003483 Whitelaw Tooling Supplies,,,
TOLEDO CONCENTRIC PULLER 2/3 LEG (8T),Tridon 003483 Whitelaw Tooling Supplies,,,
TOLEDO CONCENTRIC PULLER 2/3 LEG (10T),Tridon 003483 Whitelaw Tooling Supplies,,,
TOLEDO SPLIT COLLET EXTRACTOR SET 9PC,Tridon 003483 Whitelaw Tooling Supplies,,,
TOLEDO 8-10 COLLET NO.1,Tridon 003483 Whitelaw Tooling Supplies,,,
TOLEDO 10-12 COLLET NO.2,Tridon 003483 Whitelaw Tooling Supplies,,,
TOLEDO 12-14 COLLET NO.3,Tridon 003483 Whitelaw Tooling Supplies,,,
TOLEDO 15-17 COLLET NO.4,Tridon 003483 Whitelaw Tooling Supplies,,,
TOLEDO 17-20 COLLET NO.5,Tridon 003483 Whitelaw Tooling Supplies,,,
TOLEDO 20-24 COLLET NO.6,Tridon 003483 Whitelaw Tooling Supplies,,,
TOLEDO 25-29 COLLET NO.7,Tridon 003483 Whitelaw Tooling Supplies,,,
TOLEDO 30-32 COLLET NO.8,Tridon 003483 Whitelaw Tooling Supplies,,,
TOLEDO SLIDING T-BAR,Tridon 003483 Whitelaw Tooling Supplies,,,
TOLEDO LEGS (SET OF 3),Tridon 003483 Whitelaw Tooling Supplies,,,
TOLEDO MICRO BEARING PULLER,Tridon 003483 Whitelaw Tooling Supplies,,,
TOLEDO FORCING SCREW,Tridon 003483 Whitelaw Tooling Supplies,,,
TOLEDO LEGS,Tridon 003483 Whitelaw Tooling Supplies,,,
TOLEDO BODY ASSEMBLY,Tridon 003483 Whitelaw Tooling Supplies,,,
TOLEDO NOSE EXTENSION,Tridon 003483 Whitelaw Tooling Supplies,,,
TOLEDO PULLER ASSEMBLY,Tridon 003483 Whitelaw Tooling Supplies,,,
TOLEDO T BAR & HAMMER,Tridon 003483 Whitelaw Tooling Supplies,,,
TOLEDO 8-11MM COLLET,Tridon 003483 Whitelaw Tooling Supplies,,,
TOLEDO 12-17MM COLLET,Tridon 003483 Whitelaw Tooling Supplies,,,
TOLEDO 18-23MM COLLET,Tridon 003483 Whitelaw Tooling Supplies,,,
TOLEDO 24-29MM COLLET,Tridon 003483 Whitelaw Tooling Supplies,,,
TOLEDO 30-34MM COLLET,Tridon 003483 Whitelaw Tooling Supplies,,,
TOLEDO SCREW M10 X 1.5P,Tridon 003483 Whitelaw Tooling Supplies,,,
TOLEDO SCREW M10 X 1.5P M8 X 1.25P,Tridon 003483 Whitelaw Tooling Supplies,,,
TOLEDO SCREW M10 X 1.5P M6 X 1.0P,Tridon 003483 Whitelaw Tooling Supplies,,,
KNIPEX SNIPE NOSE PLIER 125MM,Tridon 003483 Whitelaw Tooling Supplies,,,
KNIPEX SNIPE NOSE PLIER 140MM,Tridon 003483 Whitelaw Tooling Supplies,,,
KNIPEX SNIPE NOSE PLIER 160MM,Tridon 003483 Whitelaw Tooling Supplies,,,
KNIPEX SNIPE NOSE PLIER 140MM,Tridon 003483 Whitelaw Tooling Supplies,,,
KNIPEX SNIPE NOSE PLIER 160MM,Tridon 003483 Whitelaw Tooling Supplies,,,
TOLEDO HEAVY DUTY STEERING WHEEL PULLER,Tridon 003483 Whitelaw Tooling Supplies,,,
KNIPEX CHAIN NOSE SIDE PLIER 125MM (AF),Tridon 003483 Whitelaw Tooling Supplies,,,
KNIPEX SNIPE NOSE PLIER 140MM (AF),Tridon 003483 Whitelaw Tooling Supplies,,,
KNIPEX CHAIN NOSE SIDE PLIER 160MM (AF),Tridon 003483 Whitelaw Tooling Supplies,,,
KNIPEX 1000V SNIPE NOSE  PLIERS 160MM,Tridon 003483 Whitelaw Tooling Supplies,,,
KNIPEX TETHERED LONG NOSE PL 1000V 160MM,Tridon 003483 Whitelaw Tooling Supplies,,,
TOLEDO COLLET 15-19MM,Tridon 003483 Whitelaw Tooling Supplies,,,
TOLEDO COLLET 18-25MM,Tridon 003483 Whitelaw Tooling Supplies,,,
TOLEDO COLLET 25-32MM,Tridon 003483 Whitelaw Tooling Supplies,,,
TOLEDO SLIDE HAMMER,Tridon 003483 Whitelaw Tooling Supplies,,,
TOLEDO FORCING SCREW,Tridon 003483 Whitelaw Tooling Supplies,,,
TOLEDO HAMMER HANDLE,Tridon 003483 Whitelaw Tooling Supplies,,,
TOLEDO PULLER BODY PLATE,Tridon 003483 Whitelaw Tooling Supplies,,,
TOLEDO PULLER LEG,Tridon 003483 Whitelaw Tooling Supplies,,,
KNIPEX SNIPE NOSE PLIER 160MM (AF),Tridon 003483 Whitelaw Tooling Supplies,,,
KNIPEX 1000V SNIPE NOSE PLIER BENT 160MM,Tridon 003483 Whitelaw Tooling Supplies,,,
TOLEDO HARMONIC BALANCER PULLER SET 46PC,Tridon 003483 Whitelaw Tooling Supplies,,,
KNIPEX SNIPE NOSE PLIER 200MM UNCARDED,Tridon 003483 Whitelaw Tooling Supplies,,,
KNIPEX SNIPE NOSE PLIER 200MM,Tridon 003483 Whitelaw Tooling Supplies,,,
KNIPEX SNIPE NOSE PLIER 200MM,Tridon 003483 Whitelaw Tooling Supplies,,,
KNIPEX SNIPE NOSE PL CHROME 200MM (AF),Tridon 003483 Whitelaw Tooling Supplies,,,
KNIPEX SNIPE NOSE PLIER 200MM,Tridon 003483 Whitelaw Tooling Supplies,,,
KNIPEX LONG NOSE PLIER 200mm,Tridon 003483 Whitelaw Tooling Supplies,,,
KNIPEX TETHERED LONG NOSE PL 1000V 200MM,Tridon 003483 Whitelaw Tooling Supplies,,,
KNIPEX 1000V SNIPE NOSE SIDE CUTT PLIERS,Tridon 003483 Whitelaw Tooling Supplies,,,
KNIPEX SNIPE NOSE PLIER BENT 200MM,Tridon 003483 Whitelaw Tooling Supplies,,,
KNIPEX SNIPE NOSE PLIER BENT 200MM,Tridon 003483 Whitelaw Tooling Supplies,,,
KNIPEX SNIPE NOSE SIDE PLIER 200MM (AF),Tridon 003483 Whitelaw Tooling Supplies,,,
KNIPEX 1000V SNIPE NOSE BENT 200MM,Tridon 003483 Whitelaw Tooling Supplies,,,
KNIPEX TETHERED LONG NOSE PL 1000V 200MM,Tridon 003483 Whitelaw Tooling Supplies,,,
KNIPEX 1000V SNIPE NOSE PL 200MM,Tridon 003483 Whitelaw Tooling Supplies,,,
TOLEDO HYD GEAR PULLER SET,Tridon 003483 Whitelaw Tooling Supplies,,,
TOLEDO REPAIR KIT RAM,Tridon 003483 Whitelaw Tooling Supplies,,,
TOLEDO TWIN HEAD,Tridon 003483 Whitelaw Tooling Supplies,,,
TOLEDO TRIPLE HEAD,Tridon 003483 Whitelaw Tooling Supplies,,,
TOLEDO CENTRE NUT,Tridon 003483 Whitelaw Tooling Supplies,,,
TOLEDO RAM 3PC EXTENSION,Tridon 003483 Whitelaw Tooling Supplies,,,
TOLEDO BEAM,Tridon 003483 Whitelaw Tooling Supplies,,,
TOLEDO MAIN ROD,Tridon 003483 Whitelaw Tooling Supplies,,,
TOLEDO EXTENSION ROD,Tridon 003483 Whitelaw Tooling Supplies,,,
TOLEDO HYDRAULIC BEARING SEPARATOR KIT,Tridon 003483 Whitelaw Tooling Supplies,,,
TOLEDO HYDRAULIC RAM 10T SUITS 265015,Tridon 003483 Whitelaw Tooling Supplies,,,
TOLEDO TRIPLE BEAM SUITS 265015,Tridon 003483 Whitelaw Tooling Supplies,,,
TOLEDO FORCING SCREW 210MM SUITS 265015,Tridon 003483 Whitelaw Tooling Supplies,,,
TOLEDO CENTER NUT SUITS 265015,Tridon 003483 Whitelaw Tooling Supplies,,,
TOLEDO PULLER LEG SET 3PC SUITS 265015,Tridon 003483 Whitelaw Tooling Supplies,,,
TOLEDO MAIN ROD 60MM SET 3PC,Tridon 003483 Whitelaw Tooling Supplies,,,
TOLEDO MAIN ROD 120MM SET 3PC,Tridon 003483 Whitelaw Tooling Supplies,,,
TOLEDO EXTENSION ROD 200MM SET 3PC,Tridon 003483 Whitelaw Tooling Supplies,,,
TOLEDO EXTENSION ROD 355MM SET 3PC,Tridon 003483 Whitelaw Tooling Supplies,,,
TOLEDO FORCING SCREW,Tridon 003483 Whitelaw Tooling Supplies,,,
TOLEDO 22 TONNE HYDR 3 LEG PULLER KIT,Tridon 003483 Whitelaw Tooling Supplies,,,
TOLEDO HYDRAULIC RAM,Tridon 003483 Whitelaw Tooling Supplies,,,
TOLEDO LEG ASSEMBLY,Tridon 003483 Whitelaw Tooling Supplies,,,
TOLEDO RAM REPAIR KIT,Tridon 003483 Whitelaw Tooling Supplies,,,
TOLEDO NOSE PIECE EXTN 45MM,Tridon 003483 Whitelaw Tooling Supplies,,,
TOLEDO NOSE PIECE EXTN 100MM,Tridon 003483 Whitelaw Tooling Supplies,,,
TOLEDO NOSE PIECE EXTN 150MM,Tridon 003483 Whitelaw Tooling Supplies,,,
TOLEDO MASTER PULLER SET,Tridon 003483 Whitelaw Tooling Supplies,,,
TOLEDO LEG 4IN/100MM,Tridon 003483 Whitelaw Tooling Supplies,,,
TOLEDO HYDRAULIC PULLER 2&3LEG 8IN/200MM,Tridon 003483 Whitelaw Tooling Supplies,,,
TOLEDO LEG 6IN/150MM,Tridon 003483 Whitelaw Tooling Supplies,,,
TOLEDO LEG 8IN/200MM,Tridon 003483 Whitelaw Tooling Supplies,,,
TOLEDO RAM,Tridon 003483 Whitelaw Tooling Supplies,,,
TOLEDO EXTENSION ROD,Tridon 003483 Whitelaw Tooling Supplies,,,
TOLEDO MAIN ROD,Tridon 003483 Whitelaw Tooling Supplies,,,
TOLEDO BEAM,Tridon 003483 Whitelaw Tooling Supplies,,,
TOLEDO LEG ASSEMBLY,Tridon 003483 Whitelaw Tooling Supplies,,,
TOLEDO COMBINATION TWIN/TRIPLE,Tridon 003483 Whitelaw Tooling Supplies,,,
TOLEDO SLIDE HAMMER PULLER SET,Tridon 003483 Whitelaw Tooling Supplies,,,
TOLEDO T BAR 5/8IN UNF,Tridon 003483 Whitelaw Tooling Supplies,,,
TOLEDO HAMMER HEAD,Tridon 003483 Whitelaw Tooling Supplies,,,
TOLEDO INTERNAL/EXTERNAL CONE,Tridon 003483 Whitelaw Tooling Supplies,,,
TOLEDO CENTRE SCREW,Tridon 003483 Whitelaw Tooling Supplies,,,
TOLEDO LOCK WASHERS (9),Tridon 003483 Whitelaw Tooling Supplies,,,
TOLEDO INTERNAL PULLER 15-30MM,Tridon 003483 Whitelaw Tooling Supplies,,,
TOLEDO INTERNAL PULLER 30-80MM,Tridon 003483 Whitelaw Tooling Supplies,,,
TOLEDO EXTERNAL PULLER 15-80MM,Tridon 003483 Whitelaw Tooling Supplies,,,
TOLEDO EXT CONE ADAPTOR LARGE,Tridon 003483 Whitelaw Tooling Supplies,,,
TOLEDO EXT CONE ADAPTOR SMALL,Tridon 003483 Whitelaw Tooling Supplies,,,
TOLEDO TRIPLE HEAD ALL PULLERS,Tridon 003483 Whitelaw Tooling Supplies,,,
TOLEDO BOLTS & NUTS LEGS HEAD 9PC,Tridon 003483 Whitelaw Tooling Supplies,,,
TOLEDO SLIDE HAMMER HUB PULLER,Tridon 003483 Whitelaw Tooling Supplies,,,
TOLEDO REPLACEMENT YOKE FOR 269013,Tridon 003483 Whitelaw Tooling Supplies,,,
TOLEDO SLIDE HAMMER PULLER ASSEMBLY,Tridon 003483 Whitelaw Tooling Supplies,,,
TOLEDO HYD & MECH HUB PULLER SET,Tridon 003483 Whitelaw Tooling Supplies,,,
RENNSTEIG WRECKING BAR SET ULTIMAX 3 PC,Tridon 003483 Whitelaw Tooling Supplies,,,
KNIPEX SNIPE PLIER CENTRE CUT 160MM (AF),Tridon 003483 Whitelaw Tooling Supplies,,,
RENNSTEIG WRECKING BAR XS 270MM,Tridon 003483 Whitelaw Tooling Supplies,,,
RENNSTEIG CROWBAR CURVED EDGE W TIP 1M,Tridon 003483 Whitelaw Tooling Supplies,,,
RENNSTEIG CROWBAR CURVED EDGE W TIP 1.5M,Tridon 003483 Whitelaw Tooling Supplies,,,
RENNSTEIG CROWBAR STRT EDGE W TIP 1M,Tridon 003483 Whitelaw Tooling Supplies,,,
RENNSTEIG CROWBAR STRT EDGE W TIP 1.5M,Tridon 003483 Whitelaw Tooling Supplies,,,
RENNSTEIG PODGER BAR 400MM,Tridon 003483 Whitelaw Tooling Supplies,,,
RENNSTEIG CROWBAR CLAW EDGE W TIP 1M,Tridon 003483 Whitelaw Tooling Supplies,,,
RENNSTEIG CROWBAR CLAW EDGE W TIP 1.5M,Tridon 003483 Whitelaw Tooling Supplies,,,
RENNSTEIG PODGER BAR 500MM,Tridon 003483 Whitelaw Tooling Supplies,,,
RENNSTEIG CROWBAR STR EDGE BALL TIP 1.5M,Tridon 003483 Whitelaw Tooling Supplies,,,
RENNSTEIG PODGER BAR 600MM,Tridon 003483 Whitelaw Tooling Supplies,,,
RENNSTEIG WRECKING BAR FLAT OVAL 1000MM,Tridon 003483 Whitelaw Tooling Supplies,,,
RENNSTEIG WRECKING BAR FLAT OVAL 400MM,Tridon 003483 Whitelaw Tooling Supplies,,,
RENNSTEIG WRECKING BAR FLAT OVAL 500MM,Tridon 003483 Whitelaw Tooling Supplies,,,
RENNSTEIG WRECKING BAR FLAT OVAL 600MM,Tridon 003483 Whitelaw Tooling Supplies,,,
RENNSTEIG WRECKING BAR FLAT OVAL 800MM,Tridon 003483 Whitelaw Tooling Supplies,,,
RENNSTEIG ANGULAR ASSEMBLY BAR 300 X 5MM,Tridon 003483 Whitelaw Tooling Supplies,,,
RENNSTEIG ANGULAR ASSEMBLY BAR 350 X 5MM,Tridon 003483 Whitelaw Tooling Supplies,,,
RENNSTEIG ANGULAR ASSEMBLY BAR 400 X 6MM,Tridon 003483 Whitelaw Tooling Supplies,,,
RENNSTEIG ANGULAR ASSEMBLY BAR 450 X 6MM,Tridon 003483 Whitelaw Tooling Supplies,,,
RENNSTEIG ANGULAR ASSEMBLY BAR 500 X 7MM,Tridon 003483 Whitelaw Tooling Supplies,,,
RENNSTEIG ANGULAR ASSEMBLY BAR 550 X 8MM,Tridon 003483 Whitelaw Tooling Supplies,,,
RENNSTEIG BOX CHISEL300MM,Tridon 003483 Whitelaw Tooling Supplies,,,
KNIPEX ASSEMBLY PLIER 200MM,Tridon 003483 Whitelaw Tooling Supplies,,,
KNIPEX FLAT NOSE ASSEMBLY PLIER 200MM-AF,Tridon 003483 Whitelaw Tooling Supplies,,,
KNIPEX FLAT NOSE PLIER STRAIGHT 280MM,Tridon 003483 Whitelaw Tooling Supplies,,,
KNIPEX FLAT NOSE PLIER 45 DEG 280MM,Tridon 003483 Whitelaw Tooling Supplies,,,
KNIPEX TELEPHONE PLIERS 160MM (AF),Tridon 003483 Whitelaw Tooling Supplies,,,
KNIPEX TELEPHONE PLIERS 160MM (AF),Tridon 003483 Whitelaw Tooling Supplies,,,
KNIPEX LONG NOSE PLIER 160MM (AF),Tridon 003483 Whitelaw Tooling Supplies,,,
KNIFE ONLY - BULK TOLEDO,Tridon 003483 Whitelaw Tooling Supplies,,,
TOLEDO S/STEEL RULE 3000MM/118IN,Tridon 003483 Whitelaw Tooling Supplies,,,
TOLEDO S/STEEL RULE 3000MM,Tridon 003483 Whitelaw Tooling Supplies,,,
TOLEDO S/STEEL RULE 300MM/12IN,Tridon 003483 Whitelaw Tooling Supplies,,,
SYKES CONNECTOR,Tridon 003483 Whitelaw Tooling Supplies,,,
SYKES MINI POCKET INSPECTION LIGHT,Tridon 003483 Whitelaw Tooling Supplies,,,
SYKES 100 AMP MICRO CURRENT CLAMP METER,Tridon 003483 Whitelaw Tooling Supplies,,,
SYKES TERMINATOR DIGITAL VOLTAGE TESTER,Tridon 003483 Whitelaw Tooling Supplies,,,
SYKES ELECTRICAL FAULT FINDER SET,Tridon 003483 Whitelaw Tooling Supplies,,,
SYKES TRANSMITTER,Tridon 003483 Whitelaw Tooling Supplies,,,
SYKES RECEIVER,Tridon 003483 Whitelaw Tooling Supplies,,,
SYKES CORDLESS CIRCUIT TESTER,Tridon 003483 Whitelaw Tooling Supplies,,,
SYKES FUSE BLOCK CONNECTOR SET,Tridon 003483 Whitelaw Tooling Supplies,,,
SYKES INTELIPROBE TESTER 6-24V,Tridon 003483 Whitelaw Tooling Supplies,,,
SYKES INFRA-RED LASER TACHOMETER,Tridon 003483 Whitelaw Tooling Supplies,,,
SYKES INFRARED LASER THERMOMETER,Tridon 003483 Whitelaw Tooling Supplies,,,
SYKES OXYGEN SENSOR TESTER & SIMULATOR,Tridon 003483 Whitelaw Tooling Supplies,,,
SYKES AUTOMOTIVE TEST LEAD SET,Tridon 003483 Whitelaw Tooling Supplies,,,
SYKES DOUBLE INSULATED TEST LEADS-1.2MTR,Tridon 003483 Whitelaw Tooling Supplies,,,
SYKES EST LEADS EXTENSION SET - 1.2MTRS,Tridon 003483 Whitelaw Tooling Supplies,,,
SYKES IN-LINE FUSE LINKS 10 AMP FUSE,Tridon 003483 Whitelaw Tooling Supplies,,,
SYKES CROC CLIPS WITH 10AMP IN-LINE FUSE,Tridon 003483 Whitelaw Tooling Supplies,,,
SYKES SLIMLINE BACK PROBES,Tridon 003483 Whitelaw Tooling Supplies,,,
SYKES CABLE PIERCERS,Tridon 003483 Whitelaw Tooling Supplies,,,
SYKES BED OF NAILS INSULATED CLIPS,Tridon 003483 Whitelaw Tooling Supplies,,,
SYKES DISPLAY STAND,Tridon 003483 Whitelaw Tooling Supplies,,,
ANALOGUE TIMING LIGHT,Tridon 003483 Whitelaw Tooling Supplies,,,
SYKES LAPTOP TIMING LIGHT,Tridon 003483 Whitelaw Tooling Supplies,,,
SYKES ACR & 10 APPS & CASE FOR 20,Tridon 003483 Whitelaw Tooling Supplies,,,
SYKES CRD HIGH PRESSURE METER,Tridon 003483 Whitelaw Tooling Supplies,,,
SYKES OXYGEN SENSOR TESTER,Tridon 003483 Whitelaw Tooling Supplies,,,
SYKES DIGITAL CO METER,Tridon 003483 Whitelaw Tooling Supplies,,,
TOLEDO S/STEEL RULE 300MM,Tridon 003483 Whitelaw Tooling Supplies,,,
TOLEDO S/STEEL RULE 300MM,Tridon 003483 Whitelaw Tooling Supplies,,,
TOLEDO S/STEEL RULE 300MM,Tridon 003483 Whitelaw Tooling Supplies,,,
TOLEDO S/STEEL RULE 300MM,Tridon 003483 Whitelaw Tooling Supplies,,,
TOLEDO STEEL CLEANING BRUSH SET 2PC,Tridon 003483 Whitelaw Tooling Supplies,,,
TOLEDO NYLON CLEANING BRUSH SET 2PC,Tridon 003483 Whitelaw Tooling Supplies,,,
TOLEDO BRUSH SET 3PC,Tridon 003483 Whitelaw Tooling Supplies,,,
TOLEDO PARTS CLEANING BRUSH,Tridon 003483 Whitelaw Tooling Supplies,,,
TOLEDO MAGNETIC S/S TRAY (150MM),Tridon 003483 Whitelaw Tooling Supplies,,,
TOLEDO GASKET SCRAPER,Tridon 003483 Whitelaw Tooling Supplies,,,
TOLEDO SCRAPER & HOOK SET 5PC,Tridon 003483 Whitelaw Tooling Supplies,,,
TOLEDO STETHOSCOPE,Tridon 003483 Whitelaw Tooling Supplies,,,
TOLEDO POCKET TELESCOPIC MIRROR,Tridon 003483 Whitelaw Tooling Supplies,,,
TOLEDO TELESCOPIC SQUARE MIRROR,Tridon 003483 Whitelaw Tooling Supplies,,,
TOLEDO TELESCOPIC MAGNETIC PICK UP TOOL,Tridon 003483 Whitelaw Tooling Supplies,,,
TOLEDO TELESCOPIC INSPECTION MIRROR,Tridon 003483 Whitelaw Tooling Supplies,,,
TOLEDO FLEXIBLE MAGNETIC PICK UP TOOL,Tridon 003483 Whitelaw Tooling Supplies,,,
TOLEDO POCKET MAGNETIC PICK UP TOOL,Tridon 003483 Whitelaw Tooling Supplies,,,
TOLEDO HOSE CRIMPING TOOL SMALL 150MM,Tridon 003483 Whitelaw Tooling Supplies,,,
TOLEDO HOSE CRIMPING TOOL MEDIUM 185MM,Tridon 003483 Whitelaw Tooling Supplies,,,
TOLEDO HOSE CRIMPING TOOL LARGE 255MM,Tridon 003483 Whitelaw Tooling Supplies,,,
TOLEDO HOSE/BRAKE LINE CRIMPING PLIERS,Tridon 003483 Whitelaw Tooling Supplies,,,
TOLEDO HOSE CRIMPING TOOL 150MM 4PC,Tridon 003483 Whitelaw Tooling Supplies,,,
TOLEDO HOSE CRIMPING TOOL 150MM,Tridon 003483 Whitelaw Tooling Supplies,,,
TOLEDO HOSE PINCHERS,Tridon 003483 Whitelaw Tooling Supplies,,,
TOLEDO PLASTIC PIPE CUTTER H.D.42MM,Tridon 003483 Whitelaw Tooling Supplies,,,
TOLEDO HOSE CLAMP PLIER FLAT BAND 45 DEG,Tridon 003483 Whitelaw Tooling Supplies,,,
TOLEDO HOSE CLAMP PLIER FLAT BAND STR,Tridon 003483 Whitelaw Tooling Supplies,,,
TOLEDO MINI TUBE CUTTER 3-15MM,Tridon 003483 Whitelaw Tooling Supplies,,,
TOLEDO TUBE CUTTER 3-30MM,Tridon 003483 Whitelaw Tooling Supplies,,,
TOLEDO TUBE BENDER 6/8/10MM,Tridon 003483 Whitelaw Tooling Supplies,,,
TOLEDO TUBE BENDER 4/6/8/10MM,Tridon 003483 Whitelaw Tooling Supplies,,,
TOLEDO QUICK FLUID STOPPER SET 12PC,Tridon 003483 Whitelaw Tooling Supplies,,,
TOLEDO FLARE NUT WRENCH SET METRIC 3PC,Tridon 003483 Whitelaw Tooling Supplies,,,
TOLEDO FLARE NUT WRENCH SET SAE 3PC,Tridon 003483 Whitelaw Tooling Supplies,,,
TOLEDO OIL SEAL REMOVER,Tridon 003483 Whitelaw Tooling Supplies,,,
TOLEDO PICK & HOOK SET MINATURE 4PC,Tridon 003483 Whitelaw Tooling Supplies,,,
TOLEDO ENGINE CYL HONE MED 3LEG 50-135MM,Tridon 003483 Whitelaw Tooling Supplies,,,
TOLEDO HONE MED 3LEG 32-90MM,Tridon 003483 Whitelaw Tooling Supplies,,,
TOLEDO BRAKE CYLINDER HONE MED 3 25-64MM,Tridon 003483 Whitelaw Tooling Supplies,,,
TOLEDO CYLINDER HONE MED 3LEG 32-90MM,Tridon 003483 Whitelaw Tooling Supplies,,,
TOLEDO CYLINDER HONE MED 3LEG 19-50MM,Tridon 003483 Whitelaw Tooling Supplies,,,
TOLEDO CYLINDER HONE MED 2LEG 13-64MM,Tridon 003483 Whitelaw Tooling Supplies,,,
TOLEDO HONE STONES MED 100MM (301044),Tridon 003483 Whitelaw Tooling Supplies,,,
TOLEDO HONE STONES MED 50MM (301045),Tridon 003483 Whitelaw Tooling Supplies,,,
TOLEDO HONE STONES FINE 28MM(301046),Tridon 003483 Whitelaw Tooling Supplies,,,
TOLEDO HONE STONES MED 28MM (301046),Tridon 003483 Whitelaw Tooling Supplies,,,
TOLEDO HONE STONES COA 28MM (301046),Tridon 003483 Whitelaw Tooling Supplies,,,
TOLEDO HONE STONES MED 28MM,Tridon 003483 Whitelaw Tooling Supplies,,,
TOLEDO HONE STONES FINE 28MM (301049),Tridon 003483 Whitelaw Tooling Supplies,,,
TOLEDO HONE STONES MED 28MM (301049),Tridon 003483 Whitelaw Tooling Supplies,,,
TOLEDO HONE STONES COA 28MM (301049),Tridon 003483 Whitelaw Tooling Supplies,,,
TOLEDO A/C & FUEL LINE DISCONNECT SET,Tridon 003483 Whitelaw Tooling Supplies,,,
TOLEDO FUEL LINE DISCONNECT TOOL SET,Tridon 003483 Whitelaw Tooling Supplies,,,
TOLEDO HONE STONES COARSE 100MM,Tridon 003483 Whitelaw Tooling Supplies,,,
TOLEDO UNIVERSAL THREAD GAUGE SET,Tridon 003483 Whitelaw Tooling Supplies,,,
TOLEDO THREAD FILE METRIC,Tridon 003483 Whitelaw Tooling Supplies,,,
TOLEDO THREAD FILE SAE,Tridon 003483 Whitelaw Tooling Supplies,,,
TOLEDO THREAD PITCH GAUGE 2PC,Tridon 003483 Whitelaw Tooling Supplies,,,
TOLEDO EXT THREAD RESTORER FILES SET,Tridon 003483 Whitelaw Tooling Supplies,,,
TOLEDO IGNITION POINTS FILE 80MM,Tridon 003483 Whitelaw Tooling Supplies,,,
TOLEDO JUMBO PRY BAR 800MM,Tridon 003483 Whitelaw Tooling Supplies,,,
TOLEDO WIPER ARM REMOVAL TOOL,Tridon 003483 Whitelaw Tooling Supplies,,,
TOLEDO PICK & HOOK SET EXTRA LONG,Tridon 003483 Whitelaw Tooling Supplies,,,
TOLEDO 2 PC BRASS BRISTLE BRUSH SET,Tridon 003483 Whitelaw Tooling Supplies,,,
TOLEDO 2 PC STAINLESS STEEL BRUSH SET,Tridon 003483 Whitelaw Tooling Supplies,,,
TOLEDO SCREW EXTRACTOR SET 6PC,Tridon 003483 Whitelaw Tooling Supplies,,,
TOLEDO NUT SPLITTER SET 2PC,Tridon 003483 Whitelaw Tooling Supplies,,,
TOLEDO DEAD BLOW HAMMER 35MM,Tridon 003483 Whitelaw Tooling Supplies,,,
TOLEDO DEAD BLOW HAMMER 45MM,Tridon 003483 Whitelaw Tooling Supplies,,,
TOLEDO DEAD BLOW HAMMER 55MM,Tridon 003483 Whitelaw Tooling Supplies,,,
TOLEDO DEAD BLOW HAMMER 65MM,Tridon 003483 Whitelaw Tooling Supplies,,,
TOLEDO PRY BAR SET 4PC,Tridon 003483 Whitelaw Tooling Supplies,,,
TOLEDO DOUBLE POINT SCRIBER,Tridon 003483 Whitelaw Tooling Supplies,,,
TOLEDO ENGINEERS SCRIBER,Tridon 003483 Whitelaw Tooling Supplies,,,
TOLEDO FLEXIBLE HANDLE 450MM 3/8 SQ DR,Tridon 003483 Whitelaw Tooling Supplies,,,
TOLEDO SCREWDR WITH FLEXIBLE LIGHT 7IN,Tridon 003483 Whitelaw Tooling Supplies,,,
TOLEDO EXTRA LONG SCREWDR 7MM SLOT,Tridon 003483 Whitelaw Tooling Supplies,,,
TOLEDO EXTRA LONG SCREWDRR PHILLIPS NO 2,Tridon 003483 Whitelaw Tooling Supplies,,,
TOLEDO OIL PRESSURE SWITCH SOCKET,Tridon 003483 Whitelaw Tooling Supplies,,,
TOLEDO OIL PRESSURE SWITCH SOCKET 1 3/16,Tridon 003483 Whitelaw Tooling Supplies,,,
TOLEDO OXYGEN SENSOR 22MM 7/8IN,Tridon 003483 Whitelaw Tooling Supplies,,,
TOLEDO PROFESSIONAL IMPACT DR SET,Tridon 003483 Whitelaw Tooling Supplies,,,
TOLEDO IMPACT DRIVER BIT SET 4PC,Tridon 003483 Whitelaw Tooling Supplies,,,
TOLEDO POWER BIT SET,Tridon 003483 Whitelaw Tooling Supplies,,,
TOLEDO TORQUE WRENCH 1/4IN DR,Tridon 003483 Whitelaw Tooling Supplies,,,
TOLEDO TORQUE WRENCH 3/8IN DR,Tridon 003483 Whitelaw Tooling Supplies,,,
TOLEDO TORQUE WRENCH 1/2IN DR,Tridon 003483 Whitelaw Tooling Supplies,,,
TOLEDO ANGULAR TORQUE GAUGE 1/2IN SQ,Tridon 003483 Whitelaw Tooling Supplies,,,
TOLEDO WIRE TWIST PLIER 230MM,Tridon 003483 Whitelaw Tooling Supplies,,,
TOLEDO WIRE TWIST PLIER 170MM,Tridon 003483 Whitelaw Tooling Supplies,,,
TOLEDO BANDING TOOL W/CUTTER,Tridon 003483 Whitelaw Tooling Supplies,,,
TOLEDO SPANNER RACK 15PC ORGANISER,Tridon 003483 Whitelaw Tooling Supplies,,,
TOLEDO FAN BELT TENSIONER,Tridon 003483 Whitelaw Tooling Supplies,,,
TOLEDO SIX POINT T-HANDLE,Tridon 003483 Whitelaw Tooling Supplies,,,
TOLEDO SIX POINT T-HANDLE T15,Tridon 003483 Whitelaw Tooling Supplies,,,
KNIPEX LONG NOSE PLIER 140MM,Tridon 003483 Whitelaw Tooling Supplies,,,
TOLEDO SIX POINT T-HANDLE T20,Tridon 003483 Whitelaw Tooling Supplies,,,
KNIPEX LONG NOSE PLIER 160MM,Tridon 003483 Whitelaw Tooling Supplies,,,
TOLEDO SIX POINT FOLDING SET METRIC 8,Tridon 003483 Whitelaw Tooling Supplies,,,
KNIPEX LONG NOSE PLIER 190MM,Tridon 003483 Whitelaw Tooling Supplies,,,
TOLEDO AVIATION SNIPS 250MM LEFT CUT,Tridon 003483 Whitelaw Tooling Supplies,,,
TOLEDO AVIATION SNIPS 250MM STRAIGHT CUT,Tridon 003483 Whitelaw Tooling Supplies,,,
TOLEDO AVIATION SNIPS 250MM RIGHT CUT,Tridon 003483 Whitelaw Tooling Supplies,,,
TOLEDO ANGLE TIP LOCK RING PLIERS,Tridon 003483 Whitelaw Tooling Supplies,,,
TOLEDO STRAIGHT TIP LOCK RING PLIERS,Tridon 003483 Whitelaw Tooling Supplies,,,
TOLEDO CIRCLIP PLIER 5IN INT STR TIPS,Tridon 003483 Whitelaw Tooling Supplies,,,
TOLEDO CIRCLIP PLIERS 5IN INT 90ANG TIP,Tridon 003483 Whitelaw Tooling Supplies,,,
TOLEDO CIRCLIP PLIER 5IN EXT STR TIPS,Tridon 003483 Whitelaw Tooling Supplies,,,
TOLEDO CIRCLIP PLIER 5IN EXT 90 ANG TIP,Tridon 003483 Whitelaw Tooling Supplies,,,
TOLEDO CIRCLIP PLIER 7IN INT STR TIPS,Tridon 003483 Whitelaw Tooling Supplies,,,
TOLEDO CIRCLIP PLIER 7IN INT 90 ANG TIP,Tridon 003483 Whitelaw Tooling Supplies,,,
TOLEDO CIRCLIP PLIER 7IN EXT STR TIPS,Tridon 003483 Whitelaw Tooling Supplies,,,
TOLEDO CIRCLIP PLIER 7IN EXT 90 ANG TIP,Tridon 003483 Whitelaw Tooling Supplies,,,
TOLEDO CIRCLIP PLIER 9IN INT STR TIPS,Tridon 003483 Whitelaw Tooling Supplies,,,
TOLEDO CIRCLIP PLIER 9 IN INT 90 ANG TIP,Tridon 003483 Whitelaw Tooling Supplies,,,
TOLEDO CIRCLIP PLIER 9IN EXT STRAIGHT,Tridon 003483 Whitelaw Tooling Supplies,,,
TOLEDO CIRCLIP PLIER 9IN EXT 90 ANG TIP,Tridon 003483 Whitelaw Tooling Supplies,,,
TOLEDO CIRCLIP PLIER SET REPLACEABLE TIP,Tridon 003483 Whitelaw Tooling Supplies,,,
TOLEDO BLADE SUITS 301032,Tridon 003483 Whitelaw Tooling Supplies,,,
TOLEDO TIP STRAIGHT HEAD 1.2MM,Tridon 003483 Whitelaw Tooling Supplies,,,
TOLEDO TIP STRAIGHT HEAD 1.5MM,Tridon 003483 Whitelaw Tooling Supplies,,,
TOLEDO TIP ANGLE HEAD 45 DEG 1.2MM,Tridon 003483 Whitelaw Tooling Supplies,,,
TOLEDO SENSOR SOCKET SET,Tridon 003483 Whitelaw Tooling Supplies,,,
TOLEDO CHISEL & PUNCH SET 15PC,Tridon 003483 Whitelaw Tooling Supplies,,,
TOLEDO PULLEY POSITION HOLDER,Tridon 003483 Whitelaw Tooling Supplies,,,
TOLEDO HOSE REMOVER SET 2PC,Tridon 003483 Whitelaw Tooling Supplies,,,
TOLEDO THREAD CHASER SET EXT,Tridon 003483 Whitelaw Tooling Supplies,,,
TOLEDO THREAD CHASER SET METRIC,Tridon 003483 Whitelaw Tooling Supplies,,,
TOLEDO FEELER GAUGE 38 BLADE MET/IMP,Tridon 003483 Whitelaw Tooling Supplies,,,
TOLEDO FEELER GAUGE 22 BLADE MET/IMP,Tridon 003483 Whitelaw Tooling Supplies,,,
TOLEDO FEELER GAUGE 26 BLADE CRANKED M/I,Tridon 003483 Whitelaw Tooling Supplies,,,
TOLEDO FEELER GAUGE 10 BLADE IMPERIAL,Tridon 003483 Whitelaw Tooling Supplies,,,
TOLEDO FEELER GAUGE 10 BLADE METRIC,Tridon 003483 Whitelaw Tooling Supplies,,,
TOLEDO FEELER GAUGE 16 BLADE MET/IMP,Tridon 003483 Whitelaw Tooling Supplies,,,
TOLEDO UNIVERSAL LOCKOUT TOOL,Tridon 003483 Whitelaw Tooling Supplies,,,
TOLEDO RAZOR SCRAPPER,Tridon 003483 Whitelaw Tooling Supplies,,,
TOLEDO SCREWDRIVER STUBY 4PC,Tridon 003483 Whitelaw Tooling Supplies,,,
TOLEDO WINDSCREEN WASHER NEEDLE,Tridon 003483 Whitelaw Tooling Supplies,,,
TOLEDO SIX POINT WRENCH SET 6PC,Tridon 003483 Whitelaw Tooling Supplies,,,
TOLEDO SPANNER RACK ORGANISER 12PC,Tridon 003483 Whitelaw Tooling Supplies,,,
TOLEDO SPLINE BIT SET 21PC,Tridon 003483 Whitelaw Tooling Supplies,,,
TOLEDO TOOLBOX RUBBER MAT 60 X 195CM,Tridon 003483 Whitelaw Tooling Supplies,,,
TOLEDO HOSE CLAMP PLIER 2PC CD,Tridon 003483 Whitelaw Tooling Supplies,,,
TOLEDO FLEXIBLE HOSE CLAMP PLIER CD,Tridon 003483 Whitelaw Tooling Supplies,,,
TOLEDO HOSE REMOVER PLIER CD,Tridon 003483 Whitelaw Tooling Supplies,,,
TOLEDO BIT SOCKET SET SAE 10PC,Tridon 003483 Whitelaw Tooling Supplies,,,
TOLEDO BIT SOCKET SET 6PT 10PC,Tridon 003483 Whitelaw Tooling Supplies,,,
TOLEDO BIT SOCKET SET METRIC 10PC,Tridon 003483 Whitelaw Tooling Supplies,,,
TOLEDO BIT SOCKET SET SAE 10PC,Tridon 003483 Whitelaw Tooling Supplies,,,
TOLEDO BIT SOCKET SET 6PT 10PC,Tridon 003483 Whitelaw Tooling Supplies,,,
TOLEDO HEAVY DUTY PIN PUNCH SET - 7 PC,Tridon 003483 Whitelaw Tooling Supplies,,,
TOLEDO EXTRA LONG PIN PUNCH SET - 5 PC,Tridon 003483 Whitelaw Tooling Supplies,,,
TOLEDO HEAVY DUTY CHISELS SET - 6 PC,Tridon 003483 Whitelaw Tooling Supplies,,,
TOLEDO ADJUSTABLE PRY BAR,Tridon 003483 Whitelaw Tooling Supplies,,,
TOLEDO AIR GUN HOLDER,Tridon 003483 Whitelaw Tooling Supplies,,,
TOLEDO MAGNETIC PARTS TRAY,Tridon 003483 Whitelaw Tooling Supplies,,,
TOLEDO MAGNETIC PICK UP & RELEASE TOOL,Tridon 003483 Whitelaw Tooling Supplies,,,
TOLEDO CROWFOOT WRENCH SET METRIC,Tridon 003483 Whitelaw Tooling Supplies,,,
TOLEDO PIPE WRENCH 200MM (8IN),Tridon 003483 Whitelaw Tooling Supplies,,,
TOLEDO PIPE WRENCH 250MM (10IN),Tridon 003483 Whitelaw Tooling Supplies,,,
TOLEDO PIPE WRENCH 300MM (12IN),Tridon 003483 Whitelaw Tooling Supplies,,,
TOLEDO PIPE WRENCH 350MM (14IN),Tridon 003483 Whitelaw Tooling Supplies,,,
TOLEDO PIPE WRENCH 450MM (18IN),Tridon 003483 Whitelaw Tooling Supplies,,,
TOLEDO PIPE WRENCH 600MM (24IN),Tridon 003483 Whitelaw Tooling Supplies,,,
TOLEDO PIPE WRENCH 900MM (36IN),Tridon 003483 Whitelaw Tooling Supplies,,,
TOLEDO RATCHET PODGER WRENCH 10X12MM,Tridon 003483 Whitelaw Tooling Supplies,,,
TOLEDO RATCHET PODGER WRENCH 13X17MM,Tridon 003483 Whitelaw Tooling Supplies,,,
TOLEDO RATCHET PODGER WRENCH 14X15MM,Tridon 003483 Whitelaw Tooling Supplies,,,
TOLEDO RATCHET PODGER WRENCH 16X18MM,Tridon 003483 Whitelaw Tooling Supplies,,,
TOLEDO RATCHET PODGER WRENCH 17X19MM,Tridon 003483 Whitelaw Tooling Supplies,,,
TOLEDO RATCHET PODGER WRENCH 18X24MM,Tridon 003483 Whitelaw Tooling Supplies,,,
TOLEDO RATCHET PODGER WRENCH 19X21MM,Tridon 003483 Whitelaw Tooling Supplies,,,
TOLEDO RATCHET PODGER WRENCH 19X24MM,Tridon 003483 Whitelaw Tooling Supplies,,,
TOLEDO RATCHET PODGER WRENCH 21X24MM,Tridon 003483 Whitelaw Tooling Supplies,,,
TOLEDO RATCHET PODGER WRENCH 21X26MM,Tridon 003483 Whitelaw Tooling Supplies,,,
TOLEDO RATCHET PODGER WRENCH 22X24MM,Tridon 003483 Whitelaw Tooling Supplies,,,
TOLEDO RATCHET PODGER WRENCH 24X30MM,Tridon 003483 Whitelaw Tooling Supplies,,,
TOLEDO RATCHET PODGER WRENCH 24X27MM,Tridon 003483 Whitelaw Tooling Supplies,,,
TOLEDO RATCHET PODGER WRENCH 27X32MM,Tridon 003483 Whitelaw Tooling Supplies,,,
TOLEDO RATCHET PODGER WRENCH 30X32MM,Tridon 003483 Whitelaw Tooling Supplies,,,
TOLEDO RATCHET PODGER WRENCH 32X36MM,Tridon 003483 Whitelaw Tooling Supplies,,,
TOLEDO RATCHET PODGER WRENCH 36X41MM,Tridon 003483 Whitelaw Tooling Supplies,,,
TOLEDO RATCHET PODGER WRENCH 41X46MM,Tridon 003483 Whitelaw Tooling Supplies,,,
TOLEDO RATCHET PODGER WRENCH 41X55MM,Tridon 003483 Whitelaw Tooling Supplies,,,
TOLEDO RATCHET PODGER WRENCH 46X50MM,Tridon 003483 Whitelaw Tooling Supplies,,,
TOLEDO RATCHET PODGER WRENCH 21X24MM,Tridon 003483 Whitelaw Tooling Supplies,,,
TOLEDO RATCHET PODGER WRENCH 26X32MM,Tridon 003483 Whitelaw Tooling Supplies,,,
TOLEDO BREAKER BAR 610MM 1/2IN DR,Tridon 003483 Whitelaw Tooling Supplies,,,
TOLEDO BREAKER BAR 610MM 3/4IN DR,Tridon 003483 Whitelaw Tooling Supplies,,,
TOLEDO SCRAPER SET,Tridon 003483 Whitelaw Tooling Supplies,,,
TOLEDO SAFETY RAZOR BLADES 100PK,Tridon 003483 Whitelaw Tooling Supplies,,,
TOLEDO PLASTIC RAZOR BLADES 100PK,Tridon 003483 Whitelaw Tooling Supplies,,,
TOLEDO SAFETY RAZOR BLADES 12PK,Tridon 003483 Whitelaw Tooling Supplies,,,
TOLEDO SWIVEL T-HDL RATCH WRENCH 10MM,Tridon 003483 Whitelaw Tooling Supplies,,,
TOLEDO SWIVEL T-HDL RATCH WRENCH 12MM,Tridon 003483 Whitelaw Tooling Supplies,,,
TOLEDO SWIVEL T-HDL RATCH WRENCH 13MM,Tridon 003483 Whitelaw Tooling Supplies,,,
TOLEDO FWD HUB BEARING SERVICE KIT,Tridon 003483 Whitelaw Tooling Supplies,,,
TOLEDO MAIN SCREW,Tridon 003483 Whitelaw Tooling Supplies,,,
TOLEDO CUP 90MM,Tridon 003483 Whitelaw Tooling Supplies,,,
TOLEDO CUP 76MM,Tridon 003483 Whitelaw Tooling Supplies,,,
TOLEDO ADAPTOR 84MM,Tridon 003483 Whitelaw Tooling Supplies,,,
TOLEDO ADAPTOR 73MM,Tridon 003483 Whitelaw Tooling Supplies,,,
TOLEDO ADAPTOR 71.5MM,Tridon 003483 Whitelaw Tooling Supplies,,,
TOLEDO ADAPTOR 66MM,Tridon 003483 Whitelaw Tooling Supplies,,,
TOLEDO ADAPTOR 65MM,Tridon 003483 Whitelaw Tooling Supplies,,,
TOLEDO ADAPTOR 62MM,Tridon 003483 Whitelaw Tooling Supplies,,,
TOLEDO ADAPTOR 59MM,Tridon 003483 Whitelaw Tooling Supplies,,,
TOLEDO ADAPTOR 55.5MM,Tridon 003483 Whitelaw Tooling Supplies,,,
TOLEDO GAS STRUT SUPPORT TOOL,Tridon 003483 Whitelaw Tooling Supplies,,,
TOLEDO GASKET SCRAPER SET 3PC,Tridon 003483 Whitelaw Tooling Supplies,,,
TOLEDO SHEET METAL MULTI-GRIP PLIER SET,Tridon 003483 Whitelaw Tooling Supplies,,,
TOLEDO SHEET METAL PLIER - WIDE JAW,Tridon 003483 Whitelaw Tooling Supplies,,,
TOLEDO SHEET METAL PLIER - DBL CURVE JAW,Tridon 003483 Whitelaw Tooling Supplies,,,
TOLEDO SHEET METAL PLIER WIDE CURVE JAW,Tridon 003483 Whitelaw Tooling Supplies,,,
TOLEDO SHEET METAL PLIER - ANGLED JAW,Tridon 003483 Whitelaw Tooling Supplies,,,
TOLEDO NUT SPLITTING SET 4PC,Tridon 003483 Whitelaw Tooling Supplies,,,
TOLEDO STAR E SOCKET SET 5PC,Tridon 003483 Whitelaw Tooling Supplies,,,
TOLEDO REPLACEMENT HEAD 3/4IN,Tridon 003483 Whitelaw Tooling Supplies,,,
TOLEDO REPLACEMENT HEAD 1/2IN,Tridon 003483 Whitelaw Tooling Supplies,,,
TOLEDO CLIP PLIER SET,Tridon 003483 Whitelaw Tooling Supplies,,,
TOLEDO DEBURRING TOOL,Tridon 003483 Whitelaw Tooling Supplies,,,
TOLEDO SPARE BLADE FOR 301295,Tridon 003483 Whitelaw Tooling Supplies,,,
TOLEDO OIL SEAL PICK SET 2PC,Tridon 003483 Whitelaw Tooling Supplies,,,
TOLEDO POCKET MAGNETIC PICKUP TOOL 0.7KG,Tridon 003483 Whitelaw Tooling Supplies,,,
TOLEDO POCKET MAGNETIC PICK-UP TOOL,Tridon 003483 Whitelaw Tooling Supplies,,,
TOLEDO FLARING/SWAGING SET SINGLE/D,Tridon 003483 Whitelaw Tooling Supplies,,,
TOLEDO DEAD BLOW HAMMER,Tridon 003483 Whitelaw Tooling Supplies,,,
TOLEDO SMALL DRIVER SHAFT,Tridon 003483 Whitelaw Tooling Supplies,,,
TOLEDO MEDIUM DRIVER SHAFT,Tridon 003483 Whitelaw Tooling Supplies,,,
TOLEDO LARGE DRIVER SHAFT,Tridon 003483 Whitelaw Tooling Supplies,,,
TOLEDO ADAPTORS NO. 7-12 (15-47MM),Tridon 003483 Whitelaw Tooling Supplies,,,
TOLEDO ADAPTORS NO. 22-24 (35-82MM),Tridon 003483 Whitelaw Tooling Supplies,,,
TOLEDO ADAPTORS NO. 28-29 (45-85MM),Tridon 003483 Whitelaw Tooling Supplies,,,
TOLEDO ADAPTOR NO. 30 (45-100MM),Tridon 003483 Whitelaw Tooling Supplies,,,
KNIPEX LONG NOSE PLIER 140MM (AF),Tridon 003483 Whitelaw Tooling Supplies,,,
TOLEDO ADAPTORS NO. 31-32 (50-90MM),Tridon 003483 Whitelaw Tooling Supplies,,,
KNIPEX LONG NOSE PLIER 160MM (AF),Tridon 003483 Whitelaw Tooling Supplies,,,
TOLEDO FIVE POINT BIT SET 11PC,Tridon 003483 Whitelaw Tooling Supplies,,,
TOLEDO FIVE POINT BIT T50,Tridon 003483 Whitelaw Tooling Supplies,,,
TOLEDO FIVE POINT BIT HOLDER 1/4 IN,Tridon 003483 Whitelaw Tooling Supplies,,,
TOLEDO GLOBE FOR 301015,Tridon 003483 Whitelaw Tooling Supplies,,,
TOLEDO POWERBAR IMPACT WRENCH,Tridon 003483 Whitelaw Tooling Supplies,,,
TOLEDO REPLACMENT BOLT FOR 301337,Tridon 003483 Whitelaw Tooling Supplies,,,
TOLEDO STUB RATCHET WRENCH 14MM,Tridon 003483 Whitelaw Tooling Supplies,,,
TOLEDO STUB RATCHET WRENCH 15MM,Tridon 003483 Whitelaw Tooling Supplies,,,
TOLEDO STUB RATCHET WRENCH 17MM,Tridon 003483 Whitelaw Tooling Supplies,,,
TOLEDO STUB RATCHET WRENCH 19MM,Tridon 003483 Whitelaw Tooling Supplies,,,
TOLEDO TORQUE WRENCH 3/4IN DR,Tridon 003483 Whitelaw Tooling Supplies,,,
TOLEDO BEARING & SEAL INSTALLER KIT 10PC,Tridon 003483 Whitelaw Tooling Supplies,,,
TOLEDO BEARING - SEAL CONE 40MM,Tridon 003483 Whitelaw Tooling Supplies,,,
TOLEDO BEARING - SEAL CONE 44MM,Tridon 003483 Whitelaw Tooling Supplies,,,
TOLEDO BEARING - SEAL CONE 50MM,Tridon 003483 Whitelaw Tooling Supplies,,,
TOLEDO BEARING - SEAL CONE 60MM,Tridon 003483 Whitelaw Tooling Supplies,,,
TOLEDO BEARING - SEAL CONE 63MM,Tridon 003483 Whitelaw Tooling Supplies,,,
TOLEDO BEARING - SEAL CONE 72MM,Tridon 003483 Whitelaw Tooling Supplies,,,
TOLEDO BEARING - SEAL CONE 76MM,Tridon 003483 Whitelaw Tooling Supplies,,,
TOLEDO BEARING - SEAL CONE 80MM,Tridon 003483 Whitelaw Tooling Supplies,,,
TOLEDO DRIVE SHAFT SUITS 301350,Tridon 003483 Whitelaw Tooling Supplies,,,
TOLEDO STUB COMB RATCHET WRENCH 11/16IN,Tridon 003483 Whitelaw Tooling Supplies,,,
TOLEDO STUB COMB RATCHET WRENCH 3/4IN,Tridon 003483 Whitelaw Tooling Supplies,,,
TOLEDO CROWFOOT FLARED WRENCH 5/16IN,Tridon 003483 Whitelaw Tooling Supplies,,,
TOLEDO CROWFOOT FLARED WRENCH 3/8IN,Tridon 003483 Whitelaw Tooling Supplies,,,
TOLEDO CROWFOOT FLARED WRENCH 7/16IN,Tridon 003483 Whitelaw Tooling Supplies,,,
TOLEDO CROWFOOT FLARED WRENCH 1/2IN,Tridon 003483 Whitelaw Tooling Supplies,,,
TOLEDO CROWFOOT FLARED WRENCH 9/16IN,Tridon 003483 Whitelaw Tooling Supplies,,,
TOLEDO CROWFOOT FLARED WRENCH 5/8IN,Tridon 003483 Whitelaw Tooling Supplies,,,
TOLEDO CROWFOOT FLARED WRENCH 11/16IN,Tridon 003483 Whitelaw Tooling Supplies,,,
TOLEDO CROWFOOT FLARED WRENCH 3/4IN,Tridon 003483 Whitelaw Tooling Supplies,,,
TOLEDO CROWFOOT FLARED WRENCH 13/16IN,Tridon 003483 Whitelaw Tooling Supplies,,,
TOLEDO CROWFOOT FLARED WRENCH 7/8IN,Tridon 003483 Whitelaw Tooling Supplies,,,
TOLEDO CROWFOOT FLARED WRENCH 15/16IN,Tridon 003483 Whitelaw Tooling Supplies,,,
TOLEDO CROWFOOT FLARED WRENCH 1IN,Tridon 003483 Whitelaw Tooling Supplies,,,
TOLEDO CROWFOOT FLARED WRENCH SET METRIC,Tridon 003483 Whitelaw Tooling Supplies,,,
TOLEDO CROWFOOT FLARED WRENCH 8MM,Tridon 003483 Whitelaw Tooling Supplies,,,
TOLEDO CROWFOOT FLARED WRENCH 9MM,Tridon 003483 Whitelaw Tooling Supplies,,,
TOLEDO CROWFOOT FLARED WRENCH 10MM,Tridon 003483 Whitelaw Tooling Supplies,,,
TOLEDO CROWFOOT FLARED WRENCH 11MM,Tridon 003483 Whitelaw Tooling Supplies,,,
TOLEDO CROWFOOT FLARED WRENCH 12MM,Tridon 003483 Whitelaw Tooling Supplies,,,
TOLEDO CROWFOOT FLARED WRENCH 13MM,Tridon 003483 Whitelaw Tooling Supplies,,,
TOLEDO CROWFOOT FLARED WRENCH 14MM,Tridon 003483 Whitelaw Tooling Supplies,,,
TOLEDO CROWFOOT FLARED WRENCH 15MM,Tridon 003483 Whitelaw Tooling Supplies,,,
TOLEDO CROWFOOT FLARED WRENCH 16MM,Tridon 003483 Whitelaw Tooling Supplies,,,
TOLEDO CROWFOOT FLARED WRENCH 17MM,Tridon 003483 Whitelaw Tooling Supplies,,,
TOLEDO CROWFOOT FLARED WRENCH 18MM,Tridon 003483 Whitelaw Tooling Supplies,,,
TOLEDO CROWFOOT FLARED WRENCH 19MM,Tridon 003483 Whitelaw Tooling Supplies,,,
TOLEDO CROWFOOT FLARED WRENCH 21MM,Tridon 003483 Whitelaw Tooling Supplies,,,
TOLEDO CROWFOOT FLARED WRENCH 22MM,Tridon 003483 Whitelaw Tooling Supplies,,,
TOLEDO CROWFOOT FLARED WRENCH 24MM,Tridon 003483 Whitelaw Tooling Supplies,,,
TOLEDO MAGNETIC PARTS TRAY 240X140X30MM,Tridon 003483 Whitelaw Tooling Supplies,,,
TOLEDO REPLACEMENT BULB SET FOR 301399,Tridon 003483 Whitelaw Tooling Supplies,,,
TOLEDO FLEX HEAD RATCH WRENCH SET METRIC,Tridon 003483 Whitelaw Tooling Supplies,,,
TOLEDO FLEX HEAD RATCHET WRENCH 14MM,Tridon 003483 Whitelaw Tooling Supplies,,,
TOLEDO FLEX HEAD RATCHET WRENCH 15MM,Tridon 003483 Whitelaw Tooling Supplies,,,
TOLEDO FLEX HEAD RATCHET WRENCH 18MM,Tridon 003483 Whitelaw Tooling Supplies,,,
TOLEDO FLEX HEAD RATCHET WRENCH SET SAE,Tridon 003483 Whitelaw Tooling Supplies,,,
TOLEDO FLEX HEAD RATCHET WRENCH 5/16IN,Tridon 003483 Whitelaw Tooling Supplies,,,
TOLEDO FLEX HEAD RATCHET WRENCH 7/16IN,Tridon 003483 Whitelaw Tooling Supplies,,,
TOLEDO FLEX HEAD RATCHET WRENCH 1/2IN,Tridon 003483 Whitelaw Tooling Supplies,,,
TOLEDO FLEX HEAD RATCHET WRENCH 9/16IN,Tridon 003483 Whitelaw Tooling Supplies,,,
TOLEDO CROWFOOT WRENCH SET SAE,Tridon 003483 Whitelaw Tooling Supplies,,,
TOLEDO CROWFOOT WRENCH 3/8IN,Tridon 003483 Whitelaw Tooling Supplies,,,
TOLEDO CROWFOOT WRENCH 7/16IN,Tridon 003483 Whitelaw Tooling Supplies,,,
TOLEDO CROWFOOT WRENCH 1/2IN,Tridon 003483 Whitelaw Tooling Supplies,,,
TOLEDO CROWFOOT WRENCH 9/16IN,Tridon 003483 Whitelaw Tooling Supplies,,,
TOLEDO CROWFOOT WRENCH 5/8IN,Tridon 003483 Whitelaw Tooling Supplies,,,
TOLEDO CROWFOOT WRENCH 11/16IN,Tridon 003483 Whitelaw Tooling Supplies,,,
TOLEDO CROWFOOT WRENCH 3/4IN,Tridon 003483 Whitelaw Tooling Supplies,,,
TOLEDO CROWFOOT WRENCH 13/16IN,Tridon 003483 Whitelaw Tooling Supplies,,,
TOLEDO CROWFOOT WRENCH 7/8IN,Tridon 003483 Whitelaw Tooling Supplies,,,
TOLEDO CROWFOOT WRENCH 15/16IN,Tridon 003483 Whitelaw Tooling Supplies,,,
TOLEDO CROWFOOT WRENCH 1IN,Tridon 003483 Whitelaw Tooling Supplies,,,
TOLEDO CROWFOOT WRENCH 10MM,Tridon 003483 Whitelaw Tooling Supplies,,,
TOLEDO CROWFOOT WRENCH 11MM,Tridon 003483 Whitelaw Tooling Supplies,,,
TOLEDO CROWFOOT WRENCH 12MM,Tridon 003483 Whitelaw Tooling Supplies,,,
TOLEDO CROWFOOT WRENCH 13MM,Tridon 003483 Whitelaw Tooling Supplies,,,
TOLEDO CROWFOOT WRENCH 14MM,Tridon 003483 Whitelaw Tooling Supplies,,,
TOLEDO CROWFOOT WRENCH 15MM,Tridon 003483 Whitelaw Tooling Supplies,,,
TOLEDO CROWFOOT WRENCH 16MM,Tridon 003483 Whitelaw Tooling Supplies,,,
TOLEDO CROWFOOT WRENCH 17MM,Tridon 003483 Whitelaw Tooling Supplies,,,
TOLEDO CROWFOOT WRENCH 18MM,Tridon 003483 Whitelaw Tooling Supplies,,,
TOLEDO CROWFOOT WRENCH 19MM,Tridon 003483 Whitelaw Tooling Supplies,,,
TOLEDO CROWFOOT WRENCH 21MM,Tridon 003483 Whitelaw Tooling Supplies,,,
TOLEDO CROWFOOT WRENCH 22MM,Tridon 003483 Whitelaw Tooling Supplies,,,
TOLEDO CROWFOOT WRENCH 23MM,Tridon 003483 Whitelaw Tooling Supplies,,,
TOLEDO CROWFOOT WRENCH 24MM,Tridon 003483 Whitelaw Tooling Supplies,,,
TOLEDO CROWFOOT WRENCH 26MM,Tridon 003483 Whitelaw Tooling Supplies,,,
TOLEDO THREAD RESTORING SET METRIC 15PC,Tridon 003483 Whitelaw Tooling Supplies,,,
TOLEDO DIE NUT METRIC 10MM X 1.5,Tridon 003483 Whitelaw Tooling Supplies,,,
TOLEDO DIE NUT METRIC 12MM X 1.75,Tridon 003483 Whitelaw Tooling Supplies,,,
TOLEDO TAP METRIC 10MM X 1.25,Tridon 003483 Whitelaw Tooling Supplies,,,
TOLEDO TAP METRIC 12MM X 1.5,Tridon 003483 Whitelaw Tooling Supplies,,,
TOLEDO TAP METRIC 12MM X 1.75,Tridon 003483 Whitelaw Tooling Supplies,,,
TOLEDO CROWFOOT WRENCH SET METRIC,Tridon 003483 Whitelaw Tooling Supplies,,,
TOLEDO CROWFOOT WRENCH 27MM,Tridon 003483 Whitelaw Tooling Supplies,,,
TOLEDO CROWFOOT WRENCH 29MM,Tridon 003483 Whitelaw Tooling Supplies,,,
TOLEDO CROWFOOT WRENCH 30MM,Tridon 003483 Whitelaw Tooling Supplies,,,
TOLEDO CROWFOOT WRENCH 32MM,Tridon 003483 Whitelaw Tooling Supplies,,,
TOLEDO CROWFOOT WRENCH 33MM,Tridon 003483 Whitelaw Tooling Supplies,,,
TOLEDO CROWFOOT WRENCH 34MM,Tridon 003483 Whitelaw Tooling Supplies,,,
TOLEDO CROWFOOT WRENCH 35MM,Tridon 003483 Whitelaw Tooling Supplies,,,
TOLEDO CROWFOOT WRENCH 36MM,Tridon 003483 Whitelaw Tooling Supplies,,,
TOLEDO CROWFOOT WRENCH 38MM,Tridon 003483 Whitelaw Tooling Supplies,,,
TOLEDO CROWFOOT WRENCH 41MM,Tridon 003483 Whitelaw Tooling Supplies,,,
TOLEDO CROWFOOT WRENCH 43MM,Tridon 003483 Whitelaw Tooling Supplies,,,
TOLEDO CROWFOOT WRENCH 46MM,Tridon 003483 Whitelaw Tooling Supplies,,,
TOLEDO CROWFOOT WRENCH 48MM,Tridon 003483 Whitelaw Tooling Supplies,,,
TOLEDO CROWFOOT WRENCH 50MM,Tridon 003483 Whitelaw Tooling Supplies,,,
TOLEDO RATCHET WRENCH SET SAE 4PC,Tridon 003483 Whitelaw Tooling Supplies,,,
TOLEDO VALVE SPRING COMPRESSOR TOOL,Tridon 003483 Whitelaw Tooling Supplies,,,
TOLEDO IMPACT SOCKET SET 3/4IN SQ DR 5PC,Tridon 003483 Whitelaw Tooling Supplies,,,
TOLEDO BRASS PIN & DRIFT PUNCH SET,Tridon 003483 Whitelaw Tooling Supplies,,,
TOLEDO DOWELL PIN PUNCH 3MM,Tridon 003483 Whitelaw Tooling Supplies,,,
TOLEDO DOWELL PIN PUNCH 6.5MM,Tridon 003483 Whitelaw Tooling Supplies,,,
TOLEDO DOWELL PIN PUNCH 8MM,Tridon 003483 Whitelaw Tooling Supplies,,,
TOLEDO DOWELL PIN PUNCH 9.5MM,Tridon 003483 Whitelaw Tooling Supplies,,,
TOLEDO THREAD RESTORING SET UNF/UNC 18PC,Tridon 003483 Whitelaw Tooling Supplies,,,
TOLEDO DIE NUT UNF 1/4IN,Tridon 003483 Whitelaw Tooling Supplies,,,
TOLEDO DIE NUT UNF 5/16IN,Tridon 003483 Whitelaw Tooling Supplies,,,
TOLEDO DIE NUT UNF 3/8IN,Tridon 003483 Whitelaw Tooling Supplies,,,
TOLEDO DIE NUT UNF 5/8IN,Tridon 003483 Whitelaw Tooling Supplies,,,
TOLEDO DIE NUT UNC 1/4IN,Tridon 003483 Whitelaw Tooling Supplies,,,
TOLEDO DIE NUT UNC 3/8IN,Tridon 003483 Whitelaw Tooling Supplies,,,
TOLEDO DIE NUT UNC 1/2IN,Tridon 003483 Whitelaw Tooling Supplies,,,
TOLEDO DIE NUT UNC 9/16IN,Tridon 003483 Whitelaw Tooling Supplies,,,
KNIPEX LONG NOSE PLIER 140MM (AF),Tridon 003483 Whitelaw Tooling Supplies,,,
TOLEDO DIE NUT UNC 5/8IN,Tridon 003483 Whitelaw Tooling Supplies,,,
KNIPEX LONG NOSE PLIER 160MM (AF),Tridon 003483 Whitelaw Tooling Supplies,,,
KNIPEX LONG NOSE PLIER 190MM (AF),Tridon 003483 Whitelaw Tooling Supplies,,,
TOLEDO TWIST SOCKET SET METRIC 10PC,Tridon 003483 Whitelaw Tooling Supplies,,,
TOLEDO TWIST SOCKET 8MM,Tridon 003483 Whitelaw Tooling Supplies,,,
TOLEDO TWIST SOCKET 10MM,Tridon 003483 Whitelaw Tooling Supplies,,,
TOLEDO TWIST SOCKET 12MM,Tridon 003483 Whitelaw Tooling Supplies,,,
TOLEDO TWIST SOCKET 13MM,Tridon 003483 Whitelaw Tooling Supplies,,,
TOLEDO TWIST SOCKET 14MM,Tridon 003483 Whitelaw Tooling Supplies,,,
TOLEDO TWIST SOCKET 15MM,Tridon 003483 Whitelaw Tooling Supplies,,,
TOLEDO TWIST SOCKET 16MM,Tridon 003483 Whitelaw Tooling Supplies,,,
TOLEDO TWIST SOCKET 17MM,Tridon 003483 Whitelaw Tooling Supplies,,,
TOLEDO TWIST SOCKET 19MM,Tridon 003483 Whitelaw Tooling Supplies,,,
TOLEDO TWIST SOCKET 21MM,Tridon 003483 Whitelaw Tooling Supplies,,,
TOLEDO SMALL T BAR 8MM,Tridon 003483 Whitelaw Tooling Supplies,,,
TOLEDO LARGE T BAR 8-12MM,Tridon 003483 Whitelaw Tooling Supplies,,,
TOLEDO EXTRACTOR AND DRILL SET,Tridon 003483 Whitelaw Tooling Supplies,,,
TOLEDO SCREW EXTRACTOR SET HEAVYDUTY 9PC,Tridon 003483 Whitelaw Tooling Supplies,,,
TOLEDO BREAKER BAR 1 INCH SQDR HD 1000MM,Tridon 003483 Whitelaw Tooling Supplies,,,
TOLEDO BREAKER BAR REPLACMENT 1 INCH SQ,Tridon 003483 Whitelaw Tooling Supplies,,,
TOLEDO PLIER RACK ORGANISER,Tridon 003483 Whitelaw Tooling Supplies,,,
TOLEDO TWIST SOCKET SET DEEP 5PC,Tridon 003483 Whitelaw Tooling Supplies,,,
TOLEDO TWIST SOCKET SET SHALLOW 10PC,Tridon 003483 Whitelaw Tooling Supplies,,,
TOLEDO BEARING & SEAL INSTALLER KIT 20PC,Tridon 003483 Whitelaw Tooling Supplies,,,
TOLEDO TWIST EXTRACTOR 1/4 IMPACT DRIVER,Tridon 003483 Whitelaw Tooling Supplies,,,
TOLEDO NOX & SOOT SENSOR THREAD CLEANER,Tridon 003483 Whitelaw Tooling Supplies,,,
TOLEDO SGL TWIST SOCKET SET METRIC 4PC,Tridon 003483 Whitelaw Tooling Supplies,,,
TOLEDO SGL TWIST SOCKET 17MM,Tridon 003483 Whitelaw Tooling Supplies,,,
TOLEDO SGL TWIST SOCKET 19MM,Tridon 003483 Whitelaw Tooling Supplies,,,
TOLEDO SGL TWIST SOCKET 21MM,Tridon 003483 Whitelaw Tooling Supplies,,,
TOLEDO SGL BIT HOLDER 1/2IN DR,Tridon 003483 Whitelaw Tooling Supplies,,,
TOLEDO STUD REMOVER SET SAE 6PC,Tridon 003483 Whitelaw Tooling Supplies,,,
TOLEDO STUD REMOVER CONCENTRIC 3/16IN,Tridon 003483 Whitelaw Tooling Supplies,,,
TOLEDO STUD REMOVER CONCENTRIC 1/4IN,Tridon 003483 Whitelaw Tooling Supplies,,,
TOLEDO STUD REMOVER CONCENTRIC 5/16IN,Tridon 003483 Whitelaw Tooling Supplies,,,
TOLEDO STUD REMOVER CONCENTRIC 3/8IN,Tridon 003483 Whitelaw Tooling Supplies,,,
TOLEDO STUD REMOVER CONCENTRIC 7/16IN,Tridon 003483 Whitelaw Tooling Supplies,,,
TOLEDO STUD REMOVER CONCENTRIC 1/2IN,Tridon 003483 Whitelaw Tooling Supplies,,,
TOLEDO SILICONE REMOVER 210MM,Tridon 003483 Whitelaw Tooling Supplies,,,
TOLEDO SCRAPER S/THRU STRAIGHT 110X15MM,Tridon 003483 Whitelaw Tooling Supplies,,,
TOLEDO SCRAPER S/THRU BENT 230X30MM,Tridon 003483 Whitelaw Tooling Supplies,,,
TOLEDO SLOTTED CHISEL STRAIGHT 240MM,Tridon 003483 Whitelaw Tooling Supplies,,,
TOLEDO EXHAUST GAS TEMP SOCKET SET 6PC,Tridon 003483 Whitelaw Tooling Supplies,,,
TOLEDO DEBURR TOOL INTERNAL EXTERNAL 3PC,Tridon 003483 Whitelaw Tooling Supplies,,,
TOLEDO PRECISION SCREWDRIVER SET 12PC,Tridon 003483 Whitelaw Tooling Supplies,,,
TOLEDO ALUMINIUM FITTING SPANNER 12MM,Tridon 003483 Whitelaw Tooling Supplies,,,
TOLEDO ALUMINIUM FITTING SPANNER 14MM,Tridon 003483 Whitelaw Tooling Supplies,,,
TOLEDO ALUMINIUM FITTING SPANNER 17MM,Tridon 003483 Whitelaw Tooling Supplies,,,
TOLEDO ALUMINIUM FITTING SPANNER 22MM,Tridon 003483 Whitelaw Tooling Supplies,,,
TOLEDO ALUMINIUM FITTING SPANNER 31MM,Tridon 003483 Whitelaw Tooling Supplies,,,
TOLEDO ALUMINIUM FITTING SPANNER 38MM,Tridon 003483 Whitelaw Tooling Supplies,,,
TOLEDO ALUMINIUM FITTING SPANNER 46MM,Tridon 003483 Whitelaw Tooling Supplies,,,
TOLEDO CROWFOOT FLARE WRENCH SET METRIC,Tridon 003483 Whitelaw Tooling Supplies,,,
TOLEDO CROWFOOT FLARED WRENCH 11MM,Tridon 003483 Whitelaw Tooling Supplies,,,
TOLEDO CROWFOOT FLARED WRENCH 12MM,Tridon 003483 Whitelaw Tooling Supplies,,,
TOLEDO CROWFOOT FLARED WRENCH 13MM,Tridon 003483 Whitelaw Tooling Supplies,,,
TOLEDO CROWFOOT FLARED WRENCH 15MM,Tridon 003483 Whitelaw Tooling Supplies,,,
TOLEDO CROWFOOT FLARED WRENCH 16MM,Tridon 003483 Whitelaw Tooling Supplies,,,
TOLEDO CROWFOOT FLARED WRENCH 18MM,Tridon 003483 Whitelaw Tooling Supplies,,,
TOLEDO DOUBLE TWIST SOCKET SET METRIC4PC,Tridon 003483 Whitelaw Tooling Supplies,,,
TOLEDO DOUBLE TWIST SOCKET 17MM,Tridon 003483 Whitelaw Tooling Supplies,,,
TOLEDO DOUBLE TWIST SOCKET 19MM,Tridon 003483 Whitelaw Tooling Supplies,,,
TOLEDO DOUBLE TWIST SOCKET 21MM,Tridon 003483 Whitelaw Tooling Supplies,,,
TOLEDO DOUBLE BIT HOLDER 1/2IN DR,Tridon 003483 Whitelaw Tooling Supplies,,,
TOLEDO COMBINATION SPANNER ORGANISER,Tridon 003483 Whitelaw Tooling Supplies,,,
TOLEDO 1/4IN SQ DR SOCKET ORGANISER,Tridon 003483 Whitelaw Tooling Supplies,,,
TOLEDO 3/8IN SQ DR SOCKET ORGANISER,Tridon 003483 Whitelaw Tooling Supplies,,,
TOLEDO 1/2IN SQ DR SOCKET ORGANISER,Tridon 003483 Whitelaw Tooling Supplies,,,
TOLEDO SOCKET HOLDING RAIL 1/2IN,Tridon 003483 Whitelaw Tooling Supplies,,,
TOLEDO SOCKET HOLDING RAIL 3/8IN,Tridon 003483 Whitelaw Tooling Supplies,,,
TOLEDO SOCKET HOLDING RAIL 1/4IN,Tridon 003483 Whitelaw Tooling Supplies,,,
TOLEDO 3/8 IN SQ DR BREAKER BAR 600MM,Tridon 003483 Whitelaw Tooling Supplies,,,
TOLEDO REPLACEMENT HEAD 3/8IN,Tridon 003483 Whitelaw Tooling Supplies,,,
TOLEDO STUD REMOVER SET METRIC 7PC,Tridon 003483 Whitelaw Tooling Supplies,,,
TOLEDO STUD REMOVER CONCENTRIC 5MM,Tridon 003483 Whitelaw Tooling Supplies,,,
TOLEDO STUD REMOVER CONCENTRIC 6MM,Tridon 003483 Whitelaw Tooling Supplies,,,
TOLEDO STUD REMOVER CONCENTRIC 7MM,Tridon 003483 Whitelaw Tooling Supplies,,,
TOLEDO STUD REMOVER CONCENTRIC 8MM,Tridon 003483 Whitelaw Tooling Supplies,,,
TOLEDO STUD REMOVER CONCENTRIC 10MM,Tridon 003483 Whitelaw Tooling Supplies,,,
TOLEDO STUD REMOVER CONCENTRIC 12MM,Tridon 003483 Whitelaw Tooling Supplies,,,
TOLEDO STUD REMOVER CONCENTRIC 14MM,Tridon 003483 Whitelaw Tooling Supplies,,,
TOLEDO PIN PUNCH SET 6PC,Tridon 003483 Whitelaw Tooling Supplies,,,
TOLEDO PIN PUNCH 2MM,Tridon 003483 Whitelaw Tooling Supplies,,,
TOLEDO PIN PUNCH 3MM,Tridon 003483 Whitelaw Tooling Supplies,,,
TOLEDO PIN PUNCH 4MM,Tridon 003483 Whitelaw Tooling Supplies,,,
TOLEDO PIN PUNCH 5MM,Tridon 003483 Whitelaw Tooling Supplies,,,
TOLEDO PIN PUNCH 8MM,Tridon 003483 Whitelaw Tooling Supplies,,,
TOLEDO NUMBER PUNCH SET 3MM,Tridon 003483 Whitelaw Tooling Supplies,,,
TOLEDO NUMBER PUNCH SET 5MM,Tridon 003483 Whitelaw Tooling Supplies,,,
KNIPEX 1000V LONG NOSE PLIERS 160MM,Tridon 003483 Whitelaw Tooling Supplies,,,
TOLEDO NUMBER PUNCH SET 6MM,Tridon 003483 Whitelaw Tooling Supplies,,,
TOLEDO NUMBER PUNCH SET 8MM,Tridon 003483 Whitelaw Tooling Supplies,,,
TOLEDO NUMBER PUNCH SET 10MM,Tridon 003483 Whitelaw Tooling Supplies,,,
TOLEDO TAPER PUNCH SET 5PC,Tridon 003483 Whitelaw Tooling Supplies,,,
TOLEDO TAPER PUNCH 2MM,Tridon 003483 Whitelaw Tooling Supplies,,,
TOLEDO TAPER PUNCH 3MM,Tridon 003483 Whitelaw Tooling Supplies,,,
TOLEDO TAPER PUNCH 4MM,Tridon 003483 Whitelaw Tooling Supplies,,,
TOLEDO TAPER PUNCH 5MM,Tridon 003483 Whitelaw Tooling Supplies,,,
TOLEDO TAPER PUNCH 6MM,Tridon 003483 Whitelaw Tooling Supplies,,,
TOLEDO LETTER PUNCH SET 3MM,Tridon 003483 Whitelaw Tooling Supplies,,,
TOLEDO LETTER PUNCH SET 5MM,Tridon 003483 Whitelaw Tooling Supplies,,,
TOLEDO LETTER PUNCH SET 6MM,Tridon 003483 Whitelaw Tooling Supplies,,,
TOLEDO LETTER PUNCH SET 8MM,Tridon 003483 Whitelaw Tooling Supplies,,,
TOLEDO LETTER PUNCH SET 10MM,Tridon 003483 Whitelaw Tooling Supplies,,,
TOLEDO BRICKLAYER LINE PINS 2PC,Tridon 003483 Whitelaw Tooling Supplies,,,
TOLEDO BRICKLAYER LINE PINS 10PC,Tridon 003483 Whitelaw Tooling Supplies,,,
TOLEDO RATCHET PODGER WRENCH 22X23MM,Tridon 003483 Whitelaw Tooling Supplies,,,
TOLEDO ELECTRONIC STETHESCOPE SET,Tridon 003483 Whitelaw Tooling Supplies,,,
TOLEDO ON-LINE AIR BLOW TOOL,Tridon 003483 Whitelaw Tooling Supplies,,,
TOLEDO BIT PH1 X 100MM,Tridon 003483 Whitelaw Tooling Supplies,,,
TOLEDO BIT PH2 X 100MM,Tridon 003483 Whitelaw Tooling Supplies,,,
TOLEDO BIT SLOTTED 0.8 X 4.0 X 100MM,Tridon 003483 Whitelaw Tooling Supplies,,,
TOLEDO BIT SLOTTED 1.2 X 6.5 X 150MM,Tridon 003483 Whitelaw Tooling Supplies,,,
TOLEDO S/STEEL SCRAPER SET 3 PC,Tridon 003483 Whitelaw Tooling Supplies,,,
TOLEDO CAULKING GUN,Tridon 003483 Whitelaw Tooling Supplies,,,
TOLEDO SPRING CLAMP SET 10 PC,Tridon 003483 Whitelaw Tooling Supplies,,,
TOLEDO SPRING CLAMP 25MM CARDED,Tridon 003483 Whitelaw Tooling Supplies,,,
TOLEDO RATCHET SPANNER 16 X 21MM,Tridon 003483 Whitelaw Tooling Supplies,,,
TOLEDO SPRING CLAMP 50MM CARDED,Tridon 003483 Whitelaw Tooling Supplies,,,
TOLEDO SPRING CLAMP 75MM CARDED,Tridon 003483 Whitelaw Tooling Supplies,,,
TOLEDO BRASS DRIFT PUNCH SET,Tridon 003483 Whitelaw Tooling Supplies,,,
TOLEDO STAR E SOCKET SET 9PC,Tridon 003483 Whitelaw Tooling Supplies,,,
TOLEDO 6PT SCREW BIT SET HEX 11PC,Tridon 003483 Whitelaw Tooling Supplies,,,
TOLEDO TAMPER PROOF SCREW BIT SET 6PT,Tridon 003483 Whitelaw Tooling Supplies,,,
TOLEDO CROWFT WRENCH SET FLARED SAE 10PC,Tridon 003483 Whitelaw Tooling Supplies,,,
TOLEDO FLARE NUT SPANNER 1/2 X 9/16IN,Tridon 003483 Whitelaw Tooling Supplies,,,
TOLEDO PRY BAR ROLLED HEAD SET - 4 PC,Tridon 003483 Whitelaw Tooling Supplies,,,
TOLEDO TWEEZER SET - 6 PC,Tridon 003483 Whitelaw Tooling Supplies,,,
TOLEDO HD LOCK RING PLIER 335MM,Tridon 003483 Whitelaw Tooling Supplies,,,
TOLEDO PRY BAR STRAIGHT 290MM,Tridon 003483 Whitelaw Tooling Supplies,,,
TOLEDO PRY BAR STRAIGHT 740MM,Tridon 003483 Whitelaw Tooling Supplies,,,
TOLEDO PRY BAR 45 DEGREE 490MM,Tridon 003483 Whitelaw Tooling Supplies,,,
TOLEDO FLAT BLADE WEDGE - 1 SIDED 130MM,Tridon 003483 Whitelaw Tooling Supplies,,,
TOLEDO FLAT BLADE WEDGE - 2 SIDED 140MM,Tridon 003483 Whitelaw Tooling Supplies,,,
TOLEDO FLARE NUT WRENCH 13 X 14MM,Tridon 003483 Whitelaw Tooling Supplies,,,
TOLEDO FLARE NUT WRENCH 15 X 17MM,Tridon 003483 Whitelaw Tooling Supplies,,,
TOLEDO FLEXIBLE MAGNETIC CLAW PK UP TO0L,Tridon 003483 Whitelaw Tooling Supplies,,,
TOLEDO TUBE BENDER HD PLIER TYPE,Tridon 003483 Whitelaw Tooling Supplies,,,
TOLEDO SCRAPER CARBIDE HEAVY DUTY 2PC,Tridon 003483 Whitelaw Tooling Supplies,,,
TOLEDO DOUBLE LAP FLARING TOOL,Tridon 003483 Whitelaw Tooling Supplies,,,
TOLEDO FLARING ADAPTER 4.75MM,Tridon 003483 Whitelaw Tooling Supplies,,,
TOLEDO FLARING ADAPTER 5MM,Tridon 003483 Whitelaw Tooling Supplies,,,
TOLEDO FLARING ADAPTER 6MM,Tridon 003483 Whitelaw Tooling Supplies,,,
TOLEDO FLARING ADAPTER 8MM,Tridon 003483 Whitelaw Tooling Supplies,,,
TOLEDO FLARING ADAPTER 10MM,Tridon 003483 Whitelaw Tooling Supplies,,,
TOLEDO WHEEL GRINDER DRESSER,Tridon 003483 Whitelaw Tooling Supplies,,,
TOLEDO HOSE REMOVAL PLIERS SCREW LOCK,Tridon 003483 Whitelaw Tooling Supplies,,,
TOLEDO HOSE CLAMP PLIERS MULTIHEAD 3PC,Tridon 003483 Whitelaw Tooling Supplies,,,
TOLEDO REPLACEMENT RETAINING CLIPS,Tridon 003483 Whitelaw Tooling Supplies,,,
TOLEDO ELECTRONIC SCREWDRIVER 2.5MM,Tridon 003483 Whitelaw Tooling Supplies,,,
TOLEDO ELECTRONIC SCREWDRIVER 3MM,Tridon 003483 Whitelaw Tooling Supplies,,,
TOLEDO ELECTRONIC SCREWDRIVER 3.2MM,Tridon 003483 Whitelaw Tooling Supplies,,,
TOLEDO ELECTRONIC SCREWDRIVER 3.5MM,Tridon 003483 Whitelaw Tooling Supplies,,,
TOLEDO ELECTRONIC SCREWDRIVER 4MM,Tridon 003483 Whitelaw Tooling Supplies,,,
TOLEDO ELECTRONIC SCREWDRIVER 4.5MM,Tridon 003483 Whitelaw Tooling Supplies,,,
TOLEDO ELECTRONIC SCREWDRIVER 5MM,Tridon 003483 Whitelaw Tooling Supplies,,,
TOLEDO ELECTRONIC SCREWDRIVER 5.5MM,Tridon 003483 Whitelaw Tooling Supplies,,,
TOLEDO DOWELL PIN REMOVER KIT METRIC,Tridon 003483 Whitelaw Tooling Supplies,,,
TOLEDO COLLET 6MM,Tridon 003483 Whitelaw Tooling Supplies,,,
TOLEDO COLLET 8MM,Tridon 003483 Whitelaw Tooling Supplies,,,
TOLEDO COLLET 10MM,Tridon 003483 Whitelaw Tooling Supplies,,,
TOLEDO COLLET 12MM,Tridon 003483 Whitelaw Tooling Supplies,,,
TOLEDO COLLET 14MM,Tridon 003483 Whitelaw Tooling Supplies,,,
TOLEDO COLLET 16MM,Tridon 003483 Whitelaw Tooling Supplies,,,
TOLEDO T-HANDLE HEX WRENCH 2X125MM,Tridon 003483 Whitelaw Tooling Supplies,,,
TOLEDO T-HANDLE HEX WRENCH 2.5X125MM,Tridon 003483 Whitelaw Tooling Supplies,,,
TOLEDO T-HANDLE HEX WRENCH 3X125MM,Tridon 003483 Whitelaw Tooling Supplies,,,
TOLEDO T-HANDLE HEX WRENCH 3.5X125MM,Tridon 003483 Whitelaw Tooling Supplies,,,
TOLEDO T-HANDLE HEX WRENCH 4.5X180MM,Tridon 003483 Whitelaw Tooling Supplies,,,
TOLEDO T-HANDLE HEX WRENCH 6X210MM,Tridon 003483 Whitelaw Tooling Supplies,,,
TOLEDO T-HANDLE TORQUE WRENCH T15X125MM,Tridon 003483 Whitelaw Tooling Supplies,,,
TOLEDO HYDRAULIC NUT SPLITTER KIT 9PC,Tridon 003483 Whitelaw Tooling Supplies,,,
TOLEDO SPLITTER 3/4IN BOLT CAP,Tridon 003483 Whitelaw Tooling Supplies,,,
TOLEDO SPLITTER 5/8IN BOLT CAP,Tridon 003483 Whitelaw Tooling Supplies,,,
TOLEDO SPLITTER 1/2IN BOLT CAP,Tridon 003483 Whitelaw Tooling Supplies,,,
TOLEDO SPLITTER 3/8IN BOLT CAP,Tridon 003483 Whitelaw Tooling Supplies,,,
TOLEDO RAM ATTACHMENT,Tridon 003483 Whitelaw Tooling Supplies,,,
TOLEDO BUSH ATTACHMENT,Tridon 003483 Whitelaw Tooling Supplies,,,
TOLEDO BLADE 1/2IN,Tridon 003483 Whitelaw Tooling Supplies,,,
TOLEDO BLADE 3/8IN,Tridon 003483 Whitelaw Tooling Supplies,,,
TOLEDO SCREW HEX RAM,Tridon 003483 Whitelaw Tooling Supplies,,,
TOLEDO RATCHET WRENCH 11MM,Tridon 003483 Whitelaw Tooling Supplies,,,
TOLEDO RATCHET WRENCH 20MM,Tridon 003483 Whitelaw Tooling Supplies,,,
TOLEDO RATCHET WRENCH 22MM,Tridon 003483 Whitelaw Tooling Supplies,,,
TOLEDO RATCHET WRENCH 24MM,Tridon 003483 Whitelaw Tooling Supplies,,,
TOLEDO RATCHET WRENCH 25MM,Tridon 003483 Whitelaw Tooling Supplies,,,
TOLEDO RATCHET WRENCH 13/16IN,Tridon 003483 Whitelaw Tooling Supplies,,,
TOLEDO RATCHET WRENCH 7/8IN,Tridon 003483 Whitelaw Tooling Supplies,,,
TOLEDO RIVET NUT TOOL KIT 260MM,Tridon 003483 Whitelaw Tooling Supplies,,,
TOLEDO RIVET NUT MANDRELS 4PC SET,Tridon 003483 Whitelaw Tooling Supplies,,,
TOLEDO RIVET NUT TOOLKIT HEAVYDUTY 450MM,Tridon 003483 Whitelaw Tooling Supplies,,,
TOLEDO RIVET NUT MANDRELS 6PC SET & TOOL,Tridon 003483 Whitelaw Tooling Supplies,,,
TOLEDO CIRCLIP PLIER SET HD 270MM 18PC,Tridon 003483 Whitelaw Tooling Supplies,,,
TOLEDO TIP STRAIGHT HEAD 2.8MM,Tridon 003483 Whitelaw Tooling Supplies,,,
TOLEDO TIP ANGLE HEAD 15 DEG 2.8MM,Tridon 003483 Whitelaw Tooling Supplies,,,
TOLEDO TIP ANGLE HEAD 45 DEG 2.8MM,Tridon 003483 Whitelaw Tooling Supplies,,,
TOLEDO TIP ANGLE HEAD 90 DEG 2.8MM,Tridon 003483 Whitelaw Tooling Supplies,,,
TOLEDO TIP STRAIGHT HEAD 3.0MM,Tridon 003483 Whitelaw Tooling Supplies,,,
TOLEDO TIP ANGLE HEAD 15 DEG 3.0MM,Tridon 003483 Whitelaw Tooling Supplies,,,
TOLEDO TIP ANGLE HEAD 45 DEG 3.0MM,Tridon 003483 Whitelaw Tooling Supplies,,,
TOLEDO TIP ANGLE HEAD 90 DEG 3.0MM,Tridon 003483 Whitelaw Tooling Supplies,,,
TOLEDO HAND RIVETER,Tridon 003483 Whitelaw Tooling Supplies,,,
TOLEDO R/R 4 IN 1 8X10 AND 12X13MM,Tridon 003483 Whitelaw Tooling Supplies,,,
TOLEDO R/R 4 IN 1 14X17 AND 18X19MM,Tridon 003483 Whitelaw Tooling Supplies,,,
TOLEDO R/R 4 IN 1 20X21 AND 22X24MM,Tridon 003483 Whitelaw Tooling Supplies,,,
TOLEDO R/R 4 IN 1 20X22 AND 24X26MM,Tridon 003483 Whitelaw Tooling Supplies,,,
TOLEDO R/R 4 IN 1 2PC,Tridon 003483 Whitelaw Tooling Supplies,,,
TOLEDO R/R 4 IN 1 3PC,Tridon 003483 Whitelaw Tooling Supplies,,,
TOLEDO PROFESSIONAL BREAKER BAR HD 1M,Tridon 003483 Whitelaw Tooling Supplies,,,
TOLEDO REPLACEMENT HEAD HD 3/4IN,Tridon 003483 Whitelaw Tooling Supplies,,,
TOLEDO R/R 2 IN 1 8X10MM,Tridon 003483 Whitelaw Tooling Supplies,,,
TOLEDO RATCHET HEAD BREAKER BAR 3/8IN,Tridon 003483 Whitelaw Tooling Supplies,,,
TOLEDO REPLACEMENT HEAD 3/8IN,Tridon 003483 Whitelaw Tooling Supplies,,,
TOLEDO BIT SOCKET SET METRIC HEX 8PC,Tridon 003483 Whitelaw Tooling Supplies,,,
TOLEDO BIT SOCKET SET SAE HEX 8PC,Tridon 003483 Whitelaw Tooling Supplies,,,
TOLEDO BIT SOCKET SET 6PT 8PC,Tridon 003483 Whitelaw Tooling Supplies,,,
TOLEDO CIRCLIP PLIER SET HD 400MM 14PC,Tridon 003483 Whitelaw Tooling Supplies,,,
TOLEDO TIP  STRAIGHT 3.0MM,Tridon 003483 Whitelaw Tooling Supplies,,,
TOLEDO TIP EXT 45 DEG 3.0MM,Tridon 003483 Whitelaw Tooling Supplies,,,
TOLEDO TIP  90 DEG 3.0MM,Tridon 003483 Whitelaw Tooling Supplies,,,
TOLEDO BENCH VICE - FIXED BASE 100MM,Tridon 003483 Whitelaw Tooling Supplies,,,
TOLEDO BENCH VICE - FIXED BASE 150MM,Tridon 003483 Whitelaw Tooling Supplies,,,
TOLEDO BENCH VICE - FIXED BASE 200MM,Tridon 003483 Whitelaw Tooling Supplies,,,
TOLEDO SPARE JAW FOR 301862 & 301865,Tridon 003483 Whitelaw Tooling Supplies,,,
TOLEDO SPARE JAW FOR 301863 & 301866,Tridon 003483 Whitelaw Tooling Supplies,,,
TOLEDO SPARE JAW FOR 301864 & 301867,Tridon 003483 Whitelaw Tooling Supplies,,,
TOLEDO SPARE JAW FOR 301868,Tridon 003483 Whitelaw Tooling Supplies,,,
TOLEDO SPARE JAW FOR 301869,Tridon 003483 Whitelaw Tooling Supplies,,,
TOLEDO SPARE JAW FOR 301870,Tridon 003483 Whitelaw Tooling Supplies,,,
TOLEDO G-CLAMP CAST IRON 100MM,Tridon 003483 Whitelaw Tooling Supplies,,,
TOLEDO G-CLAMP CAST IRON 150MM,Tridon 003483 Whitelaw Tooling Supplies,,,
TOLEDO G-CLAMP CAST IRON 200MM,Tridon 003483 Whitelaw Tooling Supplies,,,
TOLEDO G-CLAMP CAST IRON 250MM,Tridon 003483 Whitelaw Tooling Supplies,,,
TOLEDO G-CLAMP CAST IRON 300MM,Tridon 003483 Whitelaw Tooling Supplies,,,
TOLEDO G-CLAMP CAST IRON 75MM,Tridon 003483 Whitelaw Tooling Supplies,,,
TOLEDO FLARE KIT SPACER,Tridon 003483 Whitelaw Tooling Supplies,,,
TOLEDO FLARE KIT PUNCH 3/16IN,Tridon 003483 Whitelaw Tooling Supplies,,,
TOLEDO FLARE KIT PUNCH 1/4IN,Tridon 003483 Whitelaw Tooling Supplies,,,
TOLEDO FLARE KIT HANDLE,Tridon 003483 Whitelaw Tooling Supplies,,,
TOLEDO FLARE KIT HANDLE SLEEVE,Tridon 003483 Whitelaw Tooling Supplies,,,
TOLEDO FLARE KIT LEAD SCREW,Tridon 003483 Whitelaw Tooling Supplies,,,
TOLEDO FLARE KIT E-RING,Tridon 003483 Whitelaw Tooling Supplies,,,
TOLEDO FLARE KIT WASHER,Tridon 003483 Whitelaw Tooling Supplies,,,
TOLEDO FLARE KIT CLAMP 3/16IN,Tridon 003483 Whitelaw Tooling Supplies,,,
TOLEDO FLARE KIT CLAMP 1/4IN,Tridon 003483 Whitelaw Tooling Supplies,,,
TOLEDO PROFILE GAUGE - SMALL,Tridon 003483 Whitelaw Tooling Supplies,,,
TOLEDO PROFILE GAUGE - LARGE,Tridon 003483 Whitelaw Tooling Supplies,,,
TOLEDO FLEXHEAD RATCHET WRENCH 9MM,Tridon 003483 Whitelaw Tooling Supplies,,,
TOLEDO FLEX HEAD RATCHET WRENCH 11MM,Tridon 003483 Whitelaw Tooling Supplies,,,
TOLEDO FLEX HEAD RATCHET WRENCH 16MM,Tridon 003483 Whitelaw Tooling Supplies,,,
TOLEDO FLEXHEAD RATCHET WRENCH 19MM,Tridon 003483 Whitelaw Tooling Supplies,,,
TOLEDO FLEXHEAD RATCHET WRENCH 1/4IN,Tridon 003483 Whitelaw Tooling Supplies,,,
TOLEDO FLEXHEAD RATCHET WRENCH 13/16IN,Tridon 003483 Whitelaw Tooling Supplies,,,
TOLEDO FLEXHEAD RATCHET WRENCH 1IN,Tridon 003483 Whitelaw Tooling Supplies,,,
TOLEDO SECURITY SPRING HOOK 5KG,Tridon 003483 Whitelaw Tooling Supplies,,,
TOLEDO SECURITY SPRING HOOK 10KG,Tridon 003483 Whitelaw Tooling Supplies,,,
TOLEDO ALLOY WHEEL CLEANING BRUSH,Tridon 003483 Whitelaw Tooling Supplies,,,
TOLEDO STUD SETTER AND EXTRACTOR,Tridon 003483 Whitelaw Tooling Supplies,,,
TOLEDO STUBBY RATCHET WRENCH 6MM,Tridon 003483 Whitelaw Tooling Supplies,,,
TOLEDO STUBBY RATCHET WRENCH 8MM,Tridon 003483 Whitelaw Tooling Supplies,,,
TOLEDO STUBBY FLEXIBLE RATCH WRENCH 8MM,Tridon 003483 Whitelaw Tooling Supplies,,,
TOLEDO STUBBYFLEXIBLE RATCHET WRENCH14MM,Tridon 003483 Whitelaw Tooling Supplies,,,
TOLEDO STUBBYFLEXIBLE RATCHET WRENCH17MM,Tridon 003483 Whitelaw Tooling Supplies,,,
TOLEDO STUBBYFLEXIBLE RATCHET WRENCH19MM,Tridon 003483 Whitelaw Tooling Supplies,,,
TOLEDO CHISEL & PUNCH KIT 12 TOOLS,Tridon 003483 Whitelaw Tooling Supplies,,,
TOLEDO RUBBER HOSE PIPE CUTTER,Tridon 003483 Whitelaw Tooling Supplies,,,
TOLEDO E11 STAR SOCKET,Tridon 003483 Whitelaw Tooling Supplies,,,
TOLEDO E16 STAR SOCKET,Tridon 003483 Whitelaw Tooling Supplies,,,
TOLEDO PROFESSIONAL BIT SET 37PC,Tridon 003483 Whitelaw Tooling Supplies,,,
TOLEDO RATCH HEAD BREAKER BAR 1/2IN DR24,Tridon 003483 Whitelaw Tooling Supplies,,,
TOLEDO REPLACEMENT HEAD FOR 301935,Tridon 003483 Whitelaw Tooling Supplies,,,
TOLEDO RATCH HEAD BREAKER BAR 3/4IN DR24,Tridon 003483 Whitelaw Tooling Supplies,,,
TOLEDO REPLACEMENT HEAD FOR 301936,Tridon 003483 Whitelaw Tooling Supplies,,,
TOLEDO WOBBLE EXTN BAR 1/2IN 4PC POLISHD,Tridon 003483 Whitelaw Tooling Supplies,,,
TOLEDO WOBBLE EXTN BAR 3/8IN 5PC POLISHD,Tridon 003483 Whitelaw Tooling Supplies,,,
TOLEDO 10PC CIRCLIP PLIER SET,Tridon 003483 Whitelaw Tooling Supplies,,,
TOLEDO MAGNETIC FENDER COVER 800 X 600,Tridon 003483 Whitelaw Tooling Supplies,,,
TOLEDO MAGNETIC FENDER COVER 1050X580,Tridon 003483 Whitelaw Tooling Supplies,,,
TOLEDO STAMP SET 38 IN 1,Tridon 003483 Whitelaw Tooling Supplies,,,
TOLEDO STUBBY FLEX-HEAD R/WRENCH SET,Tridon 003483 Whitelaw Tooling Supplies,,,
TOLEDO STUBBY FLEX-HEAD R/WRENCH 1/2IN,Tridon 003483 Whitelaw Tooling Supplies,,,
TOLEDO STUBBY FLEX-HEAD R/WRENCH SAE SET,Tridon 003483 Whitelaw Tooling Supplies,,,
TOLEDO STUBBY FLEX-HEAD R/WRENCH 11/16IN,Tridon 003483 Whitelaw Tooling Supplies,,,
TOLEDO STUBBY FLEX-HEAD R/WRENCH 5/8IN,Tridon 003483 Whitelaw Tooling Supplies,,,
TOLEDO STUBBY FLEXHEAD RATCH WRENCH 15MM,Tridon 003483 Whitelaw Tooling Supplies,,,
TOLEDO PROTRACTOR 180 DEGREES,Tridon 003483 Whitelaw Tooling Supplies,,,
TOLEDO PICK UP RULE 150MM,Tridon 003483 Whitelaw Tooling Supplies,,,
TOLEDO PICK UP RULE 300MM,Tridon 003483 Whitelaw Tooling Supplies,,,
TOLEDO MINI SQUARE 100X50MM,Tridon 003483 Whitelaw Tooling Supplies,,,
TOLEDO MINI SQUARE 150X75MM,Tridon 003483 Whitelaw Tooling Supplies,,,
TOLEDO SHEET METAL LOCK GRIP PLIER 250MM,Tridon 003483 Whitelaw Tooling Supplies,,,
TOLEDO INSERT BIT SOCKET SET 16PC,Tridon 003483 Whitelaw Tooling Supplies,,,
TOLEDO INSERT BIT SOCKET SET 6 PT 6PC,Tridon 003483 Whitelaw Tooling Supplies,,,
TOLEDO INSERT BIT SOCKET SET STAR E 6PC,Tridon 003483 Whitelaw Tooling Supplies,,,
TOLEDO T-HANDLE HEX WRENCH SET 8PC,Tridon 003483 Whitelaw Tooling Supplies,,,
TOLEDO COMBINATION PLIER 210MM,Tridon 003483 Whitelaw Tooling Supplies,,,
TOLEDO COMBINATION PLIER 230MM,Tridon 003483 Whitelaw Tooling Supplies,,,
TOLEDO DIAGONAL CUTTER 180MM,Tridon 003483 Whitelaw Tooling Supplies,,,
TOLEDO DIAGONAL CUTTER 200MM,Tridon 003483 Whitelaw Tooling Supplies,,,
TOLEDO LONG NOSE PLIER 210MM,Tridon 003483 Whitelaw Tooling Supplies,,,
TOLEDO LONG NOSE PLER 210MM 45 DEG BENT,Tridon 003483 Whitelaw Tooling Supplies,,,
TOLEDO MULTIGRIP PLIER 250MM,Tridon 003483 Whitelaw Tooling Supplies,,,
TOLEDO MULTIGRIP PLIER 300MM,Tridon 003483 Whitelaw Tooling Supplies,,,
TOLEDO WIRE PIERCING GUIDE,Tridon 003483 Whitelaw Tooling Supplies,,,
TOLEDO ALTERNATOR BIT SET,Tridon 003483 Whitelaw Tooling Supplies,,,
TOLEDO M10 X 113MM SOCKET BIT,Tridon 003483 Whitelaw Tooling Supplies,,,
TOLEDO H22 NUT,Tridon 003483 Whitelaw Tooling Supplies,,,
TOLEDO 4PT H17 X 33MM ADAPTOR,Tridon 003483 Whitelaw Tooling Supplies,,,
TOLEDO COMPUTER SAFE CIRCUIT TESTER LED,Tridon 003483 Whitelaw Tooling Supplies,,,
TOLEDO SPARK PLUG LEAD PLIERS 200MM,Tridon 003483 Whitelaw Tooling Supplies,,,
TOLEDO RADIO SERVICE MASTER KIT 52PC,Tridon 003483 Whitelaw Tooling Supplies,,,
TOLEDO RATCHET CRIMPER KIT QUICK CHANGE,Tridon 003483 Whitelaw Tooling Supplies,,,
TOLEDO CABLE LUG CRIMPING PLIERS HD,Tridon 003483 Whitelaw Tooling Supplies,,,
TOLEDO RATCHET CRIMPING TOOL,Tridon 003483 Whitelaw Tooling Supplies,,,
TOLEDO BULB PLIERS,Tridon 003483 Whitelaw Tooling Supplies,,,
TOLEDO RATCHET LUG CRIMPING PLIERS,Tridon 003483 Whitelaw Tooling Supplies,,,
TOLEDO CABLE CRIMPING TOOL 630MM,Tridon 003483 Whitelaw Tooling Supplies,,,
TOLEDO IN-LINE IGNITION SPARK TESTER,Tridon 003483 Whitelaw Tooling Supplies,,,
TOLEDO WIRE TERMINAL TOOL SET 2PC,Tridon 003483 Whitelaw Tooling Supplies,,,
TOLEDO BMW IGNITION LOCK RELEASE TOOL,Tridon 003483 Whitelaw Tooling Supplies,,,
TOLEDO CABLE CUTTER & STRIPPER W/ROTATOR,Tridon 003483 Whitelaw Tooling Supplies,,,
TOLEDO WIRE STRIPPER MINI 140MM,Tridon 003483 Whitelaw Tooling Supplies,,,
TOLEDO WIRE CUTTER MINI 140MM,Tridon 003483 Whitelaw Tooling Supplies,,,
TOLEDO WIRE CRIMPER MINI 140MM,Tridon 003483 Whitelaw Tooling Supplies,,,
TOLEDO WIRE STRIPPER & CUTTER QUICK,Tridon 003483 Whitelaw Tooling Supplies,,,
TOLEDO ELECTRICAL MINI END CUTTER 125MM,Tridon 003483 Whitelaw Tooling Supplies,,,
TOLEDO MINI BENT NOSE PLIER 150MM,Tridon 003483 Whitelaw Tooling Supplies,,,
TOLEDO ALUMINIUM PIPE WRENCH 250MM,Tridon 003483 Whitelaw Tooling Supplies,,,
TOLEDO ALUMINIUM PIPE WRENCH 350MM,Tridon 003483 Whitelaw Tooling Supplies,,,
TOLEDO ALUMINIUM PIPE WRENCH 450MM,Tridon 003483 Whitelaw Tooling Supplies,,,
TOLEDO ALUMINIUM PIPE WRENCH 600MM,Tridon 003483 Whitelaw Tooling Supplies,,,
TOLEDO ALUMINIUM PIPE WRENCH 900MM,Tridon 003483 Whitelaw Tooling Supplies,,,
TOLEDO WIRE INSERTION TOOL SET,Tridon 003483 Whitelaw Tooling Supplies,,,
TOLEDO BLOW TORCH BUTANE STRAIGHT,Tridon 003483 Whitelaw Tooling Supplies,,,
TOLEDO JET LIGHTER TORCH MICRO FLAME,Tridon 003483 Whitelaw Tooling Supplies,,,
TOLEDO SOLDERING IRON 240V 25W,Tridon 003483 Whitelaw Tooling Supplies,,,
TOLEDO SOLDER IRON TIP SET 3 PC,Tridon 003483 Whitelaw Tooling Supplies,,,
TOLEDO SOLDERING IRON 240V 40W,Tridon 003483 Whitelaw Tooling Supplies,,,
TOLEDO SOLDERING IRON 240V 60W,Tridon 003483 Whitelaw Tooling Supplies,,,
TOLEDO SOLDER IRON TIP SET 3 PC,Tridon 003483 Whitelaw Tooling Supplies,,,
TOLEDO SOLDERING IRON 240V 80W,Tridon 003483 Whitelaw Tooling Supplies,,,
TOLEDO SOLDER IRON TIP SET 3 PC,Tridon 003483 Whitelaw Tooling Supplies,,,
TOLEDO SOLDERING IRON 240V 100W,Tridon 003483 Whitelaw Tooling Supplies,,,
TOLEDO SOLDER IRON TIP SET 3 PC,Tridon 003483 Whitelaw Tooling Supplies,,,
TOLEDO REPLACEMENT HEADS SET FOR 302107,Tridon 003483 Whitelaw Tooling Supplies,,,
TOLEDO SOLDERING IRON 12V 30W,Tridon 003483 Whitelaw Tooling Supplies,,,
KNIPEX LONG NOSE PLIER 140MM,Tridon 003483 Whitelaw Tooling Supplies,,,
KNIPEX LONG NOSE PLIERS 160MM (AF),Tridon 003483 Whitelaw Tooling Supplies,,,
KNIPEX LONG NOSE PLIERS 190MM (AF),Tridon 003483 Whitelaw Tooling Supplies,,,
TOLEDO SOLDERING AID TOOL,Tridon 003483 Whitelaw Tooling Supplies,,,
TOLEDO DESOLDERING PUMP/SOLDER SUCKER,Tridon 003483 Whitelaw Tooling Supplies,,,
TOLEDO DESOLDER PUMP TIP SET 5PC,Tridon 003483 Whitelaw Tooling Supplies,,,
TOLEDO ELECTRICAL DISCONNECT PLIER 215MM,Tridon 003483 Whitelaw Tooling Supplies,,,
TOLEDO ELECTRICAL DISCONNECT PLIER 185MM,Tridon 003483 Whitelaw Tooling Supplies,,,
TOLEDO ELECTRICAL PLUG PLIER 200MM,Tridon 003483 Whitelaw Tooling Supplies,,,
TOLEDO PIPE WRENCH 1219MM (48IN),Tridon 003483 Whitelaw Tooling Supplies,,,
TOLEDO RIVET NUT FASTENERS ALUM M3 10 PK,Tridon 003483 Whitelaw Tooling Supplies,,,
TOLEDO RIVET NUT FASTENERS ALUM M4 10 PK,Tridon 003483 Whitelaw Tooling Supplies,,,
TOLEDO RIVET NUT FASTENERS ALUM M5 10 PK,Tridon 003483 Whitelaw Tooling Supplies,,,
TOLEDO RIVET NUT FASTENERS ALUM M6 10 PK,Tridon 003483 Whitelaw Tooling Supplies,,,
TOLEDO RIVET NUT FASTENERS ALUM M8 10 PK,Tridon 003483 Whitelaw Tooling Supplies,,,
TOLEDO RIVET NUT FASTENERS ALUM M10 10PK,Tridon 003483 Whitelaw Tooling Supplies,,,
TOLEDO CIRCLIP TOOL KIT HEAVY DUTY,Tridon 003483 Whitelaw Tooling Supplies,,,
TOLEDO HEAVY DUTY CIRCUIT TESTER 6/12/24,Tridon 003483 Whitelaw Tooling Supplies,,,
TOLEDO PROFESSIONAL CIRCUIT TESTER 6/12,Tridon 003483 Whitelaw Tooling Supplies,,,
TOLEDO BATTERY & ALTERNATOR TESTER,Tridon 003483 Whitelaw Tooling Supplies,,,
TOLEDO CAR LIGHT TESTER 6-24 VOLT BRASS,Tridon 003483 Whitelaw Tooling Supplies,,,
TOLEDO DASHBOARD SERVICE TOOL KIT,Tridon 003483 Whitelaw Tooling Supplies,,,
TOLEDO MEMORY RETAINER POWER SUPPLY,Tridon 003483 Whitelaw Tooling Supplies,,,
TOLEDO 7 IN 1 WIRE STRIPPER & CRIMPER,Tridon 003483 Whitelaw Tooling Supplies,,,
TOLEDO FORD RADIO REMOVAL TOOL,Tridon 003483 Whitelaw Tooling Supplies,,,
TOLEDO SPARK PLUG STARTER,Tridon 003483 Whitelaw Tooling Supplies,,,
TOLEDO HIGH TENSION SYSTEM TESTER,Tridon 003483 Whitelaw Tooling Supplies,,,
TOLEDO SPARK PLUG BOOT PLIER,Tridon 003483 Whitelaw Tooling Supplies,,,
TOLEDO SPARK PLUG LEAD PULLER,Tridon 003483 Whitelaw Tooling Supplies,,,
TOLEDO SPARK PLUG GAP GAUGE,Tridon 003483 Whitelaw Tooling Supplies,,,
TOLEDO IGNITION SPARK TESTER BOX TYPE,Tridon 003483 Whitelaw Tooling Supplies,,,
TOLEDO SPARK PLUG LEAD TESTER,Tridon 003483 Whitelaw Tooling Supplies,,,
TOLEDO HD SPARK PLUG FIRING TESTER,Tridon 003483 Whitelaw Tooling Supplies,,,
TOLEDO THREAD CHASER 14MM X 18MM,Tridon 003483 Whitelaw Tooling Supplies,,,
TOLEDO SPARK PLUG SOCKETS 16/21MM 3/8IN,Tridon 003483 Whitelaw Tooling Supplies,,,
TOLEDO SPARK PLUG SOCKETS 16/21MM 1/2IN,Tridon 003483 Whitelaw Tooling Supplies,,,
TOLEDO OFFSET DISTRIBUTOR CLAMP WRENCH,Tridon 003483 Whitelaw Tooling Supplies,,,
TOLEDO ANTENNA REMOVAL TOOL,Tridon 003483 Whitelaw Tooling Supplies,,,
TOLEDO SPARK PLUG THREAD INSERT KIT 14MM,Tridon 003483 Whitelaw Tooling Supplies,,,
TOLEDO RADIO REMOVAL SET EURO VEHICLE,Tridon 003483 Whitelaw Tooling Supplies,,,
TOLEDO CONTINUITY TESTER 6-24V,Tridon 003483 Whitelaw Tooling Supplies,,,
TOLEDO CIRCUIT TESTER DIGITAL LCD 6-24V,Tridon 003483 Whitelaw Tooling Supplies,,,
TOLEDO CIRCUIT TESTER DIGITAL LCD 12-48V,Tridon 003483 Whitelaw Tooling Supplies,,,
TOLEDO MULTI FUNC CIRCUIT TESTER 12V,Tridon 003483 Whitelaw Tooling Supplies,,,
TOLEDO REPLACEMENT TEST BULB FOR 302190,Tridon 003483 Whitelaw Tooling Supplies,,,
TOLEDO REPLACEMENT TESTER BULB 43MM,Tridon 003483 Whitelaw Tooling Supplies,,,
TOLEDO REPLACEMENT TESTER BULB 31MM,Tridon 003483 Whitelaw Tooling Supplies,,,
TOLEDO AUTOMOTIVE CIRCUIT TESTER 3-30V,Tridon 003483 Whitelaw Tooling Supplies,,,
TOLEDO MULTIFUNCTION ELECTRIAL PLIER,Tridon 003483 Whitelaw Tooling Supplies,,,
TOLEDO FUSE SAVER DIGITAL,Tridon 003483 Whitelaw Tooling Supplies,,,
TOLEDO OBDII EOBD & CAN CODE READER,Tridon 003483 Whitelaw Tooling Supplies,,,
TOLEDO SEAT COVER REUSABLE,Tridon 003483 Whitelaw Tooling Supplies,,,
TOLEDO SOCKET TRAY RAIL 1/4 3/8 1/2IN,Tridon 003483 Whitelaw Tooling Supplies,,,
TOLEDO ALUMINIUM SOCKET RAIL 1/4IN,Tridon 003483 Whitelaw Tooling Supplies,,,
TOLEDO ALUMINIUM SOCKET RAIL 3/8IN,Tridon 003483 Whitelaw Tooling Supplies,,,
TOLEDO ALUMINIUM SOCKET RAIL 1/2IN,Tridon 003483 Whitelaw Tooling Supplies,,,
TOLEDO SOCKET RAIL HOLDERS 1/4IN 10PK,Tridon 003483 Whitelaw Tooling Supplies,,,
TOLEDO SOCKET RAIL HOLDERS 3/8IN 10PK,Tridon 003483 Whitelaw Tooling Supplies,,,
TOLEDO SOCKET RAIL HOLDERS 1/2IN 10PK,Tridon 003483 Whitelaw Tooling Supplies,,,
TOLEDO RATCHET CRIMPING PLIER MC4 SOLAR,Tridon 003483 Whitelaw Tooling Supplies,,,
TOLEDO SPARK PLUG TOOL 16MM HEX,Tridon 003483 Whitelaw Tooling Supplies,,,
TOLEDO SPARK PLUG TOOL 21MM HEX,Tridon 003483 Whitelaw Tooling Supplies,,,
TOLEDO SPARK PLUG TOOL 14MM BI-HEX,Tridon 003483 Whitelaw Tooling Supplies,,,
TOLEDO SPARK PLUG SOCKET 14MM BI-HEX,Tridon 003483 Whitelaw Tooling Supplies,,,
TOLEDO SPARK PLUG THREAD INSERT KIT 18MM,Tridon 003483 Whitelaw Tooling Supplies,,,
TOLEDO SPARK PLUG THREAD INSERTS 18MM,Tridon 003483 Whitelaw Tooling Supplies,,,
TOLEDO TELESCOPIC SUPPORT STAND ALLOY,Tridon 003483 Whitelaw Tooling Supplies,,,
KNIPEX LONG NOSE PLIER 140MM (AF),Tridon 003483 Whitelaw Tooling Supplies,,,
TOLEDO CABLE TIE GUN,Tridon 003483 Whitelaw Tooling Supplies,,,
KNIPEX LONG NOSE PLIER 140MM (AF),Tridon 003483 Whitelaw Tooling Supplies,,,
KNIPEX LONG NOSE PLIE 160MM,Tridon 003483 Whitelaw Tooling Supplies,,,
KNIPEX LONG NOSE PLIER 190MM (AF),Tridon 003483 Whitelaw Tooling Supplies,,,
TOLEDO CROWFOOT WRENCH SET METRIC 9PC,Tridon 003483 Whitelaw Tooling Supplies,,,
TOLEDO SIDE TERMINAL BATTERY WRENCH 8MM,Tridon 003483 Whitelaw Tooling Supplies,,,
TOLEDO BATTERY TERMINAL CLEANING BRUSH,Tridon 003483 Whitelaw Tooling Supplies,,,
KNIPEX LONG NOSE PLIER 160MM,Tridon 003483 Whitelaw Tooling Supplies,,,
TOLEDO BATTERY TERMINAL PULLER,Tridon 003483 Whitelaw Tooling Supplies,,,
TOLEDO BATTERY POST & TERMINAL CLEANER,Tridon 003483 Whitelaw Tooling Supplies,,,
TOLEDO BATTERY POST & TERMINAL CLEANER,Tridon 003483 Whitelaw Tooling Supplies,,,
TOLEDO PROFESSIONAL BATTERY CARRIER,Tridon 003483 Whitelaw Tooling Supplies,,,
TOLEDO BATTERY CARRIER HEAVY DUTY,Tridon 003483 Whitelaw Tooling Supplies,,,
TOLEDO BATTERY HYDROMETER & THERMOMETER,Tridon 003483 Whitelaw Tooling Supplies,,,
TOLEDO BATTERY HYDROMETER RAPID TEST,Tridon 003483 Whitelaw Tooling Supplies,,,
TOLEDO RIVET NUT FASTENERS STEEL M3 10PK,Tridon 003483 Whitelaw Tooling Supplies,,,
TOLEDO RIVET NUT FASTENERS STEEL M4 10PK,Tridon 003483 Whitelaw Tooling Supplies,,,
TOLEDO RIVET NUT FASTENERS STEEL M5 10PK,Tridon 003483 Whitelaw Tooling Supplies,,,
TOLEDO RIVET NUT FASTENERS STEEL M6 10PK,Tridon 003483 Whitelaw Tooling Supplies,,,
TOLEDO RIVET NUT FASTENERS STEEL M8 10PK,Tridon 003483 Whitelaw Tooling Supplies,,,
TOLEDO RIVET NUT FASTENER STEEL M10 10PK,Tridon 003483 Whitelaw Tooling Supplies,,,
TOLEDO CIRCLIP PLIERS SET HEAVY DUTY 4PC,Tridon 003483 Whitelaw Tooling Supplies,,,
TOLEDO FEELER GAUGE 14 BLADE METRIC,Tridon 003483 Whitelaw Tooling Supplies,,,
KNIPEX LONG NOSE PLIER 160MM (AF),Tridon 003483 Whitelaw Tooling Supplies,,,
KNIPEX LONG NOSE PLIER 140MM (AF),Tridon 003483 Whitelaw Tooling Supplies,,,
KNIPEX LONG NOSE PLIER 160MM (AF),Tridon 003483 Whitelaw Tooling Supplies,,,
KNIPEX 1000V LONG NOSE PLIER 160MM,Tridon 003483 Whitelaw Tooling Supplies,,,
SYKES VAG  SERVICE LIGHT RESET TOOL,Tridon 003483 Whitelaw Tooling Supplies,,,
SYKES VOLVO SERVICE RESET TOOL,Tridon 003483 Whitelaw Tooling Supplies,,,
SYKES MERCEDES SBC SERVICE RESET TOOL,Tridon 003483 Whitelaw Tooling Supplies,,,
SYKES VAG ELECTRONIC PARK BRAKE TOOL,Tridon 003483 Whitelaw Tooling Supplies,,,
TOLEDO COMBUSTION LEAK TEST KIT,Tridon 003483 Whitelaw Tooling Supplies,,,
TOLEDO COMBUSTION LEAK TEST KIT FLUID,Tridon 003483 Whitelaw Tooling Supplies,,,
TOLEDO COMPRESSION TESTER 4 IN 1,Tridon 003483 Whitelaw Tooling Supplies,,,
TOLEDO COMPRESSION TESTER KIT,Tridon 003483 Whitelaw Tooling Supplies,,,
TOLEDO LEAK DOWN TESTER,Tridon 003483 Whitelaw Tooling Supplies,,,
TOLEDO WATER PUMP PULLEY REMOVER,Tridon 003483 Whitelaw Tooling Supplies,,,
TOLEDO SERPENTINE BELT SERVICE TOOL SET,Tridon 003483 Whitelaw Tooling Supplies,,,
TOLEDO RATCHET WRENCH,Tridon 003483 Whitelaw Tooling Supplies,,,
TOLEDO EXTENSION HANDLE,Tridon 003483 Whitelaw Tooling Supplies,,,
TOLEDO 3/8IN SQUARE DRIVE ADAPTOR,Tridon 003483 Whitelaw Tooling Supplies,,,
TOLEDO 1/2IN SQUARE DRIVE ADAPTOR,Tridon 003483 Whitelaw Tooling Supplies,,,
TOLEDO 10MM X 8MM HEX BIT,Tridon 003483 Whitelaw Tooling Supplies,,,
TOLEDO 8MM X 6MM HEX BIT,Tridon 003483 Whitelaw Tooling Supplies,,,
TOLEDO 8MM SOCKET,Tridon 003483 Whitelaw Tooling Supplies,,,
TOLEDO 12MM SOCKET,Tridon 003483 Whitelaw Tooling Supplies,,,
TOLEDO 13MM SOCKET,Tridon 003483 Whitelaw Tooling Supplies,,,
TOLEDO 17MM SOCKET,Tridon 003483 Whitelaw Tooling Supplies,,,
TOLEDO 18MM SOCKET,Tridon 003483 Whitelaw Tooling Supplies,,,
TOLEDO 24MM SOCKET,Tridon 003483 Whitelaw Tooling Supplies,,,
TOLEDO 5/8IN SOCKET,Tridon 003483 Whitelaw Tooling Supplies,,,
TOLEDO GM REAR MAIN BEAR HOUSE ALIGN SET,Tridon 003483 Whitelaw Tooling Supplies,,,
TOLEDO TIMING TOOL KIT,Tridon 003483 Whitelaw Tooling Supplies,,,
TOLEDO UNIVERSAL T-BELT LOCKING TOOL,Tridon 003483 Whitelaw Tooling Supplies,,,
TOLEDO GLOW PLUG CONNECTOR PLIERS 90DEG,Tridon 003483 Whitelaw Tooling Supplies,,,
TOLEDO UNIVERSAL VALVE SPRING COMPRESSOR,Tridon 003483 Whitelaw Tooling Supplies,,,
TOLEDO HD DIESEL INJECTOR PULLER KIT,Tridon 003483 Whitelaw Tooling Supplies,,,
TOLEDO INJECTOR PULLER ADAPTOR SET 21PC,Tridon 003483 Whitelaw Tooling Supplies,,,
TOLEDO GLOW PLUG SOCKET SET 6PC,Tridon 003483 Whitelaw Tooling Supplies,,,
TOLEDO GLOW PLUG JOINT SOCKET SET 9PC,Tridon 003483 Whitelaw Tooling Supplies,,,
TOLEDO GLOW PLUG TEST KIT MULTI VOLTAGE,Tridon 003483 Whitelaw Tooling Supplies,,,
TOLEDO DRIVE PULLEY SPANNER SET 15PC,Tridon 003483 Whitelaw Tooling Supplies,,,
TOLEDO DIESEL INJECTOR SEAT CUTTER SET,Tridon 003483 Whitelaw Tooling Supplies,,,
TOLEDO REPLACEMENT REAMER SET 5PC,Tridon 003483 Whitelaw Tooling Supplies,,,
TOLEDO DIESEL INJECTOR WRENCH SET 6PC,Tridon 003483 Whitelaw Tooling Supplies,,,
TOLEDO VALVE SPRING COMPRESSOR MASTER,Tridon 003483 Whitelaw Tooling Supplies,,,
TOLEDO DIESEL FUEL LINE SOCKET SET 3PC,Tridon 003483 Whitelaw Tooling Supplies,,,
TOLEDO DIESEL INJECTOR PORT CLEANING KIT,Tridon 003483 Whitelaw Tooling Supplies,,,
TOLEDO DIESEL INJECTOR WIRE BRUSH 5 PC,Tridon 003483 Whitelaw Tooling Supplies,,,
TOLEDO DIESEL INJECTOR DEEP CLEAN BRUSH,Tridon 003483 Whitelaw Tooling Supplies,,,
TOLEDO DIESEL INJECTOR TWIST WIRE BRUSH,Tridon 003483 Whitelaw Tooling Supplies,,,
TOLEDO DIESEL INJECTOR ABRASIVE DISCS,Tridon 003483 Whitelaw Tooling Supplies,,,
TOLEDO VALVE SHIM ADJUSTING TOOL SET 3PC,Tridon 003483 Whitelaw Tooling Supplies,,,
TOLEDO VALVE SPRING COMPRESSOR TOOL GM,Tridon 003483 Whitelaw Tooling Supplies,,,
TOLEDO CAMSHAFT PULLEY PULLER,Tridon 003483 Whitelaw Tooling Supplies,,,
TOLEDO CAMSHAFT PULLEY PULLER,Tridon 003483 Whitelaw Tooling Supplies,,,
KNIPEX HALOGEN BULB PLIER 160MM,Tridon 003483 Whitelaw Tooling Supplies,,,
TOLEDO VALVE SPRING COMP 68-130 MM,Tridon 003483 Whitelaw Tooling Supplies,,,
TOLEDO VALVE SPRING COMP 55-165MM OFFSET,Tridon 003483 Whitelaw Tooling Supplies,,,
TOLEDO VALVE SPRING COMP 45-145MM,Tridon 003483 Whitelaw Tooling Supplies,,,
TOLEDO VALVE SPRING COMP OHC 75-165MM,Tridon 003483 Whitelaw Tooling Supplies,,,
TOLEDO VALVE SPRING COMP S/VALVE,Tridon 003483 Whitelaw Tooling Supplies,,,
TOLEDO VALVE SPRING COMP OHV,Tridon 003483 Whitelaw Tooling Supplies,,,
TOLEDO VALVE SPRING COMP OHV/OHC/CVH,Tridon 003483 Whitelaw Tooling Supplies,,,
TOLEDO HYDRAULIC VALVE LIFTER PULLER,Tridon 003483 Whitelaw Tooling Supplies,,,
TOLEDO PISTON RING COMP 53-125MM,Tridon 003483 Whitelaw Tooling Supplies,,,
TOLEDO PISTON RING COMP 60-175MM,Tridon 003483 Whitelaw Tooling Supplies,,,
TOLEDO VALVE LAPPER  16/21/28/35MM 2PC,Tridon 003483 Whitelaw Tooling Supplies,,,
TOLEDO PISTON RING GROOVE CLEANER,Tridon 003483 Whitelaw Tooling Supplies,,,
TOLEDO FORD CAM POSITIONING TOOL,Tridon 003483 Whitelaw Tooling Supplies,,,
TOLEDO CAMSHAFT HOLDING TOOL,Tridon 003483 Whitelaw Tooling Supplies,,,
TOLEDO PETROL ENGINE COMPTESTER KIT,Tridon 003483 Whitelaw Tooling Supplies,,,
TOLEDO HARMONIC DAMPER PULLEY PULLER,Tridon 003483 Whitelaw Tooling Supplies,,,
TOLEDO TIMING GEAR HOLDER UNIVERSAL,Tridon 003483 Whitelaw Tooling Supplies,,,
TOLEDO CAMSHAFT HOLDING TOOL KIT 12PC,Tridon 003483 Whitelaw Tooling Supplies,,,
TOLEDO BELT TENSIONER TOOL HYUNDAI/KIA,Tridon 003483 Whitelaw Tooling Supplies,,,
TOLEDO FLYWHEEL LOCKING TOOL FORD,Tridon 003483 Whitelaw Tooling Supplies,,,
TOLEDO THREAD CHASER M14 & M18,Tridon 003483 Whitelaw Tooling Supplies,,,
TOLEDO THREAD CHASER M10 & M12,Tridon 003483 Whitelaw Tooling Supplies,,,
TOLEDO EXTENSION M10 x 1.0,Tridon 003483 Whitelaw Tooling Supplies,,,
TOLEDO EXTENSION M12 x 1.25,Tridon 003483 Whitelaw Tooling Supplies,,,
TOLEDO EXTENSION M14 X 1.25,Tridon 003483 Whitelaw Tooling Supplies,,,
TOLEDO EXTENSION M14 X 1.25,Tridon 003483 Whitelaw Tooling Supplies,,,
TOLEDO EXTENSION M18 X 1.5,Tridon 003483 Whitelaw Tooling Supplies,,,
TOLEDO SERVICE KIT 8 X SEALS/PRESSURE,Tridon 003483 Whitelaw Tooling Supplies,,,
TOLEDO ADAPTOR R 1/8IN X DIN299,Tridon 003483 Whitelaw Tooling Supplies,,,
TOLEDO ADAPTOR 1/8IN X 27NPT,Tridon 003483 Whitelaw Tooling Supplies,,,
TOLEDO ADAPTOR 1/4IN X 18 NPT,Tridon 003483 Whitelaw Tooling Supplies,,,
TOLEDO ADAPTOR 3/8IN X 20 UNF,Tridon 003483 Whitelaw Tooling Supplies,,,
TOLEDO ADAPTOR 1/2IN X 20 UNF,Tridon 003483 Whitelaw Tooling Supplies,,,
TOLEDO ADAPTOR M10 X 10,Tridon 003483 Whitelaw Tooling Supplies,,,
TOLEDO ADAPTOR M12 X 1.5,Tridon 003483 Whitelaw Tooling Supplies,,,
TOLEDO ADAPTOR M14 X 1.5,Tridon 003483 Whitelaw Tooling Supplies,,,
TOLEDO ADAPTOR M16 X 1.5,Tridon 003483 Whitelaw Tooling Supplies,,,
TOLEDO ADAPTOR M18 X 1.5,Tridon 003483 Whitelaw Tooling Supplies,,,
TOLEDO ADAPTOR 90 DEG ELBOW,Tridon 003483 Whitelaw Tooling Supplies,,,
TOLEDO GAUGE & HOSE ASSEMBLY,Tridon 003483 Whitelaw Tooling Supplies,,,
TOLEDO SPACER SET,Tridon 003483 Whitelaw Tooling Supplies,,,
TOLEDO CLAMPING PLATE 76 X 25 X 17MM,Tridon 003483 Whitelaw Tooling Supplies,,,
TOLEDO HOSE ASSEMBLY,Tridon 003483 Whitelaw Tooling Supplies,,,
TOLEDO GLOW PLUG ADAPTOR M10 X 1.25,Tridon 003483 Whitelaw Tooling Supplies,,,
TOLEDO GLOW PLUG ADAPTOR M12 X 1.25,Tridon 003483 Whitelaw Tooling Supplies,,,
TOLEDO GLOW PLUG ADAPTOR M14 X 1.25,Tridon 003483 Whitelaw Tooling Supplies,,,
TOLEDO GLOWPLUG ADAPTOR M10 X 1.0,Tridon 003483 Whitelaw Tooling Supplies,,,
TOLEDO DUMMY INJECTOR,Tridon 003483 Whitelaw Tooling Supplies,,,
TOLEDO STANADYNE DUMMY INJECTOR,Tridon 003483 Whitelaw Tooling Supplies,,,
TOLEDO GLOWPLUG ADAPTOR M10 X 1.25,Tridon 003483 Whitelaw Tooling Supplies,,,
TOLEDO GLOWPLUG ADAPTOR M24 X 2.0,Tridon 003483 Whitelaw Tooling Supplies,,,
TOLEDO DUMMY INJECTOR M20 X 1.5,Tridon 003483 Whitelaw Tooling Supplies,,,
TOLEDO REPLACEMENT SEAL & WASHER SET,Tridon 003483 Whitelaw Tooling Supplies,,,
TOLEDO SPROCKET PULLER UNIVERSAL,Tridon 003483 Whitelaw Tooling Supplies,,,
TOLEDO ENGINE OIL PRESSURE TEST KIT,Tridon 003483 Whitelaw Tooling Supplies,,,
TOLEDO OVERHEAD VALVE SPRING COMPRESSOR,Tridon 003483 Whitelaw Tooling Supplies,,,
TOLEDO AUTO-FLEXING LINE SOCKET SET 6PC,Tridon 003483 Whitelaw Tooling Supplies,,,
TOLEDO COMPRESSION TESTER MAST KIT DIESL,Tridon 003483 Whitelaw Tooling Supplies,,,
TOLEDO G/P ADAPTOR NO1 M12X1.25X17.5MM,Tridon 003483 Whitelaw Tooling Supplies,,,
TOLEDO G/P ADAPTOR NO10 M10X1.25X32MM,Tridon 003483 Whitelaw Tooling Supplies,,,
TOLEDO G/P ADAPTOR NO11 M10X1.0X35MM,Tridon 003483 Whitelaw Tooling Supplies,,,
TOLEDO G/P ADAPTOR NO12 M12X1.25X58MM,Tridon 003483 Whitelaw Tooling Supplies,,,
TOLEDO G/P ADAPTOR NO13 M10X1.0X71MM,Tridon 003483 Whitelaw Tooling Supplies,,,
TOLEDO G/P ADAPTOR NO14 M10X1.0X71MM,Tridon 003483 Whitelaw Tooling Supplies,,,
TOLEDO G/P ADAPTOR NO15 M8X1.0X59MM,Tridon 003483 Whitelaw Tooling Supplies,,,
TOLEDO G/P ADAPTOR NO16 M10X1.25X85MM,Tridon 003483 Whitelaw Tooling Supplies,,,
TOLEDO G/P ADAPTOR NO17 M10X1.0X80MM,Tridon 003483 Whitelaw Tooling Supplies,,,
TOLEDO G/P ADAPTOR NO18 69MM,Tridon 003483 Whitelaw Tooling Supplies,,,
TOLEDO G/P ADAPTOR NO19 M10X1.25X102MM,Tridon 003483 Whitelaw Tooling Supplies,,,
TOLEDO G/P ADAPTOR NO2 M12X1.25X20MM,Tridon 003483 Whitelaw Tooling Supplies,,,
TOLEDO G/P ADAPTOR NO20 M9X1.0X88MM,Tridon 003483 Whitelaw Tooling Supplies,,,
TOLEDO G/P ADAPTOR NO21 M10X1.25X85MM,Tridon 003483 Whitelaw Tooling Supplies,,,
TOLEDO G/P ADAPTOR NO22 M10X1.0X73MM,Tridon 003483 Whitelaw Tooling Supplies,,,
TOLEDO INJECT ADAPTOR NO23 M22X1.5X43MM,Tridon 003483 Whitelaw Tooling Supplies,,,
TOLEDO INJECT ADAPTOR NO24 M24X1.5X28MM,Tridon 003483 Whitelaw Tooling Supplies,,,
TOLEDO INJECT ADAPTOR NO25 M20X1.5X29MM,Tridon 003483 Whitelaw Tooling Supplies,,,
TOLEDO INJECT ADAPTOR NO26 M24X2.0X26MM,Tridon 003483 Whitelaw Tooling Supplies,,,
TOLEDO G/P ADAPTOR NO3 M10X1.25X28.5MM,Tridon 003483 Whitelaw Tooling Supplies,,,
TOLEDO G/P ADAPTOR NO4 M10X1.25X42MM,Tridon 003483 Whitelaw Tooling Supplies,,,
TOLEDO G/P ADAPTOR NO43 M10X1.25X  MM,Tridon 003483 Whitelaw Tooling Supplies,,,
TOLEDO G/P ADAPTOR NO5 M10X1.25X45MM,Tridon 003483 Whitelaw Tooling Supplies,,,
TOLEDO G/P ADAPTOR NO6 M10X1.25X44MM,Tridon 003483 Whitelaw Tooling Supplies,,,
TOLEDO G/P ADAPTOR NO7 M10X1.0X54MM,Tridon 003483 Whitelaw Tooling Supplies,,,
TOLEDO G/P ADAPTOR NO8 M10X1.0X43MM,Tridon 003483 Whitelaw Tooling Supplies,,,
TOLEDO G/P ADAPTOR NO9 M10X1.0X26MM,Tridon 003483 Whitelaw Tooling Supplies,,,
TOLEDO GAUGE/HOSE ASSEMBLY W/90DEG ADAP,Tridon 003483 Whitelaw Tooling Supplies,,,
TOLEDO DIESEL COMPRESSION  UPGRADE KIT,Tridon 003483 Whitelaw Tooling Supplies,,,
TOLEDO CAMSHAFT LOCKING KIT,Tridon 003483 Whitelaw Tooling Supplies,,,
TOLEDO TIMING TOOL KIT,Tridon 003483 Whitelaw Tooling Supplies,,,
TOLEDO TIMING ALIGNMENT TOOL KIT,Tridon 003483 Whitelaw Tooling Supplies,,,
TOLEDO TIMING TOOL KIT,Tridon 003483 Whitelaw Tooling Supplies,,,
TOLEDO TIMING TOOL KIT,Tridon 003483 Whitelaw Tooling Supplies,,,
TOLEDO TIMING ALIGNMENT TOOL KIT,Tridon 003483 Whitelaw Tooling Supplies,,,
TOLEDO TIMING TOOL KIT,Tridon 003483 Whitelaw Tooling Supplies,,,
TOLEDO TIMING CHAIN KIT,Tridon 003483 Whitelaw Tooling Supplies,,,
TOLEDO TIMING TOOL KIT,Tridon 003483 Whitelaw Tooling Supplies,,,
TOLEDO TIMING ALIGNMENT TOOL KIT,Tridon 003483 Whitelaw Tooling Supplies,,,
TOLEDO TIMING TOOL KIT,Tridon 003483 Whitelaw Tooling Supplies,,,
TOLEDO CAMSHAFT SETTING BAR,Tridon 003483 Whitelaw Tooling Supplies,,,
TOLEDO TIMING TOOL KIT,Tridon 003483 Whitelaw Tooling Supplies,,,
TOLEDO TIMING TOOL KIT,Tridon 003483 Whitelaw Tooling Supplies,,,
TOLEDO WATER PUMP WRENCH - 41MM,Tridon 003483 Whitelaw Tooling Supplies,,,
TOLEDO WATER PUMP WRENCH - 46MM,Tridon 003483 Whitelaw Tooling Supplies,,,
TOLEDO TIMING TOOL KIT,Tridon 003483 Whitelaw Tooling Supplies,,,
TOLEDO TIMING TOOL KIT,Tridon 003483 Whitelaw Tooling Supplies,,,
TOLEDO TIMING TOOL KIT,Tridon 003483 Whitelaw Tooling Supplies,,,
TOLEDO TIMING TOOL KIT,Tridon 003483 Whitelaw Tooling Supplies,,,
TOLEDO TIMING TOOL KIT,Tridon 003483 Whitelaw Tooling Supplies,,,
TOLEDO TIMING TOOL KIT,Tridon 003483 Whitelaw Tooling Supplies,,,
TOLEDO TIMING TOOL KIT,Tridon 003483 Whitelaw Tooling Supplies,,,
TOLEDO TIMING TOOL KIT,Tridon 003483 Whitelaw Tooling Supplies,,,
TOLEDO TIMING TOOL KIT,Tridon 003483 Whitelaw Tooling Supplies,,,
TOLEDO TIMING TOOL KIT,Tridon 003483 Whitelaw Tooling Supplies,,,
TOLEDO TIMING TOOL KIT,Tridon 003483 Whitelaw Tooling Supplies,,,
TOLEDO TIMING TOOL KIT,Tridon 003483 Whitelaw Tooling Supplies,,,
TOLEDO TIMING TOOL KIT,Tridon 003483 Whitelaw Tooling Supplies,,,
TOLEDO TIMING TOOL KIT,Tridon 003483 Whitelaw Tooling Supplies,,,
TOLEDO TIMING TOOL KIT,Tridon 003483 Whitelaw Tooling Supplies,,,
TOLEDO TIMING TOOL KIT,Tridon 003483 Whitelaw Tooling Supplies,,,
TOLEDO TIMING TOOL KIT,Tridon 003483 Whitelaw Tooling Supplies,,,
TOLEDO CAMSHAFT ALIGNMENT TOOLS,Tridon 003483 Whitelaw Tooling Supplies,,,
TOLEDO TIMING TOOL KIT,Tridon 003483 Whitelaw Tooling Supplies,,,
TOLEDO TIMING TOOL KIT,Tridon 003483 Whitelaw Tooling Supplies,,,
TOLEDO TIMING TOOL KIT,Tridon 003483 Whitelaw Tooling Supplies,,,
TOLEDO CAMSHAFT LOCKING KIT,Tridon 003483 Whitelaw Tooling Supplies,,,
TOLEDO TIMING TOOL KIT,Tridon 003483 Whitelaw Tooling Supplies,,,
TOLEDO BELT INSTALLATION KIT,Tridon 003483 Whitelaw Tooling Supplies,,,
TOLEDO TIMING TOOL KIT,Tridon 003483 Whitelaw Tooling Supplies,,,
TOLEDO TIMING TOOL KIT,Tridon 003483 Whitelaw Tooling Supplies,,,
TOLEDO TIMING TOOL KIT,Tridon 003483 Whitelaw Tooling Supplies,,,
TOLEDO TIMING TOOL KIT,Tridon 003483 Whitelaw Tooling Supplies,,,
TOLEDO CAMSHAFT ALIGNMENT TOOLS,Tridon 003483 Whitelaw Tooling Supplies,,,
TOLEDO TIMING TOOL KIT,Tridon 003483 Whitelaw Tooling Supplies,,,
TOLEDO TIMING TOOL KIT,Tridon 003483 Whitelaw Tooling Supplies,,,
TOLEDO TIMING TOOL KIT,Tridon 003483 Whitelaw Tooling Supplies,,,
TOLEDO TIMING TOOL KIT,Tridon 003483 Whitelaw Tooling Supplies,,,
TOLEDO CAMSHAFT BELT TENSIONER TOOLS,Tridon 003483 Whitelaw Tooling Supplies,,,
TOLEDO CAMSHAFT LOCKING KIT,Tridon 003483 Whitelaw Tooling Supplies,,,
TOLEDO TIMING TOOL KIT,Tridon 003483 Whitelaw Tooling Supplies,,,
TOLEDO CAMSHAFT LOCKING KIT,Tridon 003483 Whitelaw Tooling Supplies,,,
TOLEDO TIMING TOOL KIT,Tridon 003483 Whitelaw Tooling Supplies,,,
TOLEDO TIMING TOOL KIT,Tridon 003483 Whitelaw Tooling Supplies,,,
TOLEDO TIMING TOOL KIT,Tridon 003483 Whitelaw Tooling Supplies,,,
TOLEDO TIMING TOOL KIT,Tridon 003483 Whitelaw Tooling Supplies,,,
TOLEDO TIMING TOOL KIT,Tridon 003483 Whitelaw Tooling Supplies,,,
TOLEDO TIMING TOOL KIT,Tridon 003483 Whitelaw Tooling Supplies,,,
TOLEDO TIMING TOOL KIT,Tridon 003483 Whitelaw Tooling Supplies,,,
TOLEDO CAMSHAFT LOCKING KIT,Tridon 003483 Whitelaw Tooling Supplies,,,
TOLEDO TIMING TOOL KIT,Tridon 003483 Whitelaw Tooling Supplies,,,
TOLEDO CAMSHAFT LOCKING KIT,Tridon 003483 Whitelaw Tooling Supplies,,,
TOLEDO TIMING TOOL KIT,Tridon 003483 Whitelaw Tooling Supplies,,,
TOLEDO TIMING TOOL KIT,Tridon 003483 Whitelaw Tooling Supplies,,,
TOLEDO TIMING TOOL KIT,Tridon 003483 Whitelaw Tooling Supplies,,,
TOLEDO TIMING TOOL KIT,Tridon 003483 Whitelaw Tooling Supplies,,,
TOLEDO CAMSHAFT LOCKING KIT,Tridon 003483 Whitelaw Tooling Supplies,,,
TOLEDO TIMING TOOL KIT,Tridon 003483 Whitelaw Tooling Supplies,,,
TOLEDO TIMING TOOL KIT,Tridon 003483 Whitelaw Tooling Supplies,,,
TOLEDO TIMING TOOL KIT,Tridon 003483 Whitelaw Tooling Supplies,,,
TOLEDO LOCKING TOOL KIT - UNIVERSAL,Tridon 003483 Whitelaw Tooling Supplies,,,
TOLEDO TIMING KIT,Tridon 003483 Whitelaw Tooling Supplies,,,
TOLEDO TIMING KIT,Tridon 003483 Whitelaw Tooling Supplies,,,
TOLEDO LOCKING TOOL - UNIVERSAL,Tridon 003483 Whitelaw Tooling Supplies,,,
TOLEDO FLYWHEEL LOCKING TOOL,Tridon 003483 Whitelaw Tooling Supplies,,,
TOLEDO BELT INSTALLATION KIT,Tridon 003483 Whitelaw Tooling Supplies,,,
TOLEDO BELT INSTALLATION KIT,Tridon 003483 Whitelaw Tooling Supplies,,,
TOLEDO CAMSHAFT FITTING TOOL VAG,Tridon 003483 Whitelaw Tooling Supplies,,,
TOLEDO CAMSHAFT LOCKING TOOL,Tridon 003483 Whitelaw Tooling Supplies,,,
TOLEDO CAMSHAFT LOCKING TOOL,Tridon 003483 Whitelaw Tooling Supplies,,,
TOLEDO FUEL PUMP SPROCKET REMOVING TOOL,Tridon 003483 Whitelaw Tooling Supplies,,,
TOLEDO FUEL PUMP SPROCKET LOCKING TOOL,Tridon 003483 Whitelaw Tooling Supplies,,,
TOLEDO FLYWHEEL LOCKING TOOL,Tridon 003483 Whitelaw Tooling Supplies,,,
TOLEDO TIMING TOOL KIT,Tridon 003483 Whitelaw Tooling Supplies,,,
TOLEDO FLYWHEEL LOCKING TOOL,Tridon 003483 Whitelaw Tooling Supplies,,,
TOLEDO TIMING TOOL KIT,Tridon 003483 Whitelaw Tooling Supplies,,,
TOLEDO HARMONIC BALANCER REMOVER FORD,Tridon 003483 Whitelaw Tooling Supplies,,,
TOLEDO BOOST LEAK ADAPTOR 95-104MM,Tridon 003483 Whitelaw Tooling Supplies,,,
TOLEDO BOOST LEAK ADAPTOR 105-114MM,Tridon 003483 Whitelaw Tooling Supplies,,,
TOLEDO SEAL KIT INSTALLER LS (GM),Tridon 003483 Whitelaw Tooling Supplies,,,
TOLEDO WIPER ARM PULLER ADJUSTABLE,Tridon 003483 Whitelaw Tooling Supplies,,,
TOLEDO CYLINDER BORE GAUGE 50-160MM 18PC,Tridon 003483 Whitelaw Tooling Supplies,,,
TOLEDO TURBO BOOST LEAK PRESSURE TESTER,Tridon 003483 Whitelaw Tooling Supplies,,,
TOLEDO GREASE GUN HOLDER,Tridon 003483 Whitelaw Tooling Supplies,,,
TOLEDO OIL FILTER REMOVER 80-90MM,Tridon 003483 Whitelaw Tooling Supplies,,,
TOLEDO OIL FILTER REMOVER SET - 15 PC,Tridon 003483 Whitelaw Tooling Supplies,,,
TOLEDO SPARE Z-SWIVEL,Tridon 003483 Whitelaw Tooling Supplies,,,
TOLEDO CONTROL VALVE WITH SWIVEL,Tridon 003483 Whitelaw Tooling Supplies,,,
TOLEDO CONTROL VALVE,Tridon 003483 Whitelaw Tooling Supplies,,,
TOLEDO FOLLOWER PLATE - 20KG,Tridon 003483 Whitelaw Tooling Supplies,,,
TOLEDO FOLLOWER PLATE - 50KG,Tridon 003483 Whitelaw Tooling Supplies,,,
TOLEDO DRAIN PLUG REMVR 3/8IN X10MM F,Tridon 003483 Whitelaw Tooling Supplies,,,
TOLEDO DRAIN PLUG REMOVER TRI 10MM,Tridon 003483 Whitelaw Tooling Supplies,,,
TOLEDO GREASE NIPPLE THREAD GAUGE,Tridon 003483 Whitelaw Tooling Supplies,,,
TOLEDO LITRE STROKE PUMP,Tridon 003483 Whitelaw Tooling Supplies,,,
TOLEDO INDUST  ROTARY FUEL TRANSFER PUMP,Tridon 003483 Whitelaw Tooling Supplies,,,
TOLEDO UNIVERSAL DRIP PAN,Tridon 003483 Whitelaw Tooling Supplies,,,
TOLEDO OIL FILTER REMOVER 3-JAW 60-125MM,Tridon 003483 Whitelaw Tooling Supplies,,,
TOLEDO OIL FILTER REMOVER 60-80MM,Tridon 003483 Whitelaw Tooling Supplies,,,
TOLEDO OIL FILTER REMOVER STRAP 25-160MM,Tridon 003483 Whitelaw Tooling Supplies,,,
TOLEDO OIL FILTER REMOVER STRAP 40-240MM,Tridon 003483 Whitelaw Tooling Supplies,,,
TOLEDO OIL FILTER SOCKET 3/8IN SQ DR,Tridon 003483 Whitelaw Tooling Supplies,,,
TOLEDO MINIATURE GREASE GUN,Tridon 003483 Whitelaw Tooling Supplies,,,
TOLEDO REPLACEMENT GREASE CARTRIDGE,Tridon 003483 Whitelaw Tooling Supplies,,,
TOLEDO PNEUMATIC GREASE GUN - CONT FLOW,Tridon 003483 Whitelaw Tooling Supplies,,,
TOLEDO SEAL KIT FOR 305045,Tridon 003483 Whitelaw Tooling Supplies,,,
TOLEDO RUBBER STRAP WRENCH 150MM,Tridon 003483 Whitelaw Tooling Supplies,,,
TOLEDO DOUBLE DIAPHRAM FUEL TRANS PUMP,Tridon 003483 Whitelaw Tooling Supplies,,,
TOLEDO HIGH PRESSURE HOSE 210MM,Tridon 003483 Whitelaw Tooling Supplies,,,
TOLEDO AIR BLEED VALVE,Tridon 003483 Whitelaw Tooling Supplies,,,
TOLEDO BULK LOADING FILLER NIPPLE,Tridon 003483 Whitelaw Tooling Supplies,,,
TOLEDO OIL FILTER PLIERS,Tridon 003483 Whitelaw Tooling Supplies,,,
TOLEDO TRANSMISSION DRAIN PAN,Tridon 003483 Whitelaw Tooling Supplies,,,
TOLEDO OIL FILT REMVR 65MM 14 FLUTES,Tridon 003483 Whitelaw Tooling Supplies,,,
TOLEDO OIL FILT REMVR 68MM 14 FLUTES,Tridon 003483 Whitelaw Tooling Supplies,,,
TOLEDO OIL FILT REMVR 65-67MM 14 FLUTES,Tridon 003483 Whitelaw Tooling Supplies,,,
TOLEDO OIL FILT REMVR 74-76MM 15 FLUTES,Tridon 003483 Whitelaw Tooling Supplies,,,
TOLEDO OIL FILT REMVR 76MM 14 FLUTES,Tridon 003483 Whitelaw Tooling Supplies,,,
TOLEDO OIL FILT REMVR 76MM 30 FLUTES,Tridon 003483 Whitelaw Tooling Supplies,,,
TOLEDO OIL FILT REMVR 73MM 14 FLUTES,Tridon 003483 Whitelaw Tooling Supplies,,,
TOLEDO OIL FILT REMVR 75-77MM 15 FLUTES,Tridon 003483 Whitelaw Tooling Supplies,,,
TOLEDO OIL FILT REMVR 80-82MM 15 FLUTES,Tridon 003483 Whitelaw Tooling Supplies,,,
TOLEDO OIL FILT REMVR 90MM 15 FLUTES,Tridon 003483 Whitelaw Tooling Supplies,,,
TOLEDO OIL FILT REMVR 93MM 15 FLUTES,Tridon 003483 Whitelaw Tooling Supplies,,,
TOLEDO OIL FILT REMVR 93MM 36 FLUTES,Tridon 003483 Whitelaw Tooling Supplies,,,
TOLEDO OIL FILT REMVR 100MM 15 FLUTES,Tridon 003483 Whitelaw Tooling Supplies,,,
TOLEDO OIL FILTER SET ADAPTOR,Tridon 003483 Whitelaw Tooling Supplies,,,
TOLEDO SPARE HOSE FOR 305045,Tridon 003483 Whitelaw Tooling Supplies,,,
TOLEDO LOCKABLE DRUM TAP W BUCKET HANGER,Tridon 003483 Whitelaw Tooling Supplies,,,
TOLEDO OIL FILTER WRENCH CUP STYLE SET,Tridon 003483 Whitelaw Tooling Supplies,,,
TOLEDO OIL FILTER WEBBING STRAP,Tridon 003483 Whitelaw Tooling Supplies,,,
TOLEDO REPLACEMENT STRAP FOR 305073,Tridon 003483 Whitelaw Tooling Supplies,,,
TOLEDO OIL FILTER PLIERS,Tridon 003483 Whitelaw Tooling Supplies,,,
TOLEDO COOLANT FUNNEL MASTER KIT 13PC,Tridon 003483 Whitelaw Tooling Supplies,,,
TOLEDO UNIVERSAL PLIER-GRIP OIL FUNNEL,Tridon 003483 Whitelaw Tooling Supplies,,,
TRUCK OIL FILTER WRENCH 105 - 120MM,Tridon 003483 Whitelaw Tooling Supplies,,,
TRUCK OIL FILTER WRENCH 115 - 135MM,Tridon 003483 Whitelaw Tooling Supplies,,,
TRUCK OIL FILTER WRENCH 125 - 145MM,Tridon 003483 Whitelaw Tooling Supplies,,,
TOLEDO FLUID RECEIVER LOW PROFILE 20L,Tridon 003483 Whitelaw Tooling Supplies,,,
TOLEDO PORTABLE OIL DRAIN PAN & CAN 10L,Tridon 003483 Whitelaw Tooling Supplies,,,
TOLEDO PORTABLE OIL DRAIN PAN & CAN 17L,Tridon 003483 Whitelaw Tooling Supplies,,,
TOLEDO UNIVERSAL COOLANT FILLING SET,Tridon 003483 Whitelaw Tooling Supplies,,,
TOLEDO ADAPTOR PACK FOR 305092,Tridon 003483 Whitelaw Tooling Supplies,,,
TOLEDO BRAKE OIL EXTRACTOR KIT 2L,Tridon 003483 Whitelaw Tooling Supplies,,,
TOLEDO REPLACEMENT HOSE SET FOR 305093,Tridon 003483 Whitelaw Tooling Supplies,,,
TOLEDO FLEXIBLE MOULDABLE FUNNEL,Tridon 003483 Whitelaw Tooling Supplies,,,
TOLEDO KETTLE WITH CURVED SPOUT 10L,Tridon 003483 Whitelaw Tooling Supplies,,,
TOLEDO GREASE GUN HD LEVER 400G,Tridon 003483 Whitelaw Tooling Supplies,,,
TOLEDO GREASE GUN HD PISTOL 400G,Tridon 003483 Whitelaw Tooling Supplies,,,
TOLEDO HD CLEAR GG LEVER 450G,Tridon 003483 Whitelaw Tooling Supplies,,,
TOLEDO CLEAR CANNISTER G/G PISTOL 450G,Tridon 003483 Whitelaw Tooling Supplies,,,
TOLEDO GREASE GUN LEVER 400G,Tridon 003483 Whitelaw Tooling Supplies,,,
TOLEDO OIL FILTER WRENCH 24MM 6 FLUTE,Tridon 003483 Whitelaw Tooling Supplies,,,
TOLEDO OIL FILTER WRENCH 27MM 6 FLUTE,Tridon 003483 Whitelaw Tooling Supplies,,,
TOLEDO OIL FILTER WRENCH 30MM 6 FLUTE,Tridon 003483 Whitelaw Tooling Supplies,,,
TOLEDO OIL FILTER WRENCH 32MM 6 FLUTE,Tridon 003483 Whitelaw Tooling Supplies,,,
TOLEDO OIL FILTER WRENCH 36MM 6 FLUTE,Tridon 003483 Whitelaw Tooling Supplies,,,
TOLEDO OIL FILTER WRENCH 38MM 6 FLUTE,Tridon 003483 Whitelaw Tooling Supplies,,,
TOLEDO OIL FILTER WRENCH 64MM 14 FLUTE,Tridon 003483 Whitelaw Tooling Supplies,,,
TOLEDO OIL FILTER WRENCH 66MM 6 FLUTE,Tridon 003483 Whitelaw Tooling Supplies,,,
TOLEDO OIL FILTER WRENCH 66.5MM 14 FLUTE,Tridon 003483 Whitelaw Tooling Supplies,,,
TOLEDO OIL FILTER WRENCH 74MM 15 FLUTE,Tridon 003483 Whitelaw Tooling Supplies,,,
TOLEDO OIL FILTER WRENCH 75.6MM 14 FLUT,Tridon 003483 Whitelaw Tooling Supplies,,,
TOLEDO OIL FILTER WRENCH 76MM 12 FLUTE,Tridon 003483 Whitelaw Tooling Supplies,,,
TOLEDO OIL FILTER WRENCH 76MM 8 FLUTE,Tridon 003483 Whitelaw Tooling Supplies,,,
TOLEDO OIL FILTER WRENCH 76.5MM 14 FLUTE,Tridon 003483 Whitelaw Tooling Supplies,,,
TOLEDO OIL FILTER WRENCH 78MM 15 FLUTE,Tridon 003483 Whitelaw Tooling Supplies,,,
TOLEDO OIL FILTER WRENCH 86MM 18 FLUTE,Tridon 003483 Whitelaw Tooling Supplies,,,
TOLEDO OIL FILTER WRENCH 86MM 16 FLUTE,Tridon 003483 Whitelaw Tooling Supplies,,,
TOLEDO OIL FILTER WRENCH 86MM 16 FLUTE,Tridon 003483 Whitelaw Tooling Supplies,,,
TOLEDO OIL FILTER WRENCH 88.5MM 15 FLUTE,Tridon 003483 Whitelaw Tooling Supplies,,,
TOLEDO OIL FILTER WRENCH 92MM 10 FLUTE,Tridon 003483 Whitelaw Tooling Supplies,,,
TOLEDO OIL FILTER WRENCH 93MM 45 FLUTE,Tridon 003483 Whitelaw Tooling Supplies,,,
TOLEDO OIL FILTER WRENCH 95MM 15 FLUTE,Tridon 003483 Whitelaw Tooling Supplies,,,
TOLEDO OIL FILTER WRENCH 96MM 18 FLUTE,Tridon 003483 Whitelaw Tooling Supplies,,,
TOLEDO OIL FILTER WRENCH 99MM 15 FLUTE,Tridon 003483 Whitelaw Tooling Supplies,,,
TOLEDO OIL FILTER WRENCH 106MM 15 FLUTE,Tridon 003483 Whitelaw Tooling Supplies,,,
TOLEDO OIL FILTER WRENCH 108MM 15 FLUTE,Tridon 003483 Whitelaw Tooling Supplies,,,
TOLEDO OIL FILTER WRENCH 108MM 18 FLUTE,Tridon 003483 Whitelaw Tooling Supplies,,,
TOLEDO OIL FILTER WRENCH 64.5MM 14FLUTE,Tridon 003483 Whitelaw Tooling Supplies,,,
TOLEDO OIL FILTER WRENCH 88.8MM 15FLUTE,Tridon 003483 Whitelaw Tooling Supplies,,,
TOLEDO OIL FILTER WRENCH 74.2MM 14FLUTE,Tridon 003483 Whitelaw Tooling Supplies,,,
TOLEDO OIL FILTER WRENCH 86.6MM 16FLUTE,Tridon 003483 Whitelaw Tooling Supplies,,,
TOLEDO OIL FILTER WRENCH 84MM 14 FLUTE,Tridon 003483 Whitelaw Tooling Supplies,,,
TOLEDO GREASE GUN CLEAR LEVER 400G,Tridon 003483 Whitelaw Tooling Supplies,,,
TOLEDO GREASE GUN CLEAR PISTOL 400G,Tridon 003483 Whitelaw Tooling Supplies,,,
TOLEDO PORTABLE BEARING PACKER 50-95MM,Tridon 003483 Whitelaw Tooling Supplies,,,
TOLEDO FLUID CHANGE SYRINGE 1.5L/1.59QT,Tridon 003483 Whitelaw Tooling Supplies,,,
TOLEDO REPLACEMENT O-RINGS FOR 305151,Tridon 003483 Whitelaw Tooling Supplies,,,
TOLEDO FLUID CHANGE SYRINGE 0.2L/0.211QT,Tridon 003483 Whitelaw Tooling Supplies,,,
TOLEDO REPLACEMENT O-RINGS FOR 305152,Tridon 003483 Whitelaw Tooling Supplies,,,
TOLEDO PRESSURE SPRAYER PUMP ACTION 1L,Tridon 003483 Whitelaw Tooling Supplies,,,
TOLEDO SPRAY BOTTLE SERVICE KIT 4PC,Tridon 003483 Whitelaw Tooling Supplies,,,
TOLEDO SPRAY BOTTLE REPLACEMNT NOZZLE,Tridon 003483 Whitelaw Tooling Supplies,,,
TOLEDO PRESSURE SPRAYER PUMP ACTION 2L,Tridon 003483 Whitelaw Tooling Supplies,,,
TOLEDO GREASE FILLER DISPENSER 20KG,Tridon 003483 Whitelaw Tooling Supplies,,,
TOLEDO FUEL SYRINGE/EXTRACTION 1.5L,Tridon 003483 Whitelaw Tooling Supplies,,,
TOLEDO FUEL SYRINGE SPARES SERVICE KIT,Tridon 003483 Whitelaw Tooling Supplies,,,
TOLEDO TRANSFER SYRINGE,Tridon 003483 Whitelaw Tooling Supplies,,,
TOLEDO METAL LINE STOPPER SET 12PC,Tridon 003483 Whitelaw Tooling Supplies,,,
TOLEDO HD BEARING PACKER 170MM 5.8KGS,Tridon 003483 Whitelaw Tooling Supplies,,,
TOLEDO AIR PULSE PARTS CLEANER 20L,Tridon 003483 Whitelaw Tooling Supplies,,,
TOLEDO FLUID EXTRACTOR 10L,Tridon 003483 Whitelaw Tooling Supplies,,,
TOLEDO SUCTION HOSE DIA10MM X 400MM,Tridon 003483 Whitelaw Tooling Supplies,,,
TOLEDO SUCTION HOSE DIA6MM X 735MM,Tridon 003483 Whitelaw Tooling Supplies,,,
TOLEDO SUCTION HOSE DIA7MM X 860MM,Tridon 003483 Whitelaw Tooling Supplies,,,
TOLEDO SUCTION HOSE DIA6MM X 720MM,Tridon 003483 Whitelaw Tooling Supplies,,,
TOLEDO MAIN HOSE DIA10MM X 1500MM,Tridon 003483 Whitelaw Tooling Supplies,,,
TOLEDO SPRAY CLEANING GUN FLEXIBLE HEAD,Tridon 003483 Whitelaw Tooling Supplies,,,
TOLEDO SAND BLASTING GUN 1L,Tridon 003483 Whitelaw Tooling Supplies,,,
TOLEDO AUTO FLUID EXTRACTOR PNEUMATIC 6L,Tridon 003483 Whitelaw Tooling Supplies,,,
TOLEDO CLEANING GUN HIGH VELOCITY,Tridon 003483 Whitelaw Tooling Supplies,,,
TOLEDO OIL FILTER CUTTING TOOL,Tridon 003483 Whitelaw Tooling Supplies,,,
TOLEDO OIL FILTER WRENCH 64.5MM 14 FLUTE,Tridon 003483 Whitelaw Tooling Supplies,,,
TOLEDO OIL FILTER REMOVER SWIVEL 60-73MM,Tridon 003483 Whitelaw Tooling Supplies,,,
TOLEDO OIL FILTER REMOVER SWIVEL 73-85MM,Tridon 003483 Whitelaw Tooling Supplies,,,
TOLEDO OIL FILTER REMOVER SWIVEL 85-95MM,Tridon 003483 Whitelaw Tooling Supplies,,,
TOLEDO OIL FILTER REMOVER 95-111M,Tridon 003483 Whitelaw Tooling Supplies,,,
TOLEDO SOCKET DR CHAIN FILTER REMOVER,Tridon 003483 Whitelaw Tooling Supplies,,,
TOLEDO OIL FILTER REMOVER 3LEG 3/8,Tridon 003483 Whitelaw Tooling Supplies,,,
TOLEDO OIL FILTER REMOVER 3LEG 3/8 1/2,Tridon 003483 Whitelaw Tooling Supplies,,,
TOLEDO OIL FILTER REMOVER NYLON STRAP,Tridon 003483 Whitelaw Tooling Supplies,,,
TOLEDO GREASE NIPPLE ASST SAE,Tridon 003483 Whitelaw Tooling Supplies,,,
TOLEDO GREASE NIPPLE ASST METRIC,Tridon 003483 Whitelaw Tooling Supplies,,,
TOLEDO OIL MEASURE W/FLEX SPOUT 1L,Tridon 003483 Whitelaw Tooling Supplies,,,
TOLEDO SUMP PLUG REMOVER SET 3PC,Tridon 003483 Whitelaw Tooling Supplies,,,
TOLEDO MALE SUMP PLUG REMOVER SET,Tridon 003483 Whitelaw Tooling Supplies,,,
TOLEDO LEVER ACTION GREASE GUN,Tridon 003483 Whitelaw Tooling Supplies,,,
TOLEDO LEVER ACTION GREASE GUN HD 450G,Tridon 003483 Whitelaw Tooling Supplies,,,
TOLEDO PISTOL GREASE GUN HD,Tridon 003483 Whitelaw Tooling Supplies,,,
TOLEDO MINI PISTOL GREASE GUN,Tridon 003483 Whitelaw Tooling Supplies,,,
TOLEDO PNEUMATIC GREASE GUN,Tridon 003483 Whitelaw Tooling Supplies,,,
TOLEDO PUSH TYPE GREASE GUN,Tridon 003483 Whitelaw Tooling Supplies,,,
TOLEDO SUCTION GUN 500ML,Tridon 003483 Whitelaw Tooling Supplies,,,
TOLEDO SPARE HOSE FOR SUCTION GUN,Tridon 003483 Whitelaw Tooling Supplies,,,
TOLEDO TRANSFER GUN 350ML,Tridon 003483 Whitelaw Tooling Supplies,,,
TOLEDO BEARING PACKER,Tridon 003483 Whitelaw Tooling Supplies,,,
TOLEDO HYDRAULIC COUPLER 4 JAW COUPLER,Tridon 003483 Whitelaw Tooling Supplies,,,
TOLEDO HYD COUPLER 4 JAW COUPLER HD,Tridon 003483 Whitelaw Tooling Supplies,,,
TOLEDO RIGID STEEL EXT BENT TYPE 150MM,Tridon 003483 Whitelaw Tooling Supplies,,,
TOLEDO FLEXIBLE GREASE HOSE 300MM,Tridon 003483 Whitelaw Tooling Supplies,,,
TOLEDO FLEXIBLE GREASE HOSE 450MM,Tridon 003483 Whitelaw Tooling Supplies,,,
TOLEDO FLEXIBLE GREASE HOSE 500MM,Tridon 003483 Whitelaw Tooling Supplies,,,
TOLEDO GREASE INJECTOR NEEDLE 18 GAUGE,Tridon 003483 Whitelaw Tooling Supplies,,,
TOLEDO GREASE INJECTOR NEEDLE 21 GAUGE,Tridon 003483 Whitelaw Tooling Supplies,,,
TOLEDO NEEDLE NOSE DISPENSER 15MM,Tridon 003483 Whitelaw Tooling Supplies,,,
TOLEDO NEEDLE NOSE DISPENSER 38MM,Tridon 003483 Whitelaw Tooling Supplies,,,
TOLEDO NEEDLE NOSE DISPENSER 150MM,Tridon 003483 Whitelaw Tooling Supplies,,,
TOLEDO NEEDLE NOSE DISPENSER WITH SHROUD,Tridon 003483 Whitelaw Tooling Supplies,,,
TOLEDO SPARE SHROUD,Tridon 003483 Whitelaw Tooling Supplies,,,
TOLEDO RECESSED LUBE ADAPTOR,Tridon 003483 Whitelaw Tooling Supplies,,,
TOLEDO NEEDLE NOSE ADAPTOR 100MM D6.4MM,Tridon 003483 Whitelaw Tooling Supplies,,,
TOLEDO NEEDLE NOSE ADAPTOR 38MM DIA 4MM,Tridon 003483 Whitelaw Tooling Supplies,,,
TOLEDO DRUM LID OPENING WRENCH,Tridon 003483 Whitelaw Tooling Supplies,,,
TOLEDO EASY OUT TOOL SMALL,Tridon 003483 Whitelaw Tooling Supplies,,,
TOLEDO EASY OUT TOOL LARGE,Tridon 003483 Whitelaw Tooling Supplies,,,
TOLEDO ROTARY DRUM TELESCOPIC 1IN,Tridon 003483 Whitelaw Tooling Supplies,,,
TOLEDO LEVER ACTION DRUM PUMP HD,Tridon 003483 Whitelaw Tooling Supplies,,,
TOLEDO ANTIFREEZE BARREL PUMP - STD PUMP,Tridon 003483 Whitelaw Tooling Supplies,,,
TOLEDO EZEE FLO PUMP,Tridon 003483 Whitelaw Tooling Supplies,,,
TOLEDO VERTICAL LIFT PUMP,Tridon 003483 Whitelaw Tooling Supplies,,,
TOLEDO OIL CAN 200ML LEVER TYPE,Tridon 003483 Whitelaw Tooling Supplies,,,
TOLEDO OIL CAN 300ML LEVER TYPE,Tridon 003483 Whitelaw Tooling Supplies,,,
TOLEDO OIL CAN 500ML LEVER TYPE,Tridon 003483 Whitelaw Tooling Supplies,,,
TOLEDO OIL CAN 700ML LEVER TYPE,Tridon 003483 Whitelaw Tooling Supplies,,,
TOLEDO OIL CAN 125ML PISTOL GRIP,Tridon 003483 Whitelaw Tooling Supplies,,,
TOLEDO OIL MEASURE 5L WITH FLEX SPOUT,Tridon 003483 Whitelaw Tooling Supplies,,,
TOLEDO REPLACEMENT NOZZLE FOR 305264,Tridon 003483 Whitelaw Tooling Supplies,,,
TOLEDO DRUM DOLLY 205L/44GAL BARRELS,Tridon 003483 Whitelaw Tooling Supplies,,,
TOLEDO GREASE NIPPLE KIT SAE,Tridon 003483 Whitelaw Tooling Supplies,,,
TOLEDO GREASE NIPPLE KIT METRIC,Tridon 003483 Whitelaw Tooling Supplies,,,
TOLEDO GREASE NIP 1/4IN 28 SAE,Tridon 003483 Whitelaw Tooling Supplies,,,
TOLEDO GREASE NIP 1/4IN 28 SAE 45 DEG,Tridon 003483 Whitelaw Tooling Supplies,,,
TOLEDO GREASE NIP 1/4IN 28 SAE 65 DEG,Tridon 003483 Whitelaw Tooling Supplies,,,
TOLEDO GREASE NIP 1/4IN 28 SAE 90 DEG,Tridon 003483 Whitelaw Tooling Supplies,,,
TOLEDO GREASE NIP R1/8IN 28 BSPT,Tridon 003483 Whitelaw Tooling Supplies,,,
TOLEDO GREASE NIP R1/8IN 28 BSPT 45 DEG,Tridon 003483 Whitelaw Tooling Supplies,,,
TOLEDO GREASE NIP R1/8IN 28 BSPT 90 DEG,Tridon 003483 Whitelaw Tooling Supplies,,,
TOLEDO GREASE NIP R1/4IN 19 BSPT,Tridon 003483 Whitelaw Tooling Supplies,,,
TOLEDO GREASE NIP R1/4IN 19 BSPT 45 DEG,Tridon 003483 Whitelaw Tooling Supplies,,,
TOLEDO GREASE NIP R1/4IN 19 BSPT 90 DEG,Tridon 003483 Whitelaw Tooling Supplies,,,
TOLEDO GREASE NIP 1/4IN 28 UNF,Tridon 003483 Whitelaw Tooling Supplies,,,
TOLEDO GREASE NIP 5/16IN 24 UNF,Tridon 003483 Whitelaw Tooling Supplies,,,
TOLEDO GREASE NIP 3/8IN 24 UNF,Tridon 003483 Whitelaw Tooling Supplies,,,
TOLEDO GREASE NIP 1/4IN 26 BSF,Tridon 003483 Whitelaw Tooling Supplies,,,
TOLEDO GREASE NIP 5/16IN 22 BSF,Tridon 003483 Whitelaw Tooling Supplies,,,
TOLEDO GREASE NIP 3/8IN 20 BSF,Tridon 003483 Whitelaw Tooling Supplies,,,
TOLEDO GREASE NIP 1/8IN 27 PTF,Tridon 003483 Whitelaw Tooling Supplies,,,
TOLEDO GREASE NIP 1/8IN 27 PTF 30 DEG,Tridon 003483 Whitelaw Tooling Supplies,,,
TOLEDO GREASE NIP 1/8IN 27 PTF 45 DEG,Tridon 003483 Whitelaw Tooling Supplies,,,
TOLEDO GREASE NIP 1/8IN 27 PTF 65 DEG,Tridon 003483 Whitelaw Tooling Supplies,,,
TOLEDO GREASE NIP 1/8IN 27 PTF 90 DEG,Tridon 003483 Whitelaw Tooling Supplies,,,
TOLEDO GREASE NIP 6MM X 1.0MM,Tridon 003483 Whitelaw Tooling Supplies,,,
TOLEDO GREASE NIP 6MM X 1.0MM 45 DEG,Tridon 003483 Whitelaw Tooling Supplies,,,
TOLEDO GREASE NIP 6MM X 1.0MM 90 DEG,Tridon 003483 Whitelaw Tooling Supplies,,,
TOLEDO GREASE NIP 8MM X 1.0MM,Tridon 003483 Whitelaw Tooling Supplies,,,
TOLEDO GREASE NIP 8MM X 1.0MM 45 DEG,Tridon 003483 Whitelaw Tooling Supplies,,,
TOLEDO GREASE NIP 8MM X 1.0MM 90 DEG,Tridon 003483 Whitelaw Tooling Supplies,,,
TOLEDO GREASE NIP 10MM X 1.0MM,Tridon 003483 Whitelaw Tooling Supplies,,,
TOLEDO GREASE NIP 10MM X 1.0MM 45 DEG,Tridon 003483 Whitelaw Tooling Supplies,,,
TOLEDO GREASE NIP 10MM X 1.0MM 90 DEG,Tridon 003483 Whitelaw Tooling Supplies,,,
TOLEDO GREASE NIP DRIVE FIT 3/16IN,Tridon 003483 Whitelaw Tooling Supplies,,,
TOLEDO GREASE NIP DRIVE FIT 5/16IN,Tridon 003483 Whitelaw Tooling Supplies,,,
TOLEDO GREASE NIP DRIVE FIT 1/4IN,Tridon 003483 Whitelaw Tooling Supplies,,,
TOLEDO GREASE NIP BUTTON HD 1/4IN 19,Tridon 003483 Whitelaw Tooling Supplies,,,
TOLEDO GREASE NIP BUTTON HD 1/8IN 28,Tridon 003483 Whitelaw Tooling Supplies,,,
TOLEDO GREASE NIP BUTTON HD 1/8IN 27,Tridon 003483 Whitelaw Tooling Supplies,,,
TOLEDO GREASE NIP BUTTON HD 3/8IN 18,Tridon 003483 Whitelaw Tooling Supplies,,,
TOLEDO GREASE NIP BUTTON HD 1/4IN 18,Tridon 003483 Whitelaw Tooling Supplies,,,
TOLEDO GREASE NIP 1/4IN 28 SAE,Tridon 003483 Whitelaw Tooling Supplies,,,
TOLEDO GREASE NIP 1/4IN 28 SAE 45 DEG,Tridon 003483 Whitelaw Tooling Supplies,,,
TOLEDO GREASE NIP 1/4IN 8 SAE 65 DEG,Tridon 003483 Whitelaw Tooling Supplies,,,
TOLEDO GREASE NIP 1/4IN 28 SAE 90 DEG,Tridon 003483 Whitelaw Tooling Supplies,,,
TOLEDO GREASE NIP R1/8IN 28 BSPT,Tridon 003483 Whitelaw Tooling Supplies,,,
TOLEDO GREASE NIP R1/8IN 28 BSPT 45 DEG,Tridon 003483 Whitelaw Tooling Supplies,,,
TOLEDO GREASE NIP R1/8IN 28 BSPT 90 DEG,Tridon 003483 Whitelaw Tooling Supplies,,,
TOLEDO GREASE NIP R1/4IN 19 BSPT,Tridon 003483 Whitelaw Tooling Supplies,,,
TOLEDO GREASE NIP R1/4IN 19 BSPT 45 DEG,Tridon 003483 Whitelaw Tooling Supplies,,,
TOLEDO GREASE NIP R1/4IN 19 BSPT 90 DEG,Tridon 003483 Whitelaw Tooling Supplies,,,
TOLEDO GREASE NIP 1/4IN 28 UNF,Tridon 003483 Whitelaw Tooling Supplies,,,
TOLEDO GREASE NIP 5/16IN 24 UNF,Tridon 003483 Whitelaw Tooling Supplies,,,
TOLEDO GREASE NIP 3/8IN 24 UNF,Tridon 003483 Whitelaw Tooling Supplies,,,
TOLEDO GREASE NIP 1/4IN 26 BSP (8PK),Tridon 003483 Whitelaw Tooling Supplies,,,
TOLEDO GREASE NIP 5/16IN 22 BSF,Tridon 003483 Whitelaw Tooling Supplies,,,
TOLEDO GREASE NIP 3/8IN 20 BSF,Tridon 003483 Whitelaw Tooling Supplies,,,
TOLEDO GREASE NIP 1/8IN 27 PTF,Tridon 003483 Whitelaw Tooling Supplies,,,
TOLEDO GREASE NIP 1/8IN 27 PTF 30 DEG,Tridon 003483 Whitelaw Tooling Supplies,,,
TOLEDO GREASE NIP 1/8IN 27 PTF 45 DEG,Tridon 003483 Whitelaw Tooling Supplies,,,
TOLEDO GREASE NIP 1/8IN 27 PTF 65 DEG,Tridon 003483 Whitelaw Tooling Supplies,,,
TOLEDO GREASE NIP 1/8IN 27 PTF 90 DEG,Tridon 003483 Whitelaw Tooling Supplies,,,
TOLEDO GREASE NIP 6MM X 1.0MM,Tridon 003483 Whitelaw Tooling Supplies,,,
TOLEDO GREASE NIP 6MM X 1.0MM 45 DEG,Tridon 003483 Whitelaw Tooling Supplies,,,
TOLEDO GREASE NIP 6MM X 1.0MM 90 DEG,Tridon 003483 Whitelaw Tooling Supplies,,,
TOLEDO GREASE NIP 8MM X 1.0MM (8PK),Tridon 003483 Whitelaw Tooling Supplies,,,
TOLEDO GREASE NIP 8MM X 1.0MM 45 DEG,Tridon 003483 Whitelaw Tooling Supplies,,,
TOLEDO GREASE NIP 8MM X 1.0MM 90 DEG,Tridon 003483 Whitelaw Tooling Supplies,,,
TOLEDO GREASE NIP 10MM X 1.0MM,Tridon 003483 Whitelaw Tooling Supplies,,,
TOLEDO GREASE NIP 10MM X 1.0MM 45 DEG,Tridon 003483 Whitelaw Tooling Supplies,,,
TOLEDO GREASE NIP 10MM X 1.0MM 90 DEG,Tridon 003483 Whitelaw Tooling Supplies,,,
TOLEDO GREASE NIP DRIVE FIT 3/16IN,Tridon 003483 Whitelaw Tooling Supplies,,,
TOLEDO GREASE NIP DRIVE FIT 5/16IN,Tridon 003483 Whitelaw Tooling Supplies,,,
TOLEDO GREASE NIP DRIVE FIT 1/4IN,Tridon 003483 Whitelaw Tooling Supplies,,,
TOLEDO GREASE NIP BUTTON HD 1/4IN,Tridon 003483 Whitelaw Tooling Supplies,,,
TOLEDO GREASE NIP BUTTON HD 1/8IN,Tridon 003483 Whitelaw Tooling Supplies,,,
TOLEDO GREASE NIP BUTTON HD 1/8IN 27,Tridon 003483 Whitelaw Tooling Supplies,,,
TOLEDO GREASE NIP BUTTON HD 3/8IN 18,Tridon 003483 Whitelaw Tooling Supplies,,,
TOLEDO GREASE NIP BUTTON HD 1/4IN 18,Tridon 003483 Whitelaw Tooling Supplies,,,
TOLEDO STEEL EXTENSION STR TYPE 100MM,Tridon 003483 Whitelaw Tooling Supplies,,,
TOLEDO SPARE HOSE FOR TRANSFER GUN,Tridon 003483 Whitelaw Tooling Supplies,,,
TOLEDO 1830MM 72IN HOSE FOR ROTARY PUMP,Tridon 003483 Whitelaw Tooling Supplies,,,
TOLEDO 4 JAW HYDRAULIC COUPLER PK OF 10,Tridon 003483 Whitelaw Tooling Supplies,,,
TOLEDO GREASE NIP S/S 6MM 45 DEG,Tridon 003483 Whitelaw Tooling Supplies,,,
TOLEDO GREASE NIP S/S 10MM 45 DEG,Tridon 003483 Whitelaw Tooling Supplies,,,
TOLEDO G/NIP S/S 1/8IN 27 PTF 30 DEG,Tridon 003483 Whitelaw Tooling Supplies,,,
TOLEDO G/NIP S/S 1/8IN 27 PTF 65 DEG,Tridon 003483 Whitelaw Tooling Supplies,,,
TOLEDO G/NIP S/S 1/8IN 27 PTF 90 DEG,Tridon 003483 Whitelaw Tooling Supplies,,,
TOLEDO G/NIP S/S 1/4IN 28 SAE 45 DEG,Tridon 003483 Whitelaw Tooling Supplies,,,
TOLEDO G/NIP S/S 1/4IN 28 SAE 90 DEG,Tridon 003483 Whitelaw Tooling Supplies,,,
TOLEDO GREASE NIPPLE MARINE KIT,Tridon 003483 Whitelaw Tooling Supplies,,,
TOLEDO HYDRAULIC COUPLER FOR 305220,Tridon 003483 Whitelaw Tooling Supplies,,,
TOLEDO REPLACEMENT HOSE & ADAPTOR SET,Tridon 003483 Whitelaw Tooling Supplies,,,
TOLEDO OIL DRAIN PAN 14L,Tridon 003483 Whitelaw Tooling Supplies,,,
TOLEDO DRUM DOLLY 60L,Tridon 003483 Whitelaw Tooling Supplies,,,
TOLEDO PISTOL GREASE GUN PRO,Tridon 003483 Whitelaw Tooling Supplies,,,
TOLEDO DIAPHRAGM PUMP KIT,Tridon 003483 Whitelaw Tooling Supplies,,,
TOLEDO DIAPHRAGM PUMP,Tridon 003483 Whitelaw Tooling Supplies,,,
TOLEDO SMART FUNNEL 1.7L,Tridon 003483 Whitelaw Tooling Supplies,,,
TOLEDO SMART FUNNEL 3.0L,Tridon 003483 Whitelaw Tooling Supplies,,,
TOLEDO SYPHON PUMP 6.5 LPM,Tridon 003483 Whitelaw Tooling Supplies,,,
TOLEDO SYPHON PUMP 21 LPM,Tridon 003483 Whitelaw Tooling Supplies,,,
TOLEDO GREASE NIPPLE CAPS BLACK(50),Tridon 003483 Whitelaw Tooling Supplies,,,
TOLEDO GREASE NIPPLE CAPS RED (50),Tridon 003483 Whitelaw Tooling Supplies,,,
TOLEDO GREASE NIPPLE CAPS RED,Tridon 003483 Whitelaw Tooling Supplies,,,
TOLEDO GREASE NIPPLE CAPS YELLOW (50),Tridon 003483 Whitelaw Tooling Supplies,,,
TOLEDO GREASE NIPPLE CAPS ASST (10),Tridon 003483 Whitelaw Tooling Supplies,,,
TOLEDO OIL DRAIN PLUG SOCKET SET 18PC,Tridon 003483 Whitelaw Tooling Supplies,,,
TOLEDO FILLING FUNNEL SET LONG REACH,Tridon 003483 Whitelaw Tooling Supplies,,,
TOLEDO FUNNEL ADBLUE STRAIGHT NECK,Tridon 003483 Whitelaw Tooling Supplies,,,
TOLEDO FUNNEL ADBLUE ANGLED NECK,Tridon 003483 Whitelaw Tooling Supplies,,,
TOLEDO AD-BLUE SYRINGE 1.5L,Tridon 003483 Whitelaw Tooling Supplies,,,
TOLEDO ADBLUE SYRINGE SERVICE KIT,Tridon 003483 Whitelaw Tooling Supplies,,,
TOLEDO FUEL & ADDITIVE FUNNEL PETROL,Tridon 003483 Whitelaw Tooling Supplies,,,
TOLEDO FUEL & ADDITIVE FUNNEL DIESEL,Tridon 003483 Whitelaw Tooling Supplies,,,
TOLEDO OIL FILTER WRENCH 64.5MM X 14F HD,Tridon 003483 Whitelaw Tooling Supplies,,,
TOLEDO FLUID TRANSER PUMP MANUAL 1L,Tridon 003483 Whitelaw Tooling Supplies,,,
TOLEDO MINI LEVER GREASE GUN 85G,Tridon 003483 Whitelaw Tooling Supplies,,,
TOLEDO MINI GREASE GUN PUSH TYPE 3OZ,Tridon 003483 Whitelaw Tooling Supplies,,,
TOLEDO OIL FILTER WRENCH 92MM X 36F,Tridon 003483 Whitelaw Tooling Supplies,,,
TOLEDO 20L DRUM PUMP,Tridon 003483 Whitelaw Tooling Supplies,,,
TOLEDO ROTARY DRUM PUMP CHEMICAL,Tridon 003483 Whitelaw Tooling Supplies,,,
TOLEDO DRUM PUMP CHEMICAL HOSE,Tridon 003483 Whitelaw Tooling Supplies,,,
TOLEDO DRUM ADAPTOR 2 PC,Tridon 003483 Whitelaw Tooling Supplies,,,
TOLEDO PAIL LID & DRUM OPENER WRENCH,Tridon 003483 Whitelaw Tooling Supplies,,,
TOLEDO OIL FILTER WRENCH SET 19PC,Tridon 003483 Whitelaw Tooling Supplies,,,
TOLEDO OIL FILTER CUP WRENCH 100.5MMX15F,Tridon 003483 Whitelaw Tooling Supplies,,,
TOLEDO OIL FILTER CUP WRENCH 94.5MMX15F,Tridon 003483 Whitelaw Tooling Supplies,,,
TOLEDO OIL FILTER CUP WRENCH 63/64MMX14F,Tridon 003483 Whitelaw Tooling Supplies,,,
TOLEDO OIL FILTER CUP WRENCH 87MMX16F,Tridon 003483 Whitelaw Tooling Supplies,,,
TOLEDO OIL FILTER CUP WRENCH 32.5MMX6F,Tridon 003483 Whitelaw Tooling Supplies,,,
TOLEDO OIL FILTER WRENCH SET 21PC,Tridon 003483 Whitelaw Tooling Supplies,,,
TOLEDO OIL FILTER WRENCH CUP 64MMX14F,Tridon 003483 Whitelaw Tooling Supplies,,,
TOLEDO OIL FILTER WRENCH CUP 67MMX14F,Tridon 003483 Whitelaw Tooling Supplies,,,
TOLEDO OIL FILTER WRENCH CUP 74MMX14F,Tridon 003483 Whitelaw Tooling Supplies,,,
TOLEDO OIL FILTER WRENCH CUP 75MMX15F,Tridon 003483 Whitelaw Tooling Supplies,,,
TOLEDO OIL FILTER WRENCH CUP 74MMX8F,Tridon 003483 Whitelaw Tooling Supplies,,,
TOLEDO OIL FILTER WRENCH CUP 74MMX15F,Tridon 003483 Whitelaw Tooling Supplies,,,
TOLEDO OIL FILTER WRENCH CUP 73MMX14F,Tridon 003483 Whitelaw Tooling Supplies,,,
TOLEDO OIL FILTER WRENCH CUP 73MMX30F,Tridon 003483 Whitelaw Tooling Supplies,,,
TOLEDO OIL FILTER WRENCH CUP 79MMX15F,Tridon 003483 Whitelaw Tooling Supplies,,,
TOLEDO OIL FILTER WRENCH CUP 73MMX15F,Tridon 003483 Whitelaw Tooling Supplies,,,
TOLEDO OIL FILTER WRENCH CUP 84MMX18F,Tridon 003483 Whitelaw Tooling Supplies,,,
TOLEDO OIL FILTER WRENCH CUP 89MMX15F,Tridon 003483 Whitelaw Tooling Supplies,,,
TOLEDO OIL FILTER WRENCH CUP 91MMX15F,Tridon 003483 Whitelaw Tooling Supplies,,,
TOLEDO OIL FILTER WRENCH CUP 92MMX15F,Tridon 003483 Whitelaw Tooling Supplies,,,
TOLEDO OIL FILTER WRENCH CUP 95MMX15F,Tridon 003483 Whitelaw Tooling Supplies,,,
TOLEDO OIL FILTER WRENCH CUP 91MMX12F,Tridon 003483 Whitelaw Tooling Supplies,,,
TOLEDO OIL FILTER WRENCH CUP 76MMX12F,Tridon 003483 Whitelaw Tooling Supplies,,,
TOLEDO OIL FILTER WRENCH CUP 86MMX14F,Tridon 003483 Whitelaw Tooling Supplies,,,
TOLEDO OIL FILTER WRENCH CUP 101MMX15F,Tridon 003483 Whitelaw Tooling Supplies,,,
TOLEDO OIL FILTER WRENCH TOOL FORD,Tridon 003483 Whitelaw Tooling Supplies,,,
TOLEDO OIL FILTER WRENCH TOOL HOLDEN,Tridon 003483 Whitelaw Tooling Supplies,,,
TOLEDO OIL FILTER WRENCH SET TRUCK 6PC,Tridon 003483 Whitelaw Tooling Supplies,,,
TOLEDO OIL FILTER CUP WRENCH 106MMX15F,Tridon 003483 Whitelaw Tooling Supplies,,,
TOLEDO OIL FILTER CUP WRENCH 106MMX16F,Tridon 003483 Whitelaw Tooling Supplies,,,
TOLEDO OIL FILTER CUP WRENCH 108MMX16F,Tridon 003483 Whitelaw Tooling Supplies,,,
TOLEDO OIL FILTER CUP WRENCH 110MMX17F,Tridon 003483 Whitelaw Tooling Supplies,,,
TOLEDO OIL FILTER CUP WRENCH 118MMX16F,Tridon 003483 Whitelaw Tooling Supplies,,,
TOLEDO PLASTIC OIL PLUG DRIVER SET 5PC,Tridon 003483 Whitelaw Tooling Supplies,,,
TOLEDO SELF ADJUSTING CLUTCH MASTER KIT,Tridon 003483 Whitelaw Tooling Supplies,,,
TOLEDO TRANSMISS/FILL ADAPTOR M8X1.0,Tridon 003483 Whitelaw Tooling Supplies,,,
TOLEDO TRANSMISS/FILL ADAPTOR M10X1.0,Tridon 003483 Whitelaw Tooling Supplies,,,
TOLEDO TRANSMISS/FILL ADAPTOR M10X1.0,Tridon 003483 Whitelaw Tooling Supplies,,,
TOLEDO TRANSMISS/FILL ADAPTOR M10X1.5,Tridon 003483 Whitelaw Tooling Supplies,,,
TOLEDO TRANSMISS/FILL ADAPTOR M12X1.25,Tridon 003483 Whitelaw Tooling Supplies,,,
TOLEDO TRANSMISS/FILL ADAPTOR M12X1.50,Tridon 003483 Whitelaw Tooling Supplies,,,
TOLEDO TRANSMISS/FILL ADAPTOR M18X1.5,Tridon 003483 Whitelaw Tooling Supplies,,,
TOLEDO TRANSMISS/FILL ADAPTOR M18X1.5,Tridon 003483 Whitelaw Tooling Supplies,,,
TOLEDO TRANSMISS/FILL ADAPTOR M22X1.5,Tridon 003483 Whitelaw Tooling Supplies,,,
TOLEDO TRANSMISS/FILL ADAPTOR M24X1.5,Tridon 003483 Whitelaw Tooling Supplies,,,
TOLEDO TRANSMISS/FILL ADAPTOR M30X1.5,Tridon 003483 Whitelaw Tooling Supplies,,,
TOLEDO TRANSMISS/FILL ADAPT 1/8INX27NPT,Tridon 003483 Whitelaw Tooling Supplies,,,
TOLEDO TRANSMISS/FILL ADAPT 5/16INX24UNF,Tridon 003483 Whitelaw Tooling Supplies,,,
TOLEDO TRANSMISS/FILL ADAPTOR UNIVERSAL,Tridon 003483 Whitelaw Tooling Supplies,,,
TOLEDO TRANSMISS/FILL ADAPTOR UNIVERSAL,Tridon 003483 Whitelaw Tooling Supplies,,,
TOLEDO TRANSMISS/FILL ADAPTOR UNIVERSAL,Tridon 003483 Whitelaw Tooling Supplies,,,
TOLEDO TRANSMISS/FILL FILLER PIPE UNIV/S,Tridon 003483 Whitelaw Tooling Supplies,,,
TOLEDO TRANSMISSION FLUID RETAINING TOOL,Tridon 003483 Whitelaw Tooling Supplies,,,
TOLEDO UNIVERSAL CLUTCH ALIGNING TOOL,Tridon 003483 Whitelaw Tooling Supplies,,,
TOLEDO UNIVERSAL CLUTCH ALIGN TOOL SAE,Tridon 003483 Whitelaw Tooling Supplies,,,
TOLEDO SHAFT HANDLE,Tridon 003483 Whitelaw Tooling Supplies,,,
TOLEDO TAPERED CONE,Tridon 003483 Whitelaw Tooling Supplies,,,
TOLEDO BEARING ADAPTOR 15MM/0.589IN DIA,Tridon 003483 Whitelaw Tooling Supplies,,,
TOLEDO BEARING ADAPTOR 16MM/0.627IN DIA,Tridon 003483 Whitelaw Tooling Supplies,,,
TOLEDO BEARING ADAPTOR 17MM/0.669IN DIA,Tridon 003483 Whitelaw Tooling Supplies,,,
TOLEDO BEARING ADAPTOR 19MM/0.748IN DIA,Tridon 003483 Whitelaw Tooling Supplies,,,
TOLEDO BEARING ADAPTOR 20MM/0.786IN DIA,Tridon 003483 Whitelaw Tooling Supplies,,,
TOLEDO BEARING ADAPTOR 21MM/0.808IN DIA,Tridon 003483 Whitelaw Tooling Supplies,,,
TOLEDO BEARING ADAPTOR 25MM/0.984IN DIA,Tridon 003483 Whitelaw Tooling Supplies,,,
TOLEDO PRESSURE GAUGE 100PSI = 7BAR,Tridon 003483 Whitelaw Tooling Supplies,,,
TOLEDO PRESSURE GAUGE 500PSI = 35BAR,Tridon 003483 Whitelaw Tooling Supplies,,,
TOLEDO ADAPTOR SET A SUITS 306300,Tridon 003483 Whitelaw Tooling Supplies,,,
TOLEDO ADAPTOR SET B SUITS 306300,Tridon 003483 Whitelaw Tooling Supplies,,,
TOLEDO DRIVE SHAFT REMOVAL FORK SET 2PC,Tridon 003483 Whitelaw Tooling Supplies,,,
TOLEDO FUEL FILTER WRENCH DIESEL HYUNDAI,Tridon 003483 Whitelaw Tooling Supplies,,,
TOLEDO FUEL TANK RETAINING RING REMOVER,Tridon 003483 Whitelaw Tooling Supplies,,,
TOLEDO FUEL DISCONNECT TOOL SET,Tridon 003483 Whitelaw Tooling Supplies,,,
TOLEDO FUEL INJECTION TEST KIT,Tridon 003483 Whitelaw Tooling Supplies,,,
TOLEDO COMMON RAIL INJECTOR TESTER,Tridon 003483 Whitelaw Tooling Supplies,,,
TOLEDO FUEL LINE CONNECTOR PLIERS,Tridon 003483 Whitelaw Tooling Supplies,,,
TOLEDO COMMON RAIL ADAPTER SET FLOW/MTR,Tridon 003483 Whitelaw Tooling Supplies,,,
TOLEDO REPLACEMENT BOTTLE ASSEMBLY,Tridon 003483 Whitelaw Tooling Supplies,,,
TOLEDO FUEL LINE DISCONNECT SET MASTER,Tridon 003483 Whitelaw Tooling Supplies,,,
TOLEDO FUEL INJECTOR RAIL PULLER GM V6,Tridon 003483 Whitelaw Tooling Supplies,,,
TOLEDO FILTER & SENSOR WRENCH DIESEL 2PC,Tridon 003483 Whitelaw Tooling Supplies,,,
TOLEDO FUEL FILTER SOCKET DIESEL FORD,Tridon 003483 Whitelaw Tooling Supplies,,,
TOLEDO LOW PRESSURE TESTER DIESEL,Tridon 003483 Whitelaw Tooling Supplies,,,
TOLEDO FUEL LINE QUICK DISCONNECT TOOL,Tridon 003483 Whitelaw Tooling Supplies,,,
TOLEDO FUEL LINE COUPLING RELEASE SET,Tridon 003483 Whitelaw Tooling Supplies,,,
TOLEDO FUEL TANK SENDER UNIT SPANNER,Tridon 003483 Whitelaw Tooling Supplies,,,
TOLEDO NOID LIGHT & IAC SIGNAL TEST SET,Tridon 003483 Whitelaw Tooling Supplies,,,
TOLEDO NOID LIGHT BOSCH PFI,Tridon 003483 Whitelaw Tooling Supplies,,,
TOLEDO NOID LIGHT FORD TBI,Tridon 003483 Whitelaw Tooling Supplies,,,
TOLEDO NOID LIGHT GEO TBI,Tridon 003483 Whitelaw Tooling Supplies,,,
TOLEDO NOID LIGHT GM SCPI,Tridon 003483 Whitelaw Tooling Supplies,,,
TOLEDO VACUUM & FUEL PUMP TESTER,Tridon 003483 Whitelaw Tooling Supplies,,,
TOLEDO NOID LIGHT BOSCH 2,Tridon 003483 Whitelaw Tooling Supplies,,,
TOLEDO IAC SIGNAL TEST LIGHT SQ 4PIN,Tridon 003483 Whitelaw Tooling Supplies,,,
TOLEDO IAC SIGNAL TEST LIGHT FLAT 4PIN,Tridon 003483 Whitelaw Tooling Supplies,,,
TOLEDO FUEL INJECTION TESTER KIT,Tridon 003483 Whitelaw Tooling Supplies,,,
TOLEDO ADAPTOR SET C SUITS 307300,Tridon 003483 Whitelaw Tooling Supplies,,,
TOLEDO ADAPTOR SET D SUITS 307300,Tridon 003483 Whitelaw Tooling Supplies,,,
TOLEDO INJECTOR TESTER 8700PSI/600 BAR,Tridon 003483 Whitelaw Tooling Supplies,,,
TOLEDO DIESEL INJECTOR CAP NUT SET 12PC,Tridon 003483 Whitelaw Tooling Supplies,,,
TOLEDO DIESEL INJECTION PUMP SOCKET SET,Tridon 003483 Whitelaw Tooling Supplies,,,
TOLEDO THERMOMETER -40 TO 160 DEG F,Tridon 003483 Whitelaw Tooling Supplies,,,
TOLEDO THERMOMETER 0-220 DEG FARENHEIT,Tridon 003483 Whitelaw Tooling Supplies,,,
TOLEDO RAD PETCOCK SOCKET SET 5PC,Tridon 003483 Whitelaw Tooling Supplies,,,
TOLEDO WATER PUMP TOOL FOR OPEL 2.2 16V,Tridon 003483 Whitelaw Tooling Supplies,,,
TOLEDO VISCOUS FAN HOLDING TOOL,Tridon 003483 Whitelaw Tooling Supplies,,,
TOLEDO FAN CLUTCH SERVICE KIT 11PC,Tridon 003483 Whitelaw Tooling Supplies,,,
TOLEDO VISCOUS FAN CLUTCH HOLDING BAR,Tridon 003483 Whitelaw Tooling Supplies,,,
TOLEDO WELCH PLUG KIT,Tridon 003483 Whitelaw Tooling Supplies,,,
TOLEDO AIR CONDITIONING HOSE CUTTER 14MM,Tridon 003483 Whitelaw Tooling Supplies,,,
TOLEDO VISCOUS FAN HUB SPANNER 32MM,Tridon 003483 Whitelaw Tooling Supplies,,,
TOLEDO VISCOUS FAN HUB SPANNER 36MM,Tridon 003483 Whitelaw Tooling Supplies,,,
TOLEDO RADIATOR BACK FLUSHER,Tridon 003483 Whitelaw Tooling Supplies,,,
TOLEDO COOLING SYSTEM FLUSHING GUN,Tridon 003483 Whitelaw Tooling Supplies,,,
TOLEDO RADIATOR FIN STRAIGHTENER,Tridon 003483 Whitelaw Tooling Supplies,,,
TOLEDO GAUGE & PUMP ASSEMBLY,Tridon 003483 Whitelaw Tooling Supplies,,,
TOLEDO GAUGE AIRLINE PRESSURE,Tridon 003483 Whitelaw Tooling Supplies,,,
TOLEDO ADPTOR RAD BLUE M60 SCREW EXT,Tridon 003483 Whitelaw Tooling Supplies,,,
TOLEDO ADAPTOR RAD YELLOW M52 SCREW INT,Tridon 003483 Whitelaw Tooling Supplies,,,
TOLEDO ADAPTOR RAD RED M55 SCREW EXT,Tridon 003483 Whitelaw Tooling Supplies,,,
TOLEDO ADAPTOR RAD BLACK M48 SCREW INT,Tridon 003483 Whitelaw Tooling Supplies,,,
TOLEDO ADAPTOR RAD BLACK M45 SCREW INT,Tridon 003483 Whitelaw Tooling Supplies,,,
TOLEDO ADAPTOR RAD BLACK BAYONET NECK,Tridon 003483 Whitelaw Tooling Supplies,,,
TOLEDO RAD SCREW PLUNGER 50MM,Tridon 003483 Whitelaw Tooling Supplies,,,
TOLEDO ADAPTOR RAD SCREW PLUNGER 35MM,Tridon 003483 Whitelaw Tooling Supplies,,,
TOLEDO ADAPTOR RAD SCREW PLUNGER 27MM,Tridon 003483 Whitelaw Tooling Supplies,,,
TOLEDO ADAPTOR RAD BLACK BAYONET EXTN,Tridon 003483 Whitelaw Tooling Supplies,,,
TOLEDO ADAPTOR RAD BLACK BAYONET SML,Tridon 003483 Whitelaw Tooling Supplies,,,
TOLEDO ADAPTOR RAD BK/GRN SCREW EA FORD,Tridon 003483 Whitelaw Tooling Supplies,,,
TOLEDO ADAPTOR RAD BLACK BAYONET JAP EXT,Tridon 003483 Whitelaw Tooling Supplies,,,
TOLEDO ADAPTOR RAD BK/GRN BAYONET LGE,Tridon 003483 Whitelaw Tooling Supplies,,,
TOLEDO ADAPTOR RAD BLACK BAYONET JAP SML,Tridon 003483 Whitelaw Tooling Supplies,,,
TOLEDO RADIATOR CAP PRESSURE ADAPTOR SET,Tridon 003483 Whitelaw Tooling Supplies,,,
TOLEDO ADAPTOR CAP BLUE BAYONET JAP EXT,Tridon 003483 Whitelaw Tooling Supplies,,,
TOLEDO ADAPTOR CAP ORANGE BAYONET JAP SM,Tridon 003483 Whitelaw Tooling Supplies,,,
TOLEDO ADAPTOR CAP BLACK BAYONET STD 1,Tridon 003483 Whitelaw Tooling Supplies,,,
TOLEDO ADAPTOR CAP ORANGE M45 SCREW EXT,Tridon 003483 Whitelaw Tooling Supplies,,,
TOLEDO ADAPTOR CAP RED M48 SCREW EXT,Tridon 003483 Whitelaw Tooling Supplies,,,
TOLEDO ADAPTOR CAP YELLOW M52 SCREW EXT,Tridon 003483 Whitelaw Tooling Supplies,,,
TOLEDO ADAPTOR CAP GREEN M44 SCREW EXT,Tridon 003483 Whitelaw Tooling Supplies,,,
TOLEDO ADAPTOR CAP BLACK M52 SCREW EXT,Tridon 003483 Whitelaw Tooling Supplies,,,
TOLEDO ADAPTOR CAP BLACK M62 SCREW EXT,Tridon 003483 Whitelaw Tooling Supplies,,,
TOLEDO ADAPTOR RAD BLACK M60 SCREW INT,Tridon 003483 Whitelaw Tooling Supplies,,,
TOLEDO ADAPTOR RAD STAINLESS PLATE,Tridon 003483 Whitelaw Tooling Supplies,,,
TOLEDO UNIVERSAL COOLING SYSTEM TEST KIT,Tridon 003483 Whitelaw Tooling Supplies,,,
TOLEDO COOLING SYSTEM TESTER TRUCK,Tridon 003483 Whitelaw Tooling Supplies,,,
TOLEDO EXPANDING TAPER 17-35MM,Tridon 003483 Whitelaw Tooling Supplies,,,
TOLEDO EXPANDING TAPER 26.5-41MM,Tridon 003483 Whitelaw Tooling Supplies,,,
TOLEDO EXPANDING TAPER 37-50MM,Tridon 003483 Whitelaw Tooling Supplies,,,
TOLEDO EXPANDING TAPER 47-60MM,Tridon 003483 Whitelaw Tooling Supplies,,,
TOLEDO DIESEL KIKI ZEXEL SEAL & CLUTCH,Tridon 003483 Whitelaw Tooling Supplies,,,
TOLEDO COOLING SYSTEM TESTER HGV,Tridon 003483 Whitelaw Tooling Supplies,,,
TOLEDO HGV COOLING TESTER ADAPTOR 1,Tridon 003483 Whitelaw Tooling Supplies,,,
TOLEDO HGV COOLING TESTER ADAPTOR 4,Tridon 003483 Whitelaw Tooling Supplies,,,
TOLEDO HGV COOLING TESTER ADAPTOR 5,Tridon 003483 Whitelaw Tooling Supplies,,,
TOLEDO HGV COOLING TESTER ADAPTOR 6,Tridon 003483 Whitelaw Tooling Supplies,,,
TOLEDO HGV COOLING TESTER ADAPTOR 7,Tridon 003483 Whitelaw Tooling Supplies,,,
TOLEDO HGV COOLING TESTER ADAPTOR 8,Tridon 003483 Whitelaw Tooling Supplies,,,
TOLEDO HGV COOLING TESTER ADAPTOR 9,Tridon 003483 Whitelaw Tooling Supplies,,,
TOLEDO REMOVER & INSTALLER,Tridon 003483 Whitelaw Tooling Supplies,,,
TOLEDO REMOVER & INSTALLER,Tridon 003483 Whitelaw Tooling Supplies,,,
TOLEDO REMOVER CLUTCH END PLATE,Tridon 003483 Whitelaw Tooling Supplies,,,
TOLEDO REMOVER CLUTCH END PLATE,Tridon 003483 Whitelaw Tooling Supplies,,,
TOLEDO ANTIFREEZE TESTER ETHLENE GLYCOL,Tridon 003483 Whitelaw Tooling Supplies,,,
TOLEDO COOLING SYSTEM MASTER KIT 36PC,Tridon 003483 Whitelaw Tooling Supplies,,,
TOLEDO RAD ADAPTOR #3,Tridon 003483 Whitelaw Tooling Supplies,,,
TOLEDO RUBBER SEAL - RAD ADAPTOR NO 3,Tridon 003483 Whitelaw Tooling Supplies,,,
TOLEDO RAD ADAPTOR #4,Tridon 003483 Whitelaw Tooling Supplies,,,
TOLEDO RUBBER SEAL - RAD ADAPTOR NO 4,Tridon 003483 Whitelaw Tooling Supplies,,,
TOLEDO RAD ADAPTOR #5,Tridon 003483 Whitelaw Tooling Supplies,,,
TOLEDO RUBBER SEAL - RAD ADAPTOR NO 5,Tridon 003483 Whitelaw Tooling Supplies,,,
TOLEDO RAD ADAPTOR #6,Tridon 003483 Whitelaw Tooling Supplies,,,
TOLEDO RAD ADAPTOR #7,Tridon 003483 Whitelaw Tooling Supplies,,,
TOLEDO RAD ADAPTOR #8,Tridon 003483 Whitelaw Tooling Supplies,,,
TOLEDO RAD ADAPTOR #9,Tridon 003483 Whitelaw Tooling Supplies,,,
TOLEDO RAD ADAPTOR #10,Tridon 003483 Whitelaw Tooling Supplies,,,
TOLEDO RAD ADAPTOR #11,Tridon 003483 Whitelaw Tooling Supplies,,,
TOLEDO RAD ADAPTOR #12,Tridon 003483 Whitelaw Tooling Supplies,,,
TOLEDO RAD ADAPTOR #13,Tridon 003483 Whitelaw Tooling Supplies,,,
TOLEDO RAD ADAPTOR #14,Tridon 003483 Whitelaw Tooling Supplies,,,
TOLEDO RAD ADAPTOR #15,Tridon 003483 Whitelaw Tooling Supplies,,,
TOLEDO RAD ADAPTOR #16,Tridon 003483 Whitelaw Tooling Supplies,,,
TOLEDO RAD ADAPTOR #17,Tridon 003483 Whitelaw Tooling Supplies,,,
TOLEDO RAD ADAPTOR #18,Tridon 003483 Whitelaw Tooling Supplies,,,
TOLEDO RAD ADAPTOR #19,Tridon 003483 Whitelaw Tooling Supplies,,,
TOLEDO RAD ADAPTOR HYUNDAI,Tridon 003483 Whitelaw Tooling Supplies,,,
TOLEDO RAD ADAPTOR #20,Tridon 003483 Whitelaw Tooling Supplies,,,
TOLEDO RAD ADAPTOR #21,Tridon 003483 Whitelaw Tooling Supplies,,,
TOLEDO RAD ADAPTOR #22,Tridon 003483 Whitelaw Tooling Supplies,,,
TOLEDO RAD ADAPTOR #23,Tridon 003483 Whitelaw Tooling Supplies,,,
TOLEDO RAD ADAPTOR #30,Tridon 003483 Whitelaw Tooling Supplies,,,
TOLEDO RAD ADAPTOR #25,Tridon 003483 Whitelaw Tooling Supplies,,,
TOLEDO RAD ADAPTOR #26,Tridon 003483 Whitelaw Tooling Supplies,,,
TOLEDO RAD ADAPTOR #27,Tridon 003483 Whitelaw Tooling Supplies,,,
TOLEDO RAD ADAPTOR #28,Tridon 003483 Whitelaw Tooling Supplies,,,
TOLEDO RAD ADAPTOR #29,Tridon 003483 Whitelaw Tooling Supplies,,,
TOLEDO RAD ADAPTOR FIAT,Tridon 003483 Whitelaw Tooling Supplies,,,
TOLEDO RAD ADAPTOR #31,Tridon 003483 Whitelaw Tooling Supplies,,,
TOLEDO RAD ADAPTOR #32,Tridon 003483 Whitelaw Tooling Supplies,,,
TOLEDO VACUUM PURGE REFILL KIT,Tridon 003483 Whitelaw Tooling Supplies,,,
TOLEDO PUMP WITH HOSE/GAUGE,Tridon 003483 Whitelaw Tooling Supplies,,,
TOLEDO CONNECTOR BLACK STD/SML BAYONET,Tridon 003483 Whitelaw Tooling Supplies,,,
TOLEDO CONNECTOR BLUE STD/XTRA SML,Tridon 003483 Whitelaw Tooling Supplies,,,
TOLEDO ADAPATOR HANDLE,Tridon 003483 Whitelaw Tooling Supplies,,,
TOLEDO THERMOMETER,Tridon 003483 Whitelaw Tooling Supplies,,,
TOLEDO VACUUM FILLER KIT GAUGE ONLY,Tridon 003483 Whitelaw Tooling Supplies,,,
TOLEDO TAPERED CONE,Tridon 003483 Whitelaw Tooling Supplies,,,
TOLEDO PLASTIC HOSE SET,Tridon 003483 Whitelaw Tooling Supplies,,,
TOLEDO COOLING TESTER AIR BLEED HOSE,Tridon 003483 Whitelaw Tooling Supplies,,,
TOLEDO COOLING TESTER CONNECTOR 90DEG,Tridon 003483 Whitelaw Tooling Supplies,,,
TOLEDO TYRE VALVE INSTALLATION TOOL,Tridon 003483 Whitelaw Tooling Supplies,,,
TOLEDO WHEEL BEAR LK SOCKET 2.3/32IN 6PT,Tridon 003483 Whitelaw Tooling Supplies,,,
TOLEDO WHEEL BEAR LK SOCKET 2.9/16IN 6PT,Tridon 003483 Whitelaw Tooling Supplies,,,
TOLEDO WHEEL BEAR LK SOCKET 3.1/4IN 6PT,Tridon 003483 Whitelaw Tooling Supplies,,,
TOLEDO WHEEL BEAR LK SOCKET 3.1/2IN 6PT,Tridon 003483 Whitelaw Tooling Supplies,,,
TOLEDO WHEEL BEAR LK SOCKET 3.1/2IN 8PT,Tridon 003483 Whitelaw Tooling Supplies,,,
TOLEDO WHEEL BEAR LK SOCKET 2.3/8IN 6PT,Tridon 003483 Whitelaw Tooling Supplies,,,
TOLEDO WHEEL BEAR LK SOCKET 4IN 6PT,Tridon 003483 Whitelaw Tooling Supplies,,,
TOLEDO WHEEL BEAR LK SOCKET 4.1/8IN 6PT,Tridon 003483 Whitelaw Tooling Supplies,,,
TOLEDO WHEEL BEAR LK SOCKET 4.3/8IN 6PT,Tridon 003483 Whitelaw Tooling Supplies,,,
TOLEDO WHEEL BEAR LK SOCKET 4.3/8IN 8PT,Tridon 003483 Whitelaw Tooling Supplies,,,
TOLEDO WHEEL BEAR LK SOCKET 4.7/8IN 6PT,Tridon 003483 Whitelaw Tooling Supplies,,,
TOLEDO WHEEL BEAR LK SOCKET 4.7/8IN 8PT,Tridon 003483 Whitelaw Tooling Supplies,,,
TOLEDO WHEEL BEAR LK SOCKET 2.1/4IN 6PT,Tridon 003483 Whitelaw Tooling Supplies,,,
TOLEDO WHEEL BEAR LK SOCKET 2.1/2IN 6PT,Tridon 003483 Whitelaw Tooling Supplies,,,
TOLEDO WHEEL BEAR LK SOCKET 2.5/8IN 6PT,Tridon 003483 Whitelaw Tooling Supplies,,,
TOLEDO WHEEL BEAR LK SOCKET 2.3/4IN 6PT,Tridon 003483 Whitelaw Tooling Supplies,,,
TOLEDO WHEEL BEAR LK SOCKET 2.3/4IN 8PT,Tridon 003483 Whitelaw Tooling Supplies,,,
TOLEDO WHEEL BEAR LK SOCKET 3.3/4IN 8PT,Tridon 003483 Whitelaw Tooling Supplies,,,
TOLEDO WHEEL BEAR LK SOCKET 3.7/8IN 6PT,Tridon 003483 Whitelaw Tooling Supplies,,,
TOLEDO WHEEL BEAR LK SOCKET 2.9/16IN 6PT,Tridon 003483 Whitelaw Tooling Supplies,,,
TOLEDO WHEEL BEAR LK SOCKET 3.7/8IN 8PT,Tridon 003483 Whitelaw Tooling Supplies,,,
TOLEDO WHEEL BEAR LK SOCKET 2.3/8IN 8PT,Tridon 003483 Whitelaw Tooling Supplies,,,
TOLEDO WHEEL BEAR LK SOCKET 3IN 6PT,Tridon 003483 Whitelaw Tooling Supplies,,,
TOLEDO WHEEL BEAR LK SOCKET 2.7/8IN 6PT,Tridon 003483 Whitelaw Tooling Supplies,,,
TOLEDO WHEEL BEAR LK SOCKET 3.1/4IN 8PT,Tridon 003483 Whitelaw Tooling Supplies,,,
TOLEDO WHEEL BEAR LK SOCKET 3.13/16 8PT,Tridon 003483 Whitelaw Tooling Supplies,,,
TOLEDO VALVE CORE TORQUE TOOL 45NCM,Tridon 003483 Whitelaw Tooling Supplies,,,
TOLEDO VALVE CORE TORQUE TOOL 25NCM,Tridon 003483 Whitelaw Tooling Supplies,,,
TOLEDO LONG LUG NUT SOCKET SET 3PC,Tridon 003483 Whitelaw Tooling Supplies,,,
TOLEDO TYRE LEVER  400MM,Tridon 003483 Whitelaw Tooling Supplies,,,
TOLEDO TYRE LEVER  500MM,Tridon 003483 Whitelaw Tooling Supplies,,,
TOLEDO TYRE LEVER  600MM,Tridon 003483 Whitelaw Tooling Supplies,,,
TOLEDO LUG NUT SOCKET SET 5PC,Tridon 003483 Whitelaw Tooling Supplies,,,
TOLEDO 24MM SOCKET 1 INCH SQ. DRIVE,Tridon 003483 Whitelaw Tooling Supplies,,,
TOLEDO 30MM SOCKET 1 INCH SQ DRIVE,Tridon 003483 Whitelaw Tooling Supplies,,,
TOLEDO 32MM SOCKET 1 INCH SQ DRIVE,Tridon 003483 Whitelaw Tooling Supplies,,,
TOLEDO 33MM SOCKET 1 IN SQ DRIVE,Tridon 003483 Whitelaw Tooling Supplies,,,
TOLEDO 35MM SOCKET 1 INCH SQ DRIVE,Tridon 003483 Whitelaw Tooling Supplies,,,
TOLEDO 36MM SOCKET 1 INCH SQ DRIVE,Tridon 003483 Whitelaw Tooling Supplies,,,
TOLEDO 38MM SOCKET 1 INCH SQ DRIVE,Tridon 003483 Whitelaw Tooling Supplies,,,
TOLEDO 41MM SOCKET 1 INCH SQ DRIVE,Tridon 003483 Whitelaw Tooling Supplies,,,
TOLEDO WHEEL BEAR LK SOCKET 4.13/16 8PT,Tridon 003483 Whitelaw Tooling Supplies,,,
TOLEDO TRUCK & TRAILOR WHEEL PAN 3L,Tridon 003483 Whitelaw Tooling Supplies,,,
TOLEDO TYRE LEVER 300MM 12IN,Tridon 003483 Whitelaw Tooling Supplies,,,
TOLEDO PARKING STOPPER 4.5T,Tridon 003483 Whitelaw Tooling Supplies,,,
TOLEDO TORQUE MULTIPLIER HANDLE,Tridon 003483 Whitelaw Tooling Supplies,,,
TOLEDO WHEEL BEAR LK SOCKET 4.1/8IN 8PT,Tridon 003483 Whitelaw Tooling Supplies,,,
TOLEDO WHEEL BEAR LK SOCKET 2.9/16IN 8PT,Tridon 003483 Whitelaw Tooling Supplies,,,
TOLEDO WHEEL BEAR LK SOCKET 3IN  8PT,Tridon 003483 Whitelaw Tooling Supplies,,,
TOLEDO WHEEL BEAR LK SOCKET 3.3/8IN 8PT,Tridon 003483 Whitelaw Tooling Supplies,,,
TOLEDO WHEEL BEAR LK SOCKET 3.1/8IN 6PT,Tridon 003483 Whitelaw Tooling Supplies,,,
TOLEDO WHEEL BEAR LK SOCKET 4.1/2IN 8PT,Tridon 003483 Whitelaw Tooling Supplies,,,
TOLEDO WHEEL BEAR LK SOCKET 5.1/4IN 6PT,Tridon 003483 Whitelaw Tooling Supplies,,,
TOLEDO WHEEL BEAR SOCKET 55MM 6PT TOYOTA,Tridon 003483 Whitelaw Tooling Supplies,,,
TOLEDO WHEEL BEAR LK SOCKET 2.7/8IN 8PT,Tridon 003483 Whitelaw Tooling Supplies,,,
TOLEDO WHEEL BEAR LK SOCKET 3.1/8IN 8PT,Tridon 003483 Whitelaw Tooling Supplies,,,
TOLEDO BEARING LOCK NUT TOYOTA REAR AXLE,Tridon 003483 Whitelaw Tooling Supplies,,,
TOLEDO TORQUE MULTIPLIER KIT 1:56 3200NM,Tridon 003483 Whitelaw Tooling Supplies,,,
TOLEDO TYRE TREAD DEPTH GAUGE 0-25MM,Tridon 003483 Whitelaw Tooling Supplies,,,
TOLEDO WHEEL HANGER SET  W/WALLET 5PC,Tridon 003483 Whitelaw Tooling Supplies,,,
TOLEDO PROFESSIONAL TYRE VALVE TOOL,Tridon 003483 Whitelaw Tooling Supplies,,,
TOLEDO WHEEL WEIGHT PLIER,Tridon 003483 Whitelaw Tooling Supplies,,,
TOLEDO ALLOY WHEEL WEIGHT PLIER,Tridon 003483 Whitelaw Tooling Supplies,,,
TOLEDO TYRE VALVE REMOVER 4 WAY,Tridon 003483 Whitelaw Tooling Supplies,,,
TOLEDO TYRE VALVE REMOVER 2PC,Tridon 003483 Whitelaw Tooling Supplies,,,
TOLEDO WHEEL MASTER WRENCH 17/19/21/23MM,Tridon 003483 Whitelaw Tooling Supplies,,,
TOLEDO WHEEL LOCK NUT MASTER SET 16PC,Tridon 003483 Whitelaw Tooling Supplies,,,
TOLEDO UNIVERSAL LOCK NUT REMOVAL KIT,Tridon 003483 Whitelaw Tooling Supplies,,,
TOLEDO WHEEL STUD INSTALLER KIT 7PC,Tridon 003483 Whitelaw Tooling Supplies,,,
TOLEDO AXLE LOCKING TOOL KIT,Tridon 003483 Whitelaw Tooling Supplies,,,
TOLEDO WHEEL WEIGHT PLIER STICK ON,Tridon 003483 Whitelaw Tooling Supplies,,,
TOLEDO WHEEL NUT SOCKET SET/ METRIC SIZE,Tridon 003483 Whitelaw Tooling Supplies,,,
TOLEDO SOCKET 17MM (1/2IN SQ DR),Tridon 003483 Whitelaw Tooling Supplies,,,
TOLEDO SOCKET 19MM (1/2IN SQ DR),Tridon 003483 Whitelaw Tooling Supplies,,,
TOLEDO SOCKET 21MM (1/2IN SQ DR),Tridon 003483 Whitelaw Tooling Supplies,,,
TOLEDO SOCKET 22MM (1/2IN SQ DR),Tridon 003483 Whitelaw Tooling Supplies,,,
TOLEDO SOCKET 23MM (1/2IN SQ DR),Tridon 003483 Whitelaw Tooling Supplies,,,
TOLEDO SOCKET 24MM (1/2IN SQ DR),Tridon 003483 Whitelaw Tooling Supplies,,,
TOLEDO SOCKET 27MM (1/2IN SQ DR),Tridon 003483 Whitelaw Tooling Supplies,,,
TOLEDO WHEEL BEAR LK SOCKET 3.3/4IN 6PT,Tridon 003483 Whitelaw Tooling Supplies,,,
TOLEDO WHEEL NUT SOCKET SET/ METRIC,Tridon 003483 Whitelaw Tooling Supplies,,,
TOLEDO WHEEL NUT SOCKET SET/SAE SIZE,Tridon 003483 Whitelaw Tooling Supplies,,,
TOLEDO SOCKET 3/4IN,Tridon 003483 Whitelaw Tooling Supplies,,,
TOLEDO SOCKET 13/16IN,Tridon 003483 Whitelaw Tooling Supplies,,,
TOLEDO SOCKET 7/8IN,Tridon 003483 Whitelaw Tooling Supplies,,,
TOLEDO SOCKET 1 1/16IN,Tridon 003483 Whitelaw Tooling Supplies,,,
TOLEDO WHEEL STUD THREAD RESTORER KIT,Tridon 003483 Whitelaw Tooling Supplies,,,
TOLEDO WHEEL LOCK NUT REMOVEL SET,Tridon 003483 Whitelaw Tooling Supplies,,,
TOLEDO TORQUE EXTENSION BAR SET 10PC,Tridon 003483 Whitelaw Tooling Supplies,,,
TOLEDO TORQUE BAR 90 NM GREEN,Tridon 003483 Whitelaw Tooling Supplies,,,
TOLEDO TORQUE BAR 100 NM BLACK,Tridon 003483 Whitelaw Tooling Supplies,,,
TOLEDO TORQUE BAR 110 NM YELLOW,Tridon 003483 Whitelaw Tooling Supplies,,,
TOLEDO TORQUE BAR 120 NM RED,Tridon 003483 Whitelaw Tooling Supplies,,,
TOLEDO TORQUE BAR 135 NM DARK BLUE,Tridon 003483 Whitelaw Tooling Supplies,,,
TOLEDO TORQUE BAR 150 NM ORANGE,Tridon 003483 Whitelaw Tooling Supplies,,,
TOLEDO TORQUE BAR 160 NM GREY,Tridon 003483 Whitelaw Tooling Supplies,,,
TOLEDO TORQUE BAR 175 NM BROWN,Tridon 003483 Whitelaw Tooling Supplies,,,
TOLEDO TORQUE BAR 190 NM WHITE,Tridon 003483 Whitelaw Tooling Supplies,,,
TOLEDO TORQUE BAR 200 NM PALE BLUE,Tridon 003483 Whitelaw Tooling Supplies,,,
TOLEDO TORQUE BAR & DEEP SOCKET SET 8PC,Tridon 003483 Whitelaw Tooling Supplies,,,
TOLEDO BRAKE PRESSURE BLEED KIT MANUAL,Tridon 003483 Whitelaw Tooling Supplies,,,
TOLEDO BRAKE BLEEDER ADAPTOR SET 6PC,Tridon 003483 Whitelaw Tooling Supplies,,,
TOLEDO BRAKE BLEED ADAPTOR UNIVERSAL,Tridon 003483 Whitelaw Tooling Supplies,,,
TOLEDO BRAKE BLEEDER BOTTLE HEAVY DUTY,Tridon 003483 Whitelaw Tooling Supplies,,,
TOLEDO BRAKE BLEED HOSE ONE WAY VALVE,Tridon 003483 Whitelaw Tooling Supplies,,,
TOLEDO THREAD REPAIR SET,Tridon 003483 Whitelaw Tooling Supplies,,,
TOLEDO OIL FILLING HOPPER,Tridon 003483 Whitelaw Tooling Supplies,,,
TOLEDO BRAKE BLEEDER/FLUID EXTRACTOR 1L,Tridon 003483 Whitelaw Tooling Supplies,,,
TOLEDO FLARING TOOL HYDRAULIC MASTER KIT,Tridon 003483 Whitelaw Tooling Supplies,,,
TOLEDO FLARING KIT DIE SET 4.75MM 3/16IN,Tridon 003483 Whitelaw Tooling Supplies,,,
TOLEDO FLARING KIT DIE SET 5MM,Tridon 003483 Whitelaw Tooling Supplies,,,
TOLEDO FLARING KIT DIE SET 6MM,Tridon 003483 Whitelaw Tooling Supplies,,,
TOLEDO FLARING KIT DIE SET 1/4IN,Tridon 003483 Whitelaw Tooling Supplies,,,
TOLEDO PUNCH 4.75MM/5MM/3/16IN (DIN),Tridon 003483 Whitelaw Tooling Supplies,,,
TOLEDO PUNCH 4.75MM/5MM/3/16IN (OP1),Tridon 003483 Whitelaw Tooling Supplies,,,
TOLEDO PUNCH 6MM/1/4IN (DIN),Tridon 003483 Whitelaw Tooling Supplies,,,
TOLEDO PUNCH 6MM/1/4IN (OP1),Tridon 003483 Whitelaw Tooling Supplies,,,
TOLEDO PUNCH 4.75MM/3/16IN/5MM/6MM/1/4IN,Tridon 003483 Whitelaw Tooling Supplies,,,
TOLEDO FLARING TOOL KIT MASTER,Tridon 003483 Whitelaw Tooling Supplies,,,
TOLEDO BRAKE FLUID TESTER DIGITAL 12V,Tridon 003483 Whitelaw Tooling Supplies,,,
TOLEDO VACUUM PUMP BRAKE BLEEDER KIT,Tridon 003483 Whitelaw Tooling Supplies,,,
TOLEDO SPARE BLEED ADAPTORS PACK,Tridon 003483 Whitelaw Tooling Supplies,,,
TOLEDO SPARE CONNECTORS PACK,Tridon 003483 Whitelaw Tooling Supplies,,,
TOLEDO SPARE CONNECTION PIPES PACK,Tridon 003483 Whitelaw Tooling Supplies,,,
TOLEDO SPARE RESERVOIR BOTTLE & PIPE,Tridon 003483 Whitelaw Tooling Supplies,,,
TOLEDO BRAKE & TYRE MEASURING TOOL,Tridon 003483 Whitelaw Tooling Supplies,,,
TOLEDO DISC BRAKE & TYRE DEPTH GAUGE,Tridon 003483 Whitelaw Tooling Supplies,,,
TOLEDO DISC BRAKE CALIPER 200-400MM,Tridon 003483 Whitelaw Tooling Supplies,,,
TOLEDO BRAKE PAD & TYRE TREAD GAUGE 20MM,Tridon 003483 Whitelaw Tooling Supplies,,,
RENNSTEIG FLAT COLD CHISEL 100MM,Tridon 003483 Whitelaw Tooling Supplies,,,
RENNSTEIG FLAT COLD CHISEL 100 X 15MM,Tridon 003483 Whitelaw Tooling Supplies,,,
RENNSTEIG FLAT COLD CHISEL 125MM,Tridon 003483 Whitelaw Tooling Supplies,,,
RENNSTEIG FLAT COLD CHISEL 125 X 18MM,Tridon 003483 Whitelaw Tooling Supplies,,,
RENNSTEIG FLAT COLD CHISEL,Tridon 003483 Whitelaw Tooling Supplies,,,
RENNSTEIG FLAT COLD CHISEL 150 X 18MM,Tridon 003483 Whitelaw Tooling Supplies,,,
RENNSTEIG FLAT COLD CHISEL,Tridon 003483 Whitelaw Tooling Supplies,,,
RENNSTEIG FLAT COLD CHISEL 175 X 21MM,Tridon 003483 Whitelaw Tooling Supplies,,,
RENNSTEIG FLAT COLD CHISEL,Tridon 003483 Whitelaw Tooling Supplies,,,
RENNSTEIG FLAT COLD CHISEL 200 X 24MM,Tridon 003483 Whitelaw Tooling Supplies,,,
RENNSTEIG FLAT COLD CHISEL,Tridon 003483 Whitelaw Tooling Supplies,,,
RENNSTEIG FLAT COLD CHISEL 250 X 25MM,Tridon 003483 Whitelaw Tooling Supplies,,,
TOLEDO DIGITAL DRUM CALIPER 0-300MM,Tridon 003483 Whitelaw Tooling Supplies,,,
TOLEDO DRUM BRAKE SPRING WASHER PLIER,Tridon 003483 Whitelaw Tooling Supplies,,,
TOLEDO BRAKE ADJUSTING TOOL,Tridon 003483 Whitelaw Tooling Supplies,,,
TOLEDO BRAKE SPRING COMPRESSOR,Tridon 003483 Whitelaw Tooling Supplies,,,
TOLEDO HEAVY DUTY BRAKE SPRING PLIER,Tridon 003483 Whitelaw Tooling Supplies,,,
TOLEDO HEAVY DUTY TRUCK BRAKE SPRING PL,Tridon 003483 Whitelaw Tooling Supplies,,,
TOLEDO BRAKE DISC REMOVAL KIT 170-400MM,Tridon 003483 Whitelaw Tooling Supplies,,,
TOLEDO ONE-MAN BRAKE BLEEDER KIT,Tridon 003483 Whitelaw Tooling Supplies,,,
TOLEDO DISC BRAKE PAD REMOVER,Tridon 003483 Whitelaw Tooling Supplies,,,
TOLEDO DISC PAD SPREADER,Tridon 003483 Whitelaw Tooling Supplies,,,
TOLEDO BRAKE ADJUSTING TOOL 132MM,Tridon 003483 Whitelaw Tooling Supplies,,,
TOLEDO REAR DISC BRAKE PISTON CUBE,Tridon 003483 Whitelaw Tooling Supplies,,,
TOLEDO PIN SPARE HOOK,Tridon 003483 Whitelaw Tooling Supplies,,,
TOLEDO PIN SPARE DOUBLE HOOK,Tridon 003483 Whitelaw Tooling Supplies,,,
TOLEDO BRAKE PIN PUNCH SET 2PC,Tridon 003483 Whitelaw Tooling Supplies,,,
TOLEDO BRAKE SPRING HOOK HEAVYDUTY TRUCK,Tridon 003483 Whitelaw Tooling Supplies,,,
RENNSTEIG FLAT COLD CHISEL 300 X 26MM,Tridon 003483 Whitelaw Tooling Supplies,,,
RENNSTEIG FLAT COLD CHISEL,Tridon 003483 Whitelaw Tooling Supplies,,,
TOLEDO PUMP VACUUM,Tridon 003483 Whitelaw Tooling Supplies,,,
TOLEDO CONES END HOSE 8PC,Tridon 003483 Whitelaw Tooling Supplies,,,
TOLEDO BRAKE LINING THICKNESS GAUGE HD,Tridon 003483 Whitelaw Tooling Supplies,,,
TOLEDO CALIPER HANGING HOOK,Tridon 003483 Whitelaw Tooling Supplies,,,
TOLEDO BRAKE LINING THICKNESS GAUGE HGV,Tridon 003483 Whitelaw Tooling Supplies,,,
TOLEDO PISTON WINDBACK TOOL KIT,Tridon 003483 Whitelaw Tooling Supplies,,,
RENNSTEIG FLAT COLD CHISEL 350 X 27MM,Tridon 003483 Whitelaw Tooling Supplies,,,
RENNSTEIG FLAT COLD CHISEL 350MM,Tridon 003483 Whitelaw Tooling Supplies,,,
TOLEDO FORCING PLATE,Tridon 003483 Whitelaw Tooling Supplies,,,
TOLEDO ADAPTOR,Tridon 003483 Whitelaw Tooling Supplies,,,
TOLEDO ADAPTOR,Tridon 003483 Whitelaw Tooling Supplies,,,
TOLEDO ADAPTOR,Tridon 003483 Whitelaw Tooling Supplies,,,
TOLEDO ADAPTOR,Tridon 003483 Whitelaw Tooling Supplies,,,
TOLEDO ADAPTOR,Tridon 003483 Whitelaw Tooling Supplies,,,
TOLEDO ADAPTOR,Tridon 003483 Whitelaw Tooling Supplies,,,
TOLEDO ADAPTOR,Tridon 003483 Whitelaw Tooling Supplies,,,
TOLEDO ADAPTOR,Tridon 003483 Whitelaw Tooling Supplies,,,
TOLEDO FORCING SCREW BODY,Tridon 003483 Whitelaw Tooling Supplies,,,
TOLEDO ADAPTOR,Tridon 003483 Whitelaw Tooling Supplies,,,
TOLEDO BRAKE PISTON WIND BACK KIT,Tridon 003483 Whitelaw Tooling Supplies,,,
TOLEDO CALIPER PISTON REMOVAL KIT,Tridon 003483 Whitelaw Tooling Supplies,,,
TOLEDO BRAKE CALIPER PRESS RATCHETING,Tridon 003483 Whitelaw Tooling Supplies,,,
TOLEDO BRAKE CALIPER W/BACK KIT ADJUSTBL,Tridon 003483 Whitelaw Tooling Supplies,,,
TOLEDO BRAKE CALIPER GEARLESS PRESS KIT,Tridon 003483 Whitelaw Tooling Supplies,,,
TOLEDO UNIVERSAL BRAKE PRESSURE TEST KIT,Tridon 003483 Whitelaw Tooling Supplies,,,
RENNSTEIG FLAT COLD CHISEL 400 X 27MM,Tridon 003483 Whitelaw Tooling Supplies,,,
RENNSTEIG FLAT COLD CHISEL 400 X 27MM,Tridon 003483 Whitelaw Tooling Supplies,,,
TOLEDO ADAPTOR SET A SUITS 310400,Tridon 003483 Whitelaw Tooling Supplies,,,
TOLEDO BLEEDER SCREW SET C,Tridon 003483 Whitelaw Tooling Supplies,,,
TOLEDO OIL FUNNEL MASTER KIT 14PC,Tridon 003483 Whitelaw Tooling Supplies,,,
RENNSTEIG FLAT COLD CHISEL 500 X 30MM,Tridon 003483 Whitelaw Tooling Supplies,,,
RENNSTEIG FLAT COLD CHISEL 500 X 30MM,Tridon 003483 Whitelaw Tooling Supplies,,,
RENNSTEIG FLAT COLD CHISEL 600 X 30MM,Tridon 003483 Whitelaw Tooling Supplies,,,
TOLEDO COIL SPRING COMPRESSOR,Tridon 003483 Whitelaw Tooling Supplies,,,
TOLEDO COMPRESSOR BODY,Tridon 003483 Whitelaw Tooling Supplies,,,
TOLEDO SHOE SMALL 1PC,Tridon 003483 Whitelaw Tooling Supplies,,,
TOLEDO EXTENSION PIECE,Tridon 003483 Whitelaw Tooling Supplies,,,
TOLEDO SHOE BIG - 1 PC,Tridon 003483 Whitelaw Tooling Supplies,,,
TOLEDO SHOE MEDIUM - 1 PC,Tridon 003483 Whitelaw Tooling Supplies,,,
TOLEDO CV BOOT CLAMP PLIERS,Tridon 003483 Whitelaw Tooling Supplies,,,
TOLEDO ADJUSTABLE WHEEL LOCK NUT WRENCH,Tridon 003483 Whitelaw Tooling Supplies,,,
TOLEDO WHEEL HUB NUT TOOL SET 8PC,Tridon 003483 Whitelaw Tooling Supplies,,,
TOLEDO CV BOOT INSTALL TOOL PNEUMATIC,Tridon 003483 Whitelaw Tooling Supplies,,,
TOLEDO BALL JOINT C FRAME PRESS KIT 10PC,Tridon 003483 Whitelaw Tooling Supplies,,,
TOLEDO UNIVERSAL BEARING & BUSH KIT,Tridon 003483 Whitelaw Tooling Supplies,,,
TOLEDO REPLACEMENT SLEEVE 34/44MM,Tridon 003483 Whitelaw Tooling Supplies,,,
TOLEDO REPLACEMENT THREADED ROD M10,Tridon 003483 Whitelaw Tooling Supplies,,,
TOLEDO REPLACEMENT SLEEVE 36/46MM,Tridon 003483 Whitelaw Tooling Supplies,,,
TOLEDO REPLACEMENT THREADED ROD M12,Tridon 003483 Whitelaw Tooling Supplies,,,
TOLEDO REPLACEMENT SLEEVE 38/48MM,Tridon 003483 Whitelaw Tooling Supplies,,,
TOLEDO REPLACEMENT THREADED ROD M14,Tridon 003483 Whitelaw Tooling Supplies,,,
TOLEDO REPLACEMENT SLEEVE 40/50MM,Tridon 003483 Whitelaw Tooling Supplies,,,
TOLEDO REPLACEMENT THREADED ROD M16,Tridon 003483 Whitelaw Tooling Supplies,,,
TOLEDO REPLACEMENT SLEEVE 42/52MM,Tridon 003483 Whitelaw Tooling Supplies,,,
TOLEDO REPLACEMENT THREADED ROD M18,Tridon 003483 Whitelaw Tooling Supplies,,,
TOLEDO REPLACEMENT SLEEVE 44/54MM,Tridon 003483 Whitelaw Tooling Supplies,,,
TOLEDO REPLACEMENT SLEEVE 46/56MM,Tridon 003483 Whitelaw Tooling Supplies,,,
TOLEDO REPLACEMENT SLEEVE 48/58MM,Tridon 003483 Whitelaw Tooling Supplies,,,
TOLEDO REPLACEMENT SLEEVE 50/60MM,Tridon 003483 Whitelaw Tooling Supplies,,,
TOLEDO REPLACEMENT SLEEVE 52/62MM,Tridon 003483 Whitelaw Tooling Supplies,,,
TOLEDO REPLACEMENT SLEEVE 54/64MM,Tridon 003483 Whitelaw Tooling Supplies,,,
TOLEDO REPLACEMENT SLEEVE 56/66MM,Tridon 003483 Whitelaw Tooling Supplies,,,
TOLEDO REPLACEMENT SLEEVE 58/68MM,Tridon 003483 Whitelaw Tooling Supplies,,,
TOLEDO REPLACEMENT SLEEVE 60/70MM,Tridon 003483 Whitelaw Tooling Supplies,,,
TOLEDO REPLACEMENT SLEEVE 62/72MM,Tridon 003483 Whitelaw Tooling Supplies,,,
TOLEDO REPLACEMENT SLEEVE 64/74MM,Tridon 003483 Whitelaw Tooling Supplies,,,
TOLEDO REPLACEMENT SLEEVE 66/76MM,Tridon 003483 Whitelaw Tooling Supplies,,,
TOLEDO REPLACEMENT SLEEVE 68/78MM,Tridon 003483 Whitelaw Tooling Supplies,,,
TOLEDO REPLACEMENT SLEEVE 70/80MM,Tridon 003483 Whitelaw Tooling Supplies,,,
TOLEDO REPLACEMENT SLEEVE 72/82MM,Tridon 003483 Whitelaw Tooling Supplies,,,
TOLEDO REPLACEMENT SLEEVE 75/85MM,Tridon 003483 Whitelaw Tooling Supplies,,,
TOLEDO REPLACEMENT SLEEVE 80/90MM,Tridon 003483 Whitelaw Tooling Supplies,,,
TOLEDO UNI SUPPORT PRESS PLATE,Tridon 003483 Whitelaw Tooling Supplies,,,
TOLEDO UNI PRESS SUPPORT PINS & NUTS SET,Tridon 003483 Whitelaw Tooling Supplies,,,
TOLEDO UNI BEARING/BUSH PRESS FRAME KIT,Tridon 003483 Whitelaw Tooling Supplies,,,
TOLEDO REPLACEMENT THREADED ROD M10X1.5,Tridon 003483 Whitelaw Tooling Supplies,,,
TOLEDO REPLACEMENT THREADED ROD M12X1.75,Tridon 003483 Whitelaw Tooling Supplies,,,
TOLEDO REPLACEMENT THREADED ROD M14X2.0,Tridon 003483 Whitelaw Tooling Supplies,,,
TOLEDO REPLACEMENT THREADED ROD M16X2.0,Tridon 003483 Whitelaw Tooling Supplies,,,
TOLEDO CFRAME SOCKET PRESS KIT UNIVERSAL,Tridon 003483 Whitelaw Tooling Supplies,,,
TOLEDO EARLESS CV BOOT CLAMP PLIER,Tridon 003483 Whitelaw Tooling Supplies,,,
TOLEDO STRUT NUT SOCKET SET 8PC,Tridon 003483 Whitelaw Tooling Supplies,,,
TOLEDO PITMAN ARM SPREADER,Tridon 003483 Whitelaw Tooling Supplies,,,
TOLEDO CONTROL ARM PRYING ANCHOR,Tridon 003483 Whitelaw Tooling Supplies,,,
TOLEDO BALL JOINT PULLER 30MM,Tridon 003483 Whitelaw Tooling Supplies,,,
TOLEDO BALL JOINT PULLER 32MM,Tridon 003483 Whitelaw Tooling Supplies,,,
TOLEDO BALL JOINT PULLER 39MM,Tridon 003483 Whitelaw Tooling Supplies,,,
KNIPEX NEEDLE NOSE GRIP PLIER 160MM,Tridon 003483 Whitelaw Tooling Supplies,,,
RENNSTEIG COLD CHISEL W/HANDGUARD 250MM,Tridon 003483 Whitelaw Tooling Supplies,,,
TOLEDO BALL JOINT SEPARATOR 200MM,Tridon 003483 Whitelaw Tooling Supplies,,,
TOLEDO TIE ROD SPREADER 400MM,Tridon 003483 Whitelaw Tooling Supplies,,,
TOLEDO BALL JOINT SEPARATOR 300MM,Tridon 003483 Whitelaw Tooling Supplies,,,
TOLEDO BALL JOINT SEPARATOR 15-48MM,Tridon 003483 Whitelaw Tooling Supplies,,,
TOLEDO BALL JOINT SEPARATOR 0-56MM,Tridon 003483 Whitelaw Tooling Supplies,,,
TOLEDO UNIVERSAL BALL JOINT PULLER,Tridon 003483 Whitelaw Tooling Supplies,,,
TOLEDO UNIVERSAL TIE ROD END TOOL,Tridon 003483 Whitelaw Tooling Supplies,,,
TOLEDO PITMAN ARM PULLER,Tridon 003483 Whitelaw Tooling Supplies,,,
TOLEDO UNIVERSAL PITMAN ARM PULLER,Tridon 003483 Whitelaw Tooling Supplies,,,
TOLEDO TIE ROD & PITMAN ARM PULLER,Tridon 003483 Whitelaw Tooling Supplies,,,
TOLEDO TIE ROD/BALL JOINT/PITMAN ARM SET,Tridon 003483 Whitelaw Tooling Supplies,,,
TOLEDO DROP FORGED COIL SPRING COMP,Tridon 003483 Whitelaw Tooling Supplies,,,
TOLEDO MACPHERSON STRUT SPRING COMP,Tridon 003483 Whitelaw Tooling Supplies,,,
TOLEDO INNER TIE ROD TOOL KIT,Tridon 003483 Whitelaw Tooling Supplies,,,
TOLEDO SPARE INNER TIE ROD TOOL COLLAR,Tridon 003483 Whitelaw Tooling Supplies,,,
TOLEDO CV BOOT CLAMP INSTALLER,Tridon 003483 Whitelaw Tooling Supplies,,,
TOLEDO CAMBER GAUGE MAGNETIC 2PC,Tridon 003483 Whitelaw Tooling Supplies,,,
TOLEDO INNER TIE ROD TOOL 33-42MM,Tridon 003483 Whitelaw Tooling Supplies,,,
TOLEDO COIL SPRING COMPRESSOR INTERNAL,Tridon 003483 Whitelaw Tooling Supplies,,,
TOLEDO INNER TIE ROD TOOL TRUCK,Tridon 003483 Whitelaw Tooling Supplies,,,
RENNSTEIG COLD CHISEL W/HANDGUARD 300MM,Tridon 003483 Whitelaw Tooling Supplies,,,
TOLEDO CONNECTOR SET A SUITS 311300,Tridon 003483 Whitelaw Tooling Supplies,,,
TOLEDO HYDRAULIC BALL JOINT PULLER,Tridon 003483 Whitelaw Tooling Supplies,,,
TOLEDO CONNECTOR SET B SUITS 311300,Tridon 003483 Whitelaw Tooling Supplies,,,
TOLEDO GAUGE/HOSE SET SUITS 311300,Tridon 003483 Whitelaw Tooling Supplies,,,
RENNSTEIG COLD CHISEL W/HANDGUARD 350MM,Tridon 003483 Whitelaw Tooling Supplies,,,
KNIPEX GRIPPING PLIERS 160MM (AF),Tridon 003483 Whitelaw Tooling Supplies,,,
TOLEDO OIL SEALING PLUG SET,Tridon 003483 Whitelaw Tooling Supplies,,,
RENNSTEIG FLAT CHISEL 100 X 8,Tridon 003483 Whitelaw Tooling Supplies,,,
RENNSTEIG FLAT COLD CHISEL 100 X 9MM,Tridon 003483 Whitelaw Tooling Supplies,,,
KNIPEX NEEDLE NOSE GRIP PLIER BENT,Tridon 003483 Whitelaw Tooling Supplies,,,
RENNSTEIG FLAT CHISEL 125 X 10,Tridon 003483 Whitelaw Tooling Supplies,,,
RENNSTEIG FLAT COLD CHISEL 125 X 12MM,Tridon 003483 Whitelaw Tooling Supplies,,,
RENNSTEIG FLAT CHISEL 150 X 12,Tridon 003483 Whitelaw Tooling Supplies,,,
RENNSTEIG FLAT COLD CHISEL 150 X 12MM,Tridon 003483 Whitelaw Tooling Supplies,,,
RENNSTEIG FLAT COLD CHISEL 175 X 19MM,Tridon 003483 Whitelaw Tooling Supplies,,,
TOLEDO SMALL TAIL PIPE EXPANDER 29-44MM,Tridon 003483 Whitelaw Tooling Supplies,,,
TOLEDO LARGE TAIL PIPE EXPANDER 54-89MM,Tridon 003483 Whitelaw Tooling Supplies,,,
TOLEDO MED TAIL PIPE EXPANDER 38-64MM,Tridon 003483 Whitelaw Tooling Supplies,,,
TOLEDO EXHAUST DONUT STRETCHER,Tridon 003483 Whitelaw Tooling Supplies,,,
TOLEDO BLADES CUTTING WHEEL 4 (312292),Tridon 003483 Whitelaw Tooling Supplies,,,
TOLEDO TAIL PIPE CUTTER,Tridon 003483 Whitelaw Tooling Supplies,,,
TOLEDO CUTTER CHAIN SUIT 312295,Tridon 003483 Whitelaw Tooling Supplies,,,
KNIPEX ELECTRONIC ENG PLIER 160MM (AF),Tridon 003483 Whitelaw Tooling Supplies,,,
TOLEDO TRIM CLIP REMOVER,Tridon 003483 Whitelaw Tooling Supplies,,,
TOLEDO BODY REPAIR PANEL PACK 7PC,Tridon 003483 Whitelaw Tooling Supplies,,,
TOLEDO HEAVY DUTY MOULD SPOON,Tridon 003483 Whitelaw Tooling Supplies,,,
TOLEDO CURVED DOLLY,Tridon 003483 Whitelaw Tooling Supplies,,,
TOLEDO TOE DOLLY,Tridon 003483 Whitelaw Tooling Supplies,,,
TOLEDO THIN TOE DOLLY,Tridon 003483 Whitelaw Tooling Supplies,,,
TOLEDO GRID DOLLY,Tridon 003483 Whitelaw Tooling Supplies,,,
TOLEDO DOUBLE END HAND DOLLY,Tridon 003483 Whitelaw Tooling Supplies,,,
TOLEDO INFLATABLE CUSHION 135 X 420MM,Tridon 003483 Whitelaw Tooling Supplies,,,
TOLEDO INFLATABLE KIDNEY 110 X 320MM,Tridon 003483 Whitelaw Tooling Supplies,,,
TOLEDO AIR BAG REMOVAL KIT 12PC,Tridon 003483 Whitelaw Tooling Supplies,,,
TOLEDO BELT MOULDING REMOVAL TOOL 250MM,Tridon 003483 Whitelaw Tooling Supplies,,,
TOLEDO VACUUM DENT PULLER MANUAL 2.5KG,Tridon 003483 Whitelaw Tooling Supplies,,,
TOLEDO BODY REPAIR KIT HYDRAULIC,Tridon 003483 Whitelaw Tooling Supplies,,,
TOLEDO 313029 SPARE - HYDRAULIC RAM,Tridon 003483 Whitelaw Tooling Supplies,,,
TOLEDO 313029 SPARE - HAND PUMP,Tridon 003483 Whitelaw Tooling Supplies,,,
TOLEDO 313029 SPARE - HOSE,Tridon 003483 Whitelaw Tooling Supplies,,,
TOLEDO 313029 SPARE - SPREADER RAM,Tridon 003483 Whitelaw Tooling Supplies,,,
TOLEDO 313029 SPARE - VBASE 90DEG,Tridon 003483 Whitelaw Tooling Supplies,,,
TOLEDO 313029 SPARE - MALE CONNECTOR,Tridon 003483 Whitelaw Tooling Supplies,,,
TOLEDO 313029 SPARE - FLAT BASE,Tridon 003483 Whitelaw Tooling Supplies,,,
TOLEDO 313029 SPARE - SPREADER RAM TOE,Tridon 003483 Whitelaw Tooling Supplies,,,
TOLEDO 313029 SPARE - SPREADER PLUDG TOE,Tridon 003483 Whitelaw Tooling Supplies,,,
TOLEDO 313029 SPARE - RUBBER HEAD 80MM,Tridon 003483 Whitelaw Tooling Supplies,,,
TOLEDO 313029 SPARE - SERRATED SADDLE,Tridon 003483 Whitelaw Tooling Supplies,,,
TOLEDO 313029 SPARE - WEDGE HEAD,Tridon 003483 Whitelaw Tooling Supplies,,,
TOLEDO 313029 SPARE - EXTENSION 610MM,Tridon 003483 Whitelaw Tooling Supplies,,,
TOLEDO 313029 SPARE - EXTENSION 530MM,Tridon 003483 Whitelaw Tooling Supplies,,,
TOLEDO 313029 SPARE - EXTENSION 255MM,Tridon 003483 Whitelaw Tooling Supplies,,,
TOLEDO 313029 SPARE - EXTENSION 125MM,Tridon 003483 Whitelaw Tooling Supplies,,,
TOLEDO TRIM REMOVAL SET 2 PC,Tridon 003483 Whitelaw Tooling Supplies,,,
TOLEDO WEDGE 30MM X 190MM CARDED,Tridon 003483 Whitelaw Tooling Supplies,,,
TOLEDO WEDGE 60MM X 200MM CARDED,Tridon 003483 Whitelaw Tooling Supplies,,,
TOLEDO SUCTION CUP - 1PC,Tridon 003483 Whitelaw Tooling Supplies,,,
TOLEDO SLIDE HAMMER DENT REMOVAL SET,Tridon 003483 Whitelaw Tooling Supplies,,,
TOLEDO SLIDE HAMMER SHAFT,Tridon 003483 Whitelaw Tooling Supplies,,,
TOLEDO TUBE HANDLE WITH GRIP,Tridon 003483 Whitelaw Tooling Supplies,,,
TOLEDO ADAPTOR,Tridon 003483 Whitelaw Tooling Supplies,,,
TOLEDO SHORT HOOK,Tridon 003483 Whitelaw Tooling Supplies,,,
TOLEDO DOOR EDGE TOOL,Tridon 003483 Whitelaw Tooling Supplies,,,
TOLEDO L SHAPE TOOL,Tridon 003483 Whitelaw Tooling Supplies,,,
TOLEDO STRAIGHT DRIVER,Tridon 003483 Whitelaw Tooling Supplies,,,
TOLEDO HOOK AND CHAIN,Tridon 003483 Whitelaw Tooling Supplies,,,
TOLEDO NUT & EXTRACTOR,Tridon 003483 Whitelaw Tooling Supplies,,,
TOLEDO NUT & SCREW,Tridon 003483 Whitelaw Tooling Supplies,,,
TOLEDO HEAVY DUTY PRY SPOON,Tridon 003483 Whitelaw Tooling Supplies,,,
TOLEDO SHRINKING DOLLY,Tridon 003483 Whitelaw Tooling Supplies,,,
TOLEDO UTILITY DOLLY,Tridon 003483 Whitelaw Tooling Supplies,,,
TOLEDO ANVIL DOLLY,Tridon 003483 Whitelaw Tooling Supplies,,,
TOLEDO STRAIGHT PEIN & FINISHING HAMMER,Tridon 003483 Whitelaw Tooling Supplies,,,
TOLEDO CURVED PEIN & FINISHING HAMMER,Tridon 003483 Whitelaw Tooling Supplies,,,
TOLEDO PICK & FINISHING HAMMER,Tridon 003483 Whitelaw Tooling Supplies,,,
TOLEDO STANDARD BUMPING HAMMER 40MM,Tridon 003483 Whitelaw Tooling Supplies,,,
TOLEDO LIGHT BUMPING HAMMER 30MM,Tridon 003483 Whitelaw Tooling Supplies,,,
TOLEDO HEAVY SHRINKING HAMMER 40MM,Tridon 003483 Whitelaw Tooling Supplies,,,
TOLEDO ABRASIVE HOLDER 170MM,Tridon 003483 Whitelaw Tooling Supplies,,,
TOLEDO ABRASIVE HOLDER 400MM,Tridon 003483 Whitelaw Tooling Supplies,,,
TOLEDO BODY FILE HOLDER 355MM,Tridon 003483 Whitelaw Tooling Supplies,,,
TOLEDO S/S LOOP HANDLE DENT SET 6PC,Tridon 003483 Whitelaw Tooling Supplies,,,
TOLEDO S/S S-SHAPE HOOKS SET 10PC,Tridon 003483 Whitelaw Tooling Supplies,,,
TOLEDO PANEL WEDGE TOOL,Tridon 003483 Whitelaw Tooling Supplies,,,
TOLEDO DENT STRAIGHT BAR 912MM,Tridon 003483 Whitelaw Tooling Supplies,,,
TOLEDO PE TYPE DENT TOOL SET 4PC,Tridon 003483 Whitelaw Tooling Supplies,,,
TOLEDO SINGLE ALUMIN SUCTION CUP,Tridon 003483 Whitelaw Tooling Supplies,,,
TOLEDO DOUBLE ALUMIN SUCTION CUP,Tridon 003483 Whitelaw Tooling Supplies,,,
TOLEDO BODY BLADE 12 TPI,Tridon 003483 Whitelaw Tooling Supplies,,,
TOLEDO BODY BLADE 9 TPI,Tridon 003483 Whitelaw Tooling Supplies,,,
TOLEDO BODY BLADE 6.5 TPI,Tridon 003483 Whitelaw Tooling Supplies,,,
TOLEDO PDR LINE BOARD FLEX DIA: 800MM,Tridon 003483 Whitelaw Tooling Supplies,,,
TOLEDO BLENDING HAMMER ALUMIN MULTI TIP,Tridon 003483 Whitelaw Tooling Supplies,,,
TOLEDO PANEL REPAIR SET PLASTIC 12PC,Tridon 003483 Whitelaw Tooling Supplies,,,
TOLEDO TRIM REMOVER 2 IN 1,Tridon 003483 Whitelaw Tooling Supplies,,,
TOLEDO TRIM TOOL 10 IN 1,Tridon 003483 Whitelaw Tooling Supplies,,,
TOLEDO DOOR HANDLE CLIP REMOVER,Tridon 003483 Whitelaw Tooling Supplies,,,
TOLEDO DOOR TRIM REMOVER,Tridon 003483 Whitelaw Tooling Supplies,,,
TOLEDO HINGE PIN REMOVER,Tridon 003483 Whitelaw Tooling Supplies,,,
TOLEDO HINGE PIN REMOVER PINS 3PC,Tridon 003483 Whitelaw Tooling Supplies,,,
TOLEDO SPOTWELD REMOVER 10MM,Tridon 003483 Whitelaw Tooling Supplies,,,
TOLEDO SPOTWELD REMOVER BLADES 10MM 3PC,Tridon 003483 Whitelaw Tooling Supplies,,,
TOLEDO VACUUM SUCTION DISC 150MM,Tridon 003483 Whitelaw Tooling Supplies,,,
TOLEDO WINDOW HOLDERS,Tridon 003483 Whitelaw Tooling Supplies,,,
TOLEDO WINDSCREEN INSTALLATION KIT,Tridon 003483 Whitelaw Tooling Supplies,,,
TOLEDO WINDSCREEN REMOVER,Tridon 003483 Whitelaw Tooling Supplies,,,
TOLEDO WINDSCREEN REMOVER BLADES 3PC,Tridon 003483 Whitelaw Tooling Supplies,,,
TOLEDO TRIM REMOVER SET 5PC,Tridon 003483 Whitelaw Tooling Supplies,,,
TOLEDO EXTREME EDGE TOOL KIT,Tridon 003483 Whitelaw Tooling Supplies,,,
TOLEDO PRYING & SMOOTHING KIT MINI 3PC,Tridon 003483 Whitelaw Tooling Supplies,,,
TOLEDO O-RING PICK SET LIGHT DUTY 3PC,Tridon 003483 Whitelaw Tooling Supplies,,,
TOLEDO ALUMINIUM HAMMER,Tridon 003483 Whitelaw Tooling Supplies,,,
TOLEDO WEDGE TOOL DUAL END STEEL,Tridon 003483 Whitelaw Tooling Supplies,,,
TOLEDO TRIM REMOVAL TOOL SET STEEL 2PC,Tridon 003483 Whitelaw Tooling Supplies,,,
TOLEDO MULTIPURPOSE TRIM PLIERS,Tridon 003483 Whitelaw Tooling Supplies,,,
TOLEDO PANEL & TRIM WEDGE KIT 12PC,Tridon 003483 Whitelaw Tooling Supplies,,,
TOLEDO HIGH LEVERAGE TRIM TOOL SET 2PC,Tridon 003483 Whitelaw Tooling Supplies,,,
TOLEDO PANEL WEDGE TRIM REMOVAL SET 2PC,Tridon 003483 Whitelaw Tooling Supplies,,,
TOLEDO WEDGE STEPPED 280mm,Tridon 003483 Whitelaw Tooling Supplies,,,
TOLEDO PROFESSIONAL PANEL GAP GAUGE 2PC,Tridon 003483 Whitelaw Tooling Supplies,,,
TOLEDO WHEEL ARCH REFORMER,Tridon 003483 Whitelaw Tooling Supplies,,,
TOLEDO BODY,Tridon 003483 Whitelaw Tooling Supplies,,,
TOLEDO SCREW,Tridon 003483 Whitelaw Tooling Supplies,,,
TOLEDO PIN LOCATING,Tridon 003483 Whitelaw Tooling Supplies,,,
TOLEDO SCREW PROPELLING,Tridon 003483 Whitelaw Tooling Supplies,,,
TOLEDO SCREW LONG,Tridon 003483 Whitelaw Tooling Supplies,,,
TOLEDO NUT ACORN,Tridon 003483 Whitelaw Tooling Supplies,,,
TOLEDO GUIDE ROD FIXED,Tridon 003483 Whitelaw Tooling Supplies,,,
TOLEDO WASHER,Tridon 003483 Whitelaw Tooling Supplies,,,
TOLEDO LINK,Tridon 003483 Whitelaw Tooling Supplies,,,
TOLEDO NUT LOCKING,Tridon 003483 Whitelaw Tooling Supplies,,,
TOLEDO SCREW ADJUSTMENT,Tridon 003483 Whitelaw Tooling Supplies,,,
TOLEDO ARM SWIVEL,Tridon 003483 Whitelaw Tooling Supplies,,,
TOLEDO ADJUSTMENT SUPPORT,Tridon 003483 Whitelaw Tooling Supplies,,,
TOLEDO SCREW LOCKING,Tridon 003483 Whitelaw Tooling Supplies,,,
TOLEDO C-CLAMP,Tridon 003483 Whitelaw Tooling Supplies,,,
TOLEDO AXLE PIVOT,Tridon 003483 Whitelaw Tooling Supplies,,,
TOLEDO FRAME BEARING,Tridon 003483 Whitelaw Tooling Supplies,,,
TOLEDO BEARING,Tridon 003483 Whitelaw Tooling Supplies,,,
TOLEDO ROLLER,Tridon 003483 Whitelaw Tooling Supplies,,,
TOLEDO WIRE HANDLE SET,Tridon 003483 Whitelaw Tooling Supplies,,,
TOLEDO WIRE STARTER FEEDER,Tridon 003483 Whitelaw Tooling Supplies,,,
TOLEDO WINDSCREEN CUTTING WIRE NEEDLE,Tridon 003483 Whitelaw Tooling Supplies,,,
TOLEDO WIRE SQUARE STAINLESS STEEL,Tridon 003483 Whitelaw Tooling Supplies,,,
TOLEDO WIRE GUIDE,Tridon 003483 Whitelaw Tooling Supplies,,,
TOLEDO HEATER HOSE DECOUPLING TOOL FORD,Tridon 003483 Whitelaw Tooling Supplies,,,
SYKES CYLINDER LEAKAGE TESTER DUAL GAUGE,Tridon 003483 Whitelaw Tooling Supplies,,,
SYKES SERVICE PARTS KIT-314 SERIES,Tridon 003483 Whitelaw Tooling Supplies,,,
SYKES COMPRESSION ADAPTOR M12 RENAULT,Tridon 003483 Whitelaw Tooling Supplies,,,
SYKES PETROL COMPRESS. TESTER-DEEP SEAT,Tridon 003483 Whitelaw Tooling Supplies,,,
SYKES DIESEL ENGINE COMPRESSION TESTER,Tridon 003483 Whitelaw Tooling Supplies,,,
SYKES GAUGE ASSEMBLY,Tridon 003483 Whitelaw Tooling Supplies,,,
SYKES DUMMY GLOWPLUG M10 X 1.25,Tridon 003483 Whitelaw Tooling Supplies,,,
SYKES DUMMY GLOWPLUG M12 X 1.25,Tridon 003483 Whitelaw Tooling Supplies,,,
SYKES DUMMY GLOWPLUG M14 X 1.25,Tridon 003483 Whitelaw Tooling Supplies,,,
SYKES DUMMY GLOWPLUG M8 X 1.0,Tridon 003483 Whitelaw Tooling Supplies,,,
SYKES DUMMY GLOWPLUG M9 X 1.0,Tridon 003483 Whitelaw Tooling Supplies,,,
SYKES GLOW PLUG ADAPTOR EXTENSION 190MM,Tridon 003483 Whitelaw Tooling Supplies,,,
SYKES STANADYNE DUMMY INJECTOR,Tridon 003483 Whitelaw Tooling Supplies,,,
SYKES DUMMY GLOWPLUG M10 X 1.0-LANDROVER,Tridon 003483 Whitelaw Tooling Supplies,,,
SYKES DUMMY INJECTOR M20 X 1.5,Tridon 003483 Whitelaw Tooling Supplies,,,
SYKES DUMMY INJECTOR M22 X 1.5-MERCEDES,Tridon 003483 Whitelaw Tooling Supplies,,,
SYKES DUMMY GLOWPLUG M10 X 1.0,Tridon 003483 Whitelaw Tooling Supplies,,,
SYKES DUMMY INJECTOR - VAG 1.9TDI,Tridon 003483 Whitelaw Tooling Supplies,,,
SYKES DUMMY INJECTOR M24 X 1.5,Tridon 003483 Whitelaw Tooling Supplies,,,
SYKES DUMMY INJECTOR-LANDROVER 2.5TD 300,Tridon 003483 Whitelaw Tooling Supplies,,,
SYKES DUMMY GLOWPLUG M10 X 1.0,Tridon 003483 Whitelaw Tooling Supplies,,,
SYKES DUMMY INJECTOR - LANDROVER 2.5 CAV,Tridon 003483 Whitelaw Tooling Supplies,,,
SYKES DUMMY INJECTOR M22 X 1.5,Tridon 003483 Whitelaw Tooling Supplies,,,
SYKES DUMMY GLOWPLUG M10 X 1.0,Tridon 003483 Whitelaw Tooling Supplies,,,
SYKES DIESEL COMPRESS. TESTER KIT,Tridon 003483 Whitelaw Tooling Supplies,,,
SYKES CENTRE PILLAR,Tridon 003483 Whitelaw Tooling Supplies,,,
SYKES DUMMY GLOWPLUG M10 X 1.0,Tridon 003483 Whitelaw Tooling Supplies,,,
SYKES DIESEL COMPRESS. TESTER KIT-EUROPE,Tridon 003483 Whitelaw Tooling Supplies,,,
SYKES END ADAPTOR,Tridon 003483 Whitelaw Tooling Supplies,,,
SYKES END ADAPTOR,Tridon 003483 Whitelaw Tooling Supplies,,,
SYKES END ADAPTOR,Tridon 003483 Whitelaw Tooling Supplies,,,
SYKES DUMMY GLOWPLUG M10 X 1.0,Tridon 003483 Whitelaw Tooling Supplies,,,
SYKES SPACER SET,Tridon 003483 Whitelaw Tooling Supplies,,,
SYKES DUMMY GLOWPLUG M10 X 1.0,Tridon 003483 Whitelaw Tooling Supplies,,,
SYKES DUMMY GLOWPLUG M10 X 1.0,Tridon 003483 Whitelaw Tooling Supplies,,,
SYKES DUMMY GLOWPLUG M10 X 1.25,Tridon 003483 Whitelaw Tooling Supplies,,,
SYKES ADAPTOR UPDATE KIT,Tridon 003483 Whitelaw Tooling Supplies,,,
SYKES DUMMY GLOWPLUG M10 X 1.25,Tridon 003483 Whitelaw Tooling Supplies,,,
SYKES DUMMY GLOWPLUG M9 X 1.0,Tridon 003483 Whitelaw Tooling Supplies,,,
SYKES DUMMY GLOWPLUG M10 X 1.0,Tridon 003483 Whitelaw Tooling Supplies,,,
SYKES DIESEL COMPRESSION TEST KIT - CRDI,Tridon 003483 Whitelaw Tooling Supplies,,,
SYKES DUMMY INJECTOR - 2.2 HDI,Tridon 003483 Whitelaw Tooling Supplies,,,
"SYKES DUMMY GLOWPLUG-JAG, PEUGOT, VOLVO",Tridon 003483 Whitelaw Tooling Supplies,,,
SYKES DIESEL COMPRES. TESTER - LANDROVER,Tridon 003483 Whitelaw Tooling Supplies,,,
SYKES HDI CLAMP,Tridon 003483 Whitelaw Tooling Supplies,,,
"SYKES  ADAPT. SET FOR 314200, 314300",Tridon 003483 Whitelaw Tooling Supplies,,,
"SYKES  ADAPT. SET FOR 314200, 314300",Tridon 003483 Whitelaw Tooling Supplies,,,
"SYKES  ADAPT. SET FOR 314200, 314300",Tridon 003483 Whitelaw Tooling Supplies,,,
"SYKES  ADAPT. SET FOR 314200, 314300",Tridon 003483 Whitelaw Tooling Supplies,,,
SYKES DIESEL ENG COMPRESS. TESTER - CAR,Tridon 003483 Whitelaw Tooling Supplies,,,
SYKES CONVERTOR 0142/7 TO 3142/7,Tridon 003483 Whitelaw Tooling Supplies,,,
SYKES WASHER,Tridon 003483 Whitelaw Tooling Supplies,,,
SYKES CENTRE PILLAR 80MM,Tridon 003483 Whitelaw Tooling Supplies,,,
SYKES CENTRE PILLAR 130MM,Tridon 003483 Whitelaw Tooling Supplies,,,
SYKES O RING,Tridon 003483 Whitelaw Tooling Supplies,,,
SYKES PILOT PIN 7MM,Tridon 003483 Whitelaw Tooling Supplies,,,
SYKES PILOT PIN 9MM,Tridon 003483 Whitelaw Tooling Supplies,,,
SYKES PILOT PIN - SHORT,Tridon 003483 Whitelaw Tooling Supplies,,,
SYKES END ADAPTOR NO 1,Tridon 003483 Whitelaw Tooling Supplies,,,
SYKES END ADAPTOR NO 2,Tridon 003483 Whitelaw Tooling Supplies,,,
SYKES END ADAPTOR NO 3,Tridon 003483 Whitelaw Tooling Supplies,,,
SYKES END ADAPTOR NO 4,Tridon 003483 Whitelaw Tooling Supplies,,,
SYKES END ADAPTOR C/W MALE CONNECTOR,Tridon 003483 Whitelaw Tooling Supplies,,,
SYKES SPACER NO 1,Tridon 003483 Whitelaw Tooling Supplies,,,
SYKES SPACER NO 2,Tridon 003483 Whitelaw Tooling Supplies,,,
SYKES SPACER NO 4,Tridon 003483 Whitelaw Tooling Supplies,,,
SYKES SPACER NO 5,Tridon 003483 Whitelaw Tooling Supplies,,,
SYKES SPACER NO 6,Tridon 003483 Whitelaw Tooling Supplies,,,
SYKES CLAMPING PLATE NO 1,Tridon 003483 Whitelaw Tooling Supplies,,,
SYKES CLAMPING PLATE NO 2,Tridon 003483 Whitelaw Tooling Supplies,,,
SYKES CLAMPING PLATE NO 3,Tridon 003483 Whitelaw Tooling Supplies,,,
SYKES SHOULDERED NUT NO 1,Tridon 003483 Whitelaw Tooling Supplies,,,
SYKES SHOULDERED NUT NO 2,Tridon 003483 Whitelaw Tooling Supplies,,,
SYKES LOCK NUT,Tridon 003483 Whitelaw Tooling Supplies,,,
SYKES SCREW COLLAR,Tridon 003483 Whitelaw Tooling Supplies,,,
SYKES SCREW COLLAR NO 1,Tridon 003483 Whitelaw Tooling Supplies,,,
SYKES SCREW COLLAR NO 2,Tridon 003483 Whitelaw Tooling Supplies,,,
SYKES DUMMY INJECTOR - DAF 620,Tridon 003483 Whitelaw Tooling Supplies,,,
SYKES DUMMY INJECTOR - VOLVO,Tridon 003483 Whitelaw Tooling Supplies,,,
SYKES DUMMY INJECTOR - CUMMINS B,Tridon 003483 Whitelaw Tooling Supplies,,,
SYKES DUMMY INJECTOR - ISUZU 4BD2,Tridon 003483 Whitelaw Tooling Supplies,,,
SYKES DUMMY INJECTOR - ISUZU 4JG2,Tridon 003483 Whitelaw Tooling Supplies,,,
SYKES END ADAPTOR,Tridon 003483 Whitelaw Tooling Supplies,,,
SYKES SPECIAL ADAPT. FOR TOYOTA VEHICLES,Tridon 003483 Whitelaw Tooling Supplies,,,
SYKES SERVICE KIT OF SEALS AND WASHERS,Tridon 003483 Whitelaw Tooling Supplies,,,
SYKES INJECTOR PIPE ASSY,Tridon 003483 Whitelaw Tooling Supplies,,,
SYKES INJECTOR CLAMP,Tridon 003483 Whitelaw Tooling Supplies,,,
SYKES CRD INJECTOR FUEL RETURN FLOW KIT,Tridon 003483 Whitelaw Tooling Supplies,,,
SYKES ADAPTOR SET (6) DENSO,Tridon 003483 Whitelaw Tooling Supplies,,,
SYKES ADAPTOR SET (6) DELPHI,Tridon 003483 Whitelaw Tooling Supplies,,,
SYKES RUBBER HOSES SET OF 6,Tridon 003483 Whitelaw Tooling Supplies,,,
SYKES CRD HIGH PRESSURE GAUGE & MANIFOLD,Tridon 003483 Whitelaw Tooling Supplies,,,
SYKES DIESEL FUEL BLEEDING MASTER KIT,Tridon 003483 Whitelaw Tooling Supplies,,,
SYKES OIL PRESSURE TESTER KIT,Tridon 003483 Whitelaw Tooling Supplies,,,
SYKES GAUGE & 2M HOSE ASSEMBLY,Tridon 003483 Whitelaw Tooling Supplies,,,
SYKES CONNECTOR NO 1 R 1/8 DIN,Tridon 003483 Whitelaw Tooling Supplies,,,
SYKES ADAPTOR 1/8 X 27 NPT,Tridon 003483 Whitelaw Tooling Supplies,,,
SYKES ADAPTOR 1/4 X 18 NPT,Tridon 003483 Whitelaw Tooling Supplies,,,
SYKES ADAPTOR3/8 X 20 UNF,Tridon 003483 Whitelaw Tooling Supplies,,,
SYKES AADAPTOR M10 X 1,Tridon 003483 Whitelaw Tooling Supplies,,,
SYKES ADAPTOR M12 X 1.5,Tridon 003483 Whitelaw Tooling Supplies,,,
SYKES ADAPTOR M14 X 1.5,Tridon 003483 Whitelaw Tooling Supplies,,,
SYKES ADAPTOR M16 X 1.5,Tridon 003483 Whitelaw Tooling Supplies,,,
SYKES ADAPTOR M18 X 1.5,Tridon 003483 Whitelaw Tooling Supplies,,,
SYKES ELBOW CONNECTOR,Tridon 003483 Whitelaw Tooling Supplies,,,
SYKES MULTI POINT FUEL INJ PRESS TESTER,Tridon 003483 Whitelaw Tooling Supplies,,,
SYKES THREADED CONNECTOR SET M8 X 1,Tridon 003483 Whitelaw Tooling Supplies,,,
SYKES THREADED CONNECTOR SET M10 X 1,Tridon 003483 Whitelaw Tooling Supplies,,,
SYKES THREADED CONNECTOR SET M12 X 1,Tridon 003483 Whitelaw Tooling Supplies,,,
SYKES THREADED CONNECTOR SET M14 X 1.5,Tridon 003483 Whitelaw Tooling Supplies,,,
SYKES SIGHT TUBE,Tridon 003483 Whitelaw Tooling Supplies,,,
SYKES LAND ROVER ADAPTOR KIT,Tridon 003483 Whitelaw Tooling Supplies,,,
SYKES PGMFI ADAPTOR,Tridon 003483 Whitelaw Tooling Supplies,,,
SYKES SINGLE POINT FUEL INJ PRESS TESTER,Tridon 003483 Whitelaw Tooling Supplies,,,
SYKES HOSE COUPLING SET 1/4,Tridon 003483 Whitelaw Tooling Supplies,,,
SYKES HOSE COUPLING SET 5/16,Tridon 003483 Whitelaw Tooling Supplies,,,
SYKES HOSE COUPLING SET 3/8,Tridon 003483 Whitelaw Tooling Supplies,,,
SYKES CONICAL ADAPTOR 1/4 BSP,Tridon 003483 Whitelaw Tooling Supplies,,,
SYKES CONICAL ADAPTOR - M14 LONG,Tridon 003483 Whitelaw Tooling Supplies,,,
SYKES FUEL HOSE (2) WITH QUICK COUPLING,Tridon 003483 Whitelaw Tooling Supplies,,,
SYKES COMBINED FUEL INJ PRESS.  TESTER,Tridon 003483 Whitelaw Tooling Supplies,,,
SYKES ADAPTOR ASSEMBLY M6,Tridon 003483 Whitelaw Tooling Supplies,,,
SYKES SPECIALIST SYS. CONNECT. GM ADAPT.,Tridon 003483 Whitelaw Tooling Supplies,,,
SYKES MULTI-POINT FUEL PRESS. GAUGE ASSY,Tridon 003483 Whitelaw Tooling Supplies,,,
SYKES SINGLE-POINT FUEL PRESSURE GAUGE,Tridon 003483 Whitelaw Tooling Supplies,,,
SYKES FUEL TAP AND CONNECTOR ASSEMBLY,Tridon 003483 Whitelaw Tooling Supplies,,,
SYKES FUEL INJECTION PRESSURE TEST SET,Tridon 003483 Whitelaw Tooling Supplies,,,
SYKES  ADAPTOR M16,Tridon 003483 Whitelaw Tooling Supplies,,,
SYKES FORD EEC IV ADAPTOR,Tridon 003483 Whitelaw Tooling Supplies,,,
SYKES SYSTEM CONNECTOR  FIAT ALFA LANCIA,Tridon 003483 Whitelaw Tooling Supplies,,,
SYKES SYSTEM CONNECTOR   RENAULT,Tridon 003483 Whitelaw Tooling Supplies,,,
SYKES FUEL PRESSURE TEST KIT - SCHRADER,Tridon 003483 Whitelaw Tooling Supplies,,,
SYKES AUTO TESTER PLUS,Tridon 003483 Whitelaw Tooling Supplies,,,
TOLEDO C HOOK WRENCH 3/4 - 2IN,Tridon 003483 Whitelaw Tooling Supplies,,,
TOLEDO C HOOK WRENCH 1 1/4 - 3IN,Tridon 003483 Whitelaw Tooling Supplies,,,
TOLEDO C HOOK WRENCH 2 - 4 3/4IN,Tridon 003483 Whitelaw Tooling Supplies,,,
TOLEDO C-HOOK 4 1/2 - 6 1/4IN,Tridon 003483 Whitelaw Tooling Supplies,,,
TOLEDO C-HOOK PIN STYLE 3/4 - 2IN,Tridon 003483 Whitelaw Tooling Supplies,,,
TOLEDO REPLACEMENT PIN FOR 315154,Tridon 003483 Whitelaw Tooling Supplies,,,
TOLEDO C-HOOK PIN STYLE 1 1/4 - 3IN,Tridon 003483 Whitelaw Tooling Supplies,,,
TOLEDO REPLACEMENT PIN FOR 315155,Tridon 003483 Whitelaw Tooling Supplies,,,
TOLEDO C-HOOK PIN STYLE 2 - 4 3/4IN,Tridon 003483 Whitelaw Tooling Supplies,,,
TOLEDO REPLACEMENT PIN FOR 315156,Tridon 003483 Whitelaw Tooling Supplies,,,
TOLEDO C HOOK PIN STYLE 4 1/2 - 6 1/2IN,Tridon 003483 Whitelaw Tooling Supplies,,,
TOLEDO REPLACEMENT PIN FOR 315157,Tridon 003483 Whitelaw Tooling Supplies,,,
TOLEDO FACE SPANNER WRENCH SET HD 9PC,Tridon 003483 Whitelaw Tooling Supplies,,,
TOLEDO PIN SET 2PC 2.5-3MM,Tridon 003483 Whitelaw Tooling Supplies,,,
TOLEDO PIN SET 2PC 4-5MM,Tridon 003483 Whitelaw Tooling Supplies,,,
TOLEDO PIN SET 2PC 6-7MM,Tridon 003483 Whitelaw Tooling Supplies,,,
TOLEDO PIN SET 2PC 8-9MM,Tridon 003483 Whitelaw Tooling Supplies,,,
TOLEDO ADJUSTABLE C-HOOK WRENCH SET 8PC,Tridon 003483 Whitelaw Tooling Supplies,,,
TOLEDO SPARE PIN SET FOR 315160,Tridon 003483 Whitelaw Tooling Supplies,,,
TOLEDO RATCHET C-HOOK WRENCH SET,Tridon 003483 Whitelaw Tooling Supplies,,,
TOLEDO SPARE HEAD PIN&HOOK 19-51MM 2PC,Tridon 003483 Whitelaw Tooling Supplies,,,
TOLEDO SPARE HEAD PIN&HOOK 31-77MM 2PC,Tridon 003483 Whitelaw Tooling Supplies,,,
TOLEDO SPARE HEAD PIN&HOOK 51-121MM 2PC,Tridon 003483 Whitelaw Tooling Supplies,,,
TOLEDO SPARE HEAD PIN&HOOK 115-166MM 2PC,Tridon 003483 Whitelaw Tooling Supplies,,,
TOLEDO BOLT CUTTER 450MM/18IN,Tridon 003483 Whitelaw Tooling Supplies,,,
TOLEDO BOLT CUTTER 750MM/30IN,Tridon 003483 Whitelaw Tooling Supplies,,,
TOLEDO BOLT CUTTER 900MM/36IN,Tridon 003483 Whitelaw Tooling Supplies,,,
TOLEDO HANDY POCKET CUTTERS 200MM,Tridon 003483 Whitelaw Tooling Supplies,,,
TOLEDO SWAGING TOOL WITH CUTTER 350MM,Tridon 003483 Whitelaw Tooling Supplies,,,
TOLEDO SWAGING TOOL WITH CUTTER 600MM,Tridon 003483 Whitelaw Tooling Supplies,,,
TOLEDO HAND CABLE CUTTERS 22MM,Tridon 003483 Whitelaw Tooling Supplies,,,
TOLEDO HAND CABLE CUTTERS 38MM,Tridon 003483 Whitelaw Tooling Supplies,,,
TOLEDO CABLE CUTTERS 600MM,Tridon 003483 Whitelaw Tooling Supplies,,,
TOLEDO 3 IN 1 CUTTER 225MM,Tridon 003483 Whitelaw Tooling Supplies,,,
TOLEDO WIRE ROPE AND SPRING CUTTER,Tridon 003483 Whitelaw Tooling Supplies,,,
TOLEDO CABLE CUTTER RATCHETING,Tridon 003483 Whitelaw Tooling Supplies,,,
RENNSTEIG CROSS CUT CHISEL,Tridon 003483 Whitelaw Tooling Supplies,,,
RENNSTEIG CROSSCUT CHISEL 150 X 6MM,Tridon 003483 Whitelaw Tooling Supplies,,,
RENNSTEIG CROSS CUT CHISEL,Tridon 003483 Whitelaw Tooling Supplies,,,
RENNSTEIG CROSSCUT CHISEL 175 X 7MM,Tridon 003483 Whitelaw Tooling Supplies,,,
RENNSTEIG CROSS CUT CHISEL,Tridon 003483 Whitelaw Tooling Supplies,,,
RENNSTEIG CROSSCUT CHISEL 200 X 8MM,Tridon 003483 Whitelaw Tooling Supplies,,,
RENNSTEIG CROSS CUT CHISEL,Tridon 003483 Whitelaw Tooling Supplies,,,
RENNSTEIG CROSSCUT CHISEL 250 X 9MM,Tridon 003483 Whitelaw Tooling Supplies,,,
RENNSTEIG CROSSCUT CHISEL W/GRIP,Tridon 003483 Whitelaw Tooling Supplies,,,
RENNSTEIG CROSS CUT CHISEL,Tridon 003483 Whitelaw Tooling Supplies,,,
RENNSTEIG CROSSCUT CHISEL 300 X 9MM,Tridon 003483 Whitelaw Tooling Supplies,,,
RENNSTEIG CROSSCUT CHISEL W/GRIP,Tridon 003483 Whitelaw Tooling Supplies,,,
TOLEDO TUBE BENDER  1/4 5/16 3/8 1/2 5/8,Tridon 003483 Whitelaw Tooling Supplies,,,
TOLEDO HEX KEY BALL POINT STUBBY METRIC,Tridon 003483 Whitelaw Tooling Supplies,,,
TOLEDO HEX KEY BALL POINT LONG METRIC,Tridon 003483 Whitelaw Tooling Supplies,,,
TOLEDO HEX KEY BALL POINT LONG IMPERIAL,Tridon 003483 Whitelaw Tooling Supplies,,,
TOLEDO HEX KEY FOLDING SET METRIC,Tridon 003483 Whitelaw Tooling Supplies,,,
TOLEDO HEX KEY FOLDING SET IMPERIAL,Tridon 003483 Whitelaw Tooling Supplies,,,
TOLEDO TORX KEY FOLDING SET STANDARD,Tridon 003483 Whitelaw Tooling Supplies,,,
TOLEDO WALL BOLT SETTING TOOL,Tridon 003483 Whitelaw Tooling Supplies,,,
TOLEDO CROWFOOT WRENCH SET SAE 14PC,Tridon 003483 Whitelaw Tooling Supplies,,,
TOLEDO CROWFT WRENCH STRAIGHT 1-1/16IN,Tridon 003483 Whitelaw Tooling Supplies,,,
TOLEDO CROWFT WRENCH STRAIGHT 1-1/8IN,Tridon 003483 Whitelaw Tooling Supplies,,,
TOLEDO CROWFT WRENCH STRAIGHT 1-3/16IN,Tridon 003483 Whitelaw Tooling Supplies,,,
TOLEDO CROWFT WRENCH STRAIGHT 1-1/4IN,Tridon 003483 Whitelaw Tooling Supplies,,,
TOLEDO CROWFT WRENCH STRAIGHT 1-5/16IN,Tridon 003483 Whitelaw Tooling Supplies,,,
TOLEDO CROWFT WRENCH STRAIGHT 1-3/8IN,Tridon 003483 Whitelaw Tooling Supplies,,,
TOLEDO CROWFT WRENCH STRAIGHT 1-7/16IN,Tridon 003483 Whitelaw Tooling Supplies,,,
TOLEDO CROWFT WRENCH STRAIGHT 1-1/2IN,Tridon 003483 Whitelaw Tooling Supplies,,,
TOLEDO CROWFT WRENCH STRAIGHT 1-5/8IN,Tridon 003483 Whitelaw Tooling Supplies,,,
TOLEDO CROWFT WRENCH STRAIGHT 1-11/16IN,Tridon 003483 Whitelaw Tooling Supplies,,,
TOLEDO CROWFT WRENCH STRAIGHT 1-3/4IN,Tridon 003483 Whitelaw Tooling Supplies,,,
TOLEDO CROWFT WRENCH STRAIGHT 1-13/16IN,Tridon 003483 Whitelaw Tooling Supplies,,,
TOLEDO CROWFT WRENCH STRAIGHT 1-7/8IN,Tridon 003483 Whitelaw Tooling Supplies,,,
TOLEDO CROWFT WRENCH STRAIGHT 2IN,Tridon 003483 Whitelaw Tooling Supplies,,,
TOLEDO PREFORM BAND CLAMP PUNCH TOOL,Tridon 003483 Whitelaw Tooling Supplies,,,
TOLEDO REPLACEMENT PUNCH FOR 321002,Tridon 003483 Whitelaw Tooling Supplies,,,
TOLEDO EXHAUST PIPE EXPANDER KIT 5PC,Tridon 003483 Whitelaw Tooling Supplies,,,
TOLEDO OBLIQUE END CUTTER,Tridon 003483 Whitelaw Tooling Supplies,,,
TOLEDO TORQUE MULTIPLIER,Tridon 003483 Whitelaw Tooling Supplies,,,
TOLEDO THREAD RESTORE TAP DIE & FILE SET,Tridon 003483 Whitelaw Tooling Supplies,,,
TOLEDO HOSE CLAMP PLIERS,Tridon 003483 Whitelaw Tooling Supplies,,,
TOLEDO INSPECTION MIRROR W/LED LIGHT,Tridon 003483 Whitelaw Tooling Supplies,,,
TOLEDO RATCHET SOCKET WRENCH 16 IN 1,Tridon 003483 Whitelaw Tooling Supplies,,,
TOLEDO MINI SQUARE 300X150MM,Tridon 003483 Whitelaw Tooling Supplies,,,
TOLEDO RATCHET PODGER WRENCH 34X36MM,Tridon 003483 Whitelaw Tooling Supplies,,,
TOLEDO DUAL SQ DR PODGER 1/4IN X 3/8IN,Tridon 003483 Whitelaw Tooling Supplies,,,
TOLEDO DUAL SQ DR PODGER 3/8IN X 1/2IN,Tridon 003483 Whitelaw Tooling Supplies,,,
TOLEDO DUAL SQ DR PODGER 1/2IN X 3/4IN,Tridon 003483 Whitelaw Tooling Supplies,,,
TOLEDO DUAL SQ DR PODGER 3/4IN X 1IN,Tridon 003483 Whitelaw Tooling Supplies,,,
TOLEDO DSUB DEUTSCH 4WAY INDENT CRIMPER,Tridon 003483 Whitelaw Tooling Supplies,,,
TOLEDO DSUB DEUTSCH 4WAY INDENT CRIMPER,Tridon 003483 Whitelaw Tooling Supplies,,,
TOLEDO UNIVERSAL POWER SAVING CUTTER,Tridon 003483 Whitelaw Tooling Supplies,,,
TOLEDO REPLACEMENT BLADE SET 2PC,Tridon 003483 Whitelaw Tooling Supplies,,,
TOLEDO STRIKE THRU PRY BAR SET 4PC,Tridon 003483 Whitelaw Tooling Supplies,,,
TOLEDO HOSE/BRAKE LINE PLIERS ANGLED 45D,Tridon 003483 Whitelaw Tooling Supplies,,,
TOLEDO HOSE/BRAKE LINE PLIERS ANGLED 90D,Tridon 003483 Whitelaw Tooling Supplies,,,
TOLEDO RATCHET WRENCH SET 4PC,Tridon 003483 Whitelaw Tooling Supplies,,,
TOLEDO SCRAPER SET 4PC NYLON,Tridon 003483 Whitelaw Tooling Supplies,,,
TOLEDO NUT CRACKER BAR 410MM 1/2IN SQ DR,Tridon 003483 Whitelaw Tooling Supplies,,,
TOLEDO FLUID QUICK LOCK TOOL SET,Tridon 003483 Whitelaw Tooling Supplies,,,
TOLEDO LIGHT DUTY COUNTERSINK 13MMX90DEG,Tridon 003483 Whitelaw Tooling Supplies,,,
TOLEDO MED DUTY COUNTERSINK 13MMX90DEG,Tridon 003483 Whitelaw Tooling Supplies,,,
TOLEDO MINI PRECISION HAMMER 45G,Tridon 003483 Whitelaw Tooling Supplies,,,
TOLEDO CENTRE PUNCH AUTOMATIC,Tridon 003483 Whitelaw Tooling Supplies,,,
TOLEDO MINI POCKET SAW 220MM,Tridon 003483 Whitelaw Tooling Supplies,,,
TOLEDO RATCHET PODGER SCAFF/QUAD SOCKET,Tridon 003483 Whitelaw Tooling Supplies,,,
TOLEDO STRIKETHRU PRY BAR BENT END 900MM,Tridon 003483 Whitelaw Tooling Supplies,,,
TOLEDO WOBBLE EXTN BAR 1/4IN 5PC POLISHD,Tridon 003483 Whitelaw Tooling Supplies,,,
TOLEDO UNI SPANNER EXTENDER 340MM,Tridon 003483 Whitelaw Tooling Supplies,,,
TOLEDO MINI HAMMER SET - MULTI HEAD 8OZ,Tridon 003483 Whitelaw Tooling Supplies,,,
TOLEDO UNI SPANNER EXTENDER 580MM,Tridon 003483 Whitelaw Tooling Supplies,,,
TOLEDO TAP & DIE W/RATCHET MASTER 75PC,Tridon 003483 Whitelaw Tooling Supplies,,,
TOLEDO HAMMER - BALL PEIN 24OZ/0.68KG,Tridon 003483 Whitelaw Tooling Supplies,,,
TOLEDO HAMMER - BALL PEIN 32OZ/0.90KG,Tridon 003483 Whitelaw Tooling Supplies,,,
TOLEDO HAMMER - BALL PEIN 16OZ/0.45KG,Tridon 003483 Whitelaw Tooling Supplies,,,
TOLEDO HAMMER - CURVED CLAW 20OZ/0.57KG,Tridon 003483 Whitelaw Tooling Supplies,,,
TOLEDO HAMMER - CLUB 2.5LB/1.14KG,Tridon 003483 Whitelaw Tooling Supplies,,,
TOLEDO DEBUR MASTER TOOL,Tridon 003483 Whitelaw Tooling Supplies,,,
TOLEDO FLEXIBLE RULE 1000MM,Tridon 003483 Whitelaw Tooling Supplies,,,
TOLEDO FLEXIBLE RULE 2000MM,Tridon 003483 Whitelaw Tooling Supplies,,,
TOLEDO RULE STOPPER - 150MM RULES,Tridon 003483 Whitelaw Tooling Supplies,,,
TOLEDO RULE STOPPER - 300MM RULES,Tridon 003483 Whitelaw Tooling Supplies,,,
TOLEDO RULE STOPPER - 600MM RULES,Tridon 003483 Whitelaw Tooling Supplies,,,
TOLEDO RULE STOPPER - 1000MM RULES,Tridon 003483 Whitelaw Tooling Supplies,,,
TOLEDO RULE STOPPER - 2000MM RULES,Tridon 003483 Whitelaw Tooling Supplies,,,
TOLEDO CRACK MEASURE 55WX90H (MM),Tridon 003483 Whitelaw Tooling Supplies,,,
TOLEDO TWIST SOCKET SET 21PC,Tridon 003483 Whitelaw Tooling Supplies,,,
TOLEDO RADIUS SCALE 0.5-7MM: 0.5MM PITCH,Tridon 003483 Whitelaw Tooling Supplies,,,
TOLEDO RADIUS SCALE 8.0-15MM: 1MM PITCH,Tridon 003483 Whitelaw Tooling Supplies,,,
TOLEDO FIRM JOINT CALIPER INSIDE 150MM,Tridon 003483 Whitelaw Tooling Supplies,,,
TOLEDO FIRM JOINT CALIPER INSIDE 200MM,Tridon 003483 Whitelaw Tooling Supplies,,,
TOLEDO FIRM JOINT CALIPER OUTSIDE 150MM,Tridon 003483 Whitelaw Tooling Supplies,,,
TOLEDO FIRM JOINT CALIPER OUTSIDE 200MM,Tridon 003483 Whitelaw Tooling Supplies,,,
TOLEDO FIRM JOINT CALIPER/SCRIBER 150MM,Tridon 003483 Whitelaw Tooling Supplies,,,
TOLEDO TAP&DIE SET HIGH SPEED STEEL 20PC,Tridon 003483 Whitelaw Tooling Supplies,,,
TOLEDO PRY BAR ROLLEDHEAD ADJUSTABLE 3PC,Tridon 003483 Whitelaw Tooling Supplies,,,
TOLEDO WIRE BRUSH 5X14 ROW WOOD HANDLE,Tridon 003483 Whitelaw Tooling Supplies,,,
TOLEDO WHEEL HUB CLEANER DIA150MM,Tridon 003483 Whitelaw Tooling Supplies,,,
TOLEDO RULE W/CRACK MEASURE,Tridon 003483 Whitelaw Tooling Supplies,,,
TOLEDO BEARING/SEAL DRIVER TOOL 9.5-50MM,Tridon 003483 Whitelaw Tooling Supplies,,,
TOLEDO BEARING/SEAL DRIVER TOOL 18-90MM,Tridon 003483 Whitelaw Tooling Supplies,,,
TOLEDO CROWFOOT WRENCH SET METRIC LARGE,Tridon 003483 Whitelaw Tooling Supplies,,,
TOLEDO BEARING/SEAL DRIVER TOOL 35-120MM,Tridon 003483 Whitelaw Tooling Supplies,,,
TOLEDO MALLET - RUBBER 16OZ/0.45KG,Tridon 003483 Whitelaw Tooling Supplies,,,
TOLEDO MALLET - RUBBER 24OZ/0.68KG,Tridon 003483 Whitelaw Tooling Supplies,,,
TOLEDO TRIM CLIP PLIERS INTERIOR 240MM,Tridon 003483 Whitelaw Tooling Supplies,,,
TOLEDO DSUB DEUTSCH 4WAY INDENT CRIMPER,Tridon 003483 Whitelaw Tooling Supplies,,,
TOLEDO DSUB DEUTSCH 4WAY INDENT CRIMPER,Tridon 003483 Whitelaw Tooling Supplies,,,
TOLEDO UNIVERSAL BEARING CUP INSTALLER,Tridon 003483 Whitelaw Tooling Supplies,,,
TOLEDO CLEANING BRUSH STEEL,Tridon 003483 Whitelaw Tooling Supplies,,,
TOLEDO CLEANING BRUSH COPPER,Tridon 003483 Whitelaw Tooling Supplies,,,
TOLEDO OIL SEAL PULLER ADJUSTABLE,Tridon 003483 Whitelaw Tooling Supplies,,,
TOLEDO AIR BLOW GUN HIGH VELOCITY,Tridon 003483 Whitelaw Tooling Supplies,,,
TOLEDO AIR BLOW GUN SAFETY H/FLOW 100MM,Tridon 003483 Whitelaw Tooling Supplies,,,
TOLEDO AIR BLOW GUN SAFETY H/FLOW 355MM,Tridon 003483 Whitelaw Tooling Supplies,,,
TOLEDO AIR BLOW GUN H/FLOW 60MM,Tridon 003483 Whitelaw Tooling Supplies,,,
TOLEDO AIR BLOW GUN H/FLOW RUB/TIP 120MM,Tridon 003483 Whitelaw Tooling Supplies,,,
TOLEDO LEATHER PUNCH PLIER,Tridon 003483 Whitelaw Tooling Supplies,,,
TOLEDO HOSE CRIMP SET ALUMINIUM 3PC,Tridon 003483 Whitelaw Tooling Supplies,,,
TOLEDO PANEL/SLAB CARRYING SET - PAIR,Tridon 003483 Whitelaw Tooling Supplies,,,
TOLEDO PITCH GAUGE MAGNETIC,Tridon 003483 Whitelaw Tooling Supplies,,,
TOLEDO SOCKET REDUCER SET IMPACT HD 6PC,Tridon 003483 Whitelaw Tooling Supplies,,,
TOLEDO PROTRACTOR 180DEG 300MM,Tridon 003483 Whitelaw Tooling Supplies,,,
TOLEDO PROTRACTOR 180DEG 600MM,Tridon 003483 Whitelaw Tooling Supplies,,,
TOLEDO PROTRACTOR 180DEG 1000MM,Tridon 003483 Whitelaw Tooling Supplies,,,
KNIPEX RELAY ADJUSTING PLIERS 135MM,Tridon 003483 Whitelaw Tooling Supplies,,,
TOLEDO SQUARE 50MM CLASS 2,Tridon 003483 Whitelaw Tooling Supplies,,,
TOLEDO SQUARE 75MM CLASS 2,Tridon 003483 Whitelaw Tooling Supplies,,,
TOLEDO SQUARE 100MM CLASS 2,Tridon 003483 Whitelaw Tooling Supplies,,,
TOLEDO SQUARE 150MM CLASS 2,Tridon 003483 Whitelaw Tooling Supplies,,,
TOLEDO SQUARE 200MM CLASS 2,Tridon 003483 Whitelaw Tooling Supplies,,,
TOLEDO SQUARE 250MM CLASS 2,Tridon 003483 Whitelaw Tooling Supplies,,,
TOLEDO SQUARE 300MM CLASS 2,Tridon 003483 Whitelaw Tooling Supplies,,,
TOLEDO HOLLOW WAD PUNCH SET,Tridon 003483 Whitelaw Tooling Supplies,,,
TOLEDO WHEEL HUB & STUD CLEANER,Tridon 003483 Whitelaw Tooling Supplies,,,
TOLEDO REPLACEMENT WHEEL HUB CLEANER PAD,Tridon 003483 Whitelaw Tooling Supplies,,,
TOLEDO HOLLOW WAD PUNCH 5MM,Tridon 003483 Whitelaw Tooling Supplies,,,
TOLEDO HOLLOW WAD PUNCH 6MM,Tridon 003483 Whitelaw Tooling Supplies,,,
TOLEDO HOLLOW WAD PUNCH 8MM,Tridon 003483 Whitelaw Tooling Supplies,,,
TOLEDO HOLLOW WAD PUNCH 9MM,Tridon 003483 Whitelaw Tooling Supplies,,,
TOLEDO HOLLOW WAD PUNCH 10MM,Tridon 003483 Whitelaw Tooling Supplies,,,
TOLEDO HOLLOW WAD PUNCH 11MM,Tridon 003483 Whitelaw Tooling Supplies,,,
TOLEDO HOLLOW WAD PUNCH 12MM,Tridon 003483 Whitelaw Tooling Supplies,,,
TOLEDO HOLLOW WAD PUNCH 13MM,Tridon 003483 Whitelaw Tooling Supplies,,,
TOLEDO HOLLOW WAD PUNCH 14MM,Tridon 003483 Whitelaw Tooling Supplies,,,
TOLEDO HOLLOW WAD PUNCH 16MM,Tridon 003483 Whitelaw Tooling Supplies,,,
TOLEDO HOLLOW WAD PUNCH 19MM,Tridon 003483 Whitelaw Tooling Supplies,,,
TOLEDO HOLLOW WAD PUNCH 20MM,Tridon 003483 Whitelaw Tooling Supplies,,,
TOLEDO HOLLOW WAD PUNCH 25MM,Tridon 003483 Whitelaw Tooling Supplies,,,
TOLEDO BREAKER BAR ADJUSTABLE LENGTH,Tridon 003483 Whitelaw Tooling Supplies,,,
TOLEDO SPARE HEAD FOR 321250,Tridon 003483 Whitelaw Tooling Supplies,,,
RENNSTEIG XCUT CHISEL W/HANDGUARD 250MM,Tridon 003483 Whitelaw Tooling Supplies,,,
TOLEDO BREAKER BAR ADJUSTABLE LENGTH,Tridon 003483 Whitelaw Tooling Supplies,,,
TOLEDO SECURITY SPRING HOOK 1KG,Tridon 003483 Whitelaw Tooling Supplies,,,
TOLEDO SECURITY SPRING HOOK 3KG,Tridon 003483 Whitelaw Tooling Supplies,,,
TOLEDO C/FOOT FLEX SOCKET WRENCHSET 12PC,Tridon 003483 Whitelaw Tooling Supplies,,,
TOLEDO HOSE CLAMP PLIERS THIN JAW,Tridon 003483 Whitelaw Tooling Supplies,,,
TOLEDO PLIER WRENCH 254MM,Tridon 003483 Whitelaw Tooling Supplies,,,
RENNSTEIG XCUT CHISEL W/HANDGUARD 300MM,Tridon 003483 Whitelaw Tooling Supplies,,,
TOLEDO POCKET KNIFE SINGLE BLADE S/S,Tridon 003483 Whitelaw Tooling Supplies,,,
TOLEDO UTILITY KNIFE 155MM,Tridon 003483 Whitelaw Tooling Supplies,,,
TOLEDO TECHNICIANS KNIFE HAWKBIL 170MM,Tridon 003483 Whitelaw Tooling Supplies,,,
TOLEDO FEELER GAUGE 25 BLADE EXTRA LONG,Tridon 003483 Whitelaw Tooling Supplies,,,
TOLEDO SEAL & O RING REMOVAL SET 4PC,Tridon 003483 Whitelaw Tooling Supplies,,,
TOLEDO OIL PAN SEPARATOR & CLEANING KIT,Tridon 003483 Whitelaw Tooling Supplies,,,
TOLEDO REPLACEMENT CLEANING PADS,Tridon 003483 Whitelaw Tooling Supplies,,,
TOLEDO CLAMPING WASHER TOOL FORD & VAG,Tridon 003483 Whitelaw Tooling Supplies,,,
TOLEDO RATCHET EXTENSION DRIVE,Tridon 003483 Whitelaw Tooling Supplies,,,
TOLEDO HOSE CLAMP PLIER LONG REACH,Tridon 003483 Whitelaw Tooling Supplies,,,
TOLEDO HOSE CLAMP PLIER LONG REACH ANGLE,Tridon 003483 Whitelaw Tooling Supplies,,,
TOLEDO HOSE CLAMP PLIERS PASS THROUGH,Tridon 003483 Whitelaw Tooling Supplies,,,
TOLEDO DSUB DEUTSCH 4WAY INDENT CRIMPER,Tridon 003483 Whitelaw Tooling Supplies,,,
TOLEDO SOFT FACE HAMMER RECOILESS,Tridon 003483 Whitelaw Tooling Supplies,,,
TOLEDO FLEXIBLE RULE 300MM,Tridon 003483 Whitelaw Tooling Supplies,,,
TOLEDO FLEXIBLE RULE 600MM,Tridon 003483 Whitelaw Tooling Supplies,,,
TOLEDO FIBREGLASS FOLDING RULE,Tridon 003483 Whitelaw Tooling Supplies,,,
TOLEDO MEASURING SET 6PC,Tridon 003483 Whitelaw Tooling Supplies,,,
TOLEDO MEASURING TAPE 5M X 33MM,Tridon 003483 Whitelaw Tooling Supplies,,,
TOLEDO HOSE CLAMP PLIERS MULTIDIRECTION,Tridon 003483 Whitelaw Tooling Supplies,,,
TOLEDO MEASURING TAPE 10M X 27MM,Tridon 003483 Whitelaw Tooling Supplies,,,
TOLEDO SCREWDRIVER T-PROOF TORX T9X100,Tridon 003483 Whitelaw Tooling Supplies,,,
TOLEDO SCREWDRIVER T-PROOF TORX T10X125,Tridon 003483 Whitelaw Tooling Supplies,,,
TOLEDO SCREWDRIVER T-PROOF TORX T15X125,Tridon 003483 Whitelaw Tooling Supplies,,,
TOLEDO SCREWDRIVER T-PROOF TORX T20X125,Tridon 003483 Whitelaw Tooling Supplies,,,
TOLEDO SCREWDRIVER T-PROOF TORX T25X125,Tridon 003483 Whitelaw Tooling Supplies,,,
TOLEDO SCREWDRIVER T-PROOF TORX T27X125,Tridon 003483 Whitelaw Tooling Supplies,,,
TOLEDO SCREWDRIVER T-PROOF TORX T30X125,Tridon 003483 Whitelaw Tooling Supplies,,,
TOLEDO SCREWDRIVER T-PROOF TORX T40X125,Tridon 003483 Whitelaw Tooling Supplies,,,
TOLEDO SCREWDRIVER POZIDRIV PZ2X150,Tridon 003483 Whitelaw Tooling Supplies,,,
TOLEDO DRILL UNIT RIGHT ANGLE 90DEG,Tridon 003483 Whitelaw Tooling Supplies,,,
TOLEDO MEASURING TAPE 2M/6FT X 13MM,Tridon 003483 Whitelaw Tooling Supplies,,,
TOLEDO CIRCULAR SAW GUIDE TOOL,Tridon 003483 Whitelaw Tooling Supplies,,,
TOLEDO SCREWDRIVER PH1 X 75MM,Tridon 003483 Whitelaw Tooling Supplies,,,
TOLEDO SCREWDRIVER PH2 X 100MM,Tridon 003483 Whitelaw Tooling Supplies,,,
TOLEDO SCREWDRIVER PH2 X 150MM,Tridon 003483 Whitelaw Tooling Supplies,,,
TOLEDO SCREWDRIVER PH2 X 200MM,Tridon 003483 Whitelaw Tooling Supplies,,,
TOLEDO SCREWDRIVER PH3 X 150MM,Tridon 003483 Whitelaw Tooling Supplies,,,
TOLEDO SCREWDRIVER SL5.5 X 75MM,Tridon 003483 Whitelaw Tooling Supplies,,,
TOLEDO SCREWDRIVER SL6.0 X 100MM,Tridon 003483 Whitelaw Tooling Supplies,,,
TOLEDO SCREWDRIVER SL6.0 X 150MM,Tridon 003483 Whitelaw Tooling Supplies,,,
TOLEDO SCREWDRIVER SL6.0 X 200MM,Tridon 003483 Whitelaw Tooling Supplies,,,
TOLEDO SCREWDRIVER SL8.0 X 150MM,Tridon 003483 Whitelaw Tooling Supplies,,,
TOLEDO SCREWDRIVER S/THRU SL5.5 X 75MM,Tridon 003483 Whitelaw Tooling Supplies,,,
TOLEDO SCREWDRIVER S/THRU SL6.0 X 100MM,Tridon 003483 Whitelaw Tooling Supplies,,,
TOLEDO SCREWDRIVER S/THRU SL6.0 X 150MM,Tridon 003483 Whitelaw Tooling Supplies,,,
TOLEDO SCREWDRIVER S/THRU PH2 X 100MM,Tridon 003483 Whitelaw Tooling Supplies,,,
TOLEDO SCREWDRIVER S/THRU PH2 X 150MM,Tridon 003483 Whitelaw Tooling Supplies,,,
TOLEDO SCREWDRIVER INSULATED PH2X100MM,Tridon 003483 Whitelaw Tooling Supplies,,,
TOLEDO SCREWDRIVER INSULATED SL5.0X100MM,Tridon 003483 Whitelaw Tooling Supplies,,,
TOLEDO SCREWDRIVER STUBBY PH2 X 30MM,Tridon 003483 Whitelaw Tooling Supplies,,,
TOLEDO SCREWDRIVER STUBBY SL6.0 X 30MM,Tridon 003483 Whitelaw Tooling Supplies,,,
TOLEDO SCREWDRIVER MASTER SET 12PC,Tridon 003483 Whitelaw Tooling Supplies,,,
TOLEDO SCREWDRIVER SET 8PC,Tridon 003483 Whitelaw Tooling Supplies,,,
TOLEDO SCREWDRIVER SET 7 PC,Tridon 003483 Whitelaw Tooling Supplies,,,
TOLEDO SCREWDRIVER SET-STRIKE THRU 7PC,Tridon 003483 Whitelaw Tooling Supplies,,,
TOLEDO SCREWDRIVER SET-STRIKE THRU 5PC,Tridon 003483 Whitelaw Tooling Supplies,,,
TOLEDO SCREWDRIVER SET T-PROOF TORX 9PC,Tridon 003483 Whitelaw Tooling Supplies,,,
TOLEDO SCREWDRIVER SET -INSULATED 2PC,Tridon 003483 Whitelaw Tooling Supplies,,,
TOLEDO GEARLESS DRIVER STUBBY DUAL END,Tridon 003483 Whitelaw Tooling Supplies,,,
TOLEDO POCKET SCREWDRIVER FLAT BLADE,Tridon 003483 Whitelaw Tooling Supplies,,,
TOLEDO ERGO LINE SCREWDRIVER SET 6PC,Tridon 003483 Whitelaw Tooling Supplies,,,
TOLEDO STRIKE LINE SCREWDRIVER SET 2PC,Tridon 003483 Whitelaw Tooling Supplies,,,
TOLEDO TAMPERPROOF TORX DRIVER SET 5PC,Tridon 003483 Whitelaw Tooling Supplies,,,
TOLEDO CRACK MEASURE GAUGE CLEAR,Tridon 003483 Whitelaw Tooling Supplies,,,
TOLEDO FLUSH END RULE S/STEEL 150MM,Tridon 003483 Whitelaw Tooling Supplies,,,
TOLEDO FLUSH END RULE S/STEEL 300MM,Tridon 003483 Whitelaw Tooling Supplies,,,
TOLEDO SAFETY SLOGGING WRENCH HANDLE,Tridon 003483 Whitelaw Tooling Supplies,,,
TOLEDO CUTTING RULE ALUMIN W/HNDL 500MM,Tridon 003483 Whitelaw Tooling Supplies,,,
TOLEDO CUTTING RULE ALUMIN W/HNDL 600MM,Tridon 003483 Whitelaw Tooling Supplies,,,
TOLEDO CUTTING RULE ALUMIN W/HNDL 800MM,Tridon 003483 Whitelaw Tooling Supplies,,,
TOLEDO CUTTING RULE ALUMIN W/HNDL 1000MM,Tridon 003483 Whitelaw Tooling Supplies,,,
TOLEDO CUTTING RULE ALUMIN W/HNDL 1200MM,Tridon 003483 Whitelaw Tooling Supplies,,,
TOLEDO TORPEDO LEVEL MAGNETIC 250MM,Tridon 003483 Whitelaw Tooling Supplies,,,
TOLEDO PIPE LEVEL SET 5 PC,Tridon 003483 Whitelaw Tooling Supplies,,,
TOLEDO EXACTA-POST FOLDING LEVEL MAGNTC,Tridon 003483 Whitelaw Tooling Supplies,,,
TOLEDO MINI LEVEL MAGNETIC 100MM,Tridon 003483 Whitelaw Tooling Supplies,,,
TOLEDO MINI CROSS LEVEL MAGNETIC,Tridon 003483 Whitelaw Tooling Supplies,,,
TOLEDO RAFTER SQUARE 7IN/175MM,Tridon 003483 Whitelaw Tooling Supplies,,,
TOLEDO T-BEVEL W/LEVEL,Tridon 003483 Whitelaw Tooling Supplies,,,
TOLEDO MEASURING TAPE LONG STEEL 30M,Tridon 003483 Whitelaw Tooling Supplies,,,
TOLEDO SLIDING BEVEL 8IN 200MM,Tridon 003483 Whitelaw Tooling Supplies,,,
TOLEDO SLIDING BEVEL 10IN 250MM,Tridon 003483 Whitelaw Tooling Supplies,,,
TOLEDO BOX LEVEL MAGNETIC DIGITAL 600MM,Tridon 003483 Whitelaw Tooling Supplies,,,
TOLEDO BOX LEVEL MAGNETIC DIGITAL 1200MM,Tridon 003483 Whitelaw Tooling Supplies,,,
TOLEDO DIGITAL LASER MEASURER 70M,Tridon 003483 Whitelaw Tooling Supplies,,,
TOLEDO CROSS LASER DIGITAL W/TRIPOD,Tridon 003483 Whitelaw Tooling Supplies,,,
TOLEDO CROSS LASER DETECTOR - OUTDOOR,Tridon 003483 Whitelaw Tooling Supplies,,,
TOLEDO BOX LEVEL MAGNETIC 600MM,Tridon 003483 Whitelaw Tooling Supplies,,,
TOLEDO BOX LEVEL MAGNETIC 900MM,Tridon 003483 Whitelaw Tooling Supplies,,,
TOLEDO DIAL INDICATOR ANALOGUE 0.01X10MM,Tridon 003483 Whitelaw Tooling Supplies,,,
TOLEDO DIAL INDICATOR ANALOGUE 0.001X1MM,Tridon 003483 Whitelaw Tooling Supplies,,,
TOLEDO DIAL INDICATOR ANALOGUE 0.001X1IN,Tridon 003483 Whitelaw Tooling Supplies,,,
TOLEDO DIALTEST INDICATOR 0.01X0.8MM,Tridon 003483 Whitelaw Tooling Supplies,,,
TOLEDO DIALTEST INDICATOR 0.001X0.14MM,Tridon 003483 Whitelaw Tooling Supplies,,,
TOLEDO THICKNESS GAUGE 0.01X10MM,Tridon 003483 Whitelaw Tooling Supplies,,,
TOLEDO THICKNESS GAUGE LARGE 0.01X10MM,Tridon 003483 Whitelaw Tooling Supplies,,,
TOLEDO MAGNETIC BASE 80KGF,Tridon 003483 Whitelaw Tooling Supplies,,,
KNIPEX RELAY ADJUSTING PLIERS 135MM,Tridon 003483 Whitelaw Tooling Supplies,,,
TOLEDO BOX LEVEL MAGNETIC 1200MM,Tridon 003483 Whitelaw Tooling Supplies,,,
TOLEDO BOX LEVEL MAGNETIC 1800MM,Tridon 003483 Whitelaw Tooling Supplies,,,
TOLEDO VERNIER CALIPER 150MM,Tridon 003483 Whitelaw Tooling Supplies,,,
TOLEDO MICROMETER ANALOGUE 0-25MM,Tridon 003483 Whitelaw Tooling Supplies,,,
TOLEDO MICROMETER ANALOGUE 25-50MM,Tridon 003483 Whitelaw Tooling Supplies,,,
TOLEDO COMBINATION SQUARE SET 300MM,Tridon 003483 Whitelaw Tooling Supplies,,,
TOLEDO T-SQUARE 900MM,Tridon 003483 Whitelaw Tooling Supplies,,,
TOLEDO LONG TAPE FIBREGLASS 50M,Tridon 003483 Whitelaw Tooling Supplies,,,
TOLEDO BOX LEVEL MAGNETIC 2400MM,Tridon 003483 Whitelaw Tooling Supplies,,,
TOLEDO VERN/CALIPER BT DIGITAL 150MM,Tridon 003483 Whitelaw Tooling Supplies,,,
TOLEDO MICROMETER BT DIGITAL 0-30MM,Tridon 003483 Whitelaw Tooling Supplies,,,
TOLEDO D/INDICATOR BT DIGI 0.001X12.5MM,Tridon 003483 Whitelaw Tooling Supplies,,,
TOLEDO D/INDICATOR BT DIGI 0.0001X12.5MM,Tridon 003483 Whitelaw Tooling Supplies,,,
TOLEDO B/TOOTH SOFTWARE BASIC,Tridon 003483 Whitelaw Tooling Supplies,,,
TOLEDO B/TOOTH SOFTWARE FULL VERSION,Tridon 003483 Whitelaw Tooling Supplies,,,
TOLEDO BLUETOOTH DIAL INDICATOR LUG BACK,Tridon 003483 Whitelaw Tooling Supplies,,,
TOLEDO LEVEL BULLS EYE 42MM,Tridon 003483 Whitelaw Tooling Supplies,,,
TOLEDO CARPENTER/FRAMING SQUARE 600X400,Tridon 003483 Whitelaw Tooling Supplies,,,
TOLEDO LEVEL LINE 20M & 2PC LEVELS,Tridon 003483 Whitelaw Tooling Supplies,,,
TOLEDO MEASURING WHEEL10KM,Tridon 003483 Whitelaw Tooling Supplies,,,
TOLEDO VERNIER CALIPER DIGITAL USB 150MM,Tridon 003483 Whitelaw Tooling Supplies,,,
TOLEDO CYLINDER HEAD STRAIGHT EDGE 610MM,Tridon 003483 Whitelaw Tooling Supplies,,,
KNIPEX RELAY ADJUSTING PLIERS BENT 135MM,Tridon 003483 Whitelaw Tooling Supplies,,,
SYKES SONOSCOPE,Tridon 003483 Whitelaw Tooling Supplies,,,
SYKES BATTERY CHARGER & MAINS LEAD,Tridon 003483 Whitelaw Tooling Supplies,,,
SYKES HIGH TEMP EXHAUST PROBE AND HOSE,Tridon 003483 Whitelaw Tooling Supplies,,,
TOLEDO INSIDE CALIPER 100MM,Tridon 003483 Whitelaw Tooling Supplies,,,
KNIPEX DUCKBILL PLIER 160MM,Tridon 003483 Whitelaw Tooling Supplies,,,
RENNSTEIG POINTED CHISEL,Tridon 003483 Whitelaw Tooling Supplies,,,
RENNSTEIG POINTED CHISEL 200MM,Tridon 003483 Whitelaw Tooling Supplies,,,
RENNSTEIG POINTED CHISEL,Tridon 003483 Whitelaw Tooling Supplies,,,
RENNSTEIG POINTED CHISEL 250MM,Tridon 003483 Whitelaw Tooling Supplies,,,
RENNSTEIG POINTED CHISEL,Tridon 003483 Whitelaw Tooling Supplies,,,
RENNSTEIG POINTED CHISEL 300MM,Tridon 003483 Whitelaw Tooling Supplies,,,
KNIPEX DUCK BILL PLIER 160MM (AF),Tridon 003483 Whitelaw Tooling Supplies,,,
RENNSTEIG POINTED CHISEL,Tridon 003483 Whitelaw Tooling Supplies,,,
RENNSTEIG POINTED CHISEL,Tridon 003483 Whitelaw Tooling Supplies,,,
RENNSTEIG POINTED CHISEL 400MM,Tridon 003483 Whitelaw Tooling Supplies,,,
TOLEDO OUTSIDE CALIPER 100MM,Tridon 003483 Whitelaw Tooling Supplies,,,
SYKES COOLING SYSTEM TESTER HGV,Tridon 003483 Whitelaw Tooling Supplies,,,
SYKES SYSTEM ADAPTOR - PEUGOT 205D/305D,Tridon 003483 Whitelaw Tooling Supplies,,,
SYKES SYSTEM ADAPTOR,Tridon 003483 Whitelaw Tooling Supplies,,,
SYKES SYSTEM ADAPTOR - MAZDA 323,Tridon 003483 Whitelaw Tooling Supplies,,,
SYKES SYSTEM ADAPTOR - PEUGOT 205 GTI,Tridon 003483 Whitelaw Tooling Supplies,,,
SYKES SYSTEM ADAPTOR - TOYOTA,Tridon 003483 Whitelaw Tooling Supplies,,,
SYKES SYSTEM ADAPTOR - MINI COOPER S,Tridon 003483 Whitelaw Tooling Supplies,,,
SYKES SYSTEM ADAPT.-MERC. SPRINTER/VIANO,Tridon 003483 Whitelaw Tooling Supplies,,,
SYKES SYSTEM ADAPT.-BMW 5SERIES/6 SERIES,Tridon 003483 Whitelaw Tooling Supplies,,,
SYKES SYSTEM ADAPT.-MAZDA3/VOLVO C30/S40,Tridon 003483 Whitelaw Tooling Supplies,,,
SYKES SYSTEM ADAPTOR - GM ARENA,Tridon 003483 Whitelaw Tooling Supplies,,,
SYKES SYSTEM ADAPT.-FORD C MAX/S MAX/GAL,Tridon 003483 Whitelaw Tooling Supplies,,,
SYKES 315 SERIES COOL. SYS TESTER-MASTER,Tridon 003483 Whitelaw Tooling Supplies,,,
SYKES 316 SERIES JAP COOLING SYS. TESTER,Tridon 003483 Whitelaw Tooling Supplies,,,
SYKES 317 BASIC SYS. TESTING (3 PIECE),Tridon 003483 Whitelaw Tooling Supplies,,,
"SYKES TESTER BODY, VALVE & GAUGE ASSY.",Tridon 003483 Whitelaw Tooling Supplies,,,
SYKES REPLACEMENT REACTION FLUID - STD,Tridon 003483 Whitelaw Tooling Supplies,,,
SYKES REPLACE. REACTION FLUID-SENSITIVE,Tridon 003483 Whitelaw Tooling Supplies,,,
SYKES BRAKE FLUID TESTER,Tridon 003483 Whitelaw Tooling Supplies,,,
RENNSTEIG MASONS CHISEL,Tridon 003483 Whitelaw Tooling Supplies,,,
RENNSTEIG MASONS CHISEL 200 X 26MM,Tridon 003483 Whitelaw Tooling Supplies,,,
RENNSTEIG MASONS CHISEL,Tridon 003483 Whitelaw Tooling Supplies,,,
RENNSTEIG MASONS CHISEL 250 X 26MM,Tridon 003483 Whitelaw Tooling Supplies,,,
RENNSTEIG MASONS CHISEL,Tridon 003483 Whitelaw Tooling Supplies,,,
RENNSTEIG MASONS CHISEL 300 X 29MM,Tridon 003483 Whitelaw Tooling Supplies,,,
SYKES ELECTRONIC THERMOMETER/TEMP.PROBE,Tridon 003483 Whitelaw Tooling Supplies,,,
RENNSTEIG MASONS CHISEL,Tridon 003483 Whitelaw Tooling Supplies,,,
RENNSTEIG MASONS CHISEL,Tridon 003483 Whitelaw Tooling Supplies,,,
RENNSTEIG MASONS CHISEL FLAT 400X29MM,Tridon 003483 Whitelaw Tooling Supplies,,,
KNIPEX PRECISION ELECT PLIER 135MM (AF),Tridon 003483 Whitelaw Tooling Supplies,,,
KNIPEX PREC ELECTRONICS ESD PLIER 135MM,Tridon 003483 Whitelaw Tooling Supplies,,,
KNIPEX PREC ELECT ESD PLIER 135MM (AF),Tridon 003483 Whitelaw Tooling Supplies,,,
KNIPEX ELECTRONICS PRECISION PLIER 130MM,Tridon 003483 Whitelaw Tooling Supplies,,,
KNIPEX PREC ELECT ESD PLIER 135MM (AF),Tridon 003483 Whitelaw Tooling Supplies,,,
KNIPEX PRECISON ELECT PLIER 130MM (AF),Tridon 003483 Whitelaw Tooling Supplies,,,
KNIPEX PREC ELECT ESD PLIER 130MM (AF),Tridon 003483 Whitelaw Tooling Supplies,,,
KNIPEX PRECISON ELECT PLIER 130MM (AF),Tridon 003483 Whitelaw Tooling Supplies,,,
KNIPEX PREC ELECT ESD PLIER 130MM (AF),Tridon 003483 Whitelaw Tooling Supplies,,,
RENNSTEIG MASONS CHISEL,Tridon 003483 Whitelaw Tooling Supplies,,,
RENNSTEIG MASONS CHISEL 300 X 26MM,Tridon 003483 Whitelaw Tooling Supplies,,,
RENNSTEIG MASONS CHISEL,Tridon 003483 Whitelaw Tooling Supplies,,,
RENNSTEIG MASONS CHISEL 300 X 26MM,Tridon 003483 Whitelaw Tooling Supplies,,,
KNIPEX ELECTRONICS PLIER 115MM,Tridon 003483 Whitelaw Tooling Supplies,,,
KNIPEX ELECTRONICS PLIERS (AF),Tridon 003483 Whitelaw Tooling Supplies,,,
KNIPEX ELECTRONICS PLIER ESD 115MM,Tridon 003483 Whitelaw Tooling Supplies,,,
KNIPEX ELECTRONICS PLIER 115MM (AF),Tridon 003483 Whitelaw Tooling Supplies,,,
KNIPEX ELECTRONICS PLIER 115MM,Tridon 003483 Whitelaw Tooling Supplies,,,
KNIPEX ELECTRONICS PLIER ESD 115MM,Tridon 003483 Whitelaw Tooling Supplies,,,
KNIPEX ELECTRONICS PLIERS 115MM,Tridon 003483 Whitelaw Tooling Supplies,,,
KNIPEX ELECTRONICS PLIER 115MM,Tridon 003483 Whitelaw Tooling Supplies,,,
KNIPEX ELECTRONICS ESD PLIER 115MM (AF),Tridon 003483 Whitelaw Tooling Supplies,,,
KNIPEX ELECTRONICS PLIER 115MM,Tridon 003483 Whitelaw Tooling Supplies,,,
KNIPEX PLIERS FOR ELECTR ENGINEERS (AF),Tridon 003483 Whitelaw Tooling Supplies,,,
KNIPEX RELAY ADJUSTING PLIERS 115MM (AF),Tridon 003483 Whitelaw Tooling Supplies,,,
KNIPEX ELECTRONICS PLIER BENT 115MM,Tridon 003483 Whitelaw Tooling Supplies,,,
KNIPEX ELECTRONIC PLIERS 145MM (AF),Tridon 003483 Whitelaw Tooling Supplies,,,
KNIPEX ELECTRONICS PLIERS ESD (AF),Tridon 003483 Whitelaw Tooling Supplies,,,
KNIPEX ELECTRONICS PLIERS ESD (AF),Tridon 003483 Whitelaw Tooling Supplies,,,
KNIPEX ELECTRONICS PLIER 145MM,Tridon 003483 Whitelaw Tooling Supplies,,,
KNIPEX RELAY ADJUSTING PLIERS 115MM (AF),Tridon 003483 Whitelaw Tooling Supplies,,,
KNIPEX ELECTRONICS PLIERS ESD (AF),Tridon 003483 Whitelaw Tooling Supplies,,,
KNIPEX ELECTRONICS PLIER BENT 145MM,Tridon 003483 Whitelaw Tooling Supplies,,,
KNIPEX SP SPRING FOR ELECTR. PLIER 2X-AF,Tridon 003483 Whitelaw Tooling Supplies,,,
RENNSTEIG ELECTRICIANS CHISEL,Tridon 003483 Whitelaw Tooling Supplies,,,
RENNSTEIG ELECTRICIAN CHISEL 200 X 10MM,Tridon 003483 Whitelaw Tooling Supplies,,,
RENNSTEIG ELECTRICIANS CHISEL,Tridon 003483 Whitelaw Tooling Supplies,,,
RENNSTEIG ELECTRICIANS CHISEL,Tridon 003483 Whitelaw Tooling Supplies,,,
RENNSTEIG ELECTRICIANS CHISEL 200 X 12MM,Tridon 003483 Whitelaw Tooling Supplies,,,
KNIPEX ELECTRONICS MOUNT PLIER 130MM,Tridon 003483 Whitelaw Tooling Supplies,,,
RENNSTEIG ELECTRICIANS CHISEL,Tridon 003483 Whitelaw Tooling Supplies,,,
RENNSTEIG ELECTRICIANS CHISEL 250 X 12MM,Tridon 003483 Whitelaw Tooling Supplies,,,
RENNSTEIG ELECTRICAN POINT CHISEL 250MM,Tridon 003483 Whitelaw Tooling Supplies,,,
RENNSTEIG ELECTRICIAN POINT CHISEL 250MM,Tridon 003483 Whitelaw Tooling Supplies,,,
RENNSTEIG ELECTRICIAN CHISEL,Tridon 003483 Whitelaw Tooling Supplies,,,
RENNSTEIG ELECTRICIAN CHISEL 300 X 12MM,Tridon 003483 Whitelaw Tooling Supplies,,,
RENNSTEIG ELECTRICIAN POINT CHISEL 300MM,Tridon 003483 Whitelaw Tooling Supplies,,,
RENNSTEIG ELECTRICIAN POINT CHISEL 300MM,Tridon 003483 Whitelaw Tooling Supplies,,,
KNIPEX ELECTRONIC PLIERS 125MM (AF),Tridon 003483 Whitelaw Tooling Supplies,,,
RENNSTEIG ELECTRICIANS CHISEL,Tridon 003483 Whitelaw Tooling Supplies,,,
KNIPEX ELECTRONIC PLIERS 125MM (AF),Tridon 003483 Whitelaw Tooling Supplies,,,
TOLEDO HAIRDRESSER SCISSORS,Tridon 003483 Whitelaw Tooling Supplies,,,
KNIPEX ELECTRONICS MOUNT PLIER 125MM,Tridon 003483 Whitelaw Tooling Supplies,,,
RENNSTEIG ELECTRICIAN SLITTING CHISEL,Tridon 003483 Whitelaw Tooling Supplies,,,
RENNSTEIG ELECTRICIAN SLITTING CHISEL,Tridon 003483 Whitelaw Tooling Supplies,,,
RENNSTEIG ELEC CHISEL W/HANDGUARD 250MM,Tridon 003483 Whitelaw Tooling Supplies,,,
KNIPEX PLIER F.ELECTRONIC ENG 125MM (AF),Tridon 003483 Whitelaw Tooling Supplies,,,
KNIPEX ELEC ENGINEERS PLIER (AF),Tridon 003483 Whitelaw Tooling Supplies,,,
KNIPEX PLIER F.ELECTRONIC ENG 125MM (AF),Tridon 003483 Whitelaw Tooling Supplies,,,
KNIPEX ELEC ENGINEERS PLIER (AF),Tridon 003483 Whitelaw Tooling Supplies,,,
KNIPEX PLIERS F.ELECTRONIC ENG. 125MM,Tridon 003483 Whitelaw Tooling Supplies,,,
KNIPEX PLIERS F.ELECTRONIC ENG. (AF),Tridon 003483 Whitelaw Tooling Supplies,,,
KNIPEX PLIER F.ELECTRONIC ENG 125MM (AF),Tridon 003483 Whitelaw Tooling Supplies,,,
KNIPEX ELEC ENGINEERS PLIER (AF),Tridon 003483 Whitelaw Tooling Supplies,,,
RENNSTEIG SLITTING CHISEL,Tridon 003483 Whitelaw Tooling Supplies,,,
RENNSTEIG SLITTING CHISEL 240 X 26MM,Tridon 003483 Whitelaw Tooling Supplies,,,
RENNSTEIG SLITTING CHISEL BENT 240X26MM,Tridon 003483 Whitelaw Tooling Supplies,,,
KNIPEX LONG NOSE PLIER 200MM,Tridon 003483 Whitelaw Tooling Supplies,,,
RENNSTEIG SLIT CHISEL W/HANDGUARD 240MM,Tridon 003483 Whitelaw Tooling Supplies,,,
RENNSTEIG SLIT CHISEL W/HANDGUARD 240MM,Tridon 003483 Whitelaw Tooling Supplies,,,
KNIPEX MECHANICS PLIERS 200MM (AF),Tridon 003483 Whitelaw Tooling Supplies,,,
KNIPEX MECHANICIANS PLIERS 200MM,Tridon 003483 Whitelaw Tooling Supplies,,,
KNIPEX MECHANICIANS PLIER 200MM (AF),Tridon 003483 Whitelaw Tooling Supplies,,,
KNIPEX MECHANICS PLIERS 200MM,Tridon 003483 Whitelaw Tooling Supplies,,,
KNIPEX MECHANICIANS PLIER 200MM (AF),Tridon 003483 Whitelaw Tooling Supplies,,,
KNIPEX MECHANICS PLIERS 190MM,Tridon 003483 Whitelaw Tooling Supplies,,,
KNIPEX MECHANICIANS PLIER 190MM (AF),Tridon 003483 Whitelaw Tooling Supplies,,,
SYKES UPPER BRACKET SET,Tridon 003483 Whitelaw Tooling Supplies,,,
RENNSTEIG JOINTING CHISEL,Tridon 003483 Whitelaw Tooling Supplies,,,
RENNSTEIG JOINTING CHISEL,Tridon 003483 Whitelaw Tooling Supplies,,,
RENNSTEIG JOINTING CHISEL 250 X 60MM,Tridon 003483 Whitelaw Tooling Supplies,,,
RENNSTEIG JOINTING CHISEL 250MM,Tridon 003483 Whitelaw Tooling Supplies,,,
RENNSTEIG JOINTING CHISEL 250 X 70MM,Tridon 003483 Whitelaw Tooling Supplies,,,
RENNSTEIG JOINTING CHISEL 250 X 80MM,Tridon 003483 Whitelaw Tooling Supplies,,,
RENNSTEIG JOINTING CHISEL 250 X 80MM,Tridon 003483 Whitelaw Tooling Supplies,,,
RENNSTEIG JOINTING CHSL W/HANDGUARD 50MM,Tridon 003483 Whitelaw Tooling Supplies,,,
RENNSTEIG JOINTING CHSL W/HANDGUARD 60MM,Tridon 003483 Whitelaw Tooling Supplies,,,
RENNSTEIG JOINTING CHSL W/HANDGUARD 70MM,Tridon 003483 Whitelaw Tooling Supplies,,,
RENNSTEIG JOINTING CHSL W/HANDGUARD 80MM,Tridon 003483 Whitelaw Tooling Supplies,,,
KNIPEX MECHANICS PLIER 70 DEGREE 200MM,Tridon 003483 Whitelaw Tooling Supplies,,,
SYKES COIL SPRING COMPRESSOR WORKSTATION,Tridon 003483 Whitelaw Tooling Supplies,,,
KNIPEX SPARK PLUG SOCKET PLIER 200MM,Tridon 003483 Whitelaw Tooling Supplies,,,
KNIPEX SPARK PLUG SOCKET PL 200MM (AF),Tridon 003483 Whitelaw Tooling Supplies,,,
RENNSTEIG GROOVING CHISEL 150 X 2MM,Tridon 003483 Whitelaw Tooling Supplies,,,
RENNSTEIG GROOVING CHISEL 150 X 2MM,Tridon 003483 Whitelaw Tooling Supplies,,,
RENNSTEIG GROOVING CHISEL 150 X 3MM,Tridon 003483 Whitelaw Tooling Supplies,,,
RENNSTEIG GROOVING CHISEL 150 X 3MM,Tridon 003483 Whitelaw Tooling Supplies,,,
RENNSTEIG GROOVING CHISEL 150 X 4MM,Tridon 003483 Whitelaw Tooling Supplies,,,
RENNSTEIG GROOVING CHISEL 150 X 4MM,Tridon 003483 Whitelaw Tooling Supplies,,,
RENNSTEIG GROOVING CHISEL 150 X 5MM,Tridon 003483 Whitelaw Tooling Supplies,,,
RENNSTEIG GROOVING CHISEL 150 X 5MM,Tridon 003483 Whitelaw Tooling Supplies,,,
RENNSTEIG GROOVING CHISEL 150 X 6MM,Tridon 003483 Whitelaw Tooling Supplies,,,
RENNSTEIG GROOVING CHISEL 150 X 6MM,Tridon 003483 Whitelaw Tooling Supplies,,,
RENNSTEIG PARTING CHISEL 125 X 2MM,Tridon 003483 Whitelaw Tooling Supplies,,,
RENNSTEIG PARTING CHISEL 125 X 2MM,Tridon 003483 Whitelaw Tooling Supplies,,,
RENNSTEIG PARTING CHISEL 125 X 3MM,Tridon 003483 Whitelaw Tooling Supplies,,,
RENNSTEIG PARTING CHISEL 125 X 3MM,Tridon 003483 Whitelaw Tooling Supplies,,,
RENNSTEIG PARTING CHISEL 150 X 4MM,Tridon 003483 Whitelaw Tooling Supplies,,,
RENNSTEIG PARTING CHISEL 150 X 4MM,Tridon 003483 Whitelaw Tooling Supplies,,,
RENNSTEIG PARTING CHISEL 150 X 5MM,Tridon 003483 Whitelaw Tooling Supplies,,,
RENNSTEIG PARTING CHISEL 150 X 5MM,Tridon 003483 Whitelaw Tooling Supplies,,,
RENNSTEIG HAND PROTECTING GRIP,Tridon 003483 Whitelaw Tooling Supplies,,,
RENNSTEIG HAND PROTECTING GRIP,Tridon 003483 Whitelaw Tooling Supplies,,,
RENNSTEIG HAND GRIP FOR PUNCHES,Tridon 003483 Whitelaw Tooling Supplies,,,
RENNSTEIG TWO COMPONENT W/HAND GRIP,Tridon 003483 Whitelaw Tooling Supplies,,,
RENNSTEIG ROTARY HAMMER CHISEL,Tridon 003483 Whitelaw Tooling Supplies,,,
RENNSTEIG ROTARY HAMMER CHISEL,Tridon 003483 Whitelaw Tooling Supplies,,,
KNIPEX UNIVERSAL GRIP PLIERS 180MM (AF),Tridon 003483 Whitelaw Tooling Supplies,,,
KNIPEX UNIVERSAL GRIP PLIERS 250MM (AF),Tridon 003483 Whitelaw Tooling Supplies,,,
RENNSTEIG ROTARY HAMMER CHISEL,Tridon 003483 Whitelaw Tooling Supplies,,,
RENNSTEIG ROTARY HAMMER CHISEL,Tridon 003483 Whitelaw Tooling Supplies,,,
RENNSTEIG ROTARY HAMMER CHISEL,Tridon 003483 Whitelaw Tooling Supplies,,,
KNIPEX UNIVERSAL GRIP PLIER 250MM (AF),Tridon 003483 Whitelaw Tooling Supplies,,,
RENNSTEIG ROTARY HAMMER CHISEL,Tridon 003483 Whitelaw Tooling Supplies,,,
RENNSTEIG ROTARY HAMMER CHISEL,Tridon 003483 Whitelaw Tooling Supplies,,,
RENNSTEIG ROTARY HAMMER CHISEL,Tridon 003483 Whitelaw Tooling Supplies,,,
KNIPEX GRIP PLIERS 180MM,Tridon 003483 Whitelaw Tooling Supplies,,,
KNIPEX GRIP PLIERS 250MM,Tridon 003483 Whitelaw Tooling Supplies,,,
KNIPEX UNIVERSAL GRIP PLIERS 300MM,Tridon 003483 Whitelaw Tooling Supplies,,,
KNIPEX GRIP PLIERS W/ DOUBLE PRISM 250MM,Tridon 003483 Whitelaw Tooling Supplies,,,
KNIPEX UNIVERSAL GRIP PLIERS 225MM (AF),Tridon 003483 Whitelaw Tooling Supplies,,,
KNIPEX GRIP PLIERS LONG NOSE 165MM,Tridon 003483 Whitelaw Tooling Supplies,,,
RENNSTEIG SDS PLUS CHISEL SET OF 3,Tridon 003483 Whitelaw Tooling Supplies,,,
KNIPEX LONG NOSE GRIP PLIER 200MM (AF),Tridon 003483 Whitelaw Tooling Supplies,,,
RENNSTEIG SDS PLUS FLOOR CHISEL 250MM,Tridon 003483 Whitelaw Tooling Supplies,,,
RENNSTEIG FLOOR CHISEL 30 DEG ANGLE,Tridon 003483 Whitelaw Tooling Supplies,,,
RENNSTEIG TOOL SET IN STORAGE CASE 6 PC,Tridon 003483 Whitelaw Tooling Supplies,,,
RENNSTEIG METAL CASE TOOL SET 6PC,Tridon 003483 Whitelaw Tooling Supplies,,,
RENNSTEIG TOOL SET WITH HAND GUARD 5PC,Tridon 003483 Whitelaw Tooling Supplies,,,
KNIPEX WELDING GRIPS 280MM,Tridon 003483 Whitelaw Tooling Supplies,,,
KNIPEX WELDING GRIP PLIER 280MM,Tridon 003483 Whitelaw Tooling Supplies,,,
RENNSTEIG SET OF TAPER PUNCHES,Tridon 003483 Whitelaw Tooling Supplies,,,
RENNSTEIG TAPER PUNCH SET W/ CASE 6PC,Tridon 003483 Whitelaw Tooling Supplies,,,
RENNSTEIG TAPER PUNCH ST W HND GUARD 5PC,Tridon 003483 Whitelaw Tooling Supplies,,,
KNIPEX WELDING GRIP PLIER 280MM (AF),Tridon 003483 Whitelaw Tooling Supplies,,,
RENNSTEIG PARALLEL PIN PUN SET W/CASE 6P,Tridon 003483 Whitelaw Tooling Supplies,,,
RENNSTEIG PIN PUNCH SET W HAND GUARD 5PC,Tridon 003483 Whitelaw Tooling Supplies,,,
RENNSTEIG XXL PIN PUNCH SET 5PC,Tridon 003483 Whitelaw Tooling Supplies,,,
RENNSTEIG PARALLEL PIN PUNCH SET,Tridon 003483 Whitelaw Tooling Supplies,,,
RENNSTEIG METALWORKING PUNCH SET 17PC,Tridon 003483 Whitelaw Tooling Supplies,,,
RENNSTEIG METAL CHISEL MERCHANDISER,Tridon 003483 Whitelaw Tooling Supplies,,,
RENNSTEIG CENTRE PUNCH,Tridon 003483 Whitelaw Tooling Supplies,,,
RENNSTEIG CENTRE PUNCH 100 X 3MM,Tridon 003483 Whitelaw Tooling Supplies,,,
RENNSTEIG CENTRE PUNCH 120 X 4MM,Tridon 003483 Whitelaw Tooling Supplies,,,
RENNSTEIG CENTRE PUNCH W/GRIP,Tridon 003483 Whitelaw Tooling Supplies,,,
RENNSTEIG CENTRE PUNCH W/HANDGUARD 4MM,Tridon 003483 Whitelaw Tooling Supplies,,,
RENNSTEIG ADJ TRANSFER PUNCH 95MM,Tridon 003483 Whitelaw Tooling Supplies,,,
RENNSTEIG SPARE PIN FOR 430140,Tridon 003483 Whitelaw Tooling Supplies,,,
RENNSTEIG ADJ TRANSFER PUNCH 105MM,Tridon 003483 Whitelaw Tooling Supplies,,,
RENNSTEIG SPARE PIN FOR 430141,Tridon 003483 Whitelaw Tooling Supplies,,,
RENNSTEIG ADJ TRANSFER PUNCH 115MM,Tridon 003483 Whitelaw Tooling Supplies,,,
RENNSTEIG SPARE PIN FOR 430142,Tridon 003483 Whitelaw Tooling Supplies,,,
RENNSTEIG ADJ TRANSFER PUNCH SET 3PC,Tridon 003483 Whitelaw Tooling Supplies,,,
RENNSTEIG AUTO CENTRE PUNCH W/GRIP 95MM,Tridon 003483 Whitelaw Tooling Supplies,,,
RENNSTEIG AUTO CENTRE PUNCH W/GRIP 125MM,Tridon 003483 Whitelaw Tooling Supplies,,,
RENNSTEIG AUTO CENTRE PUNCH W/GRIP 130MM,Tridon 003483 Whitelaw Tooling Supplies,,,
RENNSTEIG CENTRE PUNCH,Tridon 003483 Whitelaw Tooling Supplies,,,
RENNSTEIG CENTRE PUNCH 120 X 5MM,Tridon 003483 Whitelaw Tooling Supplies,,,
RENNSTEIG CENTRE PUNCH W/GRIP,Tridon 003483 Whitelaw Tooling Supplies,,,
RENNSTEIG CENTRE PUNCH W/HANDGUARD 5MM,Tridon 003483 Whitelaw Tooling Supplies,,,
RENNSTEIG CENTRE PUNCH,Tridon 003483 Whitelaw Tooling Supplies,,,
RENNSTEIG CENTRE PUNCH 120 X 5MM,Tridon 003483 Whitelaw Tooling Supplies,,,
RENNSTEIG CENTRE PUNCH CARBIDE TIP 4MM,Tridon 003483 Whitelaw Tooling Supplies,,,
RENNSTEIG CENTRE PUNCH,Tridon 003483 Whitelaw Tooling Supplies,,,
RENNSTEIG CENTRE PUNCH 150 X 6MM,Tridon 003483 Whitelaw Tooling Supplies,,,
RENNSTEIG CENTRE PUNCH,Tridon 003483 Whitelaw Tooling Supplies,,,
RENNSTEIG CENTRE PUNCH 150 X 6MM,Tridon 003483 Whitelaw Tooling Supplies,,,
RENNSTEIG SPARE PIN FOR 430150,Tridon 003483 Whitelaw Tooling Supplies,,,
RENNSTEIG TAPER PUNCH,Tridon 003483 Whitelaw Tooling Supplies,,,
RENNSTEIG TAPER PUNCH 120 X 2MM,Tridon 003483 Whitelaw Tooling Supplies,,,
RENNSTEIG TAPER PUNCH W/GRIP,Tridon 003483 Whitelaw Tooling Supplies,,,
RENNSTEIG TAPER PUNCH,Tridon 003483 Whitelaw Tooling Supplies,,,
RENNSTEIG TAPER PUNCH 120 X 3MM,Tridon 003483 Whitelaw Tooling Supplies,,,
RENNSTEIG TAPER PUNCH,Tridon 003483 Whitelaw Tooling Supplies,,,
RENNSTEIG TAPER PUNCH 120 X 4MM,Tridon 003483 Whitelaw Tooling Supplies,,,
RENNSTEIG TAPER PUNCH W/GRIP,Tridon 003483 Whitelaw Tooling Supplies,,,
RENNSTEIG TAPER PUNCH,Tridon 003483 Whitelaw Tooling Supplies,,,
RENNSTEIG TAPER PUNCH 120 X 5MM,Tridon 003483 Whitelaw Tooling Supplies,,,
RENNSTEIG TAPER PUNCH,Tridon 003483 Whitelaw Tooling Supplies,,,
RENNSTEIG TAPER PUNCH 120 X 6MM,Tridon 003483 Whitelaw Tooling Supplies,,,
RENNSTEIG TAPER PUNCH W/GRIP,Tridon 003483 Whitelaw Tooling Supplies,,,
RENNSTEIG TAPER PUNCH,Tridon 003483 Whitelaw Tooling Supplies,,,
RENNSTEIG TAPER PUNCH 120 X 8MM,Tridon 003483 Whitelaw Tooling Supplies,,,
RENNSTEIG TAPER PUNCH W/HANDGUARD 2MM,Tridon 003483 Whitelaw Tooling Supplies,,,
RENNSTEIG TAPER PUNCH W/HANDGUARD 3MM,Tridon 003483 Whitelaw Tooling Supplies,,,
RENNSTEIG TAPER PUNCH W/HANDGUARD 4MM,Tridon 003483 Whitelaw Tooling Supplies,,,
RENNSTEIG TAPER PUNCH W/HANDGUARD 5MM,Tridon 003483 Whitelaw Tooling Supplies,,,
RENNSTEIG TAPER PUNCH W/HANDGUARD 6MM,Tridon 003483 Whitelaw Tooling Supplies,,,
RENNSTEIG TAPER PUNCH W/HANDGUARD 8MM,Tridon 003483 Whitelaw Tooling Supplies,,,
KNIPEX INTERNAL CIRCLIP PLIER 570MM,Tridon 003483 Whitelaw Tooling Supplies,,,
KNIPEX INTERNAL CIRCLIP PLIER 580MM,Tridon 003483 Whitelaw Tooling Supplies,,,
KNIPEX INTERNAL CIRCLIP PLIER 140MM,Tridon 003483 Whitelaw Tooling Supplies,,,
KNIPEX INTERNAL CIRCLIP PLIER 140MM,Tridon 003483 Whitelaw Tooling Supplies,,,
KNIPEX INTERNAL CIRCLIP PLIER 180MM,Tridon 003483 Whitelaw Tooling Supplies,,,
KNIPEX INTERNAL CIRCLIP PLIER 225MM,Tridon 003483 Whitelaw Tooling Supplies,,,
KNIPEX INTERNAL CIRCLIP PLIER 320MM,Tridon 003483 Whitelaw Tooling Supplies,,,
KNIPEX INTERNAL CIRCLIP PLIER 140MM (AF),Tridon 003483 Whitelaw Tooling Supplies,,,
KNIPEX INTERNAL CIRCLIP PLIER 140MM (AF),Tridon 003483 Whitelaw Tooling Supplies,,,
KNIPEX INTERNAL CIRCLIP PLIER 180MM (AF),Tridon 003483 Whitelaw Tooling Supplies,,,
KNIPEX INTERNAL CIRCLIP PLIER 225MM (AF),Tridon 003483 Whitelaw Tooling Supplies,,,
KNIPEX INTERNAL CIRCLIP PLIER 320MM (AF),Tridon 003483 Whitelaw Tooling Supplies,,,
KNIPEX SPARE TIPS FOR 4410J5 PLIER,Tridon 003483 Whitelaw Tooling Supplies,,,
KNIPEX SPARE TIPS FOR 4410J6 PLIER,Tridon 003483 Whitelaw Tooling Supplies,,,
KNIPEX INTERNAL CIRCLIP PLIER BENT 590MM,Tridon 003483 Whitelaw Tooling Supplies,,,
KNIPEX INTERNAL CIRCLIP PLIER BENT 600MM,Tridon 003483 Whitelaw Tooling Supplies,,,
KNIPEX INTERNAL CIRCLIP PLIER BENT 130MM,Tridon 003483 Whitelaw Tooling Supplies,,,
KNIPEX INTERNAL CIRCLIP PLIER BENT 130MM,Tridon 003483 Whitelaw Tooling Supplies,,,
KNIPEX INTERNAL CIRCLIP PLIER BENT 170MM,Tridon 003483 Whitelaw Tooling Supplies,,,
KNIPEX INTERNAL CIRCLIP PLIER BENT 215MM,Tridon 003483 Whitelaw Tooling Supplies,,,
KNIPEX INTERNAL CIRCLIP PLIER BENT 300MM,Tridon 003483 Whitelaw Tooling Supplies,,,
KNIPEX INT CIRCLIP PLIER BENT 130MM (AF),Tridon 003483 Whitelaw Tooling Supplies,,,
KNIPEX INT CIRCLIP PLIER BENT 170MM (AF),Tridon 003483 Whitelaw Tooling Supplies,,,
KNIPEX INT CIRCLIP PLIER BENT 215MM (AF),Tridon 003483 Whitelaw Tooling Supplies,,,
KNIPEX SPARE TIPS FOR 4420J51 PLIER,Tridon 003483 Whitelaw Tooling Supplies,,,
KNIPEX SPARE TIPS FOR 4420J61 PLIER,Tridon 003483 Whitelaw Tooling Supplies,,,
KNIPEX INTERNAL CIRCLIP 45 DEG 140MM,Tridon 003483 Whitelaw Tooling Supplies,,,
KNIPEX INTERNAL CIRCLIP 45 DEG 140MM,Tridon 003483 Whitelaw Tooling Supplies,,,
KNIPEX INTERNAL CIRCLIP 45 DEG 180MM,Tridon 003483 Whitelaw Tooling Supplies,,,
KNIPEX INTERNAL CIRCLIP 45 DEG 225MM,Tridon 003483 Whitelaw Tooling Supplies,,,
KNIPEX INTERNAL CIRCLIP 45 DEG 310MM,Tridon 003483 Whitelaw Tooling Supplies,,,
RENNSTEIG RIVET SETTER SET 5PC,Tridon 003483 Whitelaw Tooling Supplies,,,
RENNSTEIG RIVET HEADER SET 5PC,Tridon 003483 Whitelaw Tooling Supplies,,,
RENNSTEIG ASSEMBLY PLUG,Tridon 003483 Whitelaw Tooling Supplies,,,
RENNSTEIG ASSEMBLY PLUG,Tridon 003483 Whitelaw Tooling Supplies,,,
RENNSTEIG TRIM & CLIP REMOVER,Tridon 003483 Whitelaw Tooling Supplies,,,
RENNSTEIG MOUNTING TOOL 500 X 5MM,Tridon 003483 Whitelaw Tooling Supplies,,,
RENNSTEIG PARALLEL PIN PUNCH,Tridon 003483 Whitelaw Tooling Supplies,,,
RENNSTEIG PARALLEL PIN PUNCH 150 X 2MM,Tridon 003483 Whitelaw Tooling Supplies,,,
RENNSTEIG PARALLEL PIN PUNCH W/GRIP,Tridon 003483 Whitelaw Tooling Supplies,,,
RENNSTEIG PARALLEL PIN PUNCH,Tridon 003483 Whitelaw Tooling Supplies,,,
RENNSTEIG PARALLEL PIN PUNCH 150 X 3MM,Tridon 003483 Whitelaw Tooling Supplies,,,
RENNSTEIG PARALLEL PIN PUNCH W/GRIP,Tridon 003483 Whitelaw Tooling Supplies,,,
RENNSTEIG PARALLEL PIN PUNCH,Tridon 003483 Whitelaw Tooling Supplies,,,
RENNSTEIG PARALLEL PIN PUNCH 150 X 4MM,Tridon 003483 Whitelaw Tooling Supplies,,,
RENNSTEIG PARALLEL PIN PUNCH,Tridon 003483 Whitelaw Tooling Supplies,,,
RENNSTEIG PARALLEL PIN PUNCH 150 X 5MM,Tridon 003483 Whitelaw Tooling Supplies,,,
RENNSTEIG PARALLEL PIN PUNCH W/GRIP,Tridon 003483 Whitelaw Tooling Supplies,,,
RENNSTEIG PARALLEL PIN PUNCH,Tridon 003483 Whitelaw Tooling Supplies,,,
RENNSTEIG PARALLEL PIN PUNCH 150 X 6MM,Tridon 003483 Whitelaw Tooling Supplies,,,
RENNSTEIG PARALLEL PIN PUNCH W/GRIP,Tridon 003483 Whitelaw Tooling Supplies,,,
RENNSTEIG PARALLEL PIN PUNCH 150 X 7MM,Tridon 003483 Whitelaw Tooling Supplies,,,
RENNSTEIG PARALLEL PIN PUNCH,Tridon 003483 Whitelaw Tooling Supplies,,,
RENNSTEIG PARALLEL PIN PUNCH 150 X 8MM,Tridon 003483 Whitelaw Tooling Supplies,,,
RENNSTEIG PARALLEL PIN PUNCH 9MM,Tridon 003483 Whitelaw Tooling Supplies,,,
RENNSTEIG PARALLEL PIN PUNCH  150 X 9MM,Tridon 003483 Whitelaw Tooling Supplies,,,
RENNSTEIG PARALLEL PIN PUNCH,Tridon 003483 Whitelaw Tooling Supplies,,,
RENNSTEIG PARALLEL PIN PUNCH 150 X 10MM,Tridon 003483 Whitelaw Tooling Supplies,,,
RENNSTEIG PARALLEL PIN PUNCH 2.5MM,Tridon 003483 Whitelaw Tooling Supplies,,,
RENNSTEIG PARALLEL PIN PUNCH 150 X 2.5MM,Tridon 003483 Whitelaw Tooling Supplies,,,
RENNSTEIG PARALLEL PIN PUNCH 2.5MM,Tridon 003483 Whitelaw Tooling Supplies,,,
RENNSTEIG PARALLEL PIN PUNCH 3.5MM,Tridon 003483 Whitelaw Tooling Supplies,,,
RENNSTEIG PARALLEL PIN PUNCH 150 X 3.5MM,Tridon 003483 Whitelaw Tooling Supplies,,,
RENNSTEIG PARALLEL PIN PUNCH 4.5MM,Tridon 003483 Whitelaw Tooling Supplies,,,
RENNSTEIG PARALLEL PIN PUNCH 150 X 4.5MM,Tridon 003483 Whitelaw Tooling Supplies,,,
RENNSTEIG PIN PUNCH W/HANDGUARD 2MM,Tridon 003483 Whitelaw Tooling Supplies,,,
RENNSTEIG PIN PUNCH W/HANDGUARD 3MM,Tridon 003483 Whitelaw Tooling Supplies,,,
RENNSTEIG PIN PUNCH W/HANDGUARD 4MM,Tridon 003483 Whitelaw Tooling Supplies,,,
RENNSTEIG PIN PUNCH W/HANDGUARD 5MM,Tridon 003483 Whitelaw Tooling Supplies,,,
RENNSTEIG PIN PUNCH W/HANDGUARD 6MM,Tridon 003483 Whitelaw Tooling Supplies,,,
RENNSTEIG PIN PUNCH W/HANDGUARD 8MM,Tridon 003483 Whitelaw Tooling Supplies,,,
RENNSTEIG PARALLEL PIN PUNCH 12MM,Tridon 003483 Whitelaw Tooling Supplies,,,
RENNSTEIG PARALLEL PIN PUNCH 150 X 12MM,Tridon 003483 Whitelaw Tooling Supplies,,,
KNIPEX RETAINING RING PLIER 170MM,Tridon 003483 Whitelaw Tooling Supplies,,,
RENNSTEIG PARALLEL PIN PUNCH 4 X 175MM,Tridon 003483 Whitelaw Tooling Supplies,,,
RENNSTEIG PARALLEL PIN PUNCH 4 X 175MM,Tridon 003483 Whitelaw Tooling Supplies,,,
RENNSTEIG PARALLEL PIN PUNCH 5 X 175MM,Tridon 003483 Whitelaw Tooling Supplies,,,
RENNSTEIG PARALLEL PIN PUNCH 5 X 175MM,Tridon 003483 Whitelaw Tooling Supplies,,,
RENNSTEIG PARALLEL PIN PUNCH 6 X 175MM,Tridon 003483 Whitelaw Tooling Supplies,,,
RENNSTEIG PARALLEL PIN PUNCH 6 X 175MM,Tridon 003483 Whitelaw Tooling Supplies,,,
RENNSTEIG PARALLEL PIN PUNCH 8 X 175MM,Tridon 003483 Whitelaw Tooling Supplies,,,
RENNSTEIG PARALLEL PIN PUNCH 8 X 175MM,Tridon 003483 Whitelaw Tooling Supplies,,,
RENNSTEIG PARALLEL PIN PUNCH 10 X 175MM,Tridon 003483 Whitelaw Tooling Supplies,,,
RENNSTEIG PARALLEL PIN PUNCH 10 X 175MM,Tridon 003483 Whitelaw Tooling Supplies,,,
KNIPEX RETAINING RING PLIERS 170MM,Tridon 003483 Whitelaw Tooling Supplies,,,
RENNSTEIG PARALLEL PIN PUNCH XXL 8MM,Tridon 003483 Whitelaw Tooling Supplies,,,
RENNSTEIG PARALLEL PIN PUNCH XXL 10MM,Tridon 003483 Whitelaw Tooling Supplies,,,
RENNSTEIG PARALLEL PIN PUNCH XXL 12MM,Tridon 003483 Whitelaw Tooling Supplies,,,
RENNSTEIG PARALLEL PIN PUNCH XXL 14MM,Tridon 003483 Whitelaw Tooling Supplies,,,
RENNSTEIG PARALLEL PIN PUNCH XXL 16MM,Tridon 003483 Whitelaw Tooling Supplies,,,
KNIPEX RETAINING RING PLIER 200MM,Tridon 003483 Whitelaw Tooling Supplies,,,
RENNSTEIG IMPACT NAIL PUNCH 170 X 4.3MM,Tridon 003483 Whitelaw Tooling Supplies,,,
RENNSTEIG IMPACT NAIL PUNCH 170 X 6.3MM,Tridon 003483 Whitelaw Tooling Supplies,,,
RENNSTEIG PARALLEL PIN PUNCH 80 X 0.9MM,Tridon 003483 Whitelaw Tooling Supplies,,,
RENNSTEIG PARALLEL PIN PUNCH 84 X 1.4MM,Tridon 003483 Whitelaw Tooling Supplies,,,
RENNSTEIG PARALLEL PIN PUNCH 88 X 1.8MM,Tridon 003483 Whitelaw Tooling Supplies,,,
RENNSTEIG PARALLEL PIN PUNCH 92 X 2.4MM,Tridon 003483 Whitelaw Tooling Supplies,,,
RENNSTEIG PARALLEL PIN PUNCH 96 X 2.8MM,Tridon 003483 Whitelaw Tooling Supplies,,,
RENNSTEIG PARALLEL PIN PUNCH 98 X 3.4MM,Tridon 003483 Whitelaw Tooling Supplies,,,
RENNSTEIG PARALLEL PIN PUNCH 100 X 3.9MM,Tridon 003483 Whitelaw Tooling Supplies,,,
RENNSTEIG PARALLEL PIN PUNCH 102 X 5.9MM,Tridon 003483 Whitelaw Tooling Supplies,,,
RENNSTEIG PARALLEL PIN PUNCH SET 8 PCE,Tridon 003483 Whitelaw Tooling Supplies,,,
RENNSTEIG BEARING SCRAPER,Tridon 003483 Whitelaw Tooling Supplies,,,
RENNSTEIG BEARING SCRAPER,Tridon 003483 Whitelaw Tooling Supplies,,,
KNIPEX XL CIRCLIP TOOL,Tridon 003483 Whitelaw Tooling Supplies,,,
KNIPEX EXTERNAL CIRCLIP PLIER 560MM,Tridon 003483 Whitelaw Tooling Supplies,,,
KNIPEX EXTERNAL CIRCLIP PLIER 570MM,Tridon 003483 Whitelaw Tooling Supplies,,,
KNIPEX EXTERNAL CIRCLIP PLIER 140MM,Tridon 003483 Whitelaw Tooling Supplies,,,
KNIPEX EXTERNAL CIRCLIP PLIER 140MM,Tridon 003483 Whitelaw Tooling Supplies,,,
KNIPEX EXTERNAL CIRCLIP PLIER 180MM,Tridon 003483 Whitelaw Tooling Supplies,,,
KNIPEX EXTERNAL CIRCLIP PLIER 210MM,Tridon 003483 Whitelaw Tooling Supplies,,,
KNIPEX EXTERNAL CIRCLIP PLIER 320MM,Tridon 003483 Whitelaw Tooling Supplies,,,
KNIPEX GRIP RETAINING RING PLIERS (AF),Tridon 003483 Whitelaw Tooling Supplies,,,
KNIPEX CIRCLIP PLIER FOR GRIP RING,Tridon 003483 Whitelaw Tooling Supplies,,,
KNIPEX CIRCLIP PLIERS FOR GRIP RINGS,Tridon 003483 Whitelaw Tooling Supplies,,,
KNIPEX GRIP RETAINING RING PLIERS,Tridon 003483 Whitelaw Tooling Supplies,,,
KNIPEX GRIP RETAINING RING PLIERS,Tridon 003483 Whitelaw Tooling Supplies,,,
RENNSTEIG BEARING SCRAPER,Tridon 003483 Whitelaw Tooling Supplies,,,
KNIPEX EXTERNAL CIRCLIP PLIER 140MM (AF),Tridon 003483 Whitelaw Tooling Supplies,,,
KNIPEX EXTERNAL CIRCLIP PLIER 140MM (AF),Tridon 003483 Whitelaw Tooling Supplies,,,
KNIPEX EXTERNAL CIRCLIP PLIER 180MM (AF),Tridon 003483 Whitelaw Tooling Supplies,,,
KNIPEX EXTERNAL CIRCLIP PLIER 210MM (AF),Tridon 003483 Whitelaw Tooling Supplies,,,
KNIPEX REPLACEMENT TIPS FOR 4610100 (AF),Tridon 003483 Whitelaw Tooling Supplies,,,
KNIPEX REPLACEMENT TIPS FOR 4610100 (AF),Tridon 003483 Whitelaw Tooling Supplies,,,
KNIPEX SPARE TIPS FOR 4610A5 PLIER,Tridon 003483 Whitelaw Tooling Supplies,,,
KNIPEX SPARE TIPS FOR 4610A6 PLIER,Tridon 003483 Whitelaw Tooling Supplies,,,
KNIPEX EXTERNAL CIRCLIP PLIER BENT 570MM,Tridon 003483 Whitelaw Tooling Supplies,,,
KNIPEX EXTERNAL CIRCLIP PLIER BENT 580MM,Tridon 003483 Whitelaw Tooling Supplies,,,
KNIPEX EXTERNAL CIRCLIP PLIER BENT 125MM,Tridon 003483 Whitelaw Tooling Supplies,,,
KNIPEX EXTERNAL CIRCLIP PLIER BENT 125MM,Tridon 003483 Whitelaw Tooling Supplies,,,
KNIPEX EXTERNAL CIRCLIP PLIER BENT 170MM,Tridon 003483 Whitelaw Tooling Supplies,,,
KNIPEX EXTERNAL CIRCLIP PLIER BENT 200MM,Tridon 003483 Whitelaw Tooling Supplies,,,
KNIPEX EXTERNAL CIRCLIP PLIER BENT 300MM,Tridon 003483 Whitelaw Tooling Supplies,,,
RENNSTEIG BEARING SCRAPER,Tridon 003483 Whitelaw Tooling Supplies,,,
KNIPEX EXT CIRCLIP PLIER BENT 125MM (AF),Tridon 003483 Whitelaw Tooling Supplies,,,
KNIPEX EXT CIRCLIP PLIER BENT 125MM (AF),Tridon 003483 Whitelaw Tooling Supplies,,,
KNIPEX EXT CIRCLIP PLIER BENT 170MM (AF),Tridon 003483 Whitelaw Tooling Supplies,,,
KNIPEX EXT CIRCLIP PLIER BENT 200MM (AF),Tridon 003483 Whitelaw Tooling Supplies,,,
KNIPEX SPARE TIPS FOR A51 PLIER,Tridon 003483 Whitelaw Tooling Supplies,,,
KNIPEX SPARE TIPS FOR A61 PLIER,Tridon 003483 Whitelaw Tooling Supplies,,,
KNIPEX EXTERNAL CIRCLIP 45 DEG 130MM,Tridon 003483 Whitelaw Tooling Supplies,,,
KNIPEX EXTERNAL CIRCLIP 45 DEG 130MM,Tridon 003483 Whitelaw Tooling Supplies,,,
KNIPEX EXTERNAL CIRCLIP 45 DEG 185MM,Tridon 003483 Whitelaw Tooling Supplies,,,
KNIPEX EXTERNAL CIRCLIP 45 DEG 210MM,Tridon 003483 Whitelaw Tooling Supplies,,,
KNIPEX EXTERNAL CIRCLIP 45 DEG 310MM,Tridon 003483 Whitelaw Tooling Supplies,,,
RENNSTEIG BEARING SCRAPER,Tridon 003483 Whitelaw Tooling Supplies,,,
RENNSTEIG SEAL SCRAPER 260 X 25MM,Tridon 003483 Whitelaw Tooling Supplies,,,
RENNSTEIG 465020 REPLACEMENT TIP 20X5MM,Tridon 003483 Whitelaw Tooling Supplies,,,
RENNSTEIG CARBIDE FLAT SCRAPER 450X25MM,Tridon 003483 Whitelaw Tooling Supplies,,,
RENNSTEIG 465025 REPLACEMENT TIP 25X5MM,Tridon 003483 Whitelaw Tooling Supplies,,,
RENNSTEIG CARBIDE FLAT SCRAPER 450X30MM,Tridon 003483 Whitelaw Tooling Supplies,,,
RENNSTEIG 465030 REPLACEMENT TIP 30X5MM,Tridon 003483 Whitelaw Tooling Supplies,,,
RENNSTEIG PRECISION SCRAPER 145MM,Tridon 003483 Whitelaw Tooling Supplies,,,
RENNSTEIG EASY OUT SCREW EXTRAC SIZE 1,Tridon 003483 Whitelaw Tooling Supplies,,,
RENNSTEIG EASY OUT SCREW EXTRAC SIZE 2,Tridon 003483 Whitelaw Tooling Supplies,,,
RENNSTEIG EASY OUT SCREW EXTRAC SIZE 3,Tridon 003483 Whitelaw Tooling Supplies,,,
RENNSTEIG EASY OUT SCREW EXTRAC SIZE 4,Tridon 003483 Whitelaw Tooling Supplies,,,
RENNSTEIG EASY OUT SCREW EXTRAC SIZE 5,Tridon 003483 Whitelaw Tooling Supplies,,,
RENNSTEIG EASY OUT SCREW EXTRAC SIZE 6,Tridon 003483 Whitelaw Tooling Supplies,,,
RENNSTEIG EASY OUT SCREW EXTRAC SIZE 7,Tridon 003483 Whitelaw Tooling Supplies,,,
RENNSTEIG EASY OUT SCREW EXTRAC SIZE 8,Tridon 003483 Whitelaw Tooling Supplies,,,
RENNSTEIG SCREW EXTRACTOR SET 5PC,Tridon 003483 Whitelaw Tooling Supplies,,,
RENNSTEIG SCREW EXTRACTOR SET 6 PIECE,Tridon 003483 Whitelaw Tooling Supplies,,,
RENNSTEIG SCREW EXTRACTER SET 8PC,Tridon 003483 Whitelaw Tooling Supplies,,,
RENNSTEIG SCREW EXTRACTOR SET 3 PIECE,Tridon 003483 Whitelaw Tooling Supplies,,,
RENNSTEIG DUAL EDGED SCREW EXTRAC SIZE 1,Tridon 003483 Whitelaw Tooling Supplies,,,
RENNSTEIG DUAL EDGED SCREW EXTRAC SIZE 2,Tridon 003483 Whitelaw Tooling Supplies,,,
RENNSTEIG DUAL EDGED SCREW EXTRAC SIZE 3,Tridon 003483 Whitelaw Tooling Supplies,,,
RENNSTEIG DUAL EDGED SCREW EXTRAC SIZE 4,Tridon 003483 Whitelaw Tooling Supplies,,,
RENNSTEIG DUAL EDGED SCREW EXTRAC SIZE 5,Tridon 003483 Whitelaw Tooling Supplies,,,
RENNSTEIG DUAL EDGED SCREW EXTRAC SIZE 6,Tridon 003483 Whitelaw Tooling Supplies,,,
RENNSTEIG DUAL EDGED SCREW EXTRAC SIZE 7,Tridon 003483 Whitelaw Tooling Supplies,,,
RENNSTEIG WRECKING BAR,Tridon 003483 Whitelaw Tooling Supplies,,,
RENNSTEIG SCREW EXTRACTOR SET 5PC,Tridon 003483 Whitelaw Tooling Supplies,,,
RENNSTEIG DUAL EDGE SCREW EXTRAC SET 3PC,Tridon 003483 Whitelaw Tooling Supplies,,,
RENNSTEIG SCREW EXTRACTOR SET DUAL EDGE,Tridon 003483 Whitelaw Tooling Supplies,,,
RENNSTEIG DUAL EDGE SCREW EXTR SET 5 PC,Tridon 003483 Whitelaw Tooling Supplies,,,
KNIPEX PRECISION INTERNAL CIRCLIP 140MM,Tridon 003483 Whitelaw Tooling Supplies,,,
KNIPEX PRECISION INTERNAL CIRCLIP 140MM,Tridon 003483 Whitelaw Tooling Supplies,,,
KNIPEX PRECISION INTERNAL CIRCLIP 180MM,Tridon 003483 Whitelaw Tooling Supplies,,,
KNIPEX PRECISION INTERNAL CIRCLIP 225MM,Tridon 003483 Whitelaw Tooling Supplies,,,
KNIPEX PRECISION INTERNAL CIRCLIP 320MM,Tridon 003483 Whitelaw Tooling Supplies,,,
KNIPEX PRECISION INT CIRCLIP BENT 130MM,Tridon 003483 Whitelaw Tooling Supplies,,,
KNIPEX PRECISION INT CIRCLIP BENT 130MM,Tridon 003483 Whitelaw Tooling Supplies,,,
KNIPEX PRECISION INT CIRCLIP BENT 165MM,Tridon 003483 Whitelaw Tooling Supplies,,,
KNIPEX PRECISION INT CIRCLIP BENT 210MM,Tridon 003483 Whitelaw Tooling Supplies,,,
KNIPEX PRECISION INT CIRCLIP BENT 305MM,Tridon 003483 Whitelaw Tooling Supplies,,,
KNIPEX PREC INT CIRCLIP PLIER 140MM (AF),Tridon 003483 Whitelaw Tooling Supplies,,,
KNIPEX CIRCLIP PLIERS 180MM (AF),Tridon 003483 Whitelaw Tooling Supplies,,,
KNIPEX CIRCLIP PLIERS 180MM (AF),Tridon 003483 Whitelaw Tooling Supplies,,,
KNIPEX CIRCLIP PLIERS (AF),Tridon 003483 Whitelaw Tooling Supplies,,,
KNIPEX PREC INT CIRCLIP PL BENT 130MM-AF,Tridon 003483 Whitelaw Tooling Supplies,,,
KNIPEX PREC INT CIRCLIP PL BENT 130MM-AF,Tridon 003483 Whitelaw Tooling Supplies,,,
KNIPEX PREC INT CIRCLIP PL BENT 165MM-AF,Tridon 003483 Whitelaw Tooling Supplies,,,
KNIPEX PREC INT CIRCLIP PL BENT 210MM-AF,Tridon 003483 Whitelaw Tooling Supplies,,,
KNIPEX PRECISION EXT CIRCLIP 140MM,Tridon 003483 Whitelaw Tooling Supplies,,,
KNIPEX PRECISION EXT CIRCLIP 140MM,Tridon 003483 Whitelaw Tooling Supplies,,,
KNIPEX PRECISION EXT CIRCLIP 180MM,Tridon 003483 Whitelaw Tooling Supplies,,,
KNIPEX PRECISION EXT CIRCLIP 225MM,Tridon 003483 Whitelaw Tooling Supplies,,,
KNIPEX PRECISION EXT CIRCLIP 320MM,Tridon 003483 Whitelaw Tooling Supplies,,,
KNIPEX PRECISION EXT CIRCLIP BENT 130MM,Tridon 003483 Whitelaw Tooling Supplies,,,
KNIPEX PRECISION EXT CIRCLIP BENT 130MM,Tridon 003483 Whitelaw Tooling Supplies,,,
KNIPEX PRECISION EXT CIRCLIP BENT 165MM,Tridon 003483 Whitelaw Tooling Supplies,,,
KNIPEX PRECISION EXT CIRCLIP BENT 210MM,Tridon 003483 Whitelaw Tooling Supplies,,,
KNIPEX PRECISION EXT CIRCLIP BENT 305MM,Tridon 003483 Whitelaw Tooling Supplies,,,
KNIPEX CIRCLIP PLIERS 140MM (AF),Tridon 003483 Whitelaw Tooling Supplies,,,
KNIPEX CIRCLIP PLIERS 140MM (AF),Tridon 003483 Whitelaw Tooling Supplies,,,
KNIPEX CIRCLIP PLIERS 180MM (AF),Tridon 003483 Whitelaw Tooling Supplies,,,
KNIPEX PRECISION EXT CIRCLIP 225M (AF),Tridon 003483 Whitelaw Tooling Supplies,,,
KNIPEX CIRCLIP PLIERS 130MM (AF),Tridon 003483 Whitelaw Tooling Supplies,,,
KNIPEX PREC EXT CIRCLIP PL BENT 130MM-AF,Tridon 003483 Whitelaw Tooling Supplies,,,
KNIPEX PREC EXT CIRCLIP PL BENT 165MM-AF,Tridon 003483 Whitelaw Tooling Supplies,,,
KNIPEX PREC EXT CIRCLIP PL BENT 210MM-AF,Tridon 003483 Whitelaw Tooling Supplies,,,
KNIPEX CARPENTERS PINCER 160MM (AF),Tridon 003483 Whitelaw Tooling Supplies,,,
KNIPEX CARPENTERS PINCER 180MM (AF),Tridon 003483 Whitelaw Tooling Supplies,,,
KNIPEX CARPENTERS PINCER 210MM (AF),Tridon 003483 Whitelaw Tooling Supplies,,,
KNIPEX CARPENTERS PINCER 225MM (AF),Tridon 003483 Whitelaw Tooling Supplies,,,
KNIPEX CARPENTERS PINCER 250MM (AF),Tridon 003483 Whitelaw Tooling Supplies,,,
KNIPEX CARPENTERS PINCER 160MM,Tridon 003483 Whitelaw Tooling Supplies,,,
KNIPEX CARPENTERS PINCER 180MM,Tridon 003483 Whitelaw Tooling Supplies,,,
KNIPEX CARPENTERS PINCER 210MM,Tridon 003483 Whitelaw Tooling Supplies,,,
KNIPEX CARPENTERS PINCER 225MM,Tridon 003483 Whitelaw Tooling Supplies,,,
KNIPEX CARPENTERS PINCER 250MM,Tridon 003483 Whitelaw Tooling Supplies,,,
MATSON CARBON PILE LOAD TESTER 500AMP,Tridon 003483 Whitelaw Tooling Supplies,,,
TOLEDO SPRING DIVIDER 100MM,Tridon 003483 Whitelaw Tooling Supplies,,,
TOLEDO SPRING DIVIDER 150MM,Tridon 003483 Whitelaw Tooling Supplies,,,
TOLEDO SPRING DIVIDER 200MM,Tridon 003483 Whitelaw Tooling Supplies,,,
TOLEDO SPRING DIVIDER 250MM,Tridon 003483 Whitelaw Tooling Supplies,,,
TOLEDO SPRING DIVIDER 300MM,Tridon 003483 Whitelaw Tooling Supplies,,,
MATSON DIGITAL BATTERY LOAD TESTER,Tridon 003483 Whitelaw Tooling Supplies,,,
KNIPEX CARPENTERS PINCER 210MM,Tridon 003483 Whitelaw Tooling Supplies,,,
TOLEDO INSIDE CALIPER 100MM,Tridon 003483 Whitelaw Tooling Supplies,,,
TOLEDO INSIDE CALIPER 150MM,Tridon 003483 Whitelaw Tooling Supplies,,,
TOLEDO INSIDE CALIPER 200MM,Tridon 003483 Whitelaw Tooling Supplies,,,
TOLEDO INSIDE CALIPER 250MM,Tridon 003483 Whitelaw Tooling Supplies,,,
TOLEDO INSIDE CALIPER 300MM,Tridon 003483 Whitelaw Tooling Supplies,,,
TOLEDO OUTSIDE CALIPER 100MM,Tridon 003483 Whitelaw Tooling Supplies,,,
TOLEDO OUTSIDE CALIPER 150MM,Tridon 003483 Whitelaw Tooling Supplies,,,
TOLEDO OUTSIDE CALIPER 200MM,Tridon 003483 Whitelaw Tooling Supplies,,,
TOLEDO OUTSIDE CALIPER 250MM,Tridon 003483 Whitelaw Tooling Supplies,,,
TOLEDO OUTSIDE CALIPER 300MM,Tridon 003483 Whitelaw Tooling Supplies,,,
SYKES HAND HELD UTILITY TOOLBOX,Tridon 003483 Whitelaw Tooling Supplies,,,
RENNSTEIG ROTARY HAMMER CHISEL,Tridon 003483 Whitelaw Tooling Supplies,,,
RENNSTEIG ROTARY HAMMER CHISEL,Tridon 003483 Whitelaw Tooling Supplies,,,
RENNSTEIG ROTARY HAMMER CHISEL,Tridon 003483 Whitelaw Tooling Supplies,,,
KNIPEX FARRIERS PINCERS 300MM UNCARDED,Tridon 003483 Whitelaw Tooling Supplies,,,
TOLEDO OUTSIDE CALIPER 100MM,Tridon 003483 Whitelaw Tooling Supplies,,,
TOLEDO OUTSIDE CALIPER 150MM,Tridon 003483 Whitelaw Tooling Supplies,,,
KNIPEX POTTERS PINCER 225MM,Tridon 003483 Whitelaw Tooling Supplies,,,
TOLEDO S/STEEL RULE 600MM/24IN,Tridon 003483 Whitelaw Tooling Supplies,,,
TOLEDO FOLDING S/STEEL RULE,Tridon 003483 Whitelaw Tooling Supplies,,,
TOLEDO S/STEEL RULE 600MM,Tridon 003483 Whitelaw Tooling Supplies,,,
RENNSTEIG FERRULE CRIMPING PLIER 150MM,Tridon 003483 Whitelaw Tooling Supplies,,,
RENNSTEIG CRIMPING PLIERS PEW 8.87,Tridon 003483 Whitelaw Tooling Supplies,,,
RENNSTEIG CRIMPING PLIERS PEW 8.88,Tridon 003483 Whitelaw Tooling Supplies,,,
KNIPEX BOLT END CUTTING NIPPER 200mm,Tridon 003483 Whitelaw Tooling Supplies,,,
RENNSTEIG CRIMPING PLIERS PEW 8.185,Tridon 003483 Whitelaw Tooling Supplies,,,
RENNSTEIG CRIMPING PLIERS PEW 8.185,Tridon 003483 Whitelaw Tooling Supplies,,,
RENNSTEIG CRIMPING PLIERS PEW 8.186,Tridon 003483 Whitelaw Tooling Supplies,,,
RENNSTEIG CRIMPING PLIERS PEW 8.186,Tridon 003483 Whitelaw Tooling Supplies,,,
RENNSTEIG CRIMPING PLIERS PEW 8.190,Tridon 003483 Whitelaw Tooling Supplies,,,
KNIPEX BOLT END CUTTING NIPPER 200MM-AF,Tridon 003483 Whitelaw Tooling Supplies,,,
KNIPEX AVIATION END CUTTING NIPPER 200MM,Tridon 003483 Whitelaw Tooling Supplies,,,
RENNSTEIG ASSORTMENT BOX WITH TOOLS,Tridon 003483 Whitelaw Tooling Supplies,,,
RENNSTEIG ASSORTMENT BOX WITH TOOLS,Tridon 003483 Whitelaw Tooling Supplies,,,
RENNSTEIG ASSORTMENT BOX WITH TOOLS,Tridon 003483 Whitelaw Tooling Supplies,,,
RENNSTEIG ASSORTMENT BOX WITH TOOLS,Tridon 003483 Whitelaw Tooling Supplies,,,
SYKES HUB NUT SOCKET 32MM,Tridon 003483 Whitelaw Tooling Supplies,,,
SYKES HUB NUT SCKT 40MM 1/2SQ DR HEX IMP,Tridon 003483 Whitelaw Tooling Supplies,,,
SYKES HUB NUT SCKT 50MM 3/4 SQ DR BI-HEX,Tridon 003483 Whitelaw Tooling Supplies,,,
SYKES HUB NUT SCKT 65MM 3/4SQ DR-HEX IMP,Tridon 003483 Whitelaw Tooling Supplies,,,
RENNSTEIG CRIMPING PLIERS PEW6 FRAME,Tridon 003483 Whitelaw Tooling Supplies,,,
RENNSTEIG CRIMPING PLIERS PEW 6.001,Tridon 003483 Whitelaw Tooling Supplies,,,
RENNSTEIG CRIMPING PLIERS PEW 6.001,Tridon 003483 Whitelaw Tooling Supplies,,,
RENNSTEIG CRIMPING PLIERS PEW 6.002,Tridon 003483 Whitelaw Tooling Supplies,,,
RENNSTEIG CRIMPING PLIERS PEW 6.002,Tridon 003483 Whitelaw Tooling Supplies,,,
RENNSTEIG CRIMPING PLIERS PEW 6.003,Tridon 003483 Whitelaw Tooling Supplies,,,
RENNSTEIG CRIMPING PLIERS PEW 6.003,Tridon 003483 Whitelaw Tooling Supplies,,,
RENNSTEIG CRIMPING PLIERS PEW 6.011,Tridon 003483 Whitelaw Tooling Supplies,,,
RENNSTEIG CRIMPING PLIERS PEW 6.024,Tridon 003483 Whitelaw Tooling Supplies,,,
RENNSTEIG CRIMPING PLIERS PEW 6.026,Tridon 003483 Whitelaw Tooling Supplies,,,
RENNSTEIG CRIMPING PLIERS PEW 6.027,Tridon 003483 Whitelaw Tooling Supplies,,,
RENNSTEIG CRIMPING PLIERS PEW 6.028,Tridon 003483 Whitelaw Tooling Supplies,,,
RENNSTEIG CRIMPING PLIERS PEW 6.667,Tridon 003483 Whitelaw Tooling Supplies,,,
RENNSTEIG CRIMPING PLIERS PEW 6.667,Tridon 003483 Whitelaw Tooling Supplies,,,
RENNSTEIG CRIMPING PLIERS PEW 6.682,Tridon 003483 Whitelaw Tooling Supplies,,,
RENNSTEIG CRIMPING PLIERS PEW 6.682,Tridon 003483 Whitelaw Tooling Supplies,,,
RENNSTEIG CRIMPING PLIERS PEW 8.20,Tridon 003483 Whitelaw Tooling Supplies,,,
RENNSTEIG CRIMPING PLIERS PEW 8.40,Tridon 003483 Whitelaw Tooling Supplies,,,
RENNSTEIG CRIMPING PLIERS PEW 8.40,Tridon 003483 Whitelaw Tooling Supplies,,,
RENNSTEIG CRIMPING PLIERS PEW 8.62,Tridon 003483 Whitelaw Tooling Supplies,,,
RENNSTEIG CRIMPING PLIERS PEW 8.63,Tridon 003483 Whitelaw Tooling Supplies,,,
RENNSTEIG CRIMPING PLIERS PEW 8.80,Tridon 003483 Whitelaw Tooling Supplies,,,
RENNSTEIG CRIMPING PLIERS PEW 8.81,Tridon 003483 Whitelaw Tooling Supplies,,,
RENNSTEIG CRIMPING PLIERS PEW 8.10,Tridon 003483 Whitelaw Tooling Supplies,,,
RENNSTEIG CRIMPING PLIERS PEW 8.667,Tridon 003483 Whitelaw Tooling Supplies,,,
RENNSTEIG CRIMPING PLIERS PEW 8.667,Tridon 003483 Whitelaw Tooling Supplies,,,
RENNSTEIG CRIMPING PLIERS PEW 9.20,Tridon 003483 Whitelaw Tooling Supplies,,,
RENNSTEIG CRIMPING PLIERS PEW 9.31,Tridon 003483 Whitelaw Tooling Supplies,,,
RENNSTEIG CRIMPING PLIERS PEW 9.32,Tridon 003483 Whitelaw Tooling Supplies,,,
RENNSTEIG CRIMPING PLIERS PEW 9.45,Tridon 003483 Whitelaw Tooling Supplies,,,
RENNSTEIG CRIMPING PLIERS PEW 9.50,Tridon 003483 Whitelaw Tooling Supplies,,,
RENNSTEIG CRIMPING PLIERS PEW 9.60 3,Tridon 003483 Whitelaw Tooling Supplies,,,
RENNSTEIG CRIMPING PLIERS PEW 9.60,Tridon 003483 Whitelaw Tooling Supplies,,,
RENNSTEIG CRIMPING PLIERS PEW 9.90,Tridon 003483 Whitelaw Tooling Supplies,,,
RENNSTEIG CRIMPING PLIERS PEW 9.91,Tridon 003483 Whitelaw Tooling Supplies,,,
RENNSTEIG CRIMPING PLIERS PEW 9.10,Tridon 003483 Whitelaw Tooling Supplies,,,
RENNSTEIG REPAIR KIT 5PC,Tridon 003483 Whitelaw Tooling Supplies,,,
RENNSTEIG CRIMPING PLIERS PEW 9.1071,Tridon 003483 Whitelaw Tooling Supplies,,,
RENNSTEIG FIBRE OPTIC CRIMPING TOOL,Tridon 003483 Whitelaw Tooling Supplies,,,
KNIPEX OBLIQUE CUTTING NIPPER 120MM (AF),Tridon 003483 Whitelaw Tooling Supplies,,,
RENNSTEIG CRIMP PLIERS PEW12,Tridon 003483 Whitelaw Tooling Supplies,,,
RENNSTEIG CRIMPING PLIERS FRAME ONLY,Tridon 003483 Whitelaw Tooling Supplies,,,
RENNSTEIG LOCATOR FOR PEW12 MC4 4MM,Tridon 003483 Whitelaw Tooling Supplies,,,
RENNSTEIG CRIMPING DIE SET MC4 4MM,Tridon 003483 Whitelaw Tooling Supplies,,,
RENNSTEIG MULTIFUNCTIONAL TOOL MC4 4MM,Tridon 003483 Whitelaw Tooling Supplies,,,
RENNSTEIG LOCATOR FOR PEW12 MC4 6MM,Tridon 003483 Whitelaw Tooling Supplies,,,
RENNSTEIG CRIMPING DIE SET MC4 6MM,Tridon 003483 Whitelaw Tooling Supplies,,,
RENNSTEIG MULTIFUNCTIONAL TOOL MC4 6MM,Tridon 003483 Whitelaw Tooling Supplies,,,
RENNSTEIG CRIMPING DIE SET PEW 12.20,Tridon 003483 Whitelaw Tooling Supplies,,,
RENNSTEIG CRIMPING PLIERS PEW 12.20,Tridon 003483 Whitelaw Tooling Supplies,,,
RENNSTEIG CRIMPING PLIERS PEW 12.20,Tridon 003483 Whitelaw Tooling Supplies,,,
RENNSTEIG CRIMPING PLIERS PEW 12.30,Tridon 003483 Whitelaw Tooling Supplies,,,
RENNSTEIG CRIMPING DIE SET PEW 12.30,Tridon 003483 Whitelaw Tooling Supplies,,,
RENNSTEIG CRIMPING PLIERS PEW 12.30,Tridon 003483 Whitelaw Tooling Supplies,,,
RENNSTEIG CRIMPING DIE SET PEW 12.31,Tridon 003483 Whitelaw Tooling Supplies,,,
RENNSTEIG CRIMPING PLIERS PEW 12.31,Tridon 003483 Whitelaw Tooling Supplies,,,
RENNSTEIG CRIMPING PLIERS PEW 12.31,Tridon 003483 Whitelaw Tooling Supplies,,,
RENNSTEIG CRIMPING DIE SET PEW 12.32,Tridon 003483 Whitelaw Tooling Supplies,,,
RENNSTEIG CRIMPING PLIERS PEW 12.32,Tridon 003483 Whitelaw Tooling Supplies,,,
RENNSTEIG CRIMPING PLIERS PEW 12.32,Tridon 003483 Whitelaw Tooling Supplies,,,
RENNSTEIG CRIMPING DIE SET PEW 12.33,Tridon 003483 Whitelaw Tooling Supplies,,,
RENNSTEIG CRIMPING PLIERS PEW 12.33,Tridon 003483 Whitelaw Tooling Supplies,,,
RENNSTEIG CRIMPING PLIERS PEW 12.33,Tridon 003483 Whitelaw Tooling Supplies,,,
RENNSTEIG CRIMPING DIE SET PEW 12.36,Tridon 003483 Whitelaw Tooling Supplies,,,
RENNSTEIG LOCATOR PEW 12.45,Tridon 003483 Whitelaw Tooling Supplies,,,
RENNSTEIG CRIMPING PLIERS PEW 12.45,Tridon 003483 Whitelaw Tooling Supplies,,,
RENNSTEIG CRIMPING DIE SET PEW 12.045,Tridon 003483 Whitelaw Tooling Supplies,,,
RENNSTEIG CRIMPING DIE SET PEW 12.45,Tridon 003483 Whitelaw Tooling Supplies,,,
RENNSTEIG CRIMPING PLIERS PEW 12.45,Tridon 003483 Whitelaw Tooling Supplies,,,
RENNSTEIG CRIMPING PLIERS PEW 12.45,Tridon 003483 Whitelaw Tooling Supplies,,,
RENNSTEIG CRIMPING PLIERS PEW 12.45,Tridon 003483 Whitelaw Tooling Supplies,,,
RENNSTEIG LOCATOR PEW 12.50,Tridon 003483 Whitelaw Tooling Supplies,,,
RENNSTEIG CRIMPING DIE SET PEW 12.050,Tridon 003483 Whitelaw Tooling Supplies,,,
RENNSTEIG CRIMPING DIE SET PEW 12.50,Tridon 003483 Whitelaw Tooling Supplies,,,
RENNSTEIG CRIMPING PLIERS PEW 12.50,Tridon 003483 Whitelaw Tooling Supplies,,,
RENNSTEIG CRIMPING PLIERS PEW 12.50,Tridon 003483 Whitelaw Tooling Supplies,,,
RENNSTEIG CRIMPING PLIERS PEW 12.50,Tridon 003483 Whitelaw Tooling Supplies,,,
RENNSTEIG CRIMPING PLIERS PEW 12.50,Tridon 003483 Whitelaw Tooling Supplies,,,
RENNSTEIG CRIMPING DIE SET PEW 12.53,Tridon 003483 Whitelaw Tooling Supplies,,,
RENNSTEIG CRIMPING PLIERS PEW 12.53,Tridon 003483 Whitelaw Tooling Supplies,,,
RENNSTEIG CRIMPING PLIERS PEW 12.53,Tridon 003483 Whitelaw Tooling Supplies,,,
RENNSTEIG LOCATOR PEW 12.60 NO.11 (AF),Tridon 003483 Whitelaw Tooling Supplies,,,
RENNSTEIG CRIMPING PLIERS PEW 12.60,Tridon 003483 Whitelaw Tooling Supplies,,,
RENNSTEIG CRIMPING DIE SET PEW 12.60,Tridon 003483 Whitelaw Tooling Supplies,,,
RENNSTEIG CRIMPING DIE SET PEW 12.60 3,Tridon 003483 Whitelaw Tooling Supplies,,,
RENNSTEIG CRIMPING PLIERS PEW 12.60-3,Tridon 003483 Whitelaw Tooling Supplies,,,
RENNSTEIG CRIMPING PLIERS PEW 12.60-3,Tridon 003483 Whitelaw Tooling Supplies,,,
RENNSTEIG CRIMPING DIE SET PEW  12.60-6,Tridon 003483 Whitelaw Tooling Supplies,,,
RENNSTEIG CRIMPING PLIERS PEW 12.60,Tridon 003483 Whitelaw Tooling Supplies,,,
RENNSTEIG CRIMPING DIE SET PEW 12.63,Tridon 003483 Whitelaw Tooling Supplies,,,
RENNSTEIG CRIMPING PLIERS PEW 12.60-3,Tridon 003483 Whitelaw Tooling Supplies,,,
RENNSTEIG CRIMPING PLIERS PEW 12.63,Tridon 003483 Whitelaw Tooling Supplies,,,
RENNSTEIG LOCATOR PEW 12.71,Tridon 003483 Whitelaw Tooling Supplies,,,
RENNSTEIG LOCATOR PEW 12.71,Tridon 003483 Whitelaw Tooling Supplies,,,
RENNSTEIG CRIMPING DIE SET PEW 12.71 1,Tridon 003483 Whitelaw Tooling Supplies,,,
RENNSTEIG CRIMPING DIE SET PEW 12.71-1,Tridon 003483 Whitelaw Tooling Supplies,,,
RENNSTEIG CRIMPING DIE SET PEW 12.71,Tridon 003483 Whitelaw Tooling Supplies,,,
RENNSTEIG CRIMPING PLIERS PEW 12.71,Tridon 003483 Whitelaw Tooling Supplies,,,
RENNSTEIG CRIMPING PLIERS PEW 12.71,Tridon 003483 Whitelaw Tooling Supplies,,,
RENNSTEIG CRIMPING PLIERS PEW 12.71,Tridon 003483 Whitelaw Tooling Supplies,,,
RENNSTEIG CRIMPING PLIERS PEW 12.71,Tridon 003483 Whitelaw Tooling Supplies,,,
RENNSTEIG LOCATOR PEW 12.72,Tridon 003483 Whitelaw Tooling Supplies,,,
RENNSTEIG CRIMPING DIE SET PEW 12.72,Tridon 003483 Whitelaw Tooling Supplies,,,
RENNSTEIG CRIMPING PLIERS PEW 12.72,Tridon 003483 Whitelaw Tooling Supplies,,,
RENNSTEIG CRIMPING PLIERS PEW 12.72,Tridon 003483 Whitelaw Tooling Supplies,,,
RENNSTEIG CRIMPING PLIERS PEW 12.72,Tridon 003483 Whitelaw Tooling Supplies,,,
RENNSTEIG CRIMPING PLIERS PEW 12.72,Tridon 003483 Whitelaw Tooling Supplies,,,
RENNSTEIG LOCATOR PEW 12.73,Tridon 003483 Whitelaw Tooling Supplies,,,
RENNSTEIG CRIMPING DIE SET PEW 12.73 1,Tridon 003483 Whitelaw Tooling Supplies,,,
RENNSTEIG CRIMPING PLIERS PEW 12.73-1,Tridon 003483 Whitelaw Tooling Supplies,,,
RENNSTEIG CRIMPING DIE SET PEW 12.73,Tridon 003483 Whitelaw Tooling Supplies,,,
RENNSTEIG CRIMPING PLIERS PEW 12.73,Tridon 003483 Whitelaw Tooling Supplies,,,
RENNSTEIG CRIMPING PLIERS PEW 12.73,Tridon 003483 Whitelaw Tooling Supplies,,,
RENNSTEIG CRIMPING PLIERS PEW 12.73,Tridon 003483 Whitelaw Tooling Supplies,,,
RENNSTEIG CRIMPING PLIERS PEW 12.73,Tridon 003483 Whitelaw Tooling Supplies,,,
RENNSTEIG CRIMPING DIE SET & LOCATOR,Tridon 003483 Whitelaw Tooling Supplies,,,
RENNSTEIG CRIMPING PLIERS PEW 12.74,Tridon 003483 Whitelaw Tooling Supplies,,,
RENNSTEIG CRIMPING PLIERS PEW 12.74,Tridon 003483 Whitelaw Tooling Supplies,,,
RENNSTEIG CRIMPING DIE SET & LOCATOR,Tridon 003483 Whitelaw Tooling Supplies,,,
RENNSTEIG CRIMPING PLIERS PEW 12.75,Tridon 003483 Whitelaw Tooling Supplies,,,
RENNSTEIG CRIMPING PLIERS PEW 12.75,Tridon 003483 Whitelaw Tooling Supplies,,,
RENNSTEIG CRIMPING DIE SET PEW  12.79,Tridon 003483 Whitelaw Tooling Supplies,,,
RENNSTEIG CRIMPING PLIERS PEW 12.80,Tridon 003483 Whitelaw Tooling Supplies,,,
RENNSTEIG CRIMPING DIE SET PEW 12.80,Tridon 003483 Whitelaw Tooling Supplies,,,
RENNSTEIG CRIMPING PLIERS PEW 12.80,Tridon 003483 Whitelaw Tooling Supplies,,,
RENNSTEIG CRIMPING DIE SET PEW 12.81,Tridon 003483 Whitelaw Tooling Supplies,,,
RENNSTEIG CRIMPING PLIERS PEW 12.81,Tridon 003483 Whitelaw Tooling Supplies,,,
RENNSTEIG CRIMPING PLIERS PEW 12.81,Tridon 003483 Whitelaw Tooling Supplies,,,
RENNSTEIG CRIMPING DIE SET PEW  12.82,Tridon 003483 Whitelaw Tooling Supplies,,,
RENNSTEIG CRIMPING DIE SET PEW 12.86,Tridon 003483 Whitelaw Tooling Supplies,,,
RENNSTEIG CRIMPING PLIERS PEW 12.86,Tridon 003483 Whitelaw Tooling Supplies,,,
RENNSTEIG CRIMPING DIE SET PEW 12.90 1,Tridon 003483 Whitelaw Tooling Supplies,,,
RENNSTEIG CRIMPING PLIERS PEW 12.90-1,Tridon 003483 Whitelaw Tooling Supplies,,,
RENNSTEIG CRIMPING PLIERS PEW 12.90,Tridon 003483 Whitelaw Tooling Supplies,,,
RENNSTEIG CRIMPING DIE SET PEW 12.90,Tridon 003483 Whitelaw Tooling Supplies,,,
RENNSTEIG CRIMPING DIE SET PEW  12.0905,Tridon 003483 Whitelaw Tooling Supplies,,,
RENNSTEIG CRIMPING PLIERS PEW 12.90,Tridon 003483 Whitelaw Tooling Supplies,,,
RENNSTEIG CRIMPING DIE SET PEW 12.91,Tridon 003483 Whitelaw Tooling Supplies,,,
RENNSTEIG CRIMPING PLIERS PEW 12.91,Tridon 003483 Whitelaw Tooling Supplies,,,
RENNSTEIG CRIMPING PLIERS PEW 12.91,Tridon 003483 Whitelaw Tooling Supplies,,,
RENNSTEIG CRIMPING DIE SET PEW 12.92,Tridon 003483 Whitelaw Tooling Supplies,,,
RENNSTEIG CRIMPING PLIERS PEW 12.92,Tridon 003483 Whitelaw Tooling Supplies,,,
RENNSTEIG CRIMPING PLIERS PEW 12.92,Tridon 003483 Whitelaw Tooling Supplies,,,
RENNSTEIG CRIMPING DIE SET PEW  12.096-1,Tridon 003483 Whitelaw Tooling Supplies,,,
RENNSTEIG CRIMPING DIE SET PEW 12.096-2,Tridon 003483 Whitelaw Tooling Supplies,,,
RENNSTEIG CRIMPING DIE SET PEW 12.096-3,Tridon 003483 Whitelaw Tooling Supplies,,,
RENNSTEIG CRIMPING DIE SET PEW 12.97,Tridon 003483 Whitelaw Tooling Supplies,,,
RENNSTEIG CRIMPING PLIERS PEW12.97,Tridon 003483 Whitelaw Tooling Supplies,,,
RENNSTEIG CRIMPING PLIERS PEW12.97,Tridon 003483 Whitelaw Tooling Supplies,,,
RENNSTEIG CRIMPING PLIERS PEW 12.10,Tridon 003483 Whitelaw Tooling Supplies,,,
RENNSTEIG CRIMPING DIE SET PEW 12.10,Tridon 003483 Whitelaw Tooling Supplies,,,
RENNSTEIG CRIMPING PLIERS PEW 12.10,Tridon 003483 Whitelaw Tooling Supplies,,,
RENNSTEIG PEW12 TOOL IN CASE W/OUT DIES,Tridon 003483 Whitelaw Tooling Supplies,,,
RENNSTEIG CRIMP DIE SET+LOC+WIRE 12.1038,Tridon 003483 Whitelaw Tooling Supplies,,,
RENNSTEIG CRIMPING DIE SET PEW 12.1042,Tridon 003483 Whitelaw Tooling Supplies,,,
RENNSTEIG CRIMPING DIE SET PEW 12.1043,Tridon 003483 Whitelaw Tooling Supplies,,,
RENNSTEIG SOLAR KIT BASIC 3PC,Tridon 003483 Whitelaw Tooling Supplies,,,
RENNSTEIG SOLAR KIT FOR MC3 & MC4,Tridon 003483 Whitelaw Tooling Supplies,,,
"RENNSTEIG SOLAR CRIMP SET,",Tridon 003483 Whitelaw Tooling Supplies,,,
RENNSTEIG MC4 SOLAR KIT 6PC,Tridon 003483 Whitelaw Tooling Supplies,,,
RENNSTEIG SOLAR KIT FLEX 2PC,Tridon 003483 Whitelaw Tooling Supplies,,,
RENNSTEIG CRIMPING DIE SET PEW 12.10,Tridon 003483 Whitelaw Tooling Supplies,,,
RENNSTEIG CRIMPING PLIERS PEW 12.1071,Tridon 003483 Whitelaw Tooling Supplies,,,
RENNSTEIG CRIMPING PLIERS PEW 12.1071,Tridon 003483 Whitelaw Tooling Supplies,,,
RENNSTEIG DIE SET & LOCATOR,Tridon 003483 Whitelaw Tooling Supplies,,,
RENNSTEIG CRIMP PLIERS,Tridon 003483 Whitelaw Tooling Supplies,,,
RENNSTEIG CRIMPING DIE SET PEW 12.114,Tridon 003483 Whitelaw Tooling Supplies,,,
RENNSTEIG CRIMPING PLIERS PEW 12.114,Tridon 003483 Whitelaw Tooling Supplies,,,
RENNSTEIG CRIMPING PLIERS PEW 12.114,Tridon 003483 Whitelaw Tooling Supplies,,,
RENNSTEIG CRIMPING PLIERS PEW12,Tridon 003483 Whitelaw Tooling Supplies,,,
RENNSTEIG CRIMPING LOCATOR PEW 12.1186,Tridon 003483 Whitelaw Tooling Supplies,,,
RENNSTEIG CRIMPING DIE SET PEW 12.1186,Tridon 003483 Whitelaw Tooling Supplies,,,
RENNSTEIG LOCATOR PEW 12.1193,Tridon 003483 Whitelaw Tooling Supplies,,,
RENNSTEIG CRIMPING DIE SET PEW 12.119,Tridon 003483 Whitelaw Tooling Supplies,,,
RENNSTEIG CRIMPING DIE SET PEW 12.1193,Tridon 003483 Whitelaw Tooling Supplies,,,
RENNSTEIG MC4 SOLAR CRIMPER,Tridon 003483 Whitelaw Tooling Supplies,,,
RENNSTEIG CRIMPING PLIERS PEW 12.1193,Tridon 003483 Whitelaw Tooling Supplies,,,
RENNSTEIG CRIMPING PLIERS PEW 12.119,Tridon 003483 Whitelaw Tooling Supplies,,,
RENNSTEIG LOCATOR PEW 12.1194,Tridon 003483 Whitelaw Tooling Supplies,,,
RENNSTEIG CRIMPING DIE SET PEW 12.1194,Tridon 003483 Whitelaw Tooling Supplies,,,
RENNSTEIG CRIMPING PLIERS PEW 12.1194,Tridon 003483 Whitelaw Tooling Supplies,,,
RENNSTEIG CRIMPING PLIERS PEW 12.119,Tridon 003483 Whitelaw Tooling Supplies,,,
RENNSTEIG CRIMPING DIE SET PEW 12.120,Tridon 003483 Whitelaw Tooling Supplies,,,
RENNSTEIG CRIMPING PLIERS PEW 12.120,Tridon 003483 Whitelaw Tooling Supplies,,,
RENNSTEIG CRIMPING PLIERS PEW 12.120,Tridon 003483 Whitelaw Tooling Supplies,,,
RENNSTEIG CRIMPING DIE SET PEW 12.1325,Tridon 003483 Whitelaw Tooling Supplies,,,
RENNSTEIG CRIMPING LOCATOR PEW  12.1384,Tridon 003483 Whitelaw Tooling Supplies,,,
RENNSTEIG CRIMPING DIE SET PEW 12.1384,Tridon 003483 Whitelaw Tooling Supplies,,,
RENNSTEIG CRIMPING DIE SET PEW 12.1389,Tridon 003483 Whitelaw Tooling Supplies,,,
RENNSTEIG CRIMP DIE SET+LOC+WIRE 12.1488,Tridon 003483 Whitelaw Tooling Supplies,,,
RENNSTEIG CRIMP DIE SET+LOC+ WIRE 12.149,Tridon 003483 Whitelaw Tooling Supplies,,,
RENNSTEIG CRIMP DIE SET +LOCATOR 12.1534,Tridon 003483 Whitelaw Tooling Supplies,,,
RENNSTEIG CRIMPING DIE SET PEW 12.155,Tridon 003483 Whitelaw Tooling Supplies,,,
RENNSTEIG CRIMPING PLIERS PEW12.155,Tridon 003483 Whitelaw Tooling Supplies,,,
RENNSTEIG CRIMPING PLIERS PEW12.155,Tridon 003483 Whitelaw Tooling Supplies,,,
RENNSTEIG CRIMPING DIE SET PEW 12.158,Tridon 003483 Whitelaw Tooling Supplies,,,
RENNSTEIG CRIMPING PLIERS PEW 12.158,Tridon 003483 Whitelaw Tooling Supplies,,,
RENNSTEIG CRIMPING PLIERS PEW 12.158,Tridon 003483 Whitelaw Tooling Supplies,,,
RENNSTEIG CRIMPING DIE SET PEW 12.159,Tridon 003483 Whitelaw Tooling Supplies,,,
RENNSTEIG CRIMPING PLIERS PEW 12.159,Tridon 003483 Whitelaw Tooling Supplies,,,
RENNSTEIG CRIMPING PLIERS PEW 12.159,Tridon 003483 Whitelaw Tooling Supplies,,,
RENNSTEIG CRIMPING DIE SET PEW 12.190,Tridon 003483 Whitelaw Tooling Supplies,,,
RENNSTEIG CRIMPING PLIERS PEW 12.190,Tridon 003483 Whitelaw Tooling Supplies,,,
RENNSTEIG CRIMPING PLIERS PEW 12.190,Tridon 003483 Whitelaw Tooling Supplies,,,
RENNSTEIG LOCATOR PEW 12.194,Tridon 003483 Whitelaw Tooling Supplies,,,
RENNSTEIG CRIMPING DIE SET PEW 12.194,Tridon 003483 Whitelaw Tooling Supplies,,,
RENNSTEIG CRIMPING PLIERS PEW 12.194,Tridon 003483 Whitelaw Tooling Supplies,,,
RENNSTEIG CRIMPING PLIERS PEW 12.194,Tridon 003483 Whitelaw Tooling Supplies,,,
RENNSTEIG LOCATOR PEW 12.348,Tridon 003483 Whitelaw Tooling Supplies,,,
RENNSTEIG CRIMPING DIE SET PEW 12.348,Tridon 003483 Whitelaw Tooling Supplies,,,
RENNSTEIG CRIMPING PLIERS PEW 12.348,Tridon 003483 Whitelaw Tooling Supplies,,,
RENNSTEIG CRIMPING PLIERS PEW 12.348,Tridon 003483 Whitelaw Tooling Supplies,,,
RENNSTEIG BENCH MOUNT FOR PEW 12,Tridon 003483 Whitelaw Tooling Supplies,,,
RENNSTEIG BOX PEW12 WITH INSERT,Tridon 003483 Whitelaw Tooling Supplies,,,
RENNSTEIG LOCATOR PEW 12.570,Tridon 003483 Whitelaw Tooling Supplies,,,
RENNSTEIG CRIMPING DIE SET PEW 12.570,Tridon 003483 Whitelaw Tooling Supplies,,,
RENNSTEIG CRIMPING PLIERS PEW 12.570,Tridon 003483 Whitelaw Tooling Supplies,,,
RENNSTEIG CRIMPING PLIERS PEW 12.570,Tridon 003483 Whitelaw Tooling Supplies,,,
RENNSTEIG CRIMPING DIE SET PEW 12.654,Tridon 003483 Whitelaw Tooling Supplies,,,
RENNSTEIG LOCATOR PEW 12.667,Tridon 003483 Whitelaw Tooling Supplies,,,
RENNSTEIG CRIMPING DIE SET PEW 12.667,Tridon 003483 Whitelaw Tooling Supplies,,,
RENNSTEIG CRIMPING DIE SET PEW 12.667,Tridon 003483 Whitelaw Tooling Supplies,,,
RENNSTEIG CRIMPING PLIERS PEW 12.667,Tridon 003483 Whitelaw Tooling Supplies,,,
RENNSTEIG CRIMPING PLIERS PEW 12.667,Tridon 003483 Whitelaw Tooling Supplies,,,
RENNSTEIG CRIMPING DIE SET PEW 12.668,Tridon 003483 Whitelaw Tooling Supplies,,,
RENNSTEIG CRIMPING DIE SET PEW  12.674,Tridon 003483 Whitelaw Tooling Supplies,,,
RENNSTEIG CRIMPING DIE SET PEW 12.674,Tridon 003483 Whitelaw Tooling Supplies,,,
RENNSTEIG CRIMPING PLIERS PEW 12.674,Tridon 003483 Whitelaw Tooling Supplies,,,
RENNSTEIG CRIMPING PLIERS PEW 12.674,Tridon 003483 Whitelaw Tooling Supplies,,,
RENNSTEIG CRIMPING DIE SET PEW 12.682,Tridon 003483 Whitelaw Tooling Supplies,,,
RENNSTEIG LOCATOR & WIRESTOP 12.691,Tridon 003483 Whitelaw Tooling Supplies,,,
RENNSTEIG LOCATOR PEW 12.691,Tridon 003483 Whitelaw Tooling Supplies,,,
RENNSTEIG CRIMPING DIE SET PEW 12.691,Tridon 003483 Whitelaw Tooling Supplies,,,
RENNSTEIG CRIMPING PLIERS PEW 12.691,Tridon 003483 Whitelaw Tooling Supplies,,,
RENNSTEIG CRIMPING PLIERS PEW 12.691,Tridon 003483 Whitelaw Tooling Supplies,,,
RENNSTEIG CRIMPING PLIERS PEW 12.691,Tridon 003483 Whitelaw Tooling Supplies,,,
RENNSTEIG CRIMPING PLIERS PEW 12.691,Tridon 003483 Whitelaw Tooling Supplies,,,
RENNSTEIG CRIMP DIE SET PLUS WIRE STOP,Tridon 003483 Whitelaw Tooling Supplies,,,
RENNSTEIG CRIMP DIE SET PLUS WIRE STOP,Tridon 003483 Whitelaw Tooling Supplies,,,
RENNSTEIG CRIMP DIE SET PLUS WIRE STOP,Tridon 003483 Whitelaw Tooling Supplies,,,
RENNSTEIG CRIMPING DIE SET PEW 12.731,Tridon 003483 Whitelaw Tooling Supplies,,,
RENNSTEIG CRIMPING DIE SET PEW  12.742-1,Tridon 003483 Whitelaw Tooling Supplies,,,
RENNSTEIG CRIMPING DIE SET PEW 12.742,Tridon 003483 Whitelaw Tooling Supplies,,,
RENNSTEIG CRIMPING PLIERS PEW 12.742,Tridon 003483 Whitelaw Tooling Supplies,,,
RENNSTEIG CRIMPING PLIERS PEW 12.742,Tridon 003483 Whitelaw Tooling Supplies,,,
RENNSTEIG CRIMPING DIE SET PEW 12.745-1,Tridon 003483 Whitelaw Tooling Supplies,,,
RENNSTEIG CRIMPING DIE SET PEW 12.745,Tridon 003483 Whitelaw Tooling Supplies,,,
RENNSTEIG CRIMPING PLIERS PEW 12.745,Tridon 003483 Whitelaw Tooling Supplies,,,
RENNSTEIG CRIMPING PLIERS PEW 12.745,Tridon 003483 Whitelaw Tooling Supplies,,,
RENNSTEIG CRIMP.DIE SET,Tridon 003483 Whitelaw Tooling Supplies,,,
RENNSTEIG CRIMP.DIE SET,Tridon 003483 Whitelaw Tooling Supplies,,,
RENNSTEIG LOCATOR PEW 12.817,Tridon 003483 Whitelaw Tooling Supplies,,,
RENNSTEIG CRIMPING DIE SET PEW 12.817,Tridon 003483 Whitelaw Tooling Supplies,,,
RENNSTEIG CRIMPING PLIERS PEW 12.817,Tridon 003483 Whitelaw Tooling Supplies,,,
RENNSTEIG CRIMPING PLIERS PEW 12.817,Tridon 003483 Whitelaw Tooling Supplies,,,
RENNSTEIG CRIMP.DIE SET PLUS WIRE STOP,Tridon 003483 Whitelaw Tooling Supplies,,,
RENNSTEIG CRIMP.DIE SET,Tridon 003483 Whitelaw Tooling Supplies,,,
RENNSTEIG CRIMPING DIE SET PEW 12.93,Tridon 003483 Whitelaw Tooling Supplies,,,
RENNSTEIG CRIMPING PLIERS PEW 12.93,Tridon 003483 Whitelaw Tooling Supplies,,,
RENNSTEIG CRIMPING DIE SET PEW 12.94,Tridon 003483 Whitelaw Tooling Supplies,,,
RENNSTEIG CRIMPING PLIERS PEW 12.94,Tridon 003483 Whitelaw Tooling Supplies,,,
RENNSTEIG CRIMPING PLIERS PEW12 HIROSE,Tridon 003483 Whitelaw Tooling Supplies,,,
RENNSTEIG CRIMPING PLIERS PEW12 MP8,Tridon 003483 Whitelaw Tooling Supplies,,,
RENNSTEIG CRIMPING PLIERS PEW12 AMP,Tridon 003483 Whitelaw Tooling Supplies,,,
RENNSTEIG CRIMPING PLIERS PEW12 MOLEX,Tridon 003483 Whitelaw Tooling Supplies,,,
RENNSTEIG CRIMPING PLIERS PEW12 YAMAICHI,Tridon 003483 Whitelaw Tooling Supplies,,,
RENNSTEIG CRIMPING DIE SET PEW 12.51332,Tridon 003483 Whitelaw Tooling Supplies,,,
RENNSTEIG CRIMPING PLIERS PEW 16.31,Tridon 003483 Whitelaw Tooling Supplies,,,
RENNSTEIG CRIMPING PLIERS PEW 16.32,Tridon 003483 Whitelaw Tooling Supplies,,,
RENNSTEIG CRIMPING PLIERS PEW 16.45,Tridon 003483 Whitelaw Tooling Supplies,,,
RENNSTEIG CRIMPING PLIERS PEW 16.50,Tridon 003483 Whitelaw Tooling Supplies,,,
RENNSTEIG CRIMPING PLIERS PEW 16.60,Tridon 003483 Whitelaw Tooling Supplies,,,
RENNSTEIG CRIMPING PLIERS PEW 16.63,Tridon 003483 Whitelaw Tooling Supplies,,,
RENNSTEIG CRIMPING PLIERS PEW 16.90,Tridon 003483 Whitelaw Tooling Supplies,,,
RENNSTEIG CRIMPING PLIERS PEW 16.91,Tridon 003483 Whitelaw Tooling Supplies,,,
RENNSTEIG CRIMPING PLIERS PEW 16.92,Tridon 003483 Whitelaw Tooling Supplies,,,
RENNSTEIG CRIMPING PLIERS PEW 16.97 (AF),Tridon 003483 Whitelaw Tooling Supplies,,,
RENNSTEIG CRIMPING PLIERS PEW 16.10,Tridon 003483 Whitelaw Tooling Supplies,,,
RENNSTEIG CRIMPING PLIERS PEW 16.1071,Tridon 003483 Whitelaw Tooling Supplies,,,
RENNSTEIG MULTICRIMP EMPTY FRAME ONLY,Tridon 003483 Whitelaw Tooling Supplies,,,
RENNSTEIG MULTICRIMP MAGAZINE EMPTY,Tridon 003483 Whitelaw Tooling Supplies,,,
RENNSTEIG MULTICRIMP WITH 3 DIES,Tridon 003483 Whitelaw Tooling Supplies,,,
RENNSTEIG MULTICRIMP WITH 3 DIES,Tridon 003483 Whitelaw Tooling Supplies,,,
RENNSTEIG MULTICRIMP DIE SET 50,Tridon 003483 Whitelaw Tooling Supplies,,,
RENNSTEIG MULTICRIMP DIE SET 60,Tridon 003483 Whitelaw Tooling Supplies,,,
RENNSTEIG MULTICRIMP DIE SET 90,Tridon 003483 Whitelaw Tooling Supplies,,,
RENNSTEIG MULTICRIMP DIE SET 91,Tridon 003483 Whitelaw Tooling Supplies,,,
RENNSTEIG MULTICRIMP DIE SET 1071,Tridon 003483 Whitelaw Tooling Supplies,,,
RENNSTEIG ROUND CRIMPING DIES R18,Tridon 003483 Whitelaw Tooling Supplies,,,
RENNSTEIG ROUND CRIMPING DIES R20,Tridon 003483 Whitelaw Tooling Supplies,,,
RENNSTEIG ROUND CRIMPING DIES R10,Tridon 003483 Whitelaw Tooling Supplies,,,
RENNSTEIG ROUND CRIMPING DIES R14,Tridon 003483 Whitelaw Tooling Supplies,,,
RENNSTEIG ROUND CRIMPING DIES R12,Tridon 003483 Whitelaw Tooling Supplies,,,
RENNSTEIG ROUND CRIMPING DIES R16,Tridon 003483 Whitelaw Tooling Supplies,,,
RENNSTEIG HEXAGONAL CRIMPING DIES K6-16,Tridon 003483 Whitelaw Tooling Supplies,,,
RENNSTEIG HEXAGONAL CRIMPING DIES K8-12,Tridon 003483 Whitelaw Tooling Supplies,,,
RENNSTEIG HEXAGONAL CRIMPING DIES K10-14,Tridon 003483 Whitelaw Tooling Supplies,,,
RENNSTEIG HEXAGONAL CRIMPING DIES K18-5,Tridon 003483 Whitelaw Tooling Supplies,,,
RENNSTEIG HEXAGONAL CRIMPING DIES K20-5,Tridon 003483 Whitelaw Tooling Supplies,,,
RENNSTEIG HEXAGONAL CRIMPING DIES K22-5,Tridon 003483 Whitelaw Tooling Supplies,,,
RENNSTEIG HYDRAULIC CRIMP TOOL HPZ 50.1,Tridon 003483 Whitelaw Tooling Supplies,,,
RENNSTEIG HEXAGONAL CRIMPING DIES K6,Tridon 003483 Whitelaw Tooling Supplies,,,
RENNSTEIG HEXAGONAL CRIMPING DIES K8,Tridon 003483 Whitelaw Tooling Supplies,,,
RENNSTEIG HEXAGONAL CRIMPING DIES K10,Tridon 003483 Whitelaw Tooling Supplies,,,
RENNSTEIG HEXAGONAL CRIMPING DIES K12,Tridon 003483 Whitelaw Tooling Supplies,,,
RENNSTEIG HEXAGONAL CRIMPING DIES K14,Tridon 003483 Whitelaw Tooling Supplies,,,
RENNSTEIG HEXAGONAL CRIMPING DIES K16,Tridon 003483 Whitelaw Tooling Supplies,,,
RENNSTEIG HEXAGONAL CRIMPING DIES K18,Tridon 003483 Whitelaw Tooling Supplies,,,
RENNSTEIG HEXAGONAL CRIMPING DIES K20,Tridon 003483 Whitelaw Tooling Supplies,,,
RENNSTEIG HEXAGONAL CRIMPING DIES K22,Tridon 003483 Whitelaw Tooling Supplies,,,
RENNSTEIG HEXAGONAL CRIMPING DIES K25,Tridon 003483 Whitelaw Tooling Supplies,,,
RENNSTEIG HEXAGONAL CRIMPING DIES K28,Tridon 003483 Whitelaw Tooling Supplies,,,
RENNSTEIG ROUND CRIMPING DIES R10,Tridon 003483 Whitelaw Tooling Supplies,,,
RENNSTEIG ROUND CRIMPING DIES R16,Tridon 003483 Whitelaw Tooling Supplies,,,
RENNSTEIG ROUND CRIMPING DIES R25,Tridon 003483 Whitelaw Tooling Supplies,,,
RENNSTEIG ROUND CRIMPING DIES R35,Tridon 003483 Whitelaw Tooling Supplies,,,
RENNSTEIG INDENT CRIMPING DIE SET D120,Tridon 003483 Whitelaw Tooling Supplies,,,
RENNSTEIG INDENT CRIMPING DIE SET D150,Tridon 003483 Whitelaw Tooling Supplies,,,
RENNSTEIG HYDRAULIC CRIMP TOOL HPZ 80.1,Tridon 003483 Whitelaw Tooling Supplies,,,
RENNSTEIG HAND CRIMPING PLIERS MPZ 55,Tridon 003483 Whitelaw Tooling Supplies,,,
RENNSTEIG HEXAGONAL CRIMP DIE SET 35MM,Tridon 003483 Whitelaw Tooling Supplies,,,
RENNSTEIG HEXAGONAL CRIMP DIE SET 50MM,Tridon 003483 Whitelaw Tooling Supplies,,,
RENNSTEIG HEXAGONAL CRIMP DIE SET 70MM,Tridon 003483 Whitelaw Tooling Supplies,,,
RENNSTEIG HEXAGONAL CRIMP DIE SET 95MM,Tridon 003483 Whitelaw Tooling Supplies,,,
RENNSTEIG HEXAGONAL CRIMP DIE SET 70MM,Tridon 003483 Whitelaw Tooling Supplies,,,
RENNSTEIG HEXAGONAL CRIMP DIE SET 35MM,Tridon 003483 Whitelaw Tooling Supplies,,,
RENNSTEIG HEXAGONAL CRIMP DIE SET 50MM,Tridon 003483 Whitelaw Tooling Supplies,,,
RENNSTEIG HEXAGONAL CRIMP DIE SET 95MM,Tridon 003483 Whitelaw Tooling Supplies,,,
RENNSTEIG HEXAGONAL CRIMP DIE SET 120MM,Tridon 003483 Whitelaw Tooling Supplies,,,
RENNSTEIG HEXAGONAL CRIMP DIE SET 70MM,Tridon 003483 Whitelaw Tooling Supplies,,,
RENNSTEIG HEXAGONAL CRIMP DIE SET 35MM,Tridon 003483 Whitelaw Tooling Supplies,,,
RENNSTEIG HEXAGONAL CRIMP DIE SET 5MM,Tridon 003483 Whitelaw Tooling Supplies,,,
RENNSTEIG HEXAGONAL CRIMP DIE SET 95MM,Tridon 003483 Whitelaw Tooling Supplies,,,
RENNSTEIG HEXAGONAL CRIMP DIE SET 120MM,Tridon 003483 Whitelaw Tooling Supplies,,,
RENNSTEIG INDENT CRIMP DIE SET 35MM,Tridon 003483 Whitelaw Tooling Supplies,,,
RENNSTEIG INDENT CRIMP DIE SET 50MM,Tridon 003483 Whitelaw Tooling Supplies,,,
RENNSTEIG INDENT CRIMP DIE SET 50MM,Tridon 003483 Whitelaw Tooling Supplies,,,
RENNSTEIG INDENT CRIMP DIE SET 70MM,Tridon 003483 Whitelaw Tooling Supplies,,,
RENNSTEIG INDENT CRIMP DIE SET 70MM,Tridon 003483 Whitelaw Tooling Supplies,,,
RENNSTEIG INDENT CRIMP DIE SET 70MM,Tridon 003483 Whitelaw Tooling Supplies,,,
RENNSTEIG HAND CRIMPING PLIERS MPZ 30,Tridon 003483 Whitelaw Tooling Supplies,,,
RENNSTEIG HEXAGONAL CRIMP DIE SET 16MM,Tridon 003483 Whitelaw Tooling Supplies,,,
RENNSTEIG HEXAGONAL CRIMP DIE SET 25MM,Tridon 003483 Whitelaw Tooling Supplies,,,
RENNSTEIG HEXAGONAL CRIMP DIE SET 35MM,Tridon 003483 Whitelaw Tooling Supplies,,,
RENNSTEIG HEXAGONAL CRIMP DIE SET 50MM,Tridon 003483 Whitelaw Tooling Supplies,,,
RENNSTEIG HEXAGONAL CRIMP DIE SET 6MM,Tridon 003483 Whitelaw Tooling Supplies,,,
RENNSTEIG HEXAGONAL CRIMP DIE SET 10MM,Tridon 003483 Whitelaw Tooling Supplies,,,
RENNSTEIG HEXAGONAL CRIMP DIE SET 16MM,Tridon 003483 Whitelaw Tooling Supplies,,,
RENNSTEIG HEXAGONAL CRIMP DIE SET 25MM,Tridon 003483 Whitelaw Tooling Supplies,,,
RENNSTEIG HEXAGONAL CRIMP DIE SET 35MM,Tridon 003483 Whitelaw Tooling Supplies,,,
RENNSTEIG HEXAGONAL CRIMP DIE SET 50MM,Tridon 003483 Whitelaw Tooling Supplies,,,
RENNSTEIG DOUBLE INDENT CRIMP DIES 6MM,Tridon 003483 Whitelaw Tooling Supplies,,,
RENNSTEIG DOUBLE INDENT CRIMP DIES 10MM,Tridon 003483 Whitelaw Tooling Supplies,,,
RENNSTEIG DOUBLE INDENT CRIMP DIES 16MM,Tridon 003483 Whitelaw Tooling Supplies,,,
RENNSTEIG DOUBLE INDENT CRIMP DIES 25MM,Tridon 003483 Whitelaw Tooling Supplies,,,
RENNSTEIG DOUBLE INDENT CRIMP DIES 35MM,Tridon 003483 Whitelaw Tooling Supplies,,,
RENNSTEIG DOUBLE INDENT CRIMP DIES 50MM,Tridon 003483 Whitelaw Tooling Supplies,,,
RENNSTEIG OVAL CRIMP DIES AWG10 YELLOW,Tridon 003483 Whitelaw Tooling Supplies,,,
RENNSTEIG OVAL CRIMP DIES AWG8 RED,Tridon 003483 Whitelaw Tooling Supplies,,,
RENNSTEIG OVAL CRIMP DIES AWG6 BLUE,Tridon 003483 Whitelaw Tooling Supplies,,,
RENNSTEIG OVAL CRIMP DIES 10MM,Tridon 003483 Whitelaw Tooling Supplies,,,
RENNSTEIG OVAL CRIMP DIES 16MM,Tridon 003483 Whitelaw Tooling Supplies,,,
RENNSTEIG OVAL CRIMP DIES 5MM,Tridon 003483 Whitelaw Tooling Supplies,,,
RENNSTEIG INDENT CRIMPING DIE SET 6MM,Tridon 003483 Whitelaw Tooling Supplies,,,
RENNSTEIG INDENT CRIMPING DIE SET 10MM,Tridon 003483 Whitelaw Tooling Supplies,,,
RENNSTEIG INDENT CRIMPING DIE SET 16MM,Tridon 003483 Whitelaw Tooling Supplies,,,
RENNSTEIG INDENT CRIMPING DIE SET 25MM,Tridon 003483 Whitelaw Tooling Supplies,,,
RENNSTEIG INDENT CRIMPING DIE SET 35MM,Tridon 003483 Whitelaw Tooling Supplies,,,
RENNSTEIG INDENT CRIMPING DIE SET 6-35MM,Tridon 003483 Whitelaw Tooling Supplies,,,
RENNSTEIG PNEUMATIC CRIMP MACHINE CM25-1,Tridon 003483 Whitelaw Tooling Supplies,,,
RENNSTEIG PNEUMATIC CRIMP MACHINE CM25-3,Tridon 003483 Whitelaw Tooling Supplies,,,
RENNSTEIG PNEUMATIC CRIMP MACHINE CM25-5,Tridon 003483 Whitelaw Tooling Supplies,,,
RENNSTEIG PNEUMATIC CRIMP MACHINE CM25-6,Tridon 003483 Whitelaw Tooling Supplies,,,
RENNSTEIG DIGI CRIMP UNIT 8.72,Tridon 003483 Whitelaw Tooling Supplies,,,
RENNSTEIG DIGI CRIMP UNIT 8.72 WITH DIES,Tridon 003483 Whitelaw Tooling Supplies,,,
RENNSTEIG DIGI CRIMP UNIT 8.72,Tridon 003483 Whitelaw Tooling Supplies,,,
RENNSTEIG DIGI CRIMP UNIT 8.72 WITH DIES,Tridon 003483 Whitelaw Tooling Supplies,,,
RENNSTEIG DIGI CRIMP UNIT 8.75,Tridon 003483 Whitelaw Tooling Supplies,,,
RENNSTEIG DIGI CRIMP UNIT 8.75 WITH DIES,Tridon 003483 Whitelaw Tooling Supplies,,,
RENNSTEIG DIGI CRIMP UNIT 8.76,Tridon 003483 Whitelaw Tooling Supplies,,,
RENNSTEIG PNEUMATIC CRIMP MACHINE CM25-3,Tridon 003483 Whitelaw Tooling Supplies,,,
RENNSTEIG PNEUMATIC CRIMP MACHINE CM25-3,Tridon 003483 Whitelaw Tooling Supplies,,,
RENNSTEIG FERRULE CRIMP UNIT 8.84,Tridon 003483 Whitelaw Tooling Supplies,,,
RENNSTEIG PNEUMATIC CRIMP MACHINE CM25-3,Tridon 003483 Whitelaw Tooling Supplies,,,
RENNSTEIG REPLACEMENT BATTERY 12V 1.5AMP,Tridon 003483 Whitelaw Tooling Supplies,,,
RENNSTEIG REPLACEMENT BATTERY 12V 3AMP,Tridon 003483 Whitelaw Tooling Supplies,,,
RENNSTEIG BENCH MOUNT FOR POWER CRIMP,Tridon 003483 Whitelaw Tooling Supplies,,,
RENNSTEIG POWER CRIMP PEW12,Tridon 003483 Whitelaw Tooling Supplies,,,
KNIPEX END-CUTTING NIPPERS 115MM (AF),Tridon 003483 Whitelaw Tooling Supplies,,,
KNIPEX ELECT END CUTTNG NIPPER ESD (AF),Tridon 003483 Whitelaw Tooling Supplies,,,
KNIPEX ELECTRONICS END CUT NIPPER 115MM,Tridon 003483 Whitelaw Tooling Supplies,,,
KNIPEX ELECTRONICS END CUTTING NIPPERS 1,Tridon 003483 Whitelaw Tooling Supplies,,,
KNIPEX ELECTRONICS END CUT NIPPER 115mm,Tridon 003483 Whitelaw Tooling Supplies,,,
KNIPEX END CUT NIPPER ANTI STATIC 115mm,Tridon 003483 Whitelaw Tooling Supplies,,,
KNIPEX END CUTTING NIPPERS 115MM (AF),Tridon 003483 Whitelaw Tooling Supplies,,,
KNIPEX END CUTTING NIPPER ESD 115MM (AF),Tridon 003483 Whitelaw Tooling Supplies,,,
KNIPEX ELEC END CUTTING NIPPER 120MM,Tridon 003483 Whitelaw Tooling Supplies,,,
KNIPEX OBLIQUE CUTTING NIPPER 120MM (AF),Tridon 003483 Whitelaw Tooling Supplies,,,
KNIPEX ELECTRONICS END CUT NIPPER 115mm,Tridon 003483 Whitelaw Tooling Supplies,,,
KNIPEX ELECTRONICS END CUTTING NIPPERS 1,Tridon 003483 Whitelaw Tooling Supplies,,,
KNIPEX ELECTRONICS END CUT NIPPER 120 mm,Tridon 003483 Whitelaw Tooling Supplies,,,
KNIPEX ELECTRONICS END NIPPER ESD 115MM,Tridon 003483 Whitelaw Tooling Supplies,,,
KNIPEX END CUTTING NIPPERS 120MM (AF),Tridon 003483 Whitelaw Tooling Supplies,,,
SYKES PISTON RING 67-71mm,Tridon 003483 Whitelaw Tooling Supplies,,,
SYKES VALVE SPRING COMPRESS SMALL/MEDIUM,Tridon 003483 Whitelaw Tooling Supplies,,,
SYKES VALVE SPRING COMP.SML.(039900,Tridon 003483 Whitelaw Tooling Supplies,,,
SYKES MULTI-USE PULLER,Tridon 003483 Whitelaw Tooling Supplies,,,
SYKES HUB PULLER,Tridon 003483 Whitelaw Tooling Supplies,,,
SYKES SLIDE HAMMER,Tridon 003483 Whitelaw Tooling Supplies,,,
SYKES FLYWHEEL PULLER,Tridon 003483 Whitelaw Tooling Supplies,,,
SYKES BALL JOINT SEPARATOR,Tridon 003483 Whitelaw Tooling Supplies,,,
SYKES SUSPENSION COMPRESSOR FOR MINIS,Tridon 003483 Whitelaw Tooling Supplies,,,
SYKES MECHANICAL NUT SPLITTER,Tridon 003483 Whitelaw Tooling Supplies,,,
SYKES TWIN/TRIPLE LEG PULLER,Tridon 003483 Whitelaw Tooling Supplies,,,
SYKES TRIPLE HEAD ASSEMBLY,Tridon 003483 Whitelaw Tooling Supplies,,,
SYKES PISTON RING COMPRESSOR,Tridon 003483 Whitelaw Tooling Supplies,,,
SYKES PISTON RING COMPRESSOR,Tridon 003483 Whitelaw Tooling Supplies,,,
SYKES COMBINATION TWIN/TRIPLE PULLER,Tridon 003483 Whitelaw Tooling Supplies,,,
SYKES TWIN LEG PULLER,Tridon 003483 Whitelaw Tooling Supplies,,,
SYKES DRAIN PLUG KEY SET,Tridon 003483 Whitelaw Tooling Supplies,,,
SYKES DRAIN PLUG KEY SET,Tridon 003483 Whitelaw Tooling Supplies,,,
SYKES DRAIN PLUG KEY SET,Tridon 003483 Whitelaw Tooling Supplies,,,
SYKES DRAIN PLUG KEY SET,Tridon 003483 Whitelaw Tooling Supplies,,,
SYKES DRAIN PLUG KEY SET,Tridon 003483 Whitelaw Tooling Supplies,,,
SYKES DRAIN PLUG KEY SET,Tridon 003483 Whitelaw Tooling Supplies,,,
SYKES EXHAUST CLAMP REMOVAL PLATES - VW,Tridon 003483 Whitelaw Tooling Supplies,,,
SYKES VALVE SPRING COMPRESSOR O/HEAD CAM,Tridon 003483 Whitelaw Tooling Supplies,,,
SYKES BALL JOINT REMOVER,Tridon 003483 Whitelaw Tooling Supplies,,,
SYKES BRAKE BLEEDER,Tridon 003483 Whitelaw Tooling Supplies,,,
SYKES BALL JOINT SEPARATOR,Tridon 003483 Whitelaw Tooling Supplies,,,
SYKES TORX DRIVE SET-3 PIECE,Tridon 003483 Whitelaw Tooling Supplies,,,
SYKES HEX BIT SOCKET 3/8 SET,Tridon 003483 Whitelaw Tooling Supplies,,,
SYKES SPLINE BIT SET-3 PIECE,Tridon 003483 Whitelaw Tooling Supplies,,,
SYKES SPLINE BIT SET-6 PIECE,Tridon 003483 Whitelaw Tooling Supplies,,,
SYKES SPLINE BIT 12mm LONG,Tridon 003483 Whitelaw Tooling Supplies,,,
SYKES CALIPER HX WRENCH-7MM CALIPER BOLT,Tridon 003483 Whitelaw Tooling Supplies,,,
SYKES DIESEL FUEL PIPE WRENCH 17MM,Tridon 003483 Whitelaw Tooling Supplies,,,
SYKES DIESEL FUEL PIPE WRENCH 14MM,Tridon 003483 Whitelaw Tooling Supplies,,,
SYKES BRAKE PIPE NUT WRENCH 8 X 10MM,Tridon 003483 Whitelaw Tooling Supplies,,,
SYKES HEX BIT SET Mm-6 PIECE,Tridon 003483 Whitelaw Tooling Supplies,,,
SYKES HOSE CLAMP DRIVER 6MM,Tridon 003483 Whitelaw Tooling Supplies,,,
SYKES HOSE CLAMP DRIVER 7MM,Tridon 003483 Whitelaw Tooling Supplies,,,
SYKES HOSE CLAMP DRIVER 8MM,Tridon 003483 Whitelaw Tooling Supplies,,,
SYKES HOSE DRIVER SET OF 3,Tridon 003483 Whitelaw Tooling Supplies,,,
"SYKES HOOK, PICK AND SCRAPER SET 9 PCE",Tridon 003483 Whitelaw Tooling Supplies,,,
"SYKES VALVE GRINDERS, SMALL SINGLE ENDED",Tridon 003483 Whitelaw Tooling Supplies,,,
SYKES VALVE GRINDERS SMALL/MEDIUM 2ENDED,Tridon 003483 Whitelaw Tooling Supplies,,,
SYKES MINI TUBE CUTTER 3-22MM,Tridon 003483 Whitelaw Tooling Supplies,,,
SYKES WIRE BRUSH - 4 ROW,Tridon 003483 Whitelaw Tooling Supplies,,,
SYKES SCREW EXTRACTOR SET 5 PIECE,Tridon 003483 Whitelaw Tooling Supplies,,,
SYKES STUD EXTRACTOR 1/2inch (020500),Tridon 003483 Whitelaw Tooling Supplies,,,
SYKES STUD EXTRACTOR  M6,Tridon 003483 Whitelaw Tooling Supplies,,,
SYKES STUD EXTRACTOR  M10,Tridon 003483 Whitelaw Tooling Supplies,,,
SYKES GASKET SCRAPER,Tridon 003483 Whitelaw Tooling Supplies,,,
RENNSTEIG BENCH MOUNT FOR HC20,Tridon 003483 Whitelaw Tooling Supplies,,,
SYKES PICK-UP TOOL (CLAW),Tridon 003483 Whitelaw Tooling Supplies,,,
RENNSTEIG HYDRAULIC CRIMPING TOOL HC20,Tridon 003483 Whitelaw Tooling Supplies,,,
SYKES TELESCOPIC MAGNETIC PICK-UP,Tridon 003483 Whitelaw Tooling Supplies,,,
SYKES SPARK PLUG WRENCH 5/8INCH,Tridon 003483 Whitelaw Tooling Supplies,,,
SYKES ENGINE CLEANING BRUSH,Tridon 003483 Whitelaw Tooling Supplies,,,
SYKES GREASE GUN 125CC,Tridon 003483 Whitelaw Tooling Supplies,,,
SYKES  GREASE GUN ACCESSORY SET,Tridon 003483 Whitelaw Tooling Supplies,,,
SYKES CIRCUIT TESTER 6-24V,Tridon 003483 Whitelaw Tooling Supplies,,,
SYKES CIRCUIT TESTER,Tridon 003483 Whitelaw Tooling Supplies,,,
KNIPEX HIGH LEV END CUTTING NIPPER 140MM,Tridon 003483 Whitelaw Tooling Supplies,,,
KNIPEX HIGH LEV END CUTTING NIPPER 160MM,Tridon 003483 Whitelaw Tooling Supplies,,,
KNIPEX HIGH LEV END CUTTING NIPPER 200MM,Tridon 003483 Whitelaw Tooling Supplies,,,
SYKES SPLINE BIT M8 X 125MM,Tridon 003483 Whitelaw Tooling Supplies,,,
SYKES SPLINE BIT M10 X 125MM,Tridon 003483 Whitelaw Tooling Supplies,,,
RENNSTEIG CRIMP HEAD 8.75-3,Tridon 003483 Whitelaw Tooling Supplies,,,
RENNSTEIG CRIMP HEAD 8.75-6,Tridon 003483 Whitelaw Tooling Supplies,,,
RENNSTEIG CRIMP HEAD 8.76-3,Tridon 003483 Whitelaw Tooling Supplies,,,
SYKES COLLAPSIBLE MAG PARTS TRAY SMALL,Tridon 003483 Whitelaw Tooling Supplies,,,
SYKES COLLAPSIBLE MAG PARTS TRAY LARGE,Tridon 003483 Whitelaw Tooling Supplies,,,
SYKES COLLAPSIBLE MAG PARTS TRAY OVAL,Tridon 003483 Whitelaw Tooling Supplies,,,
SYKES MINI ENGRAVER DIAMOND TIPPED,Tridon 003483 Whitelaw Tooling Supplies,,,
SYKES BUTANE SOLDERING IRON KIT,Tridon 003483 Whitelaw Tooling Supplies,,,
SYKES DOWEL PIN PULLER MASTER SET,Tridon 003483 Whitelaw Tooling Supplies,,,
RENNSTEIG ASSEMBLY TOOL 115MM,Tridon 003483 Whitelaw Tooling Supplies,,,
RENNSTEIG ASSEMBLY TOOL 120MM,Tridon 003483 Whitelaw Tooling Supplies,,,
RENNSTEIG ASSEMBLY TOOL 120MM,Tridon 003483 Whitelaw Tooling Supplies,,,
RENNSTEIG ASSEMBLY TOOL 115MM,Tridon 003483 Whitelaw Tooling Supplies,,,
RENNSTEIG ASSEMBLY TOOL 115MM,Tridon 003483 Whitelaw Tooling Supplies,,,
RENNSTEIG ASSEMBLY TOOL 140MM,Tridon 003483 Whitelaw Tooling Supplies,,,
RENNSTEIG ASSEMBLY TOOL 130MM,Tridon 003483 Whitelaw Tooling Supplies,,,
RENNSTEIG ASSEMBLY TOOL 130MM,Tridon 003483 Whitelaw Tooling Supplies,,,
KNIPEX END CUTTING NIPPER 160MM,Tridon 003483 Whitelaw Tooling Supplies,,,
KNIPEX END CUTTING NIPPER 180MM,Tridon 003483 Whitelaw Tooling Supplies,,,
KNIPEX END CUTTING NIPPER 200MM UNCARDED,Tridon 003483 Whitelaw Tooling Supplies,,,
KNIPEX END CUTTING NIPPER 200MM,Tridon 003483 Whitelaw Tooling Supplies,,,
KNIPEX END CUTTING NIPPER 280MM UNCARDED,Tridon 003483 Whitelaw Tooling Supplies,,,
KNIPEX END CUTTING NIPPER 280MM,Tridon 003483 Whitelaw Tooling Supplies,,,
SYKES 3/8IN DRIVE PLUG SOCKET 13/16IN,Tridon 003483 Whitelaw Tooling Supplies,,,
SYKES TORX DRIVER T20,Tridon 003483 Whitelaw Tooling Supplies,,,
SYKES TORX DRIVER T40,Tridon 003483 Whitelaw Tooling Supplies,,,
RENNSTEIG DIGITAL VERNIER CALIPER 150MM,Tridon 003483 Whitelaw Tooling Supplies,,,
RENNSTEIG ASSEMBLY KEY MC4 CONNECTORS,Tridon 003483 Whitelaw Tooling Supplies,,,
KNIPEX END-CUTTING NIPPERS 130MM (AF),Tridon 003483 Whitelaw Tooling Supplies,,,
KNIPEX END CUTTING NIPPER 130MM (AF),Tridon 003483 Whitelaw Tooling Supplies,,,
RENNSTEIG PARALLEL CRIMPING TOOL 200MM,Tridon 003483 Whitelaw Tooling Supplies,,,
RENNSTEIG CABLE SHEARS 170MM,Tridon 003483 Whitelaw Tooling Supplies,,,
RENNSTEIG CABLE SHEARS 170MM,Tridon 003483 Whitelaw Tooling Supplies,,,
RENNSTEIG CABLE SHEARS 170MM,Tridon 003483 Whitelaw Tooling Supplies,,,
RENNSTEIG CABLE SHEARS 170MM,Tridon 003483 Whitelaw Tooling Supplies,,,
RENNSTEIG CABLE SHEARS WITH SPRING 170MM,Tridon 003483 Whitelaw Tooling Supplies,,,
RENNSTEIG CABLE SHEARS WITH SPRING 170MM,Tridon 003483 Whitelaw Tooling Supplies,,,
RENNSTEIG CABLE SHEARS WITH SPRING 170MM,Tridon 003483 Whitelaw Tooling Supplies,,,
RENNSTEIG CABLE SHEARS WITH SPRING 170MM,Tridon 003483 Whitelaw Tooling Supplies,,,
RENNSTEIG CABLE SHEARS 200MM,Tridon 003483 Whitelaw Tooling Supplies,,,
RENNSTEIG CABLE SHEARS 200MM,Tridon 003483 Whitelaw Tooling Supplies,,,
RENNSTEIG CABLE SHEARS 200MM,Tridon 003483 Whitelaw Tooling Supplies,,,
RENNSTEIG CABLE SHEARS 200MM,Tridon 003483 Whitelaw Tooling Supplies,,,
RENNSTEIG CABLE SHEARS 500MM,Tridon 003483 Whitelaw Tooling Supplies,,,
RENNSTEIG REPLACEMENT CUTTING HEAD,Tridon 003483 Whitelaw Tooling Supplies,,,
KNIPEX DIAGONAL CUTTER 110MM,Tridon 003483 Whitelaw Tooling Supplies,,,
KNIPEX DIAGONAL CUTTER 125MM,Tridon 003483 Whitelaw Tooling Supplies,,,
KNIPEX DIAGONAL CUTTER 140MM,Tridon 003483 Whitelaw Tooling Supplies,,,
KNIPEX DIAGONAL CUTTER 160MM,Tridon 003483 Whitelaw Tooling Supplies,,,
RENNSTEIG CABLE SHEARS WITH SPRING 170MM,Tridon 003483 Whitelaw Tooling Supplies,,,
KNIPEX DIAGONAL CUTTER 180MM,Tridon 003483 Whitelaw Tooling Supplies,,,
KNIPEX DIAGONAL CUTTER 125MM,Tridon 003483 Whitelaw Tooling Supplies,,,
KNIPEX DIAGONAL CUTTER 140MM,Tridon 003483 Whitelaw Tooling Supplies,,,
KNIPEX WE FORGE WINNERS DIAG CUTTER 160M,Tridon 003483 Whitelaw Tooling Supplies,,,
KNIPEX DIAGONAL CUTTER 160MM,Tridon 003483 Whitelaw Tooling Supplies,,,
KNIPEX DIAGONAL CUTTER 180MM,Tridon 003483 Whitelaw Tooling Supplies,,,
KNIPEX DIAG CUTTING NIPPER 140 (AF),Tridon 003483 Whitelaw Tooling Supplies,,,
KNIPEX DIAG CUTTING NIPPER 140MM (AF),Tridon 003483 Whitelaw Tooling Supplies,,,
KNIPEX DIAGONAL CUTTER 160MM,Tridon 003483 Whitelaw Tooling Supplies,,,
KNIPEX DIAGONAL CUTTER 180MM (AF),Tridon 003483 Whitelaw Tooling Supplies,,,
KNIPEX 1000V DIAGONAL CUTTER 125MM,Tridon 003483 Whitelaw Tooling Supplies,,,
KNIPEX 1000V DIAGONAL CUTTER 140MM,Tridon 003483 Whitelaw Tooling Supplies,,,
KNIPEX 1000V DIAGONAL CUTTER 160MM,Tridon 003483 Whitelaw Tooling Supplies,,,
KNIPEX TETHERED DIAG CUTTER 1000V 160MM,Tridon 003483 Whitelaw Tooling Supplies,,,
KNIPEX 1000V DIAGONAL CUTTER 180MM,Tridon 003483 Whitelaw Tooling Supplies,,,
KNIPEX TETHERED DIAG CUTTER 1000V 180MM,Tridon 003483 Whitelaw Tooling Supplies,,,
KNIPEX 1000V DIAG CUTTING NIP 160MM (AF),Tridon 003483 Whitelaw Tooling Supplies,,,
KNIPEX 1000V DIAG CUTTING NIPPERS 180MM,Tridon 003483 Whitelaw Tooling Supplies,,,
TOLEDO TAPER GAUGE 1-15MM,Tridon 003483 Whitelaw Tooling Supplies,,,
TOLEDO TAPER GAUGE ABS RESIN 1-15MM,Tridon 003483 Whitelaw Tooling Supplies,,,
TOLEDO TAPER GAUGE DOUBLE 1-15MM,Tridon 003483 Whitelaw Tooling Supplies,,,
TOLEDO TAPER GAUGE W/ METAL CASE,Tridon 003483 Whitelaw Tooling Supplies,,,
TOLEDO TAPER GAUGE 0-15MM W/150MM RULE,Tridon 003483 Whitelaw Tooling Supplies,,,
TOLEDO TAPER GAUGE 15-30MM,Tridon 003483 Whitelaw Tooling Supplies,,,
TOLEDO TAPER GAUGE 30-45MM,Tridon 003483 Whitelaw Tooling Supplies,,,
TOLEDO TAPER GAUGE 45-60MM,Tridon 003483 Whitelaw Tooling Supplies,,,
KNIPEX DIAGONAL CUTTER WITH SPRING,Tridon 003483 Whitelaw Tooling Supplies,,,
KNIPEX DIAGONAL CUTTING NIPPERS 140MM,Tridon 003483 Whitelaw Tooling Supplies,,,
KNIPEX DIAGONAL CUTTERS 110MM,Tridon 003483 Whitelaw Tooling Supplies,,,
KNIPEX 1000V DIAGONAL CUTTER 160MM,Tridon 003483 Whitelaw Tooling Supplies,,,
RENNSTEIG AUTOMATIC INSULATION STRIPPER,Tridon 003483 Whitelaw Tooling Supplies,,,
RENNSTEIG SPARE BLADE,Tridon 003483 Whitelaw Tooling Supplies,,,
RENNSTEIG SPARE CLAMPING JAWS,Tridon 003483 Whitelaw Tooling Supplies,,,
RENNSTEIG SPARE LENGTH STOP,Tridon 003483 Whitelaw Tooling Supplies,,,
RENNSTEIG AUTOMATIC INSULATION STRIPPER,Tridon 003483 Whitelaw Tooling Supplies,,,
RENNSTEIG SPARE BLADE,Tridon 003483 Whitelaw Tooling Supplies,,,
RENNSTEIG SPARE CLAMPING JAWS,Tridon 003483 Whitelaw Tooling Supplies,,,
RENNSTEIG MULTISTRIP 10 195MM,Tridon 003483 Whitelaw Tooling Supplies,,,
RENNSTEIG SPARE BLADES,Tridon 003483 Whitelaw Tooling Supplies,,,
RENNSTEIG SPARE LENGTH STOP,Tridon 003483 Whitelaw Tooling Supplies,,,
RENNSTEIG MULTISTRIP 16,Tridon 003483 Whitelaw Tooling Supplies,,,
RENNSTEIG MULTISTRIP16 SPARE BLADE,Tridon 003483 Whitelaw Tooling Supplies,,,
RENNSTEIG INSULATION STRIPPER FRAME ONLY,Tridon 003483 Whitelaw Tooling Supplies,,,
RENNSTEIG REPLACEMENT STRIPPING BLADES,Tridon 003483 Whitelaw Tooling Supplies,,,
RENNSTEIG INSULATION STRIPPER 200MM,Tridon 003483 Whitelaw Tooling Supplies,,,
RENNSTEIG INSULATION STRIPPER 200MM,Tridon 003483 Whitelaw Tooling Supplies,,,
RENNSTEIG REPLACEMENT STRIPPING BLADES,Tridon 003483 Whitelaw Tooling Supplies,,,
RENNSTEIG INSULATION STRIPPER 200MM,Tridon 003483 Whitelaw Tooling Supplies,,,
RENNSTEIG REPLACEMENT STRIPPING BLADES,Tridon 003483 Whitelaw Tooling Supplies,,,
RENNSTEIG REPLACEMENT STRIPPING BLADES,Tridon 003483 Whitelaw Tooling Supplies,,,
RENNSTEIG INSULATION STRIPPER 200MM,Tridon 003483 Whitelaw Tooling Supplies,,,
RENNSTEIG REPLACEMENT STRIPPING BLADES,Tridon 003483 Whitelaw Tooling Supplies,,,
RENNSTEIG INSULATION STRIPPER 200MM,Tridon 003483 Whitelaw Tooling Supplies,,,
RENNSTEIG REPLACEMENT STRIPPING BLADES,Tridon 003483 Whitelaw Tooling Supplies,,,
RENNSTEIG INSULATION STRIPPER 200MM,Tridon 003483 Whitelaw Tooling Supplies,,,
RENNSTEIG INSULATION STRIPPER 200MM,Tridon 003483 Whitelaw Tooling Supplies,,,
RENNSTEIG REPLACEMENT STRIPPING BLADES,Tridon 003483 Whitelaw Tooling Supplies,,,
RENNSTEIG INSULATION STRIPPER 200MM,Tridon 003483 Whitelaw Tooling Supplies,,,
RENNSTEIG INSULATION STRIPPER 231,Tridon 003483 Whitelaw Tooling Supplies,,,
RENNSTEIG INSULATION STRIPPER 200MM,Tridon 003483 Whitelaw Tooling Supplies,,,
RENNSTEIG STRIPPING BLADES FOR 708247,Tridon 003483 Whitelaw Tooling Supplies,,,
RENNSTEIG INSULATION STRIPPER 247,Tridon 003483 Whitelaw Tooling Supplies,,,
RENNSTEIG REPLACEMENT STRIPPING BLADES,Tridon 003483 Whitelaw Tooling Supplies,,,
RENNSTEIG INSULATION STRIPPER 200MM,Tridon 003483 Whitelaw Tooling Supplies,,,
RENNSTEIG REPLACEMENT STRIPPING BLADES,Tridon 003483 Whitelaw Tooling Supplies,,,
RENNSTEIG INSULATION STRIPPER 200MM,Tridon 003483 Whitelaw Tooling Supplies,,,
RENNSTEIG INSULATION STRIPPER 269 (AF),Tridon 003483 Whitelaw Tooling Supplies,,,
KNIPEX COMPACT BOLT CUTTER 160MM,Tridon 003483 Whitelaw Tooling Supplies,,,
KNIPEX COMPACT BOLT CUTTER FENCING 200MM,Tridon 003483 Whitelaw Tooling Supplies,,,
KNIPEX COMPACT BOLT CUTTER 200MM,Tridon 003483 Whitelaw Tooling Supplies,,,
KNIPEX COMPACT BOLT CUTTER 250MM,Tridon 003483 Whitelaw Tooling Supplies,,,
KNIPEX COMPACT BOLT CUTTER 200MM,Tridon 003483 Whitelaw Tooling Supplies,,,
KNIPEX TETHERED COBOLT BOLT CUTTER 200MM,Tridon 003483 Whitelaw Tooling Supplies,,,
KNIPEX COBOLT 200MM WITH STIRRUP LOCK,Tridon 003483 Whitelaw Tooling Supplies,,,
KNIPEX COMPACT BOLT CUTT 200MM UNCARDED,Tridon 003483 Whitelaw Tooling Supplies,,,
KNIPEX COMPACT BOLT CUTTER 200MM W/ LOCK,Tridon 003483 Whitelaw Tooling Supplies,,,
KNIPEX SPRING FOR COBOLT COMFORT GRIP,Tridon 003483 Whitelaw Tooling Supplies,,,
KNIPEX SPARE SPRING/HOLDER (AF),Tridon 003483 Whitelaw Tooling Supplies,,,
RENNSTEIG CABLE CUTTER 60MM DIA,Tridon 003483 Whitelaw Tooling Supplies,,,
RENNSTEIG REPLACEMENT CUTTING BLADES,Tridon 003483 Whitelaw Tooling Supplies,,,
RENNSTEIG CABLE CUTTER 100MM DIA,Tridon 003483 Whitelaw Tooling Supplies,,,
RENNSTEIG REPLACEMENT CUTTING BLADES,Tridon 003483 Whitelaw Tooling Supplies,,,
KNIPEX COMPACT BOLT CUTTER ANG 200MM,Tridon 003483 Whitelaw Tooling Supplies,,,
KNIPEX COMPACT BOLT CUTTER ANG 200MM,Tridon 003483 Whitelaw Tooling Supplies,,,
KNIPEX TETH COBOLT BOLT CUTT 200MM (AF),Tridon 003483 Whitelaw Tooling Supplies,,,
KNIPEX COMPACT BOLT CUTTER 160MM,Tridon 003483 Whitelaw Tooling Supplies,,,
KNIPEX COMPACT BOLT CUTTER FENCING GRADE,Tridon 003483 Whitelaw Tooling Supplies,,,
KNIPEX COMPACT BOLT CUTTER  200MM,Tridon 003483 Whitelaw Tooling Supplies,,,
KNIPEX COMPACT BOLT CUTTER 250MM,Tridon 003483 Whitelaw Tooling Supplies,,,
KNIPEX COMPACT BOLT CUTTER  200MM,Tridon 003483 Whitelaw Tooling Supplies,,,
KNIPEX COMPACT BOLT CUTTER  200MM,Tridon 003483 Whitelaw Tooling Supplies,,,
KNIPEX COBOLT BOLT CUTTER 200MM (AF),Tridon 003483 Whitelaw Tooling Supplies,,,
KNIPEX BOLT CUTTER HIGH TENSILE 460MM,Tridon 003483 Whitelaw Tooling Supplies,,,
KNIPEX BOLT CUTTER HIGH TENSILE 610MM,Tridon 003483 Whitelaw Tooling Supplies,,,
KNIPEX BOLT CUTTER HIGH TENSILE 760MM,Tridon 003483 Whitelaw Tooling Supplies,,,
KNIPEX BOLT CUTTER HIGH TENSILE 910MM,Tridon 003483 Whitelaw Tooling Supplies,,,
KNIPEX SPARE HEAD FOR 7172460 (AF),Tridon 003483 Whitelaw Tooling Supplies,,,
KNIPEX SPARE JAWS FOR 7172910,Tridon 003483 Whitelaw Tooling Supplies,,,
KNIPEX CONCRETE MESH CUTTER 950MM,Tridon 003483 Whitelaw Tooling Supplies,,,
KNIPEX SP CUTTER HEAD FOR 7182950 (AF),Tridon 003483 Whitelaw Tooling Supplies,,,
KNIPEX DIAGONAL CUTTER W/ SPRING140MM,Tridon 003483 Whitelaw Tooling Supplies,,,
KNIPEX DIAGONAL CUTTING NIPPERS (AF),Tridon 003483 Whitelaw Tooling Supplies,,,
KNIPEX DIAGONAL CUTTER W/ SPRING 160MM,Tridon 003483 Whitelaw Tooling Supplies,,,
KNIPEX DIAGONAL CUTTER W/ SPRING 180MM,Tridon 003483 Whitelaw Tooling Supplies,,,
KNIPEX DIAGONAL CUTTERS W/ SPRING 125MM,Tridon 003483 Whitelaw Tooling Supplies,,,
KNIPEX SPRING FOR 72 SER FLUSH CUTTERS,Tridon 003483 Whitelaw Tooling Supplies,,,
KNIPEX DIAGONAL CUTTING NIPPERS 160MM,Tridon 003483 Whitelaw Tooling Supplies,,,
KNIPEX DIAGONAL CUTTERS FOR PLASTICS 160,Tridon 003483 Whitelaw Tooling Supplies,,,
RENNSTEIG INSERTION TOOL FOR DATA CABLES,Tridon 003483 Whitelaw Tooling Supplies,,,
RENNSTEIG SPARE CABLE CLAMP,Tridon 003483 Whitelaw Tooling Supplies,,,
RENNSTEIG ASSEMBLY TOOL MC3 CONNECTORS,Tridon 003483 Whitelaw Tooling Supplies,,,
RENNSTEIG EMPTY SPINDLE MAGAZINE,Tridon 003483 Whitelaw Tooling Supplies,,,
RENNSTEIG REPLACEMENT SPINDLE 2.5 - 4MM,Tridon 003483 Whitelaw Tooling Supplies,,,
RENNSTEIG REPLACEMENT SPINDLE 6MM,Tridon 003483 Whitelaw Tooling Supplies,,,
RENNSTEIG REPLACEMENT SPINDLE 10MM,Tridon 003483 Whitelaw Tooling Supplies,,,
KNIPEX DIAG CUTT FOR FIBRE OPTICS 160MM,Tridon 003483 Whitelaw Tooling Supplies,,,
KNIPEX HIGH LEVERAGE FLUSH CUTTER 200MM,Tridon 003483 Whitelaw Tooling Supplies,,,
KNIPEX X-CUT PLIER,Tridon 003483 Whitelaw Tooling Supplies,,,
KNIPEX X-CUT PLIER 160MM (AF),Tridon 003483 Whitelaw Tooling Supplies,,,
KNIPEX TETH X-CUT DIAG CUTTER 160MM (AF),Tridon 003483 Whitelaw Tooling Supplies,,,
KNIPEX 1000V X-CUT PLIER,Tridon 003483 Whitelaw Tooling Supplies,,,
KNIPEX TETHERED XCUT PLIER 1000V 160MM,Tridon 003483 Whitelaw Tooling Supplies,,,
KNIPEX TWINFORCE 180MM,Tridon 003483 Whitelaw Tooling Supplies,,,
KNIPEX TWIN FORCE 180MM,Tridon 003483 Whitelaw Tooling Supplies,,,
KNIPEX TWINFORCE  W/SPRING 180MM,Tridon 003483 Whitelaw Tooling Supplies,,,
KNIPEX HIGH LEV DIAGONAL CUTTER 140MM,Tridon 003483 Whitelaw Tooling Supplies,,,
KNIPEX HIGH LEV DIAGONAL CUTTER 160MM,Tridon 003483 Whitelaw Tooling Supplies,,,
KNIPEX HIGH LEV DIAGONAL CUTTER 180MM,Tridon 003483 Whitelaw Tooling Supplies,,,
KNIPEX HIGH LEV DIAGONAL CUTTER 200MM,Tridon 003483 Whitelaw Tooling Supplies,,,
KNIPEX HIGH LEV DIAGONAL CUTTER 250MM,Tridon 003483 Whitelaw Tooling Supplies,,,
KNIPEX HIGH LEV DIAGONAL CUTTER 140MM,Tridon 003483 Whitelaw Tooling Supplies,,,
KNIPEX HIGH LEV DIAGONAL CUTTER 160MM,Tridon 003483 Whitelaw Tooling Supplies,,,
KNIPEX HIGH LEV DIAGONAL CUTTER 180MM,Tridon 003483 Whitelaw Tooling Supplies,,,
KNIPEX HIGH LEV DIAGONAL CUTTER 200MM,Tridon 003483 Whitelaw Tooling Supplies,,,
KNIPEX TETHERED HI LEV DIAG CUTTER 200MM,Tridon 003483 Whitelaw Tooling Supplies,,,
KNIPEX HIGH LEV DIAGONAL CUTTER 250MM,Tridon 003483 Whitelaw Tooling Supplies,,,
KNIPEX HIGH LEV DIAG CUTTER 140MM (AF),Tridon 003483 Whitelaw Tooling Supplies,,,
KNIPEX HIGH LEV DIAG CUTTER 160MM (AF),Tridon 003483 Whitelaw Tooling Supplies,,,
KNIPEX HIGH LEV DIAGONAL CUTTER 180MM,Tridon 003483 Whitelaw Tooling Supplies,,,
KNIPEX HIGH LEV DIAG CUTTER 200MM (AF),Tridon 003483 Whitelaw Tooling Supplies,,,
KNIPEX HIGH LEV DIAG CUTTER 250MM (AF),Tridon 003483 Whitelaw Tooling Supplies,,,
KNIPEX 1000V HIGH LEV DIAG CUTTER 160MM,Tridon 003483 Whitelaw Tooling Supplies,,,
KNIPEX 1000V HIGH LEV DIAG CUTTER 180MM,Tridon 003483 Whitelaw Tooling Supplies,,,
KNIPEX 1000V HIGH LEV DIAG CUTTER 200MM,Tridon 003483 Whitelaw Tooling Supplies,,,
KNIPEX TETHERED HI LEV DIAG 1000V 200MM,Tridon 003483 Whitelaw Tooling Supplies,,,
KNIPEX 1000V HIGH LEV DIAG CUTTER 250MM,Tridon 003483 Whitelaw Tooling Supplies,,,
KNIPEX TETHERED HI LEV DIAG 1000V 250MM,Tridon 003483 Whitelaw Tooling Supplies,,,
KNIPEX 1000V DIAG CUTTING NIPPER 20 (AF),Tridon 003483 Whitelaw Tooling Supplies,,,
KNIPEX 1000V DIAGONAL CUTTING NIPPERS 25,Tridon 003483 Whitelaw Tooling Supplies,,,
KNIPEX HIGH LEV DIAGONAL CUTTER 160MM,Tridon 003483 Whitelaw Tooling Supplies,,,
KNIPEX HIGH LEV DIAGONAL CUTTER 180MM,Tridon 003483 Whitelaw Tooling Supplies,,,
KNIPEX HIGH LEV DIAGONAL CUTTER 200MM,Tridon 003483 Whitelaw Tooling Supplies,,,
KNIPEX DIAG CUTTING NIPPER 250MM (AF),Tridon 003483 Whitelaw Tooling Supplies,,,
KNIPEX DIAG CUTTING NIPPER 200MM (AF),Tridon 003483 Whitelaw Tooling Supplies,,,
KNIPEX DIAG CUTTING NIPPER 250MM (AF),Tridon 003483 Whitelaw Tooling Supplies,,,
KNIPEX HIGH LEVERAGE CENTRE CUTTER 250MM,Tridon 003483 Whitelaw Tooling Supplies,,,
KNIPEX ELECTRONICS DIAG CUTTER 125MM,Tridon 003483 Whitelaw Tooling Supplies,,,
KNIPEX DIAG CUTTING NIPPER 125MM (AF),Tridon 003483 Whitelaw Tooling Supplies,,,
KNIPEX DIAG CUTTING NIPPER 125MM (AF),Tridon 003483 Whitelaw Tooling Supplies,,,
KNIPEX ELECTRONICS DIAG CUTTER 125MM,Tridon 003483 Whitelaw Tooling Supplies,,,
KNIPEX DIAG CUTTING NIPPER 125MM (AF),Tridon 003483 Whitelaw Tooling Supplies,,,
KNIPEX DIAGONAL CUTTER 125MM (AF),Tridon 003483 Whitelaw Tooling Supplies,,,
KNIPEX DIAGONAL CUTTER 125MM (AF),Tridon 003483 Whitelaw Tooling Supplies,,,
KNIPEX DIAG CUTTING NIPPER 125MM (AF),Tridon 003483 Whitelaw Tooling Supplies,,,
KNIPEX DIAGONAL CUTTING NIPPERS 125MM,Tridon 003483 Whitelaw Tooling Supplies,,,
KNIPEX DIAG CUTTING NIPPER 125MM (AF),Tridon 003483 Whitelaw Tooling Supplies,,,
KNIPEX ELECTRONICS DIAG CUTTER 115MM,Tridon 003483 Whitelaw Tooling Supplies,,,
KNIPEX ELECTRONICS DIAG CUTTER 130MM,Tridon 003483 Whitelaw Tooling Supplies,,,
KNIPEX ELECTRONICS DIAG CUTTER ESD 115MM,Tridon 003483 Whitelaw Tooling Supplies,,,
KNIPEX ELECTRONICS DIAG CUTTER 115MM,Tridon 003483 Whitelaw Tooling Supplies,,,
KNIPEX ELECTRONIC DIAG CUTTER 120MM (AF),Tridon 003483 Whitelaw Tooling Supplies,,,
KNIPEX ELECT DIAG CUTTER ESD 120MM (AF),Tridon 003483 Whitelaw Tooling Supplies,,,
KNIPEX ELECTRONICS DIAG CUTTER 130MM,Tridon 003483 Whitelaw Tooling Supplies,,,
KNIPEX ELECTRONICS DIAG CUTTER ESD (AF),Tridon 003483 Whitelaw Tooling Supplies,,,
KNIPEX ELECTRONIC DIAG CUTTER 135MM (AF),Tridon 003483 Whitelaw Tooling Supplies,,,
KNIPEX ELECT DIAG CUTTER ESD 135MM (AF),Tridon 003483 Whitelaw Tooling Supplies,,,
KNIPEX ELECTRONICS DIAG CUTTER 115MM,Tridon 003483 Whitelaw Tooling Supplies,,,
KNIPEX ELECTRONIC DIAG CUTTER 115MM (AF),Tridon 003483 Whitelaw Tooling Supplies,,,
KNIPEX DIAGONAL CUTTING NIPPERS (AF),Tridon 003483 Whitelaw Tooling Supplies,,,
KNIPEX DIAGONAL CUTTING NIPPERS (AF),Tridon 003483 Whitelaw Tooling Supplies,,,
KNIPEX ELECTRONICS DIAG CUTTER ESD 115MM,Tridon 003483 Whitelaw Tooling Supplies,,,
KNIPEX ELECTRONICS DIAG CUTTER 115MM,Tridon 003483 Whitelaw Tooling Supplies,,,
KNIPEX ELECTRONICS DIAG CUTTER 130MM,Tridon 003483 Whitelaw Tooling Supplies,,,
KNIPEX ELECT DIAG CUTTER ESD 115MM (AF),Tridon 003483 Whitelaw Tooling Supplies,,,
KNIPEX DIAG CUTTING NIPPER 115MM (AF),Tridon 003483 Whitelaw Tooling Supplies,,,
KNIPEX ELECTRONIC DIAG CUTTER 120MM (AF),Tridon 003483 Whitelaw Tooling Supplies,,,
KNIPEX ELECT DIAG CUTTER ESD 120MM (AF),Tridon 003483 Whitelaw Tooling Supplies,,,
KNIPEX ELECTRONICS DIAG CUTTER,Tridon 003483 Whitelaw Tooling Supplies,,,
KNIPEX ELECTRONICS DIAG CUTTER ESD (AF),Tridon 003483 Whitelaw Tooling Supplies,,,
KNIPEX DIAGONAL CUTTING NIPPERS (AF),Tridon 003483 Whitelaw Tooling Supplies,,,
KNIPEX ELECT DIAG CUTTER ESD 115MM (AF),Tridon 003483 Whitelaw Tooling Supplies,,,
KNIPEX ELECTRONICS DIAG CUTTER 115MM,Tridon 003483 Whitelaw Tooling Supplies,,,
KNIPEX ELECTRONICS DIAG CUTTER 130MM,Tridon 003483 Whitelaw Tooling Supplies,,,
KNIPEX ELECTRONICS DIAG CUTTER ESD (AF),Tridon 003483 Whitelaw Tooling Supplies,,,
KNIPEX ELECTRONIC DIAG CUTTER 115MM (AF),Tridon 003483 Whitelaw Tooling Supplies,,,
KNIPEX ELECT DIAG CUTTER ESD 115MM (AF),Tridon 003483 Whitelaw Tooling Supplies,,,
KNIPEX ELECT DIAG CUTTER ESD 115MM (AF),Tridon 003483 Whitelaw Tooling Supplies,,,
KNIPEX ELECTRONIC DIAG CUTTER 115MM (AF),Tridon 003483 Whitelaw Tooling Supplies,,,
KNIPEX ELECTRONICS DIAG CUTTER,Tridon 003483 Whitelaw Tooling Supplies,,,
KNIPEX ELECTRONICS DIAG CUTTER ESD (AF),Tridon 003483 Whitelaw Tooling Supplies,,,
KNIPEX ELECT SUPER KNIPS 125MM  (AF),Tridon 003483 Whitelaw Tooling Supplies,,,
KNIPEX ELECTRONIC SUPER-KNIPS ESD 125MM,Tridon 003483 Whitelaw Tooling Supplies,,,
KNIPEX ELECTRONIC SUPER-KNIPS 125MM,Tridon 003483 Whitelaw Tooling Supplies,,,
KNIPEX ELEC SUPER KNIPS XL ESD 140MM,Tridon 003483 Whitelaw Tooling Supplies,,,
KNIPEX ELECTRONIC SUPER KNIPS XL 140MM,Tridon 003483 Whitelaw Tooling Supplies,,,
KNIPEX 1000V SUPER KNIPS 125MM UNCARDED,Tridon 003483 Whitelaw Tooling Supplies,,,
KNIPEX 1000V SUPER KNIPS 125MM CARDED,Tridon 003483 Whitelaw Tooling Supplies,,,
KNIPEX ELECT-SUPER-KNIPS ESD 125MM (AF),Tridon 003483 Whitelaw Tooling Supplies,,,
KNIPEX ELECTRONIC SUPER-KNIPS 125MM,Tridon 003483 Whitelaw Tooling Supplies,,,
KNIPEX ELECTRONIC-SUPER-KNIPS 125MM,Tridon 003483 Whitelaw Tooling Supplies,,,
KNIPEX ELECTRONIC SUPER KNIPS 125MM,Tridon 003483 Whitelaw Tooling Supplies,,,
KNIPEX ELECTRONIC-SUPER-KNIPS 125MM (AF),Tridon 003483 Whitelaw Tooling Supplies,,,
KNIPEX ELECT SUPER KNIPS 125MM  (AF),Tridon 003483 Whitelaw Tooling Supplies,,,
KNIPEX ELECT-SUPER-KNIPS ESD 125MM (AF),Tridon 003483 Whitelaw Tooling Supplies,,,
KNIPEX ELECTRONIC SUPER KNIPS 125MM,Tridon 003483 Whitelaw Tooling Supplies,,,
KNIPEX ELEC SUPER KNIPS XL ESD 140MM,Tridon 003483 Whitelaw Tooling Supplies,,,
KNIPEX ELECTRONIC SUPER KNIPS XL 140MM,Tridon 003483 Whitelaw Tooling Supplies,,,
KNIPEX ELECT-SUPER-KNIPS ESD 125MM (AF),Tridon 003483 Whitelaw Tooling Supplies,,,
KNIPEX ELECTRIC SUPER KNIPS 125MM,Tridon 003483 Whitelaw Tooling Supplies,,,
KNIPEX ELECTRONIC SUPER KNIPS 125MM,Tridon 003483 Whitelaw Tooling Supplies,,,
KNIPEX PREC ELECTRONIC CUTTER 120MM (AF),Tridon 003483 Whitelaw Tooling Supplies,,,
KNIPEX PREC ELECT CUTTER ESD 120MM (AF),Tridon 003483 Whitelaw Tooling Supplies,,,
KNIPEX PREC ELECT CUTTER ESD 125MM (AF),Tridon 003483 Whitelaw Tooling Supplies,,,
KNIPEX CABLE LOOM SIDE CUTTING NIPPER-AF,Tridon 003483 Whitelaw Tooling Supplies,,,
KNIPEX ELECTRONICS CUTTER 125MM (AF),Tridon 003483 Whitelaw Tooling Supplies,,,
KNIPEX PREC ELECTRONIC CUTTER 125MM (AF),Tridon 003483 Whitelaw Tooling Supplies,,,
KNIPEX PREC ELECT CUTTER ESD 125MM (AF),Tridon 003483 Whitelaw Tooling Supplies,,,
KNIPEX PREC ELECTRONIC CUTTER 120MM (AF),Tridon 003483 Whitelaw Tooling Supplies,,,
KNIPEX PREC ELECT CUTTER ESD 120MM (AF),Tridon 003483 Whitelaw Tooling Supplies,,,
KNIPEX PREC ELECTRONIC CUTTER 125MM (AF),Tridon 003483 Whitelaw Tooling Supplies,,,
KNIPEX PREC ELECT CUTTER ESD 125MM (AF),Tridon 003483 Whitelaw Tooling Supplies,,,
KNIPEX PREC ELECTRONIC CUTTER 125MM (AF),Tridon 003483 Whitelaw Tooling Supplies,,,
KNIPEX PREC ELECT CUTTER ESD 125MM (AF),Tridon 003483 Whitelaw Tooling Supplies,,,
KNIPEX PREC ELECTRONIC CUTTER 125MM (AF),Tridon 003483 Whitelaw Tooling Supplies,,,
KNIPEX PREC ELECT CUTTER ESD 125MM (AF),Tridon 003483 Whitelaw Tooling Supplies,,,
KNIPEX PRECISION ELECT PLIER 125MM (AF),Tridon 003483 Whitelaw Tooling Supplies,,,
KNIPEX PRECISION ELECT PLIER ESD 12 (AF),Tridon 003483 Whitelaw Tooling Supplies,,,
KNIPEX PREC ELECTRONIC CUTTER 125MM (AF),Tridon 003483 Whitelaw Tooling Supplies,,,
KNIPEX PREC ELECT CUTTER ESD 125MM (AF),Tridon 003483 Whitelaw Tooling Supplies,,,
KNIPEX PREC ELECTRONIC CUTTER 125MM (AF),Tridon 003483 Whitelaw Tooling Supplies,,,
KNIPEX PREC ELECT CUTTER ESD 125MM (AF),Tridon 003483 Whitelaw Tooling Supplies,,,
RENNSTEIG FIBRE OPTIC CUTTING DEVICE,Tridon 003483 Whitelaw Tooling Supplies,,,
RENNSTEIG FIBRE OPTIC TOOL 190MM,Tridon 003483 Whitelaw Tooling Supplies,,,
RENNSTEIG FIBRE OPTIC TOOL 190MM,Tridon 003483 Whitelaw Tooling Supplies,,,
RENNSTEIG FIBRE OPTIC TOOL 190MM,Tridon 003483 Whitelaw Tooling Supplies,,,
RENNSTEIG FIBRE OPTIC CUTTING DEVICE,Tridon 003483 Whitelaw Tooling Supplies,,,
RENNSTEIG MINI WIRE CUTTER 135MM,Tridon 003483 Whitelaw Tooling Supplies,,,
SYKES TORQUE WRENCH - MOTORQ 20  3/8IN,Tridon 003483 Whitelaw Tooling Supplies,,,
RENNSTEIG FIBRE OPTIC TOOL 180MM,Tridon 003483 Whitelaw Tooling Supplies,,,
SYKES TORQUE WRENCH - MOTORQ 60  3/8IN,Tridon 003483 Whitelaw Tooling Supplies,,,
SYKES TORQUE WRENCH - MOTORQ 100  3/8IN,Tridon 003483 Whitelaw Tooling Supplies,,,
RENNSTEIG FIBRE OPTIC TOOL 190MM,Tridon 003483 Whitelaw Tooling Supplies,,,
RENNSTEIG FIBRE OPTIC TOOL 190MM,Tridon 003483 Whitelaw Tooling Supplies,,,
RENNSTEIG FIBRE OPTIC TOOL 190MM,Tridon 003483 Whitelaw Tooling Supplies,,,
RENNSTEIG FIBRE OPTIC TOOL 190MM,Tridon 003483 Whitelaw Tooling Supplies,,,
SYKES TORQUE WRENCH - MOTORQ 101  1/2IN,Tridon 003483 Whitelaw Tooling Supplies,,,
SYKES RATCHET REPAIR KIT,Tridon 003483 Whitelaw Tooling Supplies,,,
SYKES RATCHET REPAIR KIT,Tridon 003483 Whitelaw Tooling Supplies,,,
RENNSTEIG FIBRE OPTIC TOOL 180MM,Tridon 003483 Whitelaw Tooling Supplies,,,
SYKES TORQUE WRENCH - MOTORQ 200  1/2IN,Tridon 003483 Whitelaw Tooling Supplies,,,
RENNSTEIG FIBRE OPTIC TOOL 190MM,Tridon 003483 Whitelaw Tooling Supplies,,,
RENNSTEIG FIBRE OPTIC TOOL 195MM,Tridon 003483 Whitelaw Tooling Supplies,,,
SYKES TORQUE WRENCH - MOTORQ 270 1/2IN,Tridon 003483 Whitelaw Tooling Supplies,,,
SYKES TORQUE WRENCH - MOTORQ 300  1/2IN,Tridon 003483 Whitelaw Tooling Supplies,,,
SYKES RATCHET REPAIR KIT,Tridon 003483 Whitelaw Tooling Supplies,,,
SYKES RATCHET REPAIR KIT,Tridon 003483 Whitelaw Tooling Supplies,,,
SYKES TORQUE WRENCH - MOTORQ 330  1/2IN,Tridon 003483 Whitelaw Tooling Supplies,,,
SYKES RATCHET REPAIR KIT FOR 800300,Tridon 003483 Whitelaw Tooling Supplies,,,
SYKES RATCHET REPAIR KIT FOR 800330,Tridon 003483 Whitelaw Tooling Supplies,,,
SYKES TORQUE WRENCH - MOTORQ 340 1/2IN,Tridon 003483 Whitelaw Tooling Supplies,,,
SYKES RATCHET REPAIR KIT FOR 800399,Tridon 003483 Whitelaw Tooling Supplies,,,
SYKES TORQUE WRENCH - MOTORQ 399  3/4IN,Tridon 003483 Whitelaw Tooling Supplies,,,
SYKES RATCHET REPAIR KIT HD T/ WRENCH,Tridon 003483 Whitelaw Tooling Supplies,,,
SYKES 3/4IN SQUARE DRIVE ASSY - MOTORQ,Tridon 003483 Whitelaw Tooling Supplies,,,
SYKES 1X3/4IN SQDR FOR TORQUE WRENCH,Tridon 003483 Whitelaw Tooling Supplies,,,
SYKES TRUCHECK PLUS 10-350NM,Tridon 003483 Whitelaw Tooling Supplies,,,
SYKES TRUCHECK PLUS 100-1000NM,Tridon 003483 Whitelaw Tooling Supplies,,,
SYKES TORQUE WRENCH STORAGE CASE,Tridon 003483 Whitelaw Tooling Supplies,,,
SYKES TORQUE MULTIPLIER  130-1300NM 5:1,Tridon 003483 Whitelaw Tooling Supplies,,,
SQUARE DRIVE,Tridon 003483 Whitelaw Tooling Supplies,,,
SYKES TORQUE MULTIPLIER  270-2700NM 5:1,Tridon 003483 Whitelaw Tooling Supplies,,,
SYKES TORQUE MULTIPLIER 300-3000NM,Tridon 003483 Whitelaw Tooling Supplies,,,
SYKES TORQUE MULTIPLIER 450-4500NM,Tridon 003483 Whitelaw Tooling Supplies,,,
"SYKES ANGULAR TORQUE GAUGE 1/2"" SQ DR",Tridon 003483 Whitelaw Tooling Supplies,,,
RENNSTEIG RAUCUT 1 SPARE BLADE 1.3 - 4.2,Tridon 003483 Whitelaw Tooling Supplies,,,
RENNSTEIG RAUCUT 1 SPARE BLADE 0.9 - 1.1,Tridon 003483 Whitelaw Tooling Supplies,,,
RENNSTEIG RAUCUT 1 MASTER SET IN CASE,Tridon 003483 Whitelaw Tooling Supplies,,,
RENNSTEIG RAUCUT 1 CABLE GUIDE 0.9MM,Tridon 003483 Whitelaw Tooling Supplies,,,
RENNSTEIG RAUCUT 1 CABLE GUIDE 1.1MM,Tridon 003483 Whitelaw Tooling Supplies,,,
RENNSTEIG RAUCUT 1 CABLE GUIDE 1.3MM,Tridon 003483 Whitelaw Tooling Supplies,,,
RENNSTEIG RAUCUT 1 CABLE GUIDE 3.9MM,Tridon 003483 Whitelaw Tooling Supplies,,,
RENNSTEIG RAUCUT 1 CABLE GUIDE 1.5MM,Tridon 003483 Whitelaw Tooling Supplies,,,
RENNSTEIG RAUCUT 1 CABLE GUIDE 1.6MM,Tridon 003483 Whitelaw Tooling Supplies,,,
RENNSTEIG RAUCUT 1 CABLE GUIDE 1.8MM,Tridon 003483 Whitelaw Tooling Supplies,,,
RENNSTEIG RAUCUT 1 CABLE GUIDE 2.0MM,Tridon 003483 Whitelaw Tooling Supplies,,,
RENNSTEIG RAUCUT 1 CABLE GUIDE 2.3MM,Tridon 003483 Whitelaw Tooling Supplies,,,
RENNSTEIG RAUCUT 1 CABLE GUIDE 2.4MM,Tridon 003483 Whitelaw Tooling Supplies,,,
RENNSTEIG RAUCUT 1 CABLE GUIDE 2.8MM,Tridon 003483 Whitelaw Tooling Supplies,,,
RENNSTEIG RAUCUT 1 CABLE GUIDE 3.0MM,Tridon 003483 Whitelaw Tooling Supplies,,,
RENNSTEIG RAUCUT 1 CABLE GUIDE 3.5MM,Tridon 003483 Whitelaw Tooling Supplies,,,
RENNSTEIG RAUCUT 1 CABLE GUIDE 4.2MM,Tridon 003483 Whitelaw Tooling Supplies,,,
RENNSTEIG RAUCUT 2 MASTER SET IN CASE,Tridon 003483 Whitelaw Tooling Supplies,,,
RENNSTEIG RAUCUT 2 GUIDE ROLLER 5MM,Tridon 003483 Whitelaw Tooling Supplies,,,
RENNSTEIG RAUCUT 2 GUIDE ROLLER 6MM,Tridon 003483 Whitelaw Tooling Supplies,,,
RENNSTEIG RAUCUT 2 GUIDE ROLLER 7MM,Tridon 003483 Whitelaw Tooling Supplies,,,
RENNSTEIG RAUCUT 2 GUIDE ROLLER 8MM,Tridon 003483 Whitelaw Tooling Supplies,,,
RENNSTEIG RAUCUT 2 GUIDE ROLLER 9MM,Tridon 003483 Whitelaw Tooling Supplies,,,
RENNSTEIG RAUCUT 2 GUIDE ROLLER 10MM,Tridon 003483 Whitelaw Tooling Supplies,,,
RENNSTEIG RAUCUT 2 GUIDE ROLLER 11MM,Tridon 003483 Whitelaw Tooling Supplies,,,
RENNSTEIG RAUCUT 2 GUIDE ROLLER 12MM,Tridon 003483 Whitelaw Tooling Supplies,,,
RENNSTEIG RAUCUT 2 GUIDE ROLLER 13MM,Tridon 003483 Whitelaw Tooling Supplies,,,
RENNSTEIG RAUCUT 2 GUIDE ROLLER 14MM,Tridon 003483 Whitelaw Tooling Supplies,,,
"SYKES ANGULAR TORQUE GAUGE 3/4"" SQ DR",Tridon 003483 Whitelaw Tooling Supplies,,,
RENNSTEIG OPTICAL FIBRE STRIPPER 125MM,Tridon 003483 Whitelaw Tooling Supplies,,,
RENNSTEIG MICROSTRIP PLIERS 135MM,Tridon 003483 Whitelaw Tooling Supplies,,,
RENNSTEIG DATA CABLE TOOL 160MM,Tridon 003483 Whitelaw Tooling Supplies,,,
SYKES TORQUE WRENCH MERCH. UNIT ONLY,Tridon 003483 Whitelaw Tooling Supplies,,,
SYKES TORQUE KIT TYRE PRESS. MONITOR SYS,Tridon 003483 Whitelaw Tooling Supplies,,,
SYKES DIGITAL TORQUE ANGLE ADAP 1/2 SQDR,Tridon 003483 Whitelaw Tooling Supplies,,,
PRIME STAINLESS STEEL RULE 150MM/6IN,Tridon 003483 Whitelaw Tooling Supplies,,,
PRIME STAINLESS STEEL RULE 600MM/24IN,Tridon 003483 Whitelaw Tooling Supplies,,,
PRIME STAINLESS STEEL RULE 1000MM/36IN,Tridon 003483 Whitelaw Tooling Supplies,,,
PRIME DIVIDER SOLID NUT 150MM,Tridon 003483 Whitelaw Tooling Supplies,,,
PRIME DIVIDER SOLID NUT 250MM,Tridon 003483 Whitelaw Tooling Supplies,,,
PRIME INSIDE CALIPER SOLID NUT 150MM,Tridon 003483 Whitelaw Tooling Supplies,,,
PRIME INSIDE CALIPER SOLID NUT 200MM,Tridon 003483 Whitelaw Tooling Supplies,,,
PRIME INSIDE CALIPER SOLID NUT 250MM,Tridon 003483 Whitelaw Tooling Supplies,,,
SYKES TORQUE WRENCH MOTORQ GEN 2 400 3/4,Tridon 003483 Whitelaw Tooling Supplies,,,
SYKES TORQUE WRENCH MOTORQ GEN 2 500 3/4,Tridon 003483 Whitelaw Tooling Supplies,,,
SYKES TORQUE WRENCH MOTORQ GEN 2 550 1IN,Tridon 003483 Whitelaw Tooling Supplies,,,
TOLEDO HOUSEHOLD SCISSORS 105MM,Tridon 003483 Whitelaw Tooling Supplies,,,
TOLEDO HOUSEHOLD SCISSORS 105MM,Tridon 003483 Whitelaw Tooling Supplies,,,
TOLEDO HOUSEHOLD SCISSORS 150MM,Tridon 003483 Whitelaw Tooling Supplies,,,
TOLEDO HOUSEHOLD SCISSORS 185MM,Tridon 003483 Whitelaw Tooling Supplies,,,
KNIPEX SIPHON & CONNECTOR PLIER 250MM,Tridon 003483 Whitelaw Tooling Supplies,,,
KNIPEX SIPHON & CONNECTOR PILER 250MM-AF,Tridon 003483 Whitelaw Tooling Supplies,,,
KNIPEX SIPHON & CONNECTOR PLIER 250MM,Tridon 003483 Whitelaw Tooling Supplies,,,
KNIPEX SIPHON & CONNECTOR PILER 250MM,Tridon 003483 Whitelaw Tooling Supplies,,,
KNIPEX SPARE TIPS FOR 81 SERIES,Tridon 003483 Whitelaw Tooling Supplies,,,
KNIPEX REPLACEMENT PLASTIC JAWS,Tridon 003483 Whitelaw Tooling Supplies,,,
KNIPEX SPARE PLASTIC INSERT,Tridon 003483 Whitelaw Tooling Supplies,,,
SYKES TUFTORQ 20,Tridon 003483 Whitelaw Tooling Supplies,,,
SYKES TUFTORQ 70,Tridon 003483 Whitelaw Tooling Supplies,,,
KNIPEX TWINGRIP SLIP JOINT PLIERS 150MM,Tridon 003483 Whitelaw Tooling Supplies,,,
KNIPEX TWINGRIP SLIP JOINT PLIERS 200MM,Tridon 003483 Whitelaw Tooling Supplies,,,
KNIPEX TWINGRIP SLIP JOINT PLIERS 250MM,Tridon 003483 Whitelaw Tooling Supplies,,,
SYKES TUFTORQ 150,Tridon 003483 Whitelaw Tooling Supplies,,,
KNIPEX TWINGRIP SLIP JOINT PLIERS 200MM,Tridon 003483 Whitelaw Tooling Supplies,,,
KNIPEX TWINGRIP SLIP JOINT PLIERS 250MM,Tridon 003483 Whitelaw Tooling Supplies,,,
SYKES TORQUE WRENCH MOTORQ DIGITAL 1/2IN,Tridon 003483 Whitelaw Tooling Supplies,,,
SYKES TORQUE WRENCH MOTORQ DIGITAL 1/2IN,Tridon 003483 Whitelaw Tooling Supplies,,,
SYKES TORQUE WRENCH MOTORQ DIGITAL 1/2IN,Tridon 003483 Whitelaw Tooling Supplies,,,
KNIPEX PIPE WRENCH ANG 90 DEG 310MM (AF),Tridon 003483 Whitelaw Tooling Supplies,,,
KNIPEX PIPE WRENCH ANG 90 DEG 420MM (AF),Tridon 003483 Whitelaw Tooling Supplies,,,
KNIPEX PIPE WRENCH ANG 90 DEG 560MM (AF),Tridon 003483 Whitelaw Tooling Supplies,,,
KNIPEX PIPE WRENCH ANG 90 DEG 650MM (AF),Tridon 003483 Whitelaw Tooling Supplies,,,
KNIPEX PIPE WRENCH ANG 90 DEG 750MM (AF),Tridon 003483 Whitelaw Tooling Supplies,,,
KNIPEX PIPE WRENCH ANG 45 DEG 320MM (AF),Tridon 003483 Whitelaw Tooling Supplies,,,
KNIPEX PIPE WRENCH ANG 45 DEG 430MM (AF),Tridon 003483 Whitelaw Tooling Supplies,,,
KNIPEX PIPE WRENCH ANG 45 DEG 570MM (AF),Tridon 003483 Whitelaw Tooling Supplies,,,
KNIPEX PIPE WRENCH S-TYPE 245mm,Tridon 003483 Whitelaw Tooling Supplies,,,
KNIPEX PIPE WRENCH S-TYPE 320MM,Tridon 003483 Whitelaw Tooling Supplies,,,
KNIPEX PIPE WRENCHES S-TYPE 420MM (AF),Tridon 003483 Whitelaw Tooling Supplies,,,
KNIPEX PIPE WRENCH S-TYPE 540MM,Tridon 003483 Whitelaw Tooling Supplies,,,
KNIPEX PIPE WRENCHES S-TYPE 680MM (AF),Tridon 003483 Whitelaw Tooling Supplies,,,
KNIPEX PIPE WRENCH S-TYPE RATCHETING 1IN,Tridon 003483 Whitelaw Tooling Supplies,,,
KNIPEX PIPE WRENCH S-TYPE 1 1/2 IN,Tridon 003483 Whitelaw Tooling Supplies,,,
KNIPEX PIPE WRENCH S-TYPE RATCHETING 2IN,Tridon 003483 Whitelaw Tooling Supplies,,,
"KNIPEX PIPE WRENCH S-TYPE 1"" 330MM (AF)",Tridon 003483 Whitelaw Tooling Supplies,,,
"KNIPEX PIPE WRENCH STYPE 1.5"" 420MM (AF)",Tridon 003483 Whitelaw Tooling Supplies,,,
"KNIPEX PIPE WRENCH S-TYPE  2"" 560MM (AF)",Tridon 003483 Whitelaw Tooling Supplies,,,
KNIPEX SPARE KNURLED NUT W SPRING (AF),Tridon 003483 Whitelaw Tooling Supplies,,,
KNIPEX SPARE KNURLED NUT W SPRING (AF),Tridon 003483 Whitelaw Tooling Supplies,,,
KNIPEX SPARE KNURLED NUT W SPRING (AF),Tridon 003483 Whitelaw Tooling Supplies,,,
KNIPEX SPARE KNURLED NUT W SPRING (AF),Tridon 003483 Whitelaw Tooling Supplies,,,
KNIPEX SPARE KNURLED NUT W SPRING (AF),Tridon 003483 Whitelaw Tooling Supplies,,,
KNIPEX SPARE KNURLED NUT W SPRING (AF),Tridon 003483 Whitelaw Tooling Supplies,,,
KNIPEX CYCLE PLIERS 200MM,Tridon 003483 Whitelaw Tooling Supplies,,,
KNIPEX CYCLE PLIERS 200MM,Tridon 003483 Whitelaw Tooling Supplies,,,
KNIPEX SMARTGRIP WATER PUMP PLIER 250MM,Tridon 003483 Whitelaw Tooling Supplies,,,
KNIPEX SPRING HOSE CLAMP PLIER 180MM,Tridon 003483 Whitelaw Tooling Supplies,,,
KNIPEX SPRING HOSE CLAMP CLIC-R PL 180MM,Tridon 003483 Whitelaw Tooling Supplies,,,
KNIPEX SPRING HOSE CLAMP PL W/LOCK 25-AF,Tridon 003483 Whitelaw Tooling Supplies,,,
KNIPEX SPRING HOSE CLAMP PLIER 250MM,Tridon 003483 Whitelaw Tooling Supplies,,,
KNIPEX SPRING HOSE CLAMP CLIC-R PL 250MM,Tridon 003483 Whitelaw Tooling Supplies,,,
KNIPEX SPARE JAWS FOR 8551250A,Tridon 003483 Whitelaw Tooling Supplies,,,
KNIPEX SPARE ASSEMBLY SET 8551250C (AF),Tridon 003483 Whitelaw Tooling Supplies,,,
KNIPEX PLIERS WRENCH 180MM,Tridon 003483 Whitelaw Tooling Supplies,,,
KNIPEX PLIERS WRENCH 250MM,Tridon 003483 Whitelaw Tooling Supplies,,,
KNIPEX PLIERS WRENCH 300MM,Tridon 003483 Whitelaw Tooling Supplies,,,
KNIPEX PLIERS WRENCH 180MM,Tridon 003483 Whitelaw Tooling Supplies,,,
KNIPEX PLIER WRENCH 250MM,Tridon 003483 Whitelaw Tooling Supplies,,,
KNIPEX MINI PLIER WRENCH 125MM,Tridon 003483 Whitelaw Tooling Supplies,,,
KNIPEX PLIER WRENCH 150MM,Tridon 003483 Whitelaw Tooling Supplies,,,
KNIPEX PLIER WRENCH 180MM,Tridon 003483 Whitelaw Tooling Supplies,,,
KNIPEX PLIER WRENCH 250MM,Tridon 003483 Whitelaw Tooling Supplies,,,
KNIPEX PLIER WRENCH 300MM,Tridon 003483 Whitelaw Tooling Supplies,,,
KNIPEX PLIER WRENCH 400MM,Tridon 003483 Whitelaw Tooling Supplies,,,
KNIPEX PLIERS WRENCH XS 100MM,Tridon 003483 Whitelaw Tooling Supplies,,,
KNIPEX PLIER WRENCHES (AF),Tridon 003483 Whitelaw Tooling Supplies,,,
KNIPEX PLIER WRENCH 150MM,Tridon 003483 Whitelaw Tooling Supplies,,,
KNIPEX PLIER WRENCH 180MM,Tridon 003483 Whitelaw Tooling Supplies,,,
KNIPEX TETHERED PLIER WRENCH 180MM,Tridon 003483 Whitelaw Tooling Supplies,,,
KNIPEX AVIATION PLIER WRENCH 45DEG 250MM,Tridon 003483 Whitelaw Tooling Supplies,,,
KNIPEX AVIATION PLIER WRENCH  250MM,Tridon 003483 Whitelaw Tooling Supplies,,,
KNIPEX PLIER WRENCH 250MM,Tridon 003483 Whitelaw Tooling Supplies,,,
KNIPEX TETHERED PLIER WRENCH 250MM,Tridon 003483 Whitelaw Tooling Supplies,,,
KNIPEX 1000V PLIER WRENCH 250MM,Tridon 003483 Whitelaw Tooling Supplies,,,
KNIPEX 1000V PLIER WRENCH 250MM,Tridon 003483 Whitelaw Tooling Supplies,,,
KNIPEX SPRING & BUTTON FOR 86 150MM,Tridon 003483 Whitelaw Tooling Supplies,,,
KNIPEX SPRING & BUTTON FOR 86 180MM,Tridon 003483 Whitelaw Tooling Supplies,,,
KNIPEX PROTECT JAWS 86XX180 3 PAIRS (AF),Tridon 003483 Whitelaw Tooling Supplies,,,
KNIPEX PROTECTIVE JAWS FOR 86XX250 (AF),Tridon 003483 Whitelaw Tooling Supplies,,,
KNIPEX PROTECT JAWS 86XX300 3 PAIRS (AF),Tridon 003483 Whitelaw Tooling Supplies,,,
KNIPEX COBRA XS 100MM,Tridon 003483 Whitelaw Tooling Supplies,,,
KNIPEX COBRA WATER PUMP PLIER 125MM,Tridon 003483 Whitelaw Tooling Supplies,,,
KNIPEX COBRA WATER PUMP PLIER 150MM,Tridon 003483 Whitelaw Tooling Supplies,,,
KNIPEX COBRA WATER PUMP PLIER 180MM,Tridon 003483 Whitelaw Tooling Supplies,,,
KNIPEX COBRA WATER PUMP PLIER 250MM,Tridon 003483 Whitelaw Tooling Supplies,,,
KNIPEX COBRA WATER PUMP PLIER 300MM,Tridon 003483 Whitelaw Tooling Supplies,,,
KNIPEX COBRA WATER PUMP PLIER 400MM,Tridon 003483 Whitelaw Tooling Supplies,,,
KNIPEX COBRA WATER PUMP PLIER 560MM,Tridon 003483 Whitelaw Tooling Supplies,,,
KNIPEX COBRA WATER PUMP PLIER 180MM,Tridon 003483 Whitelaw Tooling Supplies,,,
KNIPEX TETHERED COBRA PLIER 180MM (AF),Tridon 003483 Whitelaw Tooling Supplies,,,
KNIPEX COBRA WATER PUMP PLIER 250MM,Tridon 003483 Whitelaw Tooling Supplies,,,
KNIPEX TETHERED COBRA PLIER 250MM,Tridon 003483 Whitelaw Tooling Supplies,,,
KNIPEX COBRA WATER PUMP PLIER 300MM,Tridon 003483 Whitelaw Tooling Supplies,,,
KNIPEX TETHERED COBRA PLIER 300MM,Tridon 003483 Whitelaw Tooling Supplies,,,
KNIPEX COBRA WATER PUMP PLIER 125MM (AF),Tridon 003483 Whitelaw Tooling Supplies,,,
KNIPEX COBRA WATER PUMP PLIER 250MM,Tridon 003483 Whitelaw Tooling Supplies,,,
KNIPEX COBRA WATER PUMP PLIER 300MM (AF),Tridon 003483 Whitelaw Tooling Supplies,,,
KNIPEX COBRA WATER PUMP PLIER 250MM,Tridon 003483 Whitelaw Tooling Supplies,,,
KNIPEX COBRA WATER PUMP PLIER 300MM (AF),Tridon 003483 Whitelaw Tooling Supplies,,,
KNIPEX SPRING/BUTTON FOR 86/87 250&300MM,Tridon 003483 Whitelaw Tooling Supplies,,,
KNIPEX SPARE PARTS SET FOR 870X100 (AF),Tridon 003483 Whitelaw Tooling Supplies,,,
KNIPEX SPRING & BUTTON FOR 86/87 125MM,Tridon 003483 Whitelaw Tooling Supplies,,,
KNIPEX SPRING & BUTTON FOR 87 150MM,Tridon 003483 Whitelaw Tooling Supplies,,,
KNIPEX SPRING & BUTTON FOR 87 180MM,Tridon 003483 Whitelaw Tooling Supplies,,,
PROTECTIVE JAWS FOR COBRA 180MM,Tridon 003483 Whitelaw Tooling Supplies,,,
PROTECTIVE JAWS FOR COBRA 250MM,Tridon 003483 Whitelaw Tooling Supplies,,,
PROTECTIVE JAWS FOR COBRA 300MM,Tridon 003483 Whitelaw Tooling Supplies,,,
KNIPEX SPRING & BUTTON FOR 86/87 400MM,Tridon 003483 Whitelaw Tooling Supplies,,,
KNIPEX SPRING & BUTTON FOR 87 560MM,Tridon 003483 Whitelaw Tooling Supplies,,,
RENNSTEIG INDENT CRIMPING TOOL PEW 8.71,Tridon 003483 Whitelaw Tooling Supplies,,,
RENNSTEIG CRIMPING & STRIPPING TOOL SET,Tridon 003483 Whitelaw Tooling Supplies,,,
KNIPEX COBRA-MATIC PLIER 250MM,Tridon 003483 Whitelaw Tooling Supplies,,,
RENNSTEIG CRIMPING & STRIPPING TOOL SET,Tridon 003483 Whitelaw Tooling Supplies,,,
KNIPEX SPARE SPRING FOR 8711250 (AF),Tridon 003483 Whitelaw Tooling Supplies,,,
RENNSTEIG INDENT CRIMPING TOOL 8.72,Tridon 003483 Whitelaw Tooling Supplies,,,
RENNSTEIG INDENT CRIMPING TOOL 8.72,Tridon 003483 Whitelaw Tooling Supplies,,,
RENNSTEIG LOCATOR FOR 8.72 CRIMPING TOOL,Tridon 003483 Whitelaw Tooling Supplies,,,
RENNSTEIG INDENT CRIMPING TOOL 8.72,Tridon 003483 Whitelaw Tooling Supplies,,,
RENNSTEIG POF CABLE INDENT CRIMPING TOOL,Tridon 003483 Whitelaw Tooling Supplies,,,
RENNSTEIG LOCATOR FOR 8.72 CRIMPING TOOL,Tridon 003483 Whitelaw Tooling Supplies,,,
KNIPEX COBRA QUICK SET 250MM,Tridon 003483 Whitelaw Tooling Supplies,,,
KNIPEX COBRA QUICK SET 300MM,Tridon 003483 Whitelaw Tooling Supplies,,,
KNIPEX COBRA QUICK SET 250MM,Tridon 003483 Whitelaw Tooling Supplies,,,
RENNSTEIG DIGICRIMP 8.72 WITHOUT LOCATOR,Tridon 003483 Whitelaw Tooling Supplies,,,
RENNSTEIG DIGICRIMP 8.72 WITH LOCATOR,Tridon 003483 Whitelaw Tooling Supplies,,,
RENNSTEIG DIGICRIMP MIL SPEC 175MM,Tridon 003483 Whitelaw Tooling Supplies,,,
KNIPEX 1000V COBRA WATER PUMP PL 250MM,Tridon 003483 Whitelaw Tooling Supplies,,,
KNIPEX TETHERED COBRA 1000V 250MM,Tridon 003483 Whitelaw Tooling Supplies,,,
RENNSTEIG INDENT CRIMPING TOOL,Tridon 003483 Whitelaw Tooling Supplies,,,
KNIPEX SPRING & BUTTON FOR 872X250/300,Tridon 003483 Whitelaw Tooling Supplies,,,
KNIPEX SPARE PARTS SET FOR 8721300 (AF),Tridon 003483 Whitelaw Tooling Supplies,,,
RENNSTEIG INDENT CRIMPING TOOL 8.73,Tridon 003483 Whitelaw Tooling Supplies,,,
RENNSTEIG SELECTOR CRIMP CRIMPING TOOL,Tridon 003483 Whitelaw Tooling Supplies,,,
RENNSTEIG INDENT CRIMPING TOOL 8.73,Tridon 003483 Whitelaw Tooling Supplies,,,
RENNSTEIG DIGICRIMP 8.73 WITHOUT LOCATOR,Tridon 003483 Whitelaw Tooling Supplies,,,
RENNSTEIG DIGICRIMP 8.73 WITH LOCATOR,Tridon 003483 Whitelaw Tooling Supplies,,,
RENNSTEIG DIGICRIMP MIL SPEC 175MM,Tridon 003483 Whitelaw Tooling Supplies,,,
RENNSTEIG INDENT CRIMPING TOOL,Tridon 003483 Whitelaw Tooling Supplies,,,
KNIPEX MULTIPLE SLIP JOINT SPANNER 250MM,Tridon 003483 Whitelaw Tooling Supplies,,,
RENNSTEIG MICROCRIMP CRIMPING TOOL 8.75,Tridon 003483 Whitelaw Tooling Supplies,,,
RENNSTEIG MICROCRIMP CRIMPING TOOL 8.75,Tridon 003483 Whitelaw Tooling Supplies,,,
RENNSTEIG LOCATOR FOR 8.75 CRIMPING TOOL,Tridon 003483 Whitelaw Tooling Supplies,,,
RENNSTEIG MICROCRIMP CRIMPING TOOL 8.75,Tridon 003483 Whitelaw Tooling Supplies,,,
RENNSTEIG 12 POINT LOCATOR,Tridon 003483 Whitelaw Tooling Supplies,,,
RENNSTEIG LOCATOR FOR 8.75 CRIMPING TOOL,Tridon 003483 Whitelaw Tooling Supplies,,,
KNIPEX COBRA ES WATER PUMP PLIER 250MM,Tridon 003483 Whitelaw Tooling Supplies,,,
RENNSTEIG INDENT CRIMPING TOOL,Tridon 003483 Whitelaw Tooling Supplies,,,
RENNSTEIG DIGICRIMP 8.75 WITHOUT LOCATOR,Tridon 003483 Whitelaw Tooling Supplies,,,
RENNSTEIG DIGICRIMP 8.75 WITH LOCATOR,Tridon 003483 Whitelaw Tooling Supplies,,,
RENNSTEIG DIGICRIMP MIL SPEC 230MM,Tridon 003483 Whitelaw Tooling Supplies,,,
RENNSTEIG INDENT CRIMPING TOOL,Tridon 003483 Whitelaw Tooling Supplies,,,
RENNSTEIG UNIVERSAL LOCATOR (AF),Tridon 003483 Whitelaw Tooling Supplies,,,
RENNSTEIG MICROCRIMP CRIMPING TOOL 8.76,Tridon 003483 Whitelaw Tooling Supplies,,,
RENNSTEIG MICROCRIMP CRIMPING TOOL 8.75,Tridon 003483 Whitelaw Tooling Supplies,,,
RENNSTEIG MICROCRIMP CRIMPING TOOL 8.76,Tridon 003483 Whitelaw Tooling Supplies,,,
RENNSTEIG DIGICRIMP 8.76 WITHOUT LOCATOR,Tridon 003483 Whitelaw Tooling Supplies,,,
RENNSTEIG DIGICRIMP 8.76 WITH LOCATOR,Tridon 003483 Whitelaw Tooling Supplies,,,
KNIPEX COBRA LIMITED EDITION PLIER 180MM,Tridon 003483 Whitelaw Tooling Supplies,,,
KNIPEX ALLIGATOR PLIER 180MM,Tridon 003483 Whitelaw Tooling Supplies,,,
KNIPEX ALLIGATOR PLIER 250MM,Tridon 003483 Whitelaw Tooling Supplies,,,
KNIPEX ALLIGATOR PLIER 300MM,Tridon 003483 Whitelaw Tooling Supplies,,,
KNIPEX ALLIGATOR PLIER 400MM,Tridon 003483 Whitelaw Tooling Supplies,,,
KNIPEX ALLIGATOR PLIER 180MM UNCARDED,Tridon 003483 Whitelaw Tooling Supplies,,,
KNIPEX ALLIGATOR PLIER 250MM,Tridon 003483 Whitelaw Tooling Supplies,,,
KNIPEX ALLIGATOR PLIER 300MM,Tridon 003483 Whitelaw Tooling Supplies,,,
KNIPEX ALLIGATOR PLIER 180MM,Tridon 003483 Whitelaw Tooling Supplies,,,
KNIPEX ALLIGATOR PLIER 250MM,Tridon 003483 Whitelaw Tooling Supplies,,,
KNIPEX ALLIGATOR WATER PUMP PL 180MM-AF,Tridon 003483 Whitelaw Tooling Supplies,,,
KNIPEX ALLIGATOR PLIER 300MM,Tridon 003483 Whitelaw Tooling Supplies,,,
KNIPEX 1000V ALLIGATOR PLIER 250MM,Tridon 003483 Whitelaw Tooling Supplies,,,
KNIPEX 1000V ALLIGATOR PLIER 250MM,Tridon 003483 Whitelaw Tooling Supplies,,,
KNIPEX PLIERS MULTIGRIP 1000V 300MM,Tridon 003483 Whitelaw Tooling Supplies,,,
TOLEDO ADJUSTABLE WRENCH 100MM/4IN,Tridon 003483 Whitelaw Tooling Supplies,,,
TOLEDO ADJUSTABLE WRENCH 200MM/8IN,Tridon 003483 Whitelaw Tooling Supplies,,,
TOLEDO ADJUSTABLE WRENCH 250MM/10IN,Tridon 003483 Whitelaw Tooling Supplies,,,
TOLEDO ADJUSTABLE WRENCH 300MM/12IN,Tridon 003483 Whitelaw Tooling Supplies,,,
TOLEDO ADJUSTABLE WRENCH 375MM/15IN,Tridon 003483 Whitelaw Tooling Supplies,,,
TOLEDO ADJUSTABLE WRENCH 450MM,Tridon 003483 Whitelaw Tooling Supplies,,,
TOLEDO ADJUSTABLE WRENCH 600MM,Tridon 003483 Whitelaw Tooling Supplies,,,
KNIPEX WATER PUMP PLIER 200MM,Tridon 003483 Whitelaw Tooling Supplies,,,
KNIPEX WATER PUMP PLIER 250MM,Tridon 003483 Whitelaw Tooling Supplies,,,
KNIPEX WATER PUMP PLIER 250MM (AF),Tridon 003483 Whitelaw Tooling Supplies,,,
PRIME ADJUSTABLE WRENCH 150MM,Tridon 003483 Whitelaw Tooling Supplies,,,
PRIME ADJUSTABLE WRENCH 200MM,Tridon 003483 Whitelaw Tooling Supplies,,,
PRIME ADJUSTABLE WRENCH 250MM,Tridon 003483 Whitelaw Tooling Supplies,,,
PRIME ADJUSTABLE WRENCH 300MM,Tridon 003483 Whitelaw Tooling Supplies,,,
PRIME ADJUSTABLE WRENCH 375MM,Tridon 003483 Whitelaw Tooling Supplies,,,
PRIME ADJUSTABLE WRENCH 450MM,Tridon 003483 Whitelaw Tooling Supplies,,,
KNIPEX CUTIX RETRACTABLE KNIFE 165MM,Tridon 003483 Whitelaw Tooling Supplies,,,
KNIPEX SP STABILISATION BAR FOR CUTIX,Tridon 003483 Whitelaw Tooling Supplies,,,
KNIPEX SP BLADES FOR 9010165BK 10PK,Tridon 003483 Whitelaw Tooling Supplies,,,
KNIPEX PIPE & TUBE CUTTER 185MM,Tridon 003483 Whitelaw Tooling Supplies,,,
KNIPEX HOSE AND TUBE CUTTER 185MM,Tridon 003483 Whitelaw Tooling Supplies,,,
KNIPEX TWISTCUT CUTTER 100MM,Tridon 003483 Whitelaw Tooling Supplies,,,
KNIPEX TWISTCUT CUTTER & STRIPPER 100MM,Tridon 003483 Whitelaw Tooling Supplies,,,
KNIPEX BIX PIPE CUTTER,Tridon 003483 Whitelaw Tooling Supplies,,,
KNIPEX SPARE BLADES FOR BIX 902210BK,Tridon 003483 Whitelaw Tooling Supplies,,,
KNIPEX DP50 PIPE CUTTER,Tridon 003483 Whitelaw Tooling Supplies,,,
KNIPEX SPARE BLADE FOR 902301BK,Tridon 003483 Whitelaw Tooling Supplies,,,
KNIPEX SP LOCKING PIN FOR 902301BK (AF),Tridon 003483 Whitelaw Tooling Supplies,,,
KNIPEX PIPE & TUBE CUTTER 185MM,Tridon 003483 Whitelaw Tooling Supplies,,,
KNIPEX PIPE CUTTER 210MM,Tridon 003483 Whitelaw Tooling Supplies,,,
KNIPEX PIPE CUTTER 210MM,Tridon 003483 Whitelaw Tooling Supplies,,,
KNIPEX PIPE CUTTER COMP/PLAST PIPE (AF),Tridon 003483 Whitelaw Tooling Supplies,,,
KNIPEX SP CUTTING WHEEL FOR 902525 (AF),Tridon 003483 Whitelaw Tooling Supplies,,,
KNIPEX PIPE CUTTER FOR COMPOSITE PLASTIC,Tridon 003483 Whitelaw Tooling Supplies,,,
KNIPEX SPARE BLADE FOR 90 25 20,Tridon 003483 Whitelaw Tooling Supplies,,,
KNIPEX SPARE BLADES FOR 902520 (AF),Tridon 003483 Whitelaw Tooling Supplies,,,
KNIPEX CALIBRATION ARBOUR (AF),Tridon 003483 Whitelaw Tooling Supplies,,,
KNIPEX SPARE BLADE FOR 9020185,Tridon 003483 Whitelaw Tooling Supplies,,,
KNIPEX SPARE BLADES FOR 902540 (AF),Tridon 003483 Whitelaw Tooling Supplies,,,
KNIPEX SP KNURLED SCREW FOR 902540 (AF),Tridon 003483 Whitelaw Tooling Supplies,,,
KNIPEX TUBIX SMALL PIPE CUTTER,Tridon 003483 Whitelaw Tooling Supplies,,,
KNIPEX TUBIX PIPE CUTTER 260MM,Tridon 003483 Whitelaw Tooling Supplies,,,
KNIPEX TUBIX XL PIPE CUTTER,Tridon 003483 Whitelaw Tooling Supplies,,,
KNIPEX DEBURRING TOOL FOR 903103BK (AF),Tridon 003483 Whitelaw Tooling Supplies,,,
KNIPEX SP CUTTING WHEEL FOR TUBIX,Tridon 003483 Whitelaw Tooling Supplies,,,
KNIPEX SP DEBURRING TOOL FOR 903102 (AF),Tridon 003483 Whitelaw Tooling Supplies,,,
KNIPEX SP CUTTING WHEEL FOR TUBIX 5PK,Tridon 003483 Whitelaw Tooling Supplies,,,
KNIPEX PUNCH LOCK RIVETER 250MM,Tridon 003483 Whitelaw Tooling Supplies,,,
KNIPEX PUNCH LOCK RIVETER 340MM (AF),Tridon 003483 Whitelaw Tooling Supplies,,,
KNIPEX SPARE PUNCH FOR 9042340 (AF),Tridon 003483 Whitelaw Tooling Supplies,,,
KNIPEX SPARE DIE FOR 9042340 (AF),Tridon 003483 Whitelaw Tooling Supplies,,,
KNIPEX SHEET METAL NIBBLERS 280MM,Tridon 003483 Whitelaw Tooling Supplies,,,
KNIPEX SPARE BLADES FOR 9055280,Tridon 003483 Whitelaw Tooling Supplies,,,
KNIPEX SPARE OPENING SPRING (AF),Tridon 003483 Whitelaw Tooling Supplies,,,
KNIPEX NOTCHING PLIERS 250MM (AF),Tridon 003483 Whitelaw Tooling Supplies,,,
KNIPEX NOTCHING PLIERS 250MM,Tridon 003483 Whitelaw Tooling Supplies,,,
KNIPEX REVOLVING PUNCH PLIER 220MM,Tridon 003483 Whitelaw Tooling Supplies,,,
KNIPEX SP PUNCH FOR 9070 220 / 2 MM (AF),Tridon 003483 Whitelaw Tooling Supplies,,,
KNIPEX SP PUNCH FOR 9070220 /2.5 MM (AF),Tridon 003483 Whitelaw Tooling Supplies,,,
KNIPEX SP PUNCH FOR 9070 220 / 3 MM (AF),Tridon 003483 Whitelaw Tooling Supplies,,,
KNIPEX SP PUNCH FOR 9070220 /3.5 MM (AF),Tridon 003483 Whitelaw Tooling Supplies,,,
KNIPEX SP PUNCH FOR 9070 220 / 4 MM (AF),Tridon 003483 Whitelaw Tooling Supplies,,,
KNIPEX SP PUNCH FOR 9070 220 / 5 MM (AF),Tridon 003483 Whitelaw Tooling Supplies,,,
KNIPEX TILE NIBBLING PINCERS 200MM (AF),Tridon 003483 Whitelaw Tooling Supplies,,,
KNIPEX TILE BREAKING PLIERS 250MM,Tridon 003483 Whitelaw Tooling Supplies,,,
KNIPEX SPARE JAW FOR 9113250 (AF),Tridon 003483 Whitelaw Tooling Supplies,,,
KNIPEX PLIER GLASS BREAKING 180MM,Tridon 003483 Whitelaw Tooling Supplies,,,
KNIPEX GLASS NIBBLING PLIERS 160MM (AF),Tridon 003483 Whitelaw Tooling Supplies,,,
KNIPEX FLAT NOSE GROZING PLIE 160MM (AF),Tridon 003483 Whitelaw Tooling Supplies,,,
KNIPEX GLASS NIBBLING PLIERS 160MM (AF),Tridon 003483 Whitelaw Tooling Supplies,,,
KNIPEX UPHOLSTERY PLIERS 180MM,Tridon 003483 Whitelaw Tooling Supplies,,,
KNIPEX UNI TWEEZER SET ESD 5PC (AF),Tridon 003483 Whitelaw Tooling Supplies,,,
KNIPEX PRECISION TWEEZER SET 5PC (AF),Tridon 003483 Whitelaw Tooling Supplies,,,
KNIPEX PRECISION TWEEZER SET 5PC (AF),Tridon 003483 Whitelaw Tooling Supplies,,,
KNIPEX 1000V UNI TWEEZER SET 5PC (AF),Tridon 003483 Whitelaw Tooling Supplies,,,
KNIPEX PLASTIC TWEEZER SET ESD 5PC (AF),Tridon 003483 Whitelaw Tooling Supplies,,,
KNIPEX SMD PRECISION TWEEZER S/S (AF),Tridon 003483 Whitelaw Tooling Supplies,,,
KNIPEX SMD PRECISION TWEEZER S/S (AF),Tridon 003483 Whitelaw Tooling Supplies,,,
KNIPEX SMD PRECISION TWEEZER S/S (AF),Tridon 003483 Whitelaw Tooling Supplies,,,
KNIPEX SMD PRECISION TWEEZER S/S (AF),Tridon 003483 Whitelaw Tooling Supplies,,,
KNIPEX UNIVERSAL TWEEZERS S/STEEL (AF),Tridon 003483 Whitelaw Tooling Supplies,,,
KNIPEX UNIVERSAL TWEEZERS S/STEEL (AF),Tridon 003483 Whitelaw Tooling Supplies,,,
KNIPEX POSITIONING TWEEZERS S/STEEL (AF),Tridon 003483 Whitelaw Tooling Supplies,,,
KNIPEX ASSEMBLY TWEEZERS 120MM (AF),Tridon 003483 Whitelaw Tooling Supplies,,,
KNIPEX ASSEMBLY TWEEZERS 120MM (AF),Tridon 003483 Whitelaw Tooling Supplies,,,
KNIPEX ASSEMBLY TWEEZERS 115MM (AF),Tridon 003483 Whitelaw Tooling Supplies,,,
KNIPEX PREC TWEEZER ESD ANG 45 DEG (AF),Tridon 003483 Whitelaw Tooling Supplies,,,
KNIPEX PRECISION TWEEZERS ESD (AF),Tridon 003483 Whitelaw Tooling Supplies,,,
KNIPEX PLASTIC TWEEZERS ESD BLACK (AF),Tridon 003483 Whitelaw Tooling Supplies,,,
KNIPEX PLASTIC TWEEZERS ESD BLACK (AF),Tridon 003483 Whitelaw Tooling Supplies,,,
KNIPEX PLASTIC TWEEZERS ESD BLACK (AF),Tridon 003483 Whitelaw Tooling Supplies,,,
KNIPEX PLASTIC TWEEZERS ESD BLACK (AF),Tridon 003483 Whitelaw Tooling Supplies,,,
KNIPEX PLASTIC TWEEZERS ESD BLACK (AF),Tridon 003483 Whitelaw Tooling Supplies,,,
KNIPEX CUTTING TWEEZER STAINLESS ST (AF),Tridon 003483 Whitelaw Tooling Supplies,,,
KNIPEX CUTTING TWEEZERS ESD S/STEEL (AF),Tridon 003483 Whitelaw Tooling Supplies,,,
KNIPEX POSITIONING TWEEZERS S/STEEL (AF),Tridon 003483 Whitelaw Tooling Supplies,,,
KNIPEX POSITIONING TWEEZERS S/STEEL (AF),Tridon 003483 Whitelaw Tooling Supplies,,,
KNIPEX ASSEMBLY TWEEZERS 120MM (AF),Tridon 003483 Whitelaw Tooling Supplies,,,
KNIPEX POSITIONING TWEEZER ESD S/S (AF),Tridon 003483 Whitelaw Tooling Supplies,,,
KNIPEX POSITIONING TWEEZER ESD S/S (AF),Tridon 003483 Whitelaw Tooling Supplies,,,
KNIPEX PRECISION TWEEZERS S/STEEL (AF),Tridon 003483 Whitelaw Tooling Supplies,,,
KNIPEX UNI TWEEZER ESD S/STEEL (AF),Tridon 003483 Whitelaw Tooling Supplies,,,
KNIPEX PRECISION TWEEZERS S/STEEL (AF),Tridon 003483 Whitelaw Tooling Supplies,,,
KNIPEX UNI TWEEZER ESD S/STEEL (AF),Tridon 003483 Whitelaw Tooling Supplies,,,
KNIPEX PRECISION TWEEZERS S/STEEL (AF),Tridon 003483 Whitelaw Tooling Supplies,,,
KNIPEX UNI TWEEZER ESD S/STEEL (AF),Tridon 003483 Whitelaw Tooling Supplies,,,
KNIPEX MINI PRECISION TWEEZER S/S (AF),Tridon 003483 Whitelaw Tooling Supplies,,,
KNIPEX MINI PRECISION TWEEZER S/S (AF),Tridon 003483 Whitelaw Tooling Supplies,,,
KNIPEX MINI PRECISION TWEEZER S/S (AF),Tridon 003483 Whitelaw Tooling Supplies,,,
KNIPEX UNIVERSAL TWEEZERS S/STEEL (AF),Tridon 003483 Whitelaw Tooling Supplies,,,
KNIPEX UNIVERSAL TWEEZERS S/STEEL (AF),Tridon 003483 Whitelaw Tooling Supplies,,,
KNIPEX PRECISION TWEEZERS ESD 123MM (AF),Tridon 003483 Whitelaw Tooling Supplies,,,
KNIPEX PRECISION TWEEZERS ESD 123MM (AF),Tridon 003483 Whitelaw Tooling Supplies,,,
KNIPEX PRECISION TWEEZERS ESD 112MM (AF),Tridon 003483 Whitelaw Tooling Supplies,,,
KNIPEX PRECISION TWEEZERS ESD 112MM (AF),Tridon 003483 Whitelaw Tooling Supplies,,,
KNIPEX PRECISION TWEEZERS ESD 130MM (AF),Tridon 003483 Whitelaw Tooling Supplies,,,
KNIPEX PRECISION TWEEZERS 130MM (AF),Tridon 003483 Whitelaw Tooling Supplies,,,
KNIPEX PRECISION TWEEZERS 120MM (AF),Tridon 003483 Whitelaw Tooling Supplies,,,
KNIPEX PRECISION TWEEZERS 115MM (AF),Tridon 003483 Whitelaw Tooling Supplies,,,
KNIPEX PRECISION TWEEZERS 105MM (AF),Tridon 003483 Whitelaw Tooling Supplies,,,
KNIPEX PRECISION TWEEZERS 135MM (AF),Tridon 003483 Whitelaw Tooling Supplies,,,
KNIPEX PRECISION TWEEZERS 15MM (AF),Tridon 003483 Whitelaw Tooling Supplies,,,
KNIPEX TITANIUM TWEEZERS (AF),Tridon 003483 Whitelaw Tooling Supplies,,,
KNIPEX PRECISION TWEEZERS 120MM (AF),Tridon 003483 Whitelaw Tooling Supplies,,,
KNIPEX PRECISION TWEEZERS 155MM (AF),Tridon 003483 Whitelaw Tooling Supplies,,,
KNIPEX TWEEZERS 1000V 130MM,Tridon 003483 Whitelaw Tooling Supplies,,,
KNIPEX 1000V INSULATED TWEEZER 150MM-AF,Tridon 003483 Whitelaw Tooling Supplies,,,
KNIPEX PRECISION TWEEZERS ESD 130MM (AF),Tridon 003483 Whitelaw Tooling Supplies,,,
KNIPEX PRECISION TWEEZERS ESD 110MM (AF),Tridon 003483 Whitelaw Tooling Supplies,,,
KNIPEX PRECISION TWEEZERS ESD 110MM (AF),Tridon 003483 Whitelaw Tooling Supplies,,,
KNIPEX PRECISION TWEEZERS ESD 135MM (AF),Tridon 003483 Whitelaw Tooling Supplies,,,
KNIPEX PRECISION TWEEZERS S/STEEL (AF),Tridon 003483 Whitelaw Tooling Supplies,,,
KNIPEX PRECISION TWEEZER ESD 122 MM (AF),Tridon 003483 Whitelaw Tooling Supplies,,,
KNIPEX PRECISION TWEEZERS 120MM (AF),Tridon 003483 Whitelaw Tooling Supplies,,,
KNIPEX PRECISION TWEEZERS 105MM (AF),Tridon 003483 Whitelaw Tooling Supplies,,,
KNIPEX PRECISION TWEEZER 45 DEG 155MM,Tridon 003483 Whitelaw Tooling Supplies,,,
KNIPEX PRECISION TWEEZERS 155MM (AF),Tridon 003483 Whitelaw Tooling Supplies,,,
KNIPEX TWEEZERS 1000V,Tridon 003483 Whitelaw Tooling Supplies,,,
KNIPEX PRECISION TWEEZERS ESD 120MM (AF),Tridon 003483 Whitelaw Tooling Supplies,,,
KNIPEX UNI TWEEZER INSULATED 1000V (AF),Tridon 003483 Whitelaw Tooling Supplies,,,
KNIPEX PRECISION TWEEZERS S/STEEL (AF),Tridon 003483 Whitelaw Tooling Supplies,,,
KNIPEX MINI PRECISION TWEEZER S/S (AF),Tridon 003483 Whitelaw Tooling Supplies,,,
KNIPEX PRECISION TWEEZERS 120MM (AF),Tridon 003483 Whitelaw Tooling Supplies,,,
KNIPEX PRECISION TWEEZERS ESD 120MM (AF),Tridon 003483 Whitelaw Tooling Supplies,,,
KNIPEX UNIVERSAL TWEEZERS S/STEEL (AF),Tridon 003483 Whitelaw Tooling Supplies,,,
KNIPEX UNIVERSAL TWEEZERS S/STEEL (AF),Tridon 003483 Whitelaw Tooling Supplies,,,
KNIPEX PRECISION TWEEZERS 120MM (AF),Tridon 003483 Whitelaw Tooling Supplies,,,
KNIPEX PRECISION TWEEZERS 145MM (AF),Tridon 003483 Whitelaw Tooling Supplies,,,
KNIPEX 1000V INSULATED TWEEZER 145MM-AF,Tridon 003483 Whitelaw Tooling Supplies,,,
KNIPEX PLASTIC TWEEZERS,Tridon 003483 Whitelaw Tooling Supplies,,,
KNIPEX PRECISION TWEEZERS 145MM (AF),Tridon 003483 Whitelaw Tooling Supplies,,,
KNIPEX PRECISION TWEEZERS ESD 145MM (AF),Tridon 003483 Whitelaw Tooling Supplies,,,
KNIPEX TWEEZERS WITH EXCHANGEABLE (AF),Tridon 003483 Whitelaw Tooling Supplies,,,
KNIPEX TWEEZERS WITH EXCHANGEABLE (AF),Tridon 003483 Whitelaw Tooling Supplies,,,
KNIPEX TWEEZERS WITH EXCHANGEABLE (AF),Tridon 003483 Whitelaw Tooling Supplies,,,
KNIPEX TWEEZERS WITH EXCHANGEABLE (AF),Tridon 003483 Whitelaw Tooling Supplies,,,
KNIPEX TWEEZERS WITH EXCHANGEABLE (AF),Tridon 003483 Whitelaw Tooling Supplies,,,
KNIPEX PRECISION TWEEZER RECT/BLUNT,Tridon 003483 Whitelaw Tooling Supplies,,,
KNIPEX PRECISION TWEEZERS ESD 130MM (AF),Tridon 003483 Whitelaw Tooling Supplies,,,
KNIPEX EXCHANGEABLE TIPS ESD (AF),Tridon 003483 Whitelaw Tooling Supplies,,,
KNIPEX EXCHANGE TIPS ESD 92 81 02 (AF),Tridon 003483 Whitelaw Tooling Supplies,,,
KNIPEX EXCHANGE TIPS ESD 92 81 03 (AF),Tridon 003483 Whitelaw Tooling Supplies,,,
KNIPEX EXCHANGE TIPS ESD 92 81 04 (AF),Tridon 003483 Whitelaw Tooling Supplies,,,
KNIPEX EXCHANGE TIPS ESD 92 81 05 (AF),Tridon 003483 Whitelaw Tooling Supplies,,,
KNIPEX CROSS JAW TWEEZER INOX (AF),Tridon 003483 Whitelaw Tooling Supplies,,,
KNIPEX CROSS JAW TWEEZER INOX (AF),Tridon 003483 Whitelaw Tooling Supplies,,,
KNIPEX CROSS JAW TWEEZER INOX (AF),Tridon 003483 Whitelaw Tooling Supplies,,,
KNIPEX CROSSOVER TWEEZERS 160MM (AF),Tridon 003483 Whitelaw Tooling Supplies,,,
KNIPEX CROSSOVER TWEEZERS 160MM (AF),Tridon 003483 Whitelaw Tooling Supplies,,,
KNIPEX CROSSOVER TWEEZERS 160MM (AF),Tridon 003483 Whitelaw Tooling Supplies,,,
KNIPEX SPARE BLADE FOR 94 00 185,Tridon 003483 Whitelaw Tooling Supplies,,,
KNIPEX PLASTIC PIPE CUTTER 185MM,Tridon 003483 Whitelaw Tooling Supplies,,,
KNIPEX CUTTER FOR RIBB CABLE 215MM (AF),Tridon 003483 Whitelaw Tooling Supplies,,,
KNIPEX SP BLADE SUPPORT FOR 9415215 (AF),Tridon 003483 Whitelaw Tooling Supplies,,,
KNIPEX SPARE BLADE FOR 94 10 185,Tridon 003483 Whitelaw Tooling Supplies,,,
KNIPEX SPARE SPRING FOR 94 10 185 (AF),Tridon 003483 Whitelaw Tooling Supplies,,,
KNIPEX SPARE BLADE FOR 94 15 214,Tridon 003483 Whitelaw Tooling Supplies,,,
KNIPEX MITRE SHEARS 215MM,Tridon 003483 Whitelaw Tooling Supplies,,,
KNIPEX SP BLADE SUPPORT FOR 9435215 (AF),Tridon 003483 Whitelaw Tooling Supplies,,,
KNIPEX ANVIL CUTTING SHEARS 200MM,Tridon 003483 Whitelaw Tooling Supplies,,,
KNIPEX SPARE BLADE FOR 9455200 (AF),Tridon 003483 Whitelaw Tooling Supplies,,,
KNIPEX SPARE ANVIL FOR 9455200 (AF),Tridon 003483 Whitelaw Tooling Supplies,,,
KNIPEX VINYL SHEARS,Tridon 003483 Whitelaw Tooling Supplies,,,
RENNSTEIG KEVLAR SHEARS 160MM,Tridon 003483 Whitelaw Tooling Supplies,,,
KNIPEX SHEARS FOR KEVLAR FIBRES 160MM-AF,Tridon 003483 Whitelaw Tooling Supplies,,,
KNIPEX COMBINATION SHEARS 160MM,Tridon 003483 Whitelaw Tooling Supplies,,,
KNIPEX COMBINATION/CABLE SHEARS 140MM,Tridon 003483 Whitelaw Tooling Supplies,,,
KNIPEX UNIVERSAL SHEARS 160MM,Tridon 003483 Whitelaw Tooling Supplies,,,
KNIPEX COMBINATION CABLE SHEARS 165MM,Tridon 003483 Whitelaw Tooling Supplies,,,
KNIPEX COMBINATION SHEARS 185MM,Tridon 003483 Whitelaw Tooling Supplies,,,
KNIPEX COMBINATION/CABLE SHEARS 190MM,Tridon 003483 Whitelaw Tooling Supplies,,,
KNIPEX ANGLED ELECTRICIANS SHEARS 160MM,Tridon 003483 Whitelaw Tooling Supplies,,,
KNIPEX 1000V CABLE SHEARS 230MM,Tridon 003483 Whitelaw Tooling Supplies,,,
KNIPEX SPARE BLADE FOR 95 02 21 (AF),Tridon 003483 Whitelaw Tooling Supplies,,,
KNIPEX STEPCUT CABLE SHEARS 160MM,Tridon 003483 Whitelaw Tooling Supplies,,,
KNIPEX CABLE CUTTER SHEARS 165MM,Tridon 003483 Whitelaw Tooling Supplies,,,
KNIPEX CABLE CUTTER SHEARS 200MM,Tridon 003483 Whitelaw Tooling Supplies,,,
KNIPEX STEPCUT XL CABLE SHEARS 225MM,Tridon 003483 Whitelaw Tooling Supplies,,,
KNIPEX STEPCUT CABLE SHEARS 160MM,Tridon 003483 Whitelaw Tooling Supplies,,,
KNIPEX CABLE CUTTER SHEARS 165MM,Tridon 003483 Whitelaw Tooling Supplies,,,
KNIPEX CABLE SHEARS 200MM,Tridon 003483 Whitelaw Tooling Supplies,,,
KNIPEX STEPCUT XL CABLE SHEARS 225MM,Tridon 003483 Whitelaw Tooling Supplies,,,
KNIPEX CABLE SHEARS 500MM (AF),Tridon 003483 Whitelaw Tooling Supplies,,,
KNIPEX 1000V STEPCUT CABLE SHEARS 160MM,Tridon 003483 Whitelaw Tooling Supplies,,,
KNIPEX 1000V CABLE SHEARS 165MM,Tridon 003483 Whitelaw Tooling Supplies,,,
KNIPEX TETHERED CABLE SHEARS 1000V 165MM,Tridon 003483 Whitelaw Tooling Supplies,,,
KNIPEX 1000V CABLE SHEARS 200MM,Tridon 003483 Whitelaw Tooling Supplies,,,
KNIPEX 1000V CABLE SHEARS 200MM (AF),Tridon 003483 Whitelaw Tooling Supplies,,,
KNIPEX 1000V CABLE SHEARS 500MM (AF),Tridon 003483 Whitelaw Tooling Supplies,,,
KNIPEX STEPCUT XL CABLE SHEARS 225MM,Tridon 003483 Whitelaw Tooling Supplies,,,
KNIPEX CABLE SHEARS WITH SPRING 165MM,Tridon 003483 Whitelaw Tooling Supplies,,,
KNIPEX CABLE SHEARS WITH SPRING 165MM,Tridon 003483 Whitelaw Tooling Supplies,,,
KNIPEX 1000V CABLE SHEARS W/SPRING 165MM,Tridon 003483 Whitelaw Tooling Supplies,,,
KNIPEX SP CUTTER HEADS FOR 9527600 (AF),Tridon 003483 Whitelaw Tooling Supplies,,,
KNIPEX CABLE CUTTER 250MM,Tridon 003483 Whitelaw Tooling Supplies,,,
KNIPEX CABLE CUTTERS 280MM,Tridon 003483 Whitelaw Tooling Supplies,,,
KNIPEX CABLE SHEAR W/ TELESCOPIC HANDLE,Tridon 003483 Whitelaw Tooling Supplies,,,
KNIPEX CABLE CUTTER RATCHET 600MM (AF),Tridon 003483 Whitelaw Tooling Supplies,,,
KNIPEX CABLE CUTTER RATCHET 650MM (AF),Tridon 003483 Whitelaw Tooling Supplies,,,
KNIPEX CABLE CUTTER FOR SWA CABLE  315M,Tridon 003483 Whitelaw Tooling Supplies,,,
KNIPEX CABLE CUTTER 320MM,Tridon 003483 Whitelaw Tooling Supplies,,,
KNIPEX ACSR CABLE CUTTER 340MM (AF),Tridon 003483 Whitelaw Tooling Supplies,,,
KNIPEX 1000V CABLE CUTTERS 250MM,Tridon 003483 Whitelaw Tooling Supplies,,,
KNIPEX 1000V CABLE CUTTERS 280MM,Tridon 003483 Whitelaw Tooling Supplies,,,
KNIPEX 1000V CABLE CUT SWA CABLE  315MM,Tridon 003483 Whitelaw Tooling Supplies,,,
KNIPEX 1000V CABLE CUTTER 320MM,Tridon 003483 Whitelaw Tooling Supplies,,,
KNIPEX SP CUTTER HEAD FOR 9532038 (AF),Tridon 003483 Whitelaw Tooling Supplies,,,
KNIPEX SP FEED CATCH 95 3X 250/280 (AF),Tridon 003483 Whitelaw Tooling Supplies,,,
KNIPEX SP SAFETY CATCH 953X250/280 (AF),Tridon 003483 Whitelaw Tooling Supplies,,,
KNIPEX SP ROTARY SPRING 953X250/280 (AF),Tridon 003483 Whitelaw Tooling Supplies,,,
KNIPEX SP PRESSURE SPRING 95 3X XXX (AF),Tridon 003483 Whitelaw Tooling Supplies,,,
KNIPEX SPARE SPRING FOR 95 31 250,Tridon 003483 Whitelaw Tooling Supplies,,,
KNIPEX SPARE TENSION SPRING LAT. (AF),Tridon 003483 Whitelaw Tooling Supplies,,,
KNIPEX SP LOCKING SET FOR 95 3X XXX (AF),Tridon 003483 Whitelaw Tooling Supplies,,,
KNIPEX SP PIVOT BOLT FOR 95 3X XXX (AF),Tridon 003483 Whitelaw Tooling Supplies,,,
KNIPEX SPARE DISTANCE BOLT SET (AF),Tridon 003483 Whitelaw Tooling Supplies,,,
KNIPEX SPARE RAISED COUNTSUNK SCREW (AF),Tridon 003483 Whitelaw Tooling Supplies,,,
KNIPEX SPARE LOCK NUT FOR 95 3X XXX (AF),Tridon 003483 Whitelaw Tooling Supplies,,,
KNIPEX SPARE BLADE 9536280/9536250 (AF),Tridon 003483 Whitelaw Tooling Supplies,,,
KNIPEX SPARE MOVING BLADE 9536380 (AF),Tridon 003483 Whitelaw Tooling Supplies,,,
KNIPEX PIVOT CUTTER REPAIR KIT (AF),Tridon 003483 Whitelaw Tooling Supplies,,,
KNIPEX FIXED CUTTER REPAIR KIT (AF),Tridon 003483 Whitelaw Tooling Supplies,,,
KNIPEX SP BLADE FOR 9532320/9536320 (AF),Tridon 003483 Whitelaw Tooling Supplies,,,
KNIPEX SP BLADE FOR 9532320/9536320 (AF),Tridon 003483 Whitelaw Tooling Supplies,,,
KNIPEX SP DRIVE SET 9532320/36 320 (AF),Tridon 003483 Whitelaw Tooling Supplies,,,
KNIPEX SPARE SCREW SET 95 32/36 320 (AF),Tridon 003483 Whitelaw Tooling Supplies,,,
KNIPEX REPAIR KIT FOR 9532340 (AF),Tridon 003483 Whitelaw Tooling Supplies,,,
KNIPEX SP BLADES FOR CABLE CUTTERS (AF),Tridon 003483 Whitelaw Tooling Supplies,,,
KNIPEX SP BLADES FOR CABLE CUTTERS (AF),Tridon 003483 Whitelaw Tooling Supplies,,,
KNIPEX CABLE SHEARS 165MM,Tridon 003483 Whitelaw Tooling Supplies,,,
KNIPEX BOWDEN CABLE  CUTTER 190MM,Tridon 003483 Whitelaw Tooling Supplies,,,
KNIPEX WIRE ROPE CUTTER 190MM,Tridon 003483 Whitelaw Tooling Supplies,,,
KNIPEX WIRE ROPE CUTTER 160MM,Tridon 003483 Whitelaw Tooling Supplies,,,
KNIPEX WIRE ROPE CUTTER FOR TYRE CORD-AF,Tridon 003483 Whitelaw Tooling Supplies,,,
KNIPEX WIRE ROPE CUTTER 190MM,Tridon 003483 Whitelaw Tooling Supplies,,,
KNIPEX SP SPRING FOR 95 62 160 + TC (AF),Tridon 003483 Whitelaw Tooling Supplies,,,
KNIPEX SPARE PARTS SET (AF),Tridon 003483 Whitelaw Tooling Supplies,,,
KNIPEX 1000V WIRE ROPE CUTTERS 600MM-AF,Tridon 003483 Whitelaw Tooling Supplies,,,
KNIPEX CRIMP GRIP PLIERS 215MM,Tridon 003483 Whitelaw Tooling Supplies,,,
KNIPEX CRIMPING PLIER,Tridon 003483 Whitelaw Tooling Supplies,,,
KNIPEX CRIMPING PLIERS 230MM (AF),Tridon 003483 Whitelaw Tooling Supplies,,,
KNIPEX CRIMPING PLIERS 230MM,Tridon 003483 Whitelaw Tooling Supplies,,,
KNIPEX CRIMPING PLIER 240MM,Tridon 003483 Whitelaw Tooling Supplies,,,
KNIPEX CRIMPING PLIER 240MM,Tridon 003483 Whitelaw Tooling Supplies,,,
KNIPEX MULTICRIMP 3 DIE CHANGE,Tridon 003483 Whitelaw Tooling Supplies,,,
KNIPEX MULTICRIMP 5 DIE CHANGE,Tridon 003483 Whitelaw Tooling Supplies,,,
KNIPEX SPARE DIE FOR  973301/973302 (AF),Tridon 003483 Whitelaw Tooling Supplies,,,
KNIPEX SPARE DIE FOR  973301/973302 (AF),Tridon 003483 Whitelaw Tooling Supplies,,,
KNIPEX SPARE DIE FOR  973301/973302 (AF),Tridon 003483 Whitelaw Tooling Supplies,,,
KNIPEX SPARE DIE FOR  973301/973302 (AF),Tridon 003483 Whitelaw Tooling Supplies,,,
KNIPEX SPARE DIE FOR  973301/973302 (AF),Tridon 003483 Whitelaw Tooling Supplies,,,
KNIPEX SPARE DIE FOR  973301/973302 (AF),Tridon 003483 Whitelaw Tooling Supplies,,,
KNIPEX SP MAGAZINE FOR 973301/2 (AF),Tridon 003483 Whitelaw Tooling Supplies,,,
KNIPEX INSERTION TOOL 175MM (AF),Tridon 003483 Whitelaw Tooling Supplies,,,
KNIPEX COMPRESSION TOOL FOR COAX,Tridon 003483 Whitelaw Tooling Supplies,,,
KNIPEX CRIMP SYSTEM PLIERS 200MM (AF),Tridon 003483 Whitelaw Tooling Supplies,,,
KNIPEX CRIMP SYSTEM PLIERS 200MM (AF),Tridon 003483 Whitelaw Tooling Supplies,,,
KNIPEX CRIMP SYSTEM PLIERS,Tridon 003483 Whitelaw Tooling Supplies,,,
KNIPEX CRIMP SYSTEM PLIERS 200MM (AF),Tridon 003483 Whitelaw Tooling Supplies,,,
KNIPEX CRIMP SYSTEM PLIERS FOR MC4 EVO 2,Tridon 003483 Whitelaw Tooling Supplies,,,
KNIPEX ECRIMP AUS/NZ PLUG (AF),Tridon 003483 Whitelaw Tooling Supplies,,,
KNIPEX CRIMPING DIE,Tridon 003483 Whitelaw Tooling Supplies,,,
KNIPEX EXCHANGEABLE CRIMPING DIES (AF),Tridon 003483 Whitelaw Tooling Supplies,,,
KNIPEX EXCHANGEABLE CRIMPING DIES (AF),Tridon 003483 Whitelaw Tooling Supplies,,,
KNIPEX CRIMP DIE INSULATED PIDG TERM(AF),Tridon 003483 Whitelaw Tooling Supplies,,,
KNIPEX EXCHANGEABLE CRIMPING DIES (AF),Tridon 003483 Whitelaw Tooling Supplies,,,
KNIPEX EXCHANGEABLE CRIMPING DIES (AF),Tridon 003483 Whitelaw Tooling Supplies,,,
KNIPEX EXCHANGEABLE CRIMPING DIES (AF),Tridon 003483 Whitelaw Tooling Supplies,,,
KNIPEX EXCHANGEABLE CRIMPING DIES (AF),Tridon 003483 Whitelaw Tooling Supplies,,,
KNIPEX EXCHANGEABLE CRIMPING DIES (AF),Tridon 003483 Whitelaw Tooling Supplies,,,
KNIPEX EXCHANGEABLE CRIMPING DIES (AF),Tridon 003483 Whitelaw Tooling Supplies,,,
KNIPEX EXCHANGEABLE CRIMPING DIES (AF),Tridon 003483 Whitelaw Tooling Supplies,,,
KNIPEX EXCHANGEABLE CRIMPING DIES (AF),Tridon 003483 Whitelaw Tooling Supplies,,,
KNIPEX EXCHANGEABLE CRIMPING DIES (AF),Tridon 003483 Whitelaw Tooling Supplies,,,
KNIPEX EXCHANGEABLE CRIMPING DIES (AF),Tridon 003483 Whitelaw Tooling Supplies,,,
KNIPEX CRIMP DIE INSUL/NON-INSUL. (AF),Tridon 003483 Whitelaw Tooling Supplies,,,
KNIPEX EXCHANGEABLE CRIMPING DIES (AF),Tridon 003483 Whitelaw Tooling Supplies,,,
KNIPEX EXCHANGEABLE CRIMPING DIES (AF),Tridon 003483 Whitelaw Tooling Supplies,,,
KNIPEX EXCHANGEABLE CRIMPING DIE (AF),Tridon 003483 Whitelaw Tooling Supplies,,,
KNIPEX POSITIONING AID (AF),Tridon 003483 Whitelaw Tooling Supplies,,,
KNIPEX EXCHANGEABLE CRIMPING DIE (AF),Tridon 003483 Whitelaw Tooling Supplies,,,
KNIPEX POSITIONING AID (AF),Tridon 003483 Whitelaw Tooling Supplies,,,
KNIPEX EXCHANGE CRIMPING DIES MQS (AF),Tridon 003483 Whitelaw Tooling Supplies,,,
KNIPEX POSITIONING AID (AF),Tridon 003483 Whitelaw Tooling Supplies,,,
KNIPEX CRIMPING DIES AMP SUPERSEAL (AF),Tridon 003483 Whitelaw Tooling Supplies,,,
KNIPEX WIRE FEED STOPPER FOR 974928 (AF),Tridon 003483 Whitelaw Tooling Supplies,,,
KNIPEX EXCHANGEABLE CRIMPING DIES (AF),Tridon 003483 Whitelaw Tooling Supplies,,,
KNIPEX EXCHANGEABLE CRIMPING DIES (AF),Tridon 003483 Whitelaw Tooling Supplies,,,
KNIPEX EXCHANGEABLE CRIMPING DIES (AF),Tridon 003483 Whitelaw Tooling Supplies,,,
KNIPEX CRIMPING DIE,Tridon 003483 Whitelaw Tooling Supplies,,,
KNIPEX EXCHANGEABLE CRIMPING DIES (AF),Tridon 003483 Whitelaw Tooling Supplies,,,
KNIPEX EXCHANGEABLE CRIMPING DIES (AF),Tridon 003483 Whitelaw Tooling Supplies,,,
KNIPEX EXCHANGEABLE CRIMPING DIES (AF),Tridon 003483 Whitelaw Tooling Supplies,,,
KNIPEX POSITIONING AID (AF),Tridon 003483 Whitelaw Tooling Supplies,,,
KNIPEX EXCHANGEABLE CRIMPING DIES (AF),Tridon 003483 Whitelaw Tooling Supplies,,,
KNIPEX EXCHANGEABLE CRIMPING DIES (AF),Tridon 003483 Whitelaw Tooling Supplies,,,
KNIPEX EXCHANGEABLE CRIMPING DIES (AF),Tridon 003483 Whitelaw Tooling Supplies,,,
KNIPEX SOLAR CABLE CONNECTOR MC3,Tridon 003483 Whitelaw Tooling Supplies,,,
KNIPEX LOCATOR FOR 97 49 65,Tridon 003483 Whitelaw Tooling Supplies,,,
KNIPEX ASSEMBLY TOOL FOR MC3 (AF),Tridon 003483 Whitelaw Tooling Supplies,,,
KNIPEX SOLAR CABLE CONNECTOR MC4,Tridon 003483 Whitelaw Tooling Supplies,,,
KNIPEX LOCATOR FOR 97 49 66,Tridon 003483 Whitelaw Tooling Supplies,,,
KNIPEX MOUNTING TOOL SET (2 pcs.) (AF),Tridon 003483 Whitelaw Tooling Supplies,,,
KNIPEX EXCHANGEABLE CRIMPING DIES (AF),Tridon 003483 Whitelaw Tooling Supplies,,,
KNIPEX EXCHANGEABLE CRIMPING DIES (AF),Tridon 003483 Whitelaw Tooling Supplies,,,
KNIPEX EXCHANGEABLE CRIMPING DIES (AF),Tridon 003483 Whitelaw Tooling Supplies,,,
KNIPEX POSITIONING AID (AF),Tridon 003483 Whitelaw Tooling Supplies,,,
KNIPEX EXCHANGEABLE CRIMPING DIES (AF),Tridon 003483 Whitelaw Tooling Supplies,,,
KNIPEX EXCHANGEABLE CRIMPING DIES (AF),Tridon 003483 Whitelaw Tooling Supplies,,,
KNIPEX EXCHANGEABLE CRIMPING DIES (AF),Tridon 003483 Whitelaw Tooling Supplies,,,
KNIPEX EXCHANGEABLE CRIMPING DIES (AF),Tridon 003483 Whitelaw Tooling Supplies,,,
KNIPEX EXCHANGEABLE CRIMPING DIES (AF),Tridon 003483 Whitelaw Tooling Supplies,,,
KNIPEX POSITIONING AID (AF),Tridon 003483 Whitelaw Tooling Supplies,,,
KNIPEX EXCHANGEABLE CRIMPING DIES (AF),Tridon 003483 Whitelaw Tooling Supplies,,,
KNIPEX POSITIONING AID (AF),Tridon 003483 Whitelaw Tooling Supplies,,,
KNIPEX EXCHANGEABLE CRIMPING DIES (AF),Tridon 003483 Whitelaw Tooling Supplies,,,
KNIPEX POSITIONING AID (AF),Tridon 003483 Whitelaw Tooling Supplies,,,
KNIPEX POSITIONING AID (AF),Tridon 003483 Whitelaw Tooling Supplies,,,
KNIPEX POSITIONING AID (AF),Tridon 003483 Whitelaw Tooling Supplies,,,
KNIPEX POSITIONING AID (AF),Tridon 003483 Whitelaw Tooling Supplies,,,
KNIPEX CRIMP PLIER W SIDE CUT 125MM (AF),Tridon 003483 Whitelaw Tooling Supplies,,,
KNIPEX CRIMPING PLIER FOR WESTERN PLUGS,Tridon 003483 Whitelaw Tooling Supplies,,,
KNIPEX CRIMPING PLIERS 200MM (AF),Tridon 003483 Whitelaw Tooling Supplies,,,
CRIMPING PLIERS RJ45 WESTERN PLUGS,Tridon 003483 Whitelaw Tooling Supplies,,,
KNIPEX CRIMP LEVER PLIERS 250MM (AF),Tridon 003483 Whitelaw Tooling Supplies,,,
KNIPEX CRIMP LEVER PLIERS 250MM (AF),Tridon 003483 Whitelaw Tooling Supplies,,,
KNIPEX CRIMP LEVER PLIERS 250MM (AF),Tridon 003483 Whitelaw Tooling Supplies,,,
KNIPEX CRIMP LEVER PLIERS 250MM (AF),Tridon 003483 Whitelaw Tooling Supplies,,,
KNIPEX CRIMP LEVER PLIERS 250MM (AF),Tridon 003483 Whitelaw Tooling Supplies,,,
KNIPEX CRIMP LEVER PLIERS 250MM (AF),Tridon 003483 Whitelaw Tooling Supplies,,,
KNIPEX CRIMP LEVER PLIERS 250MM (AF),Tridon 003483 Whitelaw Tooling Supplies,,,
KNIPEX CRIMP LEVER PLIERS 250MM (AF),Tridon 003483 Whitelaw Tooling Supplies,,,
KNIPEX CRIMP LEVER PLIERS (AF),Tridon 003483 Whitelaw Tooling Supplies,,,
KNIPEX CRIMP LEVER PLIERS 250MM (AF),Tridon 003483 Whitelaw Tooling Supplies,,,
KNIPEX CRIMP LEVER PLIERS 250MM (AF),Tridon 003483 Whitelaw Tooling Supplies,,,
KNIPEX CRIMP LEVER PLIERS 250MM (AF),Tridon 003483 Whitelaw Tooling Supplies,,,
KNIPEX PRECIFORCE CRIMPING PLIERS,Tridon 003483 Whitelaw Tooling Supplies,,,
KNIPEX PRECIFORCE CRIMPING PLIERS,Tridon 003483 Whitelaw Tooling Supplies,,,
KNIPEX PRECIFORCE CRIMPING PLIERS,Tridon 003483 Whitelaw Tooling Supplies,,,
KNIPEX PRECIFORCE CRIMPING PLIERS,Tridon 003483 Whitelaw Tooling Supplies,,,
KNIPEX PRECIFORCE CRIMPING PLIERS,Tridon 003483 Whitelaw Tooling Supplies,,,
KNIPEX PRECIFORCE CRIMP PLIER 220MM (AF),Tridon 003483 Whitelaw Tooling Supplies,,,
KNIPEX PRECIFORCE CRIMPING PLIERS,Tridon 003483 Whitelaw Tooling Supplies,,,
KNIPEX PRECIFORCE CRIMPING PLIERS,Tridon 003483 Whitelaw Tooling Supplies,,,
KNIPEX PRECIFORCE CRIMPING PLIERS,Tridon 003483 Whitelaw Tooling Supplies,,,
KNIPEX FOUR MANDREL CRIMPING PL 180MM-AF,Tridon 003483 Whitelaw Tooling Supplies,,,
KNIPEX FOUR MANDREL CRIMPING PLIERS,Tridon 003483 Whitelaw Tooling Supplies,,,
KNIPEX FOUR MANDREL CRIMPING PL 180MM-AF,Tridon 003483 Whitelaw Tooling Supplies,,,
KNIPEX FOUR MANDREL CRIMPING PL 230MM-AF,Tridon 003483 Whitelaw Tooling Supplies,,,
KNIPEX FOUR MANDREL CRIMP PL 250MM (AF),Tridon 003483 Whitelaw Tooling Supplies,,,
KNIPEX FOUR MANDREL CRIMP PL 250MM (AF),Tridon 003483 Whitelaw Tooling Supplies,,,
KNIPEX FOUR MANDREL CRIMP PL 250MM (AF),Tridon 003483 Whitelaw Tooling Supplies,,,
KNIPEX FOUR-MANDREL CRIMP PLIER 230MM-AF,Tridon 003483 Whitelaw Tooling Supplies,,,
KNIPEX CRIMPING PLIERS SELF ADJUST 180MM,Tridon 003483 Whitelaw Tooling Supplies,,,
KNIPEX CRIMPING PLIERS SELF ADJUST 190MM,Tridon 003483 Whitelaw Tooling Supplies,,,
KNIPEX CRIMPING PLIERS SELF ADJUST 190MM,Tridon 003483 Whitelaw Tooling Supplies,,,
KNIPEX AUTOMATIC CRIMPING PLIERS,Tridon 003483 Whitelaw Tooling Supplies,,,
KNIPEX TWISTOR16 CRIMPING PLIER (AF),Tridon 003483 Whitelaw Tooling Supplies,,,
KNIPEX CRIMP PL FOR MICRO PLUGS 190MM-AF,Tridon 003483 Whitelaw Tooling Supplies,,,
KNIPEX CRIMP PL FOR MICRO PLUGS 190MM-AF,Tridon 003483 Whitelaw Tooling Supplies,,,
KNIPEX CRIMP PL FOR MICRO PLUGS 190MM-AF,Tridon 003483 Whitelaw Tooling Supplies,,,
KNIPEX CRIMP PL FOR MICRO PLUGS 190MM-AF,Tridon 003483 Whitelaw Tooling Supplies,,,
KNIPEX SELF ADJUSTING CRIMPING PLIER,Tridon 003483 Whitelaw Tooling Supplies,,,
KNIPEX CRIMP PLIERS F. CABLE LINKS (AF),Tridon 003483 Whitelaw Tooling Supplies,,,
KNIPEX SP BLADES FOR 97 51 04/10/12 (AF),Tridon 003483 Whitelaw Tooling Supplies,,,
KNIPEX SP BLADES FOR 975112/913 (AF),Tridon 003483 Whitelaw Tooling Supplies,,,
KNIPEX LOCATOR FOR 97 52 14 (AF),Tridon 003483 Whitelaw Tooling Supplies,,,
KNIPEX SP TENSION SPRING 1-HAND PL (AF),Tridon 003483 Whitelaw Tooling Supplies,,,
KNIPEX SP TENSION SPRING 2-HAND PL. (AF),Tridon 003483 Whitelaw Tooling Supplies,,,
KNIPEX SPARE TENSION SPRING THIN (AF),Tridon 003483 Whitelaw Tooling Supplies,,,
KNIPEX SPARE TENSION SPRING THICK (AF),Tridon 003483 Whitelaw Tooling Supplies,,,
KNIPEX LOCATOR 4 MANDREL CRIMP PL (AF),Tridon 003483 Whitelaw Tooling Supplies,,,
KNIPEX SP GO GAUGE TO SUIT 975967DT (AF),Tridon 003483 Whitelaw Tooling Supplies,,,
KNIPEX SP NOGO GAUGE FOR 975967DT (AF),Tridon 003483 Whitelaw Tooling Supplies,,,
KNIPEX CRIMP PL FOR END SLEEVES 145MM-AF,Tridon 003483 Whitelaw Tooling Supplies,,,
KNIPEX CRIMP PL FOR END SLEEVES 145MM-AF,Tridon 003483 Whitelaw Tooling Supplies,,,
KNIPEX CRIMPING PLIER,Tridon 003483 Whitelaw Tooling Supplies,,,
KNIPEX 1000V CRIMPING PLIERS,Tridon 003483 Whitelaw Tooling Supplies,,,
KNIPEX CRIMPING PLIERS FOR END SLEEVES,Tridon 003483 Whitelaw Tooling Supplies,,,
KNIPEX CRIMPING PLIER FOR END SLEEVES-AF,Tridon 003483 Whitelaw Tooling Supplies,,,
KNIPEX 1000V CRIMPING PLIER FOR END SLEE,Tridon 003483 Whitelaw Tooling Supplies,,,
KNIPEX TETHERED CRIMP PLIERS 1000V 180MM,Tridon 003483 Whitelaw Tooling Supplies,,,
KNIPEX CRIMPING PLIER FOR END SLEEVES-AF,Tridon 003483 Whitelaw Tooling Supplies,,,
KNIPEX CRIMP ASSORTMENTS (AF),Tridon 003483 Whitelaw Tooling Supplies,,,
KNIPEX CRIMP ASSORTMENTS (AF),Tridon 003483 Whitelaw Tooling Supplies,,,
KNIPEX CRIMP ASSORTMENTS (AF),Tridon 003483 Whitelaw Tooling Supplies,,,
KNIPEX CRIMP ASSORTMENTS (AF),Tridon 003483 Whitelaw Tooling Supplies,,,
KNIPEX CRIMP ASSORTMENTS (AF),Tridon 003483 Whitelaw Tooling Supplies,,,
KNIPEX CRIMP ASSORTMENTS (AF),Tridon 003483 Whitelaw Tooling Supplies,,,
KNIPEX CRIMP ASSORMENT WITH CRIMPER (AF),Tridon 003483 Whitelaw Tooling Supplies,,,
KNIPEX CRIMP ASSORTMENTS (AF),Tridon 003483 Whitelaw Tooling Supplies,,,
KNIPEX CRIMP ASSORTMENTS (AF),Tridon 003483 Whitelaw Tooling Supplies,,,
KNIPEX CRIMP ASSORTMENTS (AF),Tridon 003483 Whitelaw Tooling Supplies,,,
KNIPEX CRIMP ASSORTMENTS (AF),Tridon 003483 Whitelaw Tooling Supplies,,,
KNIPEX CRIMP ASSORTMENTS (AF),Tridon 003483 Whitelaw Tooling Supplies,,,
KNIPEX CRIMP ASSORTMENTS (AF),Tridon 003483 Whitelaw Tooling Supplies,,,
KNIPEX CRIMPING SET FOR END SLEEVES,Tridon 003483 Whitelaw Tooling Supplies,,,
KNIPEX CRIMP ASSORTMENTS (AF),Tridon 003483 Whitelaw Tooling Supplies,,,
KNIPEX CRIMP ASSORTMENT SET (AF),Tridon 003483 Whitelaw Tooling Supplies,,,
KNIPEX SOLAR TOOL SET 3 PCE,Tridon 003483 Whitelaw Tooling Supplies,,,
KNIPEX TOOL CASE PHOTOVOLTAICS EMPTY-AF,Tridon 003483 Whitelaw Tooling Supplies,,,
KNIPEX SOLAR TOOL KIT,Tridon 003483 Whitelaw Tooling Supplies,,,
KNIPEX TOOL CASE PV MC4 CONNECTORS,Tridon 003483 Whitelaw Tooling Supplies,,,
KNIPEX TOOL CASE PV MC4 CONNECTORS (AF),Tridon 003483 Whitelaw Tooling Supplies,,,
KNIPEX INSULATED BLADE TERM SOCKETS (AF),Tridon 003483 Whitelaw Tooling Supplies,,,
KNIPEX INSULATED BLADE TERM SOCKETS (AF),Tridon 003483 Whitelaw Tooling Supplies,,,
KNIPEX INSULATED BLADE TERM SOCKETS (AF),Tridon 003483 Whitelaw Tooling Supplies,,,
KNIPEX INSULATED BLADE TERM SOCKETS (AF),Tridon 003483 Whitelaw Tooling Supplies,,,
KNIPEX INSULATED BLADE TERM SOCKETS (AF),Tridon 003483 Whitelaw Tooling Supplies,,,
KNIPEX INSULATED BLADE TERM SOCKETS (AF),Tridon 003483 Whitelaw Tooling Supplies,,,
KNIPEX INSULATED BLADE TERM SOCKETS (AF),Tridon 003483 Whitelaw Tooling Supplies,,,
KNIPEX INSUL EYE TYPE CABLE CONNECT (AF),Tridon 003483 Whitelaw Tooling Supplies,,,
KNIPEX INSUL EYE TYPE CABLE CONNECT (AF),Tridon 003483 Whitelaw Tooling Supplies,,,
KNIPEX INSUL EYE TYPE CABLE CONNECT (AF),Tridon 003483 Whitelaw Tooling Supplies,,,
KNIPEX INSUL EYE TYPE CABLE CONNECT (AF),Tridon 003483 Whitelaw Tooling Supplies,,,
KNIPEX INSUL EYE TYPE CABLE CONNECT (AF),Tridon 003483 Whitelaw Tooling Supplies,,,
KNIPEX INSUL EYE TYPE CABLE CONNECT (AF),Tridon 003483 Whitelaw Tooling Supplies,,,
KNIPEX INSUL EYE TYPE CABLE CONNECT (AF),Tridon 003483 Whitelaw Tooling Supplies,,,
KNIPEX INSUL EYE TYPE CABLE CONNECT (AF),Tridon 003483 Whitelaw Tooling Supplies,,,
KNIPEX INSUL EYE TYPE CABLE CONNECT (AF),Tridon 003483 Whitelaw Tooling Supplies,,,
KNIPEX INSUL EYE TYPE CABLE CONNECT (AF),Tridon 003483 Whitelaw Tooling Supplies,,,
KNIPEX INSUL EYE TYPE CABLE CONNECT (AF),Tridon 003483 Whitelaw Tooling Supplies,,,
KNIPEX INSULATED BUTT CONNECTOR (AF),Tridon 003483 Whitelaw Tooling Supplies,,,
KNIPEX INSULATED BUTT CONNECTOR (AF),Tridon 003483 Whitelaw Tooling Supplies,,,
KNIPEX INSULATED BUTT CONNECTOR (AF),Tridon 003483 Whitelaw Tooling Supplies,,,
KNIPEX END SLEEVE WITH COLLAR (AF),Tridon 003483 Whitelaw Tooling Supplies,,,
KNIPEX END SLEEVE WITH COLLAR (AF),Tridon 003483 Whitelaw Tooling Supplies,,,
KNIPEX END SLEEVE WITH COLLAR (AF),Tridon 003483 Whitelaw Tooling Supplies,,,
KNIPEX END SLEEVE WITH COLLAR (AF),Tridon 003483 Whitelaw Tooling Supplies,,,
KNIPEX END SLEEVE WITH COLLAR (AF),Tridon 003483 Whitelaw Tooling Supplies,,,
KNIPEX END SLEEVE WITH COLLAR (AF),Tridon 003483 Whitelaw Tooling Supplies,,,
KNIPEX END SLEEVE WITH COLLAR (AF),Tridon 003483 Whitelaw Tooling Supplies,,,
KNIPEX END SLEEVE WITH COLLAR (AF),Tridon 003483 Whitelaw Tooling Supplies,,,
KNIPEX END SLEEVE WITH COLLAR (AF),Tridon 003483 Whitelaw Tooling Supplies,,,
KNIPEX END SLEEVE WITH COLLAR (AF),Tridon 003483 Whitelaw Tooling Supplies,,,
KNIPEX END SLEEVE WITH COLLAR (AF),Tridon 003483 Whitelaw Tooling Supplies,,,
KNIPEX END SLEEVE WITH COLLAR (AF),Tridon 003483 Whitelaw Tooling Supplies,,,
KNIPEX END SLEEVE WITH COLLAR (AF),Tridon 003483 Whitelaw Tooling Supplies,,,
KNIPEX END SLEEVE WITH COLLAR (AF),Tridon 003483 Whitelaw Tooling Supplies,,,
KNIPEX END SLEEVE WITH COLLAR (AF),Tridon 003483 Whitelaw Tooling Supplies,,,
KNIPEX END SLEEVE WITH COLLAR (AF),Tridon 003483 Whitelaw Tooling Supplies,,,
KNIPEX END SLEEVE WITH COLLAR (AF),Tridon 003483 Whitelaw Tooling Supplies,,,
KNIPEX END SLEEVE WITH COLLAR (AF),Tridon 003483 Whitelaw Tooling Supplies,,,
KNIPEX END SLEEVE WITH COLLAR (AF),Tridon 003483 Whitelaw Tooling Supplies,,,
KNIPEX END SLEEVE WITH COLLAR (AF),Tridon 003483 Whitelaw Tooling Supplies,,,
KNIPEX TWIN WIRE END FERRULES (AF),Tridon 003483 Whitelaw Tooling Supplies,,,
KNIPEX TWIN WIRE END FERRULES (AF),Tridon 003483 Whitelaw Tooling Supplies,,,
KNIPEX TWIN WIRE END FERRULES (AF),Tridon 003483 Whitelaw Tooling Supplies,,,
KNIPEX TWIN WIRE END FERRULES (AF),Tridon 003483 Whitelaw Tooling Supplies,,,
KNIPEX TWIN WIRE END FERRULES (AF),Tridon 003483 Whitelaw Tooling Supplies,,,
KNIPEX TWIN WIRE END FERRULES (AF),Tridon 003483 Whitelaw Tooling Supplies,,,
KNIPEX TWIN WIRE END FERRULES (AF),Tridon 003483 Whitelaw Tooling Supplies,,,
KNIPEX TWIN WIRE END FERRULES (AF),Tridon 003483 Whitelaw Tooling Supplies,,,
KNIPEX TWIN WIRE END FERRULES (AF),Tridon 003483 Whitelaw Tooling Supplies,,,
KNIPEX NON INSULATED END SLEEVES (AF),Tridon 003483 Whitelaw Tooling Supplies,,,
KNIPEX NON INSULATED END SLEEVES (AF),Tridon 003483 Whitelaw Tooling Supplies,,,
KNIPEX NON INSULATED END SLEEVES (AF),Tridon 003483 Whitelaw Tooling Supplies,,,
KNIPEX NON INSULATED END SLEEVES (AF),Tridon 003483 Whitelaw Tooling Supplies,,,
KNIPEX NON INSULATED END SLEEVES (AF),Tridon 003483 Whitelaw Tooling Supplies,,,
KNIPEX NON INSULATED END SLEEVES (AF),Tridon 003483 Whitelaw Tooling Supplies,,,
KNIPEX NON INSULATED END SLEEVES (AF),Tridon 003483 Whitelaw Tooling Supplies,,,
KNIPEX NON INSULATED END SLEEVES (AF),Tridon 003483 Whitelaw Tooling Supplies,,,
KNIPEX NON INSULATED END SLEEVES (AF),Tridon 003483 Whitelaw Tooling Supplies,,,
KNIPEX NON INSULATED END SLEEVES (AF),Tridon 003483 Whitelaw Tooling Supplies,,,
KNIPEX F CONNECTOR COMPRESSION TYPE 10PK,Tridon 003483 Whitelaw Tooling Supplies,,,
KNIPEX ASSOR BOX SINGLE END SLEEVES (AF),Tridon 003483 Whitelaw Tooling Supplies,,,
KNIPEX ASSOR BOX SINGLE END SLEEVES (AF),Tridon 003483 Whitelaw Tooling Supplies,,,
KNIPEX ASSOR BOX SINGLE END SLEEVES (AF),Tridon 003483 Whitelaw Tooling Supplies,,,
KNIPEX ASSOR BOX TWIN END SLEEVES (AF),Tridon 003483 Whitelaw Tooling Supplies,,,
KNIPEX ASSOR BOX TWIN END SLEEVES (AF),Tridon 003483 Whitelaw Tooling Supplies,,,
KNIPEX ASSOR BOX SINGLE END SLEEVES (AF),Tridon 003483 Whitelaw Tooling Supplies,,,
KNIPEX ASSOR BOX SINGLE END SLEEVES (AF),Tridon 003483 Whitelaw Tooling Supplies,,,
KNIPEX 1000V OPEN ENDED SPANNER 7MM,Tridon 003483 Whitelaw Tooling Supplies,,,
KNIPEX 1000V BOX WRENCH 8MM,Tridon 003483 Whitelaw Tooling Supplies,,,
KNIPEX 1000V OPEN ENDED SPANNER 9MM,Tridon 003483 Whitelaw Tooling Supplies,,,
KNIPEX 1000V OPEN ENDED SPANNER 1/2 IN,Tridon 003483 Whitelaw Tooling Supplies,,,
KNIPEX 1000V OPEN ENDED SPANNER 1/4 IN,Tridon 003483 Whitelaw Tooling Supplies,,,
KNIPEX 1000V BOX WRENCH  10MM,Tridon 003483 Whitelaw Tooling Supplies,,,
KNIPEX 1000V BOX WRENCH  11MM,Tridon 003483 Whitelaw Tooling Supplies,,,
KNIPEX SPANNER OPEN END INS VDE 12MM,Tridon 003483 Whitelaw Tooling Supplies,,,
KNIPEX 1000V OPEN END WRENCH 13MM,Tridon 003483 Whitelaw Tooling Supplies,,,
KNIPEX SPANNER OPEN END 1000V VDE 14MM,Tridon 003483 Whitelaw Tooling Supplies,,,
KNIPEX 1000V OPEN JAW WRENCH 15MM,Tridon 003483 Whitelaw Tooling Supplies,,,
KNIPEX SPANNER OPEN END INS VDE 16MM,Tridon 003483 Whitelaw Tooling Supplies,,,
KNIPEX SPANNER OPEN END INS VDE 17MM,Tridon 003483 Whitelaw Tooling Supplies,,,
KNIPEX SPANNER OPEN END INS VDE 18MM,Tridon 003483 Whitelaw Tooling Supplies,,,
KNIPEX SPANNER OPEN END INS VDE 19MM,Tridon 003483 Whitelaw Tooling Supplies,,,
KNIPEX SPANNER OPEN END INS VDE 22MM,Tridon 003483 Whitelaw Tooling Supplies,,,
KNIPEX SPANNER OPEN END 1000V VDE 24MM,Tridon 003483 Whitelaw Tooling Supplies,,,
KNIPEX SPANNER OPEN END INS VDE 27MM,Tridon 003483 Whitelaw Tooling Supplies,,,
KNIPEX 1000V OPEN JAW WRENCH 3/4IN (AF),Tridon 003483 Whitelaw Tooling Supplies,,,
KNIPEX 1000V OPEN ENDED SPANNER 3/8 IN,Tridon 003483 Whitelaw Tooling Supplies,,,
KNIPEX 1000V OPEN ENDED SPANNER 5/16 IN,Tridon 003483 Whitelaw Tooling Supplies,,,
KNIPEX 1000V OPEN JAW WRENCH 5/8IN (AF),Tridon 003483 Whitelaw Tooling Supplies,,,
KNIPEX 1000V OPEN ENDED SPANNER 7/16 IN,Tridon 003483 Whitelaw Tooling Supplies,,,
KNIPEX 1000V OPEN JAW WRENCH 9/16IN (AF),Tridon 003483 Whitelaw Tooling Supplies,,,
KNIPEX 1000V BOX WRENCH 7MM,Tridon 003483 Whitelaw Tooling Supplies,,,
KNIPEX 1000V BOX WRENCH 8MM,Tridon 003483 Whitelaw Tooling Supplies,,,
KNIPEX 1000V BOX WRENCH 9MM (AF),Tridon 003483 Whitelaw Tooling Supplies,,,
KNIPEX 1000V BOX WRENCH 10MM,Tridon 003483 Whitelaw Tooling Supplies,,,
KNIPEX 1000V BOX WRENCH 11MM,Tridon 003483 Whitelaw Tooling Supplies,,,
KNIPEX 1000V BOX WRENCH 12MM,Tridon 003483 Whitelaw Tooling Supplies,,,
KNIPEX SPANNER RING INS VDE 13MM,Tridon 003483 Whitelaw Tooling Supplies,,,
KNIPEX SPANNER RING INS VDE 14MM,Tridon 003483 Whitelaw Tooling Supplies,,,
KNIPEX 1000V BOX WRENCH 15MM (AF),Tridon 003483 Whitelaw Tooling Supplies,,,
KNIPEX SPANNER RING INS VDE 16MM,Tridon 003483 Whitelaw Tooling Supplies,,,
KNIPEX 1000V BOX WRENCH 17MM,Tridon 003483 Whitelaw Tooling Supplies,,,
KNIPEX SPANNER RING INS VDE 18MM,Tridon 003483 Whitelaw Tooling Supplies,,,
KNIPEX 1000V BOX WRENCH 19MM,Tridon 003483 Whitelaw Tooling Supplies,,,
KNIPEX SPANNER RING INS VDE 22MM,Tridon 003483 Whitelaw Tooling Supplies,,,
KNIPEX SPANNER RING INS VDE 24MM,Tridon 003483 Whitelaw Tooling Supplies,,,
KNIPEX 1000V NUT DRIVER 4 X 200MM (AF),Tridon 003483 Whitelaw Tooling Supplies,,,
KNIPEX 1000V NUT DRIVER 4 X 200MM (AF),Tridon 003483 Whitelaw Tooling Supplies,,,
KNIPEX 1000V NUT DRIVER 5.5 X 200MM (AF),Tridon 003483 Whitelaw Tooling Supplies,,,
KNIPEX NUT DRIVER 1000V 98-03 6MM,Tridon 003483 Whitelaw Tooling Supplies,,,
KNIPEX NUT DRIVER 1000V,Tridon 003483 Whitelaw Tooling Supplies,,,
KNIPEX 1000V NUTDRIVER 8X125MM,Tridon 003483 Whitelaw Tooling Supplies,,,
KNIPEX NUT DRIVER 1000V 98-03 9MM,Tridon 003483 Whitelaw Tooling Supplies,,,
KNIPEX 1000V NUTDRIVER 10X125MM,Tridon 003483 Whitelaw Tooling Supplies,,,
KNIPEX NUT DRIVER 1000V 98-03 11MM,Tridon 003483 Whitelaw Tooling Supplies,,,
KNIPEX NUT DRIVER 1000V 98-03 12MM,Tridon 003483 Whitelaw Tooling Supplies,,,
KNIPEX 1000V HEX SCREWDRIVER 13X125MM,Tridon 003483 Whitelaw Tooling Supplies,,,
KNIPEX 1000V NUT DRIVER 8 X 90MM,Tridon 003483 Whitelaw Tooling Supplies,,,
KNIPEX 1000V T- HANDLE NUTDRIVER 13MM,Tridon 003483 Whitelaw Tooling Supplies,,,
KNIPEX 1000V NUT DRIVER 17 X 200MM (AF),Tridon 003483 Whitelaw Tooling Supplies,,,
KNIPEX 1000V NUT DRIVER 17 X 300MM (AF),Tridon 003483 Whitelaw Tooling Supplies,,,
KNIPEX 1000V ADJUSTABLE WRENCH 250MM,Tridon 003483 Whitelaw Tooling Supplies,,,
KNIPEX ROBERTSON R1 SDRIVER 1000V (AF),Tridon 003483 Whitelaw Tooling Supplies,,,
KNIPEX ROBERTSON R2 SDRIVER 1000V (AF),Tridon 003483 Whitelaw Tooling Supplies,,,
KNIPEX HEX SCREW DRIVER 2X75MM 1000V,Tridon 003483 Whitelaw Tooling Supplies,,,
KNIPEX HEX SCREW DRIVER 2.5X75MM 1000V,Tridon 003483 Whitelaw Tooling Supplies,,,
KNIPEX HEX SCREW DRIVER 3X75MM 1000V,Tridon 003483 Whitelaw Tooling Supplies,,,
KNIPEX HEX SCREW DRIVER 4X75MM 1000V,Tridon 003483 Whitelaw Tooling Supplies,,,
KNIPEX HEX SCREW DRIVER 5X75MM 1000V,Tridon 003483 Whitelaw Tooling Supplies,,,
KNIPEX HEX SCREW DRIVER 6X100MM 1000V,Tridon 003483 Whitelaw Tooling Supplies,,,
KNIPEX KEY HEX T HANDLE 1000V 98-14-05MM,Tridon 003483 Whitelaw Tooling Supplies,,,
KNIPEX KEY HEX T HANDLE 1000V 98-14-06MM,Tridon 003483 Whitelaw Tooling Supplies,,,
KNIPEX KEY HEX T HANDLE 1000V 98-14-08MM,Tridon 003483 Whitelaw Tooling Supplies,,,
KNIPEX 1000V S/DRIVER W/T-HANDLE 250MM,Tridon 003483 Whitelaw Tooling Supplies,,,
KNIPEX 1000V S/DRIVER W/T-HANDLE 250MM,Tridon 003483 Whitelaw Tooling Supplies,,,
KNIPEX 1000V  VDE S/DRIVER 10 X 200MM,Tridon 003483 Whitelaw Tooling Supplies,,,
KNIPEX 1000V  VDE S/DRIVER 2.5 X 75MM,Tridon 003483 Whitelaw Tooling Supplies,,,
KNIPEX 1000V  VDE S/DRIVER 3.0 X 100MM,Tridon 003483 Whitelaw Tooling Supplies,,,
KNIPEX 1000V  VDE S/DRIVER 3.5 X 100MM,Tridon 003483 Whitelaw Tooling Supplies,,,
KNIPEX 1000V S/DRIVER SLIM 3.5 X 200MM,Tridon 003483 Whitelaw Tooling Supplies,,,
KNIPEX 1000V  VDE S/DRIVER 4.0 X 100MM,Tridon 003483 Whitelaw Tooling Supplies,,,
KNIPEX 1000V S/DRIVER SLIM 4.0 X 200MM,Tridon 003483 Whitelaw Tooling Supplies,,,
KNIPEX 1000V  VDE S/DRIVER 5.5 X 125MM,Tridon 003483 Whitelaw Tooling Supplies,,,
KNIPEX 1000V S/DRIVER SLIM 5.5 X 200MM,Tridon 003483 Whitelaw Tooling Supplies,,,
KNIPEX 1000V  VDE S/DRIVER 6.5 X 150MM,Tridon 003483 Whitelaw Tooling Supplies,,,
KNIPEX 1000V S/DRIVER SLIM 6.5 X 200MM,Tridon 003483 Whitelaw Tooling Supplies,,,
KNIPEX 1000V  VDE S/DRIVER 8.0 X 175MM,Tridon 003483 Whitelaw Tooling Supplies,,,
KNIPEX 1000V VDE S/DRIVER 4.5 X 180MM,Tridon 003483 Whitelaw Tooling Supplies,,,
KNIPEX 1000V  VDE S/DRIVER PH0 X 60MM,Tridon 003483 Whitelaw Tooling Supplies,,,
KNIPEX 1000V  VDE S/DRIVER PH1 X 80MM,Tridon 003483 Whitelaw Tooling Supplies,,,
KNIPEX 1000V S/DRIVER SLIM PH1 X 190MM,Tridon 003483 Whitelaw Tooling Supplies,,,
KNIPEX 1000V S/DRIVER PLUS/MINUS PH1-AF,Tridon 003483 Whitelaw Tooling Supplies,,,
KNIPEX 1000V  VDE S/DRIVER PH2 X 100MM,Tridon 003483 Whitelaw Tooling Supplies,,,
KNIPEX 1000V S/DRIVER SLIM PH2 X 210MM,Tridon 003483 Whitelaw Tooling Supplies,,,
KNIPEX 1000V S/DRIVER PLUS/MINUS PH2-AF,Tridon 003483 Whitelaw Tooling Supplies,,,
KNIPEX 1000V  VDE S/DRIVER PH3 X 150MM,Tridon 003483 Whitelaw Tooling Supplies,,,
KNIPEX 1000V PH4 X 200MM SCREWDRIVER,Tridon 003483 Whitelaw Tooling Supplies,,,
KNIPEX PZ0 X 60MM VDE SCREWDRIVER,Tridon 003483 Whitelaw Tooling Supplies,,,
KNIPEX PZ1 X 80MM VDE SCREWDRIVER,Tridon 003483 Whitelaw Tooling Supplies,,,
KNIPEX 1000V S/DRIV SLIM 190MM PZ1 (AF),Tridon 003483 Whitelaw Tooling Supplies,,,
KNIPEX 1000V S/DRIVER PLUS/MINUS PZ1-AF,Tridon 003483 Whitelaw Tooling Supplies,,,
KNIPEX PZ2 X 100MM VDE SCREWDRIVER,Tridon 003483 Whitelaw Tooling Supplies,,,
KNIPEX 1000V S/DRIV SLIM 210MM PZ2 (AF),Tridon 003483 Whitelaw Tooling Supplies,,,
KNIPEX 1000V S/DRIVER PLUS/MINUS PZ2-AF,Tridon 003483 Whitelaw Tooling Supplies,,,
KNIPEX 1000V PZ3X150MM SCREWDRIVER,Tridon 003483 Whitelaw Tooling Supplies,,,
KNIPEX 1000V PZ4 X 200MM SCREW DRIVER,Tridon 003483 Whitelaw Tooling Supplies,,,
KNIPEX TORX S/DRIVER TX10 X 60MM,Tridon 003483 Whitelaw Tooling Supplies,,,
KNIPEX 1000V TORX S/DRIVER TX15 x 80MM,Tridon 003483 Whitelaw Tooling Supplies,,,
KNIPEX 1000V TORX S/DRIVER TX20 x 80MM,Tridon 003483 Whitelaw Tooling Supplies,,,
KNIPEX 1000V TORX S/DRIVER TX25 x 80MM,Tridon 003483 Whitelaw Tooling Supplies,,,
KNIPEX 1000V TORX S/DRIVER TX30 x 100MM,Tridon 003483 Whitelaw Tooling Supplies,,,
"KNIPEX 1000V 3/8"" SQ DR SOCKET TX25 (AF)",Tridon 003483 Whitelaw Tooling Supplies,,,
"KNIPEX 1000V 3/8"" SQ DR SOCKET TX27 (AF)",Tridon 003483 Whitelaw Tooling Supplies,,,
"KNIPEX 1000V 3/8"" SQ DR SOCKET TX30 (AF)",Tridon 003483 Whitelaw Tooling Supplies,,,
"KNIPEX 1000V 3/8"" SQ DR SOCKET TX40 (AF)",Tridon 003483 Whitelaw Tooling Supplies,,,
"KNIPEX 1000V 3/8"" SQ DR SOCKET TX45 (AF)",Tridon 003483 Whitelaw Tooling Supplies,,,
"KNIPEX 1000V 3/8"" SQ DR SOCKET TX50 (AF)",Tridon 003483 Whitelaw Tooling Supplies,,,
KNIPEX 1000V RATCHET 3/8 INCH,Tridon 003483 Whitelaw Tooling Supplies,,,
KNIPEX 1000V TORQUE WRENCH 3/8IN DRIVE,Tridon 003483 Whitelaw Tooling Supplies,,,
KNIPEX 1000V TORQUE WRENCH 3/8in DRIVE,Tridon 003483 Whitelaw Tooling Supplies,,,
KNIPEX SPARE CAP (AF),Tridon 003483 Whitelaw Tooling Supplies,,,
"KNIPEX 1000V EXT BAR 3/8"" 125MM",Tridon 003483 Whitelaw Tooling Supplies,,,
"KNIPEX 1000V EXT BAR 3/8"" 250MM",Tridon 003483 Whitelaw Tooling Supplies,,,
KNIPEX 1000V HEX SOCKET 3/8IN DR (1/2)AF,Tridon 003483 Whitelaw Tooling Supplies,,,
KNIPEX 1000V HEX SOCKET 3/8IN DR (10MM),Tridon 003483 Whitelaw Tooling Supplies,,,
KNIPEX 1000V HEX SOCKET 3/8IN DR (11MM),Tridon 003483 Whitelaw Tooling Supplies,,,
KNIPEX 1000V HEX SOCKET 3/8IN DR (12MM),Tridon 003483 Whitelaw Tooling Supplies,,,
KNIPEX 1000V HEX SOCKET 3/8IN DR (13MM),Tridon 003483 Whitelaw Tooling Supplies,,,
KNIPEX 1000V HEX SOCKET 3/8IN DR (14MM),Tridon 003483 Whitelaw Tooling Supplies,,,
KNIPEX 1000V HEX SOCKET 3/8IN DR (16MM),Tridon 003483 Whitelaw Tooling Supplies,,,
KNIPEX 1000V HEX SOCKET 3/8IN DR (17MM),Tridon 003483 Whitelaw Tooling Supplies,,,
KNIPEX 1000V HEX SOCKET 3/8IN DR (19MM),Tridon 003483 Whitelaw Tooling Supplies,,,
KNIPEX 1000V HEX SOCKET 3/8IN DR (3/8),Tridon 003483 Whitelaw Tooling Supplies,,,
KNIPEX 1000V HEX SOCKET 3/8IN DR (5/16),Tridon 003483 Whitelaw Tooling Supplies,,,
KNIPEX 1000V HEX SOCKET 3/8IN DR (7/16),Tridon 003483 Whitelaw Tooling Supplies,,,
KNIPEX 1000V HEX SOCKET 3/8IN DR (5MM)AF,Tridon 003483 Whitelaw Tooling Supplies,,,
KNIPEX 1000V HEX SOCKET 3/8IN DR (6MM)AF,Tridon 003483 Whitelaw Tooling Supplies,,,
KNIPEX 1000V HEX SOCKET 3/8IN DR (8MM)AF,Tridon 003483 Whitelaw Tooling Supplies,,,
KNIPEX HANDLE T VDE 9840 200MM 1/2 DRIVE,Tridon 003483 Whitelaw Tooling Supplies,,,
"KNIPEX 1000V REVERSIBLE RATCHET 1/2"" DR",Tridon 003483 Whitelaw Tooling Supplies,,,
KNIPEX 1000V RATCHET 1/2IN DRIVE,Tridon 003483 Whitelaw Tooling Supplies,,,
KNIPEX TORQUE WRENCH 1/2in  1000V,Tridon 003483 Whitelaw Tooling Supplies,,,
KNIPEX SPARE SQUARE DRIVE 1/2 INCH (AF),Tridon 003483 Whitelaw Tooling Supplies,,,
KNIPEX EXTENSION BAR VDE 9845 125MM 1/2D,Tridon 003483 Whitelaw Tooling Supplies,,,
KNIPEX EXTENSION BAR VDE 1000V,Tridon 003483 Whitelaw Tooling Supplies,,,
KNIPEX 1000V HEX SOCKET 1/2IN DR (1/2IN),Tridon 003483 Whitelaw Tooling Supplies,,,
KNIPEX 1000V HEX SOCKET 1/2IN DR (1IN)AF,Tridon 003483 Whitelaw Tooling Supplies,,,
KNIPEX 1000V HEX SOCKET 1/2IN DR (10MM),Tridon 003483 Whitelaw Tooling Supplies,,,
KNIPEX 1000V HEX SOCKET 1/2IN DR (11/16),Tridon 003483 Whitelaw Tooling Supplies,,,
KNIPEX 1000V HEX SOCKET 1/2IN DR (11MM),Tridon 003483 Whitelaw Tooling Supplies,,,
KNIPEX 1000V HEX SOCKET 1/2IN DR (12MM),Tridon 003483 Whitelaw Tooling Supplies,,,
KNIPEX 1000V HEX SOCKET 1/2IN DR (13MM),Tridon 003483 Whitelaw Tooling Supplies,,,
KNIPEX 1000V HEX SOCKET 1/2IN DR (14MM),Tridon 003483 Whitelaw Tooling Supplies,,,
KNIPEX 1000V HEX SOCKET 1/2IN DR (16MM),Tridon 003483 Whitelaw Tooling Supplies,,,
KNIPEX 1000V HEX SOCKET 1/2IN DR (17MM),Tridon 003483 Whitelaw Tooling Supplies,,,
KNIPEX 1000V HEX SOCKET 1/2IN DR (18MM),Tridon 003483 Whitelaw Tooling Supplies,,,
KNIPEX 1000V HEX SOCKET 1/2IN DR (19MM),Tridon 003483 Whitelaw Tooling Supplies,,,
KNIPEX 1000V HEX SOCKET 1/2IN DR (22MM),Tridon 003483 Whitelaw Tooling Supplies,,,
KNIPEX 1000V HEX SOCKET 1/2IN DR (24MM),Tridon 003483 Whitelaw Tooling Supplies,,,
KNIPEX 1000V HEX SOCKET 1/2IN DR(27MM)AF,Tridon 003483 Whitelaw Tooling Supplies,,,
KNIPEX 1000V HEX SOCKET 1/2IN DR (3/4IN),Tridon 003483 Whitelaw Tooling Supplies,,,
KNIPEX 1000V HEX SOCKET 1/2IN DR (5/8IN),Tridon 003483 Whitelaw Tooling Supplies,,,
KNIPEX 1000V HEX SOCKET 1/2IN DR (7/8IN),Tridon 003483 Whitelaw Tooling Supplies,,,
KNIPEX 1000V HEX SOCKET 1/2IN DR (9/16),Tridon 003483 Whitelaw Tooling Supplies,,,
KNIPEX 1000V HEX SOCKET 1/2IN DR. 5MM-AF,Tridon 003483 Whitelaw Tooling Supplies,,,
KNIPEX 1000V HEX SOCKET 1/2IN DR. 6MM-AF,Tridon 003483 Whitelaw Tooling Supplies,,,
KNIPEX 1000V HEX SOCKET 1/2IN DR. 8MM-AF,Tridon 003483 Whitelaw Tooling Supplies,,,
KNIPEX INSULATED CABLE KNIFE,Tridon 003483 Whitelaw Tooling Supplies,,,
KNIPEX KNIFE DISMANTLING 1000V 98-53-03,Tridon 003483 Whitelaw Tooling Supplies,,,
KNIPEX DISMANTLING KNIFE 1000V,Tridon 003483 Whitelaw Tooling Supplies,,,
KNIPEX 1000V CABLE KNIFE 180MM UNCARDED,Tridon 003483 Whitelaw Tooling Supplies,,,
KNIPEX 1000V CABLE KNIFE 190MM CARDED,Tridon 003483 Whitelaw Tooling Supplies,,,
KNIPEX 1000V DISMANTLING KNIFE 155MM,Tridon 003483 Whitelaw Tooling Supplies,,,
KNIPEX SPARE BLADE FOR 9856 (AF),Tridon 003483 Whitelaw Tooling Supplies,,,
KNIPEX 1000V CABLE KNIFE 185MM,Tridon 003483 Whitelaw Tooling Supplies,,,
KNIPEX PROTECTION CAP (AF),Tridon 003483 Whitelaw Tooling Supplies,,,
KNIPEX PROTECTION CAP FOR 9855 (AF),Tridon 003483 Whitelaw Tooling Supplies,,,
KNIPEX 1000V FLAT NOSE PLASTIC PL 180MM,Tridon 003483 Whitelaw Tooling Supplies,,,
KNIPEX 1000V PLASTIC SNIPE NOSE PL 220MM,Tridon 003483 Whitelaw Tooling Supplies,,,
KNIPEX CLAMPS PLASTIC VDE 986402 150MM,Tridon 003483 Whitelaw Tooling Supplies,,,
KNIPEX 1000V PLASTIC SLIP-ON CAP (AF),Tridon 003483 Whitelaw Tooling Supplies,,,
KNIPEX 1000V PLASTIC SLIP-ON CAP (AF),Tridon 003483 Whitelaw Tooling Supplies,,,
KNIPEX 1000V SLIP-ON CAP 10MM (AF),Tridon 003483 Whitelaw Tooling Supplies,,,
KNIPEX 1000V ELECT GLOVES SIZE 9,Tridon 003483 Whitelaw Tooling Supplies,,,
KNIPEX 1000V ELECT GLOVES SIZE10 (AF),Tridon 003483 Whitelaw Tooling Supplies,,,
KNIPEX 1000V ELECT GLOVES SIZE 11 (AF),Tridon 003483 Whitelaw Tooling Supplies,,,
KNIPEX ELECT GLOVES SIZE 9 1000V (AF),Tridon 003483 Whitelaw Tooling Supplies,,,
KNIPEX 1000V ELECT GLOVES SIZE 10  (AF),Tridon 003483 Whitelaw Tooling Supplies,,,
KNIPEX 1000V ELECT GLOVES SIZE 11  (AF),Tridon 003483 Whitelaw Tooling Supplies,,,
KNIPEX ELECT GLOVES SIZE 9 1000V (AF),Tridon 003483 Whitelaw Tooling Supplies,,,
KNIPEX 1000V ELECT GLOVES SIZE 10  (AF),Tridon 003483 Whitelaw Tooling Supplies,,,
KNIPEX 1000V ELECT GLOVES SIZE 11  (AF),Tridon 003483 Whitelaw Tooling Supplies,,,
KNIPEX ELECT GLOVES SIZE 9 1000V (AF),Tridon 003483 Whitelaw Tooling Supplies,,,
KNIPEX 1000V ELECT GLOVES SIZE 10  (AF),Tridon 003483 Whitelaw Tooling Supplies,,,
KNIPEX1000V ELECT  GLOVES SIZE 11  (AF),Tridon 003483 Whitelaw Tooling Supplies,,,
KNIPEX 1000V PLASTIC SLIP-ON CAP (AF),Tridon 003483 Whitelaw Tooling Supplies,,,
KNIPEX PLASTIC SLIP-ON CAPS 1000V (AF),Tridon 003483 Whitelaw Tooling Supplies,,,
KNIPEX PLASTIC SLIP-ON CAPS 1000V (AF),Tridon 003483 Whitelaw Tooling Supplies,,,
KNIPEX SELF-CLAMP SLIP-ON CAP 1000V (AF),Tridon 003483 Whitelaw Tooling Supplies,,,
KNIPEX SLIP ON CAP 20MM (AF),Tridon 003483 Whitelaw Tooling Supplies,,,
KNIPEX SLIP ON CAP 30MM (AF),Tridon 003483 Whitelaw Tooling Supplies,,,
KNIPEX SELF-CLAMP SLIP-ON CAP 1000V (AF),Tridon 003483 Whitelaw Tooling Supplies,,,
KNIPEX SELF CLAMPING SLIP ON CAP 45MM-AF,Tridon 003483 Whitelaw Tooling Supplies,,,
KNIPEX SELF-CLAMP SLIP-ON CAP 1000V (AF),Tridon 003483 Whitelaw Tooling Supplies,,,
KNIPEX SELF CLAMPING SLIP ON CAP 60MM-AF,Tridon 003483 Whitelaw Tooling Supplies,,,
KNIPEX 1000V INSULATING MAT 500X500MM,Tridon 003483 Whitelaw Tooling Supplies,,,
KNIPEX 1000V INSULATED MAT 1000 x 1000MM,Tridon 003483 Whitelaw Tooling Supplies,,,
KNIPEX RUBBER STAND MAT 1000X1000MM (AF),Tridon 003483 Whitelaw Tooling Supplies,,,
KNIPEX 1000V JUNIOR HACKSAW 240MM,Tridon 003483 Whitelaw Tooling Supplies,,,
KNIPEX SAW BLADES FOR 9890 12 PK (AF),Tridon 003483 Whitelaw Tooling Supplies,,,
KNIPEX 1000V COMPACT TOOL CASE 17PC,Tridon 003483 Whitelaw Tooling Supplies,,,
KNIPEX 1000V STD TOOL KIT 26PC,Tridon 003483 Whitelaw Tooling Supplies,,,
KNIPEX 1000V TOOL ROLL 15 PC,Tridon 003483 Whitelaw Tooling Supplies,,,
KNIPEX EMPTY TOOL ROLL FOR 989913 (AF),Tridon 003483 Whitelaw Tooling Supplies,,,
KNIPEX 1000V TOOL CASE KIT 43 PIECE (AF),Tridon 003483 Whitelaw Tooling Supplies,,,
KNIPEX TOOL CASE BIG TWIN RED EMPTY (AF),Tridon 003483 Whitelaw Tooling Supplies,,,
KNIPEX CONCRETOR NIPPER 200M,Tridon 003483 Whitelaw Tooling Supplies,,,
KNIPEX CONCRETORS' NIPPERS 220MM (AF),Tridon 003483 Whitelaw Tooling Supplies,,,
KNIPEX CONCRETORS' NIPPERS 220MM (AF),Tridon 003483 Whitelaw Tooling Supplies,,,
KNIPEX CONCRETORS' NIPPERS 250MM (AF),Tridon 003483 Whitelaw Tooling Supplies,,,
KNIPEX CONCRETORS' NIPPERS 280MM (AF),Tridon 003483 Whitelaw Tooling Supplies,,,
KNIPEX CONCRETORS' NIPPERS 300MM (AF),Tridon 003483 Whitelaw Tooling Supplies,,,
KNIPEX CONCRETORS NIPPER 200MM,Tridon 003483 Whitelaw Tooling Supplies,,,
KNIPEX CONCRETERS NIPPER 220MM,Tridon 003483 Whitelaw Tooling Supplies,,,
KNIPEX CONCRETERS NIPPER 250MM,Tridon 003483 Whitelaw Tooling Supplies,,,
KNIPEX CONCRETERS NIPPER 280MM UNCARDED,Tridon 003483 Whitelaw Tooling Supplies,,,
KNIPEX CONCRETERS NIPPER 280MM,Tridon 003483 Whitelaw Tooling Supplies,,,
KNIPEX CONCRETERS NIPPER 300MM,Tridon 003483 Whitelaw Tooling Supplies,,,
KNIPEX CONCRETORS' NIPPERS 220MM (AF),Tridon 003483 Whitelaw Tooling Supplies,,,
KNIPEX CONCRETORS' NIPPERS 250MM (AF),Tridon 003483 Whitelaw Tooling Supplies,,,
KNIPEX CONCRETORS' NIPPERS 280MM (AF),Tridon 003483 Whitelaw Tooling Supplies,,,
KNIPEX HIGH LEV CONCRETOR NIP 250MM (AF),Tridon 003483 Whitelaw Tooling Supplies,,,
KNIPEX HIGH LEV. CONCRETOR' NIPPER 300MM,Tridon 003483 Whitelaw Tooling Supplies,,,
KNIPEX HIGH LEV CONCRETORS NIPPER 250MM,Tridon 003483 Whitelaw Tooling Supplies,,,
KNIPEX HIGH LEV CONCRETORS NIPPER 300MM,Tridon 003483 Whitelaw Tooling Supplies,,,
KNIPEX  HIGH LEV CONCRETOR NIPPER 250MM,Tridon 003483 Whitelaw Tooling Supplies,,,
KNIPEX HIGH LEV CONCRETORS NIPPER 300MM,Tridon 003483 Whitelaw Tooling Supplies,,,
MATSON AUTO EXACT 10 AMP SMART CHARGER,Tridon 003483 Whitelaw Tooling Supplies,,,
MATSON BATTERY CHARGER / POWER SUPPLY,Tridon 003483 Whitelaw Tooling Supplies,,,
3M CABLE W/ RED/BLACK CLAMP FOR AE12000,Tridon 003483 Whitelaw Tooling Supplies,,,
MATSON BATTERY CHARGER 12V 1.2AMP,Tridon 003483 Whitelaw Tooling Supplies,,,
MATSON AE120E CHARGER PACK OF 6,Tridon 003483 Whitelaw Tooling Supplies,,,
MATSON AUTO EXACT 3.0AMP SMART CHARGER,Tridon 003483 Whitelaw Tooling Supplies,,,
MATSON AUTO EXACT 50AMP SMART CHARGE,Tridon 003483 Whitelaw Tooling Supplies,,,
MATSON AUTO EXACT 5.0AMP SMART CHARGER,Tridon 003483 Whitelaw Tooling Supplies,,,
MATSON BATTERY CHARGING LEADS,Tridon 003483 Whitelaw Tooling Supplies,,,
MATSON CHARGING LEAD WITH CLAMPS,Tridon 003483 Whitelaw Tooling Supplies,,,
MATSON AUTO EXACT SAE TO CIG CABLE,Tridon 003483 Whitelaw Tooling Supplies,,,
MATSON BATTERY RESCUE/CHARGER/MAINTAINER,Tridon 003483 Whitelaw Tooling Supplies,,,
TOLEDO CHILDRENS SCISSORS 130MM,Tridon 003483 Whitelaw Tooling Supplies,,,
MATSON BATTERY LINKING CABLE 6 B&S NEG,Tridon 003483 Whitelaw Tooling Supplies,,,
MATSON BATTERY LINKING CABLE 6 B&S POS,Tridon 003483 Whitelaw Tooling Supplies,,,
MATSON BATTERY CABLE 2 B&S 25CM,Tridon 003483 Whitelaw Tooling Supplies,,,
MATSON BATTERY CABLE 3 B&S 25CM,Tridon 003483 Whitelaw Tooling Supplies,,,
MATSON BATTERY CABLE 00 B&S 30CM,Tridon 003483 Whitelaw Tooling Supplies,,,
MATSON BATTERY CABLE 2 B&S 12 INCH 30 CM,Tridon 003483 Whitelaw Tooling Supplies,,,
MATSON BATTERY CABLE,Tridon 003483 Whitelaw Tooling Supplies,,,
MATSON BATTERY CABLE 2B&S 12INCH 30CM RD,Tridon 003483 Whitelaw Tooling Supplies,,,
MATSON BATTERY CABLE 3 B&S 30CM,Tridon 003483 Whitelaw Tooling Supplies,,,
HIT SPARE NUT/BOLT -300MM BOLT CUTTER,Tridon 003483 Whitelaw Tooling Supplies,,,
HIT SPARE NUT/BOLT -350MM BOLT CUTTER,Tridon 003483 Whitelaw Tooling Supplies,,,
MATSON BATTERY CABLE 00 B&S 38CM,Tridon 003483 Whitelaw Tooling Supplies,,,
MATSON BATTERY CABLE 2 B&S 15 INCH 38 CM,Tridon 003483 Whitelaw Tooling Supplies,,,
MATSON BATTERY CABLE 2B&S 15INCH 38CM RD,Tridon 003483 Whitelaw Tooling Supplies,,,
MATSON BATTERY CABLE 3 B&S 38CM,Tridon 003483 Whitelaw Tooling Supplies,,,
MATSON BC15-3 NO CARD,Tridon 003483 Whitelaw Tooling Supplies,,,
MATSON BATTERY CABLE 00 B&S 46CM,Tridon 003483 Whitelaw Tooling Supplies,,,
MATSON BATTERY CABLE 2 B&S 18 INCH,Tridon 003483 Whitelaw Tooling Supplies,,,
MATSON BATTERY CABLE 2B&S 18INCH 45CM RD,Tridon 003483 Whitelaw Tooling Supplies,,,
MATSON BATTERY CABLE 3 B&S 46CM,Tridon 003483 Whitelaw Tooling Supplies,,,
HIT SPARE NUT/BOLT -450MM BOLT CUTTER,Tridon 003483 Whitelaw Tooling Supplies,,,
MATSON BATTERY CABLE 00 B&S 53CM,Tridon 003483 Whitelaw Tooling Supplies,,,
MATSON BATTERY CABLE 2 B&S 21 INCH,Tridon 003483 Whitelaw Tooling Supplies,,,
MATSON BATTERY CABLE 2B&S 21INCH 53CM RD,Tridon 003483 Whitelaw Tooling Supplies,,,
MATSON BATTERY CABLE 3 B&S 53CM,Tridon 003483 Whitelaw Tooling Supplies,,,
MATSON BATTERY CABLE 00 B&S 61CM,Tridon 003483 Whitelaw Tooling Supplies,,,
MATSON BATTERY CABLE 2 B&S 24 INCH 60 CM,Tridon 003483 Whitelaw Tooling Supplies,,,
MATSON BATTERY CABLE 2 B&S 61CM NEG,Tridon 003483 Whitelaw Tooling Supplies,,,
MATSON BATTERY CABLE 2B&S 24INCH 61CM RD,Tridon 003483 Whitelaw Tooling Supplies,,,
MATSON BATTERY CABLE 3 B&S 61CM,Tridon 003483 Whitelaw Tooling Supplies,,,
HIT SPARE NUT/BOLT -600MM BOLT CUTTER,Tridon 003483 Whitelaw Tooling Supplies,,,
MATSON BATTERY CABLE 00 B&S 69CM,Tridon 003483 Whitelaw Tooling Supplies,,,
MATSON BATTERY CABLE 2 B&S 69CM,Tridon 003483 Whitelaw Tooling Supplies,,,
MATSON BATTERY CABLE 2B&S 27INCH 68CM RD,Tridon 003483 Whitelaw Tooling Supplies,,,
MATSON BATTERY CABLE 00 B&S 76CM,Tridon 003483 Whitelaw Tooling Supplies,,,
MATSON BATTERY CABLE 2 B&S 30 INCH 76 CM,Tridon 003483 Whitelaw Tooling Supplies,,,
MATSON BATTERY CABLE  750MM 30IN,Tridon 003483 Whitelaw Tooling Supplies,,,
MATSON BATTERY CABLE 750MM 30IN,Tridon 003483 Whitelaw Tooling Supplies,,,
MATSON BATTERY CABLE 2B&S 30INCH 76CM RD,Tridon 003483 Whitelaw Tooling Supplies,,,
MATSON BATTERY CABLE 3 B&S 76CM,Tridon 003483 Whitelaw Tooling Supplies,,,
HIT SPARE NUT/BOLT -750MM BOLT CUTTER,Tridon 003483 Whitelaw Tooling Supplies,,,
MATSON BATTERY CABLE 2 B&S 84CM,Tridon 003483 Whitelaw Tooling Supplies,,,
MATSON BATTERY CABLE 2 B&S 84CM,Tridon 003483 Whitelaw Tooling Supplies,,,
MATSON BATTERY CABLE 00 B&S 91CM,Tridon 003483 Whitelaw Tooling Supplies,,,
MATSON BATTERY CABLE 2 B&S 36 INCH,Tridon 003483 Whitelaw Tooling Supplies,,,
MATSON BATTERY CABLE 2 B&S 36 INCH RED,Tridon 003483 Whitelaw Tooling Supplies,,,
MATSON BATTERY CABLE 3 B&S 91CM,Tridon 003483 Whitelaw Tooling Supplies,,,
MATSON BATTERY CABLE 3B&S 91CM RED,Tridon 003483 Whitelaw Tooling Supplies,,,
HIT SPARE NUT/BOLT -900MM BOLT CUTTER,Tridon 003483 Whitelaw Tooling Supplies,,,
MATSON BATTERY CABLE 2 B&S 99CM,Tridon 003483 Whitelaw Tooling Supplies,,,
MATSON BATTERY CABLE 2B&S 99CM,Tridon 003483 Whitelaw Tooling Supplies,,,
MATSON BATTERY CABLE,Tridon 003483 Whitelaw Tooling Supplies,,,
MATSON BATTERY CABLE 00 B&S 106CM,Tridon 003483 Whitelaw Tooling Supplies,,,
MATSON BATTERY CABLE 2 B&S 42 INCH 106CM,Tridon 003483 Whitelaw Tooling Supplies,,,
MATSON BATTERY CABLE 2 B&S 106CM RED,Tridon 003483 Whitelaw Tooling Supplies,,,
MATSON BATTERY CABLE 3 B&S 106CM,Tridon 003483 Whitelaw Tooling Supplies,,,
MATSON BATTERY CABLE 3B&S 106CM RED,Tridon 003483 Whitelaw Tooling Supplies,,,
MATSON BC42-3R NO CARD,Tridon 003483 Whitelaw Tooling Supplies,,,
HIT SPARE NUT/BOLT -1050MM BOLT CUTTER,Tridon 003483 Whitelaw Tooling Supplies,,,
MATSON BATTERY CABLE,Tridon 003483 Whitelaw Tooling Supplies,,,
MATSON BATTERY CABLE 00 B&S 122CM,Tridon 003483 Whitelaw Tooling Supplies,,,
MATSON BATTERY CABLE 2 B&S 48 INCH 122CM,Tridon 003483 Whitelaw Tooling Supplies,,,
MATSON BATTERY CABLE 3 B&S 122CM,Tridon 003483 Whitelaw Tooling Supplies,,,
MATSON BATTERY CABLE 00 B&S 142CM,Tridon 003483 Whitelaw Tooling Supplies,,,
MATSON BATTERY CABLE 00 B&S 153CM,Tridon 003483 Whitelaw Tooling Supplies,,,
MATSON BATTERY CABLE 2 B&S 153CM,Tridon 003483 Whitelaw Tooling Supplies,,,
MATSON BATTERY CABLE 2 B&S 15CM,Tridon 003483 Whitelaw Tooling Supplies,,,
MATSON BATTERY CABLE 2B&S 15CM,Tridon 003483 Whitelaw Tooling Supplies,,,
MATSON BATTERY CABLE 00 B&S 20CM,Tridon 003483 Whitelaw Tooling Supplies,,,
MATSON BATTERY CABLE 2 B&S 8 INCH,Tridon 003483 Whitelaw Tooling Supplies,,,
MATSON BATTERY CABLE 200MM 8IN,Tridon 003483 Whitelaw Tooling Supplies,,,
MATSON BATTERY CABLE 3 B&S 20CM,Tridon 003483 Whitelaw Tooling Supplies,,,
MATSON BATTERY CABLE 00 B&S 220CM RED,Tridon 003483 Whitelaw Tooling Supplies,,,
HIT SPARE HANDLE 900MM,Tridon 003483 Whitelaw Tooling Supplies,,,
TOLEDO HORSE RASP HANDLE GREEN,Tridon 003483 Whitelaw Tooling Supplies,,,
TOLEDO HORSE RASP HANDLE RED,Tridon 003483 Whitelaw Tooling Supplies,,,
TOLEDO HORSE RASP HANDLE YELLOW,Tridon 003483 Whitelaw Tooling Supplies,,,
TOLEDO FILE HANDLE RUBBER NO 1,Tridon 003483 Whitelaw Tooling Supplies,,,
TOLEDO FILE HANDLE RUBBER NO 3,Tridon 003483 Whitelaw Tooling Supplies,,,
TOLEDO FILE HANDLE RUBBER NO 4,Tridon 003483 Whitelaw Tooling Supplies,,,
TOLEDO FILE HANDLE RUBBER NO 5,Tridon 003483 Whitelaw Tooling Supplies,,,
TOLEDO FILE HANDLE RUBBER NO 8,Tridon 003483 Whitelaw Tooling Supplies,,,
TOLEDO FILE HANDLE RUBBER NO 9,Tridon 003483 Whitelaw Tooling Supplies,,,
MATSON BATTERY JOINER 00 B&S 25CM,Tridon 003483 Whitelaw Tooling Supplies,,,
MATSON BATTERY JOINER 25CM POS-NEG,Tridon 003483 Whitelaw Tooling Supplies,,,
MATSON BATTERY JOINER 2 B&S 25CM,Tridon 003483 Whitelaw Tooling Supplies,,,
MATSON BATTERY JOINER 3 B&S 25CM,Tridon 003483 Whitelaw Tooling Supplies,,,
MATSON BATTERY JOINER 00 B&S 30CM,Tridon 003483 Whitelaw Tooling Supplies,,,
MATSON BATTERY JOINER 2 B&S 30CM,Tridon 003483 Whitelaw Tooling Supplies,,,
MATSON BATTERY JOINER 3 B&S 30CM,Tridon 003483 Whitelaw Tooling Supplies,,,
MATSON BATTERY JOINER 00 B&S 38CM,Tridon 003483 Whitelaw Tooling Supplies,,,
MATSON BATTERY JOINER 2 B&S 38CM,Tridon 003483 Whitelaw Tooling Supplies,,,
MATSON BATTERY JOINER 00 B&S 46CM,Tridon 003483 Whitelaw Tooling Supplies,,,
MATSON BATTERY JOINER 2 B&S 46CM,Tridon 003483 Whitelaw Tooling Supplies,,,
MATSON BATTERY JOINER 2 B&S 50CM,Tridon 003483 Whitelaw Tooling Supplies,,,
MATSON BATTERY JOINER 00B&S 61CM,Tridon 003483 Whitelaw Tooling Supplies,,,
MATSON BATTERY JOINER 2 B&S 61CM,Tridon 003483 Whitelaw Tooling Supplies,,,
MATSON BATTERY JOINER 2 B&S 61CM,Tridon 003483 Whitelaw Tooling Supplies,,,
MATSON BATTERY JOINER 00 B&S 15CM,Tridon 003483 Whitelaw Tooling Supplies,,,
MATSON BATTERY JOINER 0 B&S 61CM POS NEG,Tridon 003483 Whitelaw Tooling Supplies,,,
MATSON BATTERY JOINER 2 B&S 15CM,Tridon 003483 Whitelaw Tooling Supplies,,,
MATSON BATTERY JOINER 2 B&S 15CM,Tridon 003483 Whitelaw Tooling Supplies,,,
MATSON BATTERY JOINER 3 B&S 15CM,Tridon 003483 Whitelaw Tooling Supplies,,,
MATSON BATTERY JOINER 00 B&S 20CM,Tridon 003483 Whitelaw Tooling Supplies,,,
MATSON BATTERY JOINER 2 B&S 20CM,Tridon 003483 Whitelaw Tooling Supplies,,,
MATSON BATTERY JOINER 2 B&S 20CM,Tridon 003483 Whitelaw Tooling Supplies,,,
MATSON BATTERY JOINER 3 B&S 20CM,Tridon 003483 Whitelaw Tooling Supplies,,,
MATSON BATTERY JOINER 00 B&S 23CM,Tridon 003483 Whitelaw Tooling Supplies,,,
MATSON BATTERY JOINER 2 B&S 23CM,Tridon 003483 Whitelaw Tooling Supplies,,,
TOLEDO KNIFE BULK,Tridon 003483 Whitelaw Tooling Supplies,,,
TOLEDO KNIFE PLASTIC HANDLE BULK,Tridon 003483 Whitelaw Tooling Supplies,,,
BS HEADLIGHT AND BRAKE SPRING HOOK,Tridon 003483 Whitelaw Tooling Supplies,,,
BS CARBURETTOR ADJUSTING TOOL SET,Tridon 003483 Whitelaw Tooling Supplies,,,
BS CARBURETTOR ADJUSTING DRIVER,Tridon 003483 Whitelaw Tooling Supplies,,,
BS PICK & HOOK SET LONG (4PC ),Tridon 003483 Whitelaw Tooling Supplies,,,
BS COOLING SYSTEM & RADIATOR PRESSURE,Tridon 003483 Whitelaw Tooling Supplies,,,
BS COOLING PRESSURE GAUGE FOR BS0244,Tridon 003483 Whitelaw Tooling Supplies,,,
BS RADIATOR TANK ADAPTOR FOR BS0244,Tridon 003483 Whitelaw Tooling Supplies,,,
BS RADIATOR TANK ADAPTOR FOR BS0244,Tridon 003483 Whitelaw Tooling Supplies,,,
BS RADIATOR CAP ADAPTOR FOR BS0244,Tridon 003483 Whitelaw Tooling Supplies,,,
BS RADIATOR CAP ADAPTOR FOR BS0244,Tridon 003483 Whitelaw Tooling Supplies,,,
BS CAP PRESSURE ADAPTOR FOR BS0244,Tridon 003483 Whitelaw Tooling Supplies,,,
BS C HOOK WRENCH 19-51 (MM),Tridon 003483 Whitelaw Tooling Supplies,,,
BS C HOOK WRENCH 32-76 (MM),Tridon 003483 Whitelaw Tooling Supplies,,,
BS C HOOK WRENCH 51-120 (MM),Tridon 003483 Whitelaw Tooling Supplies,,,
BS C HOOK WRENCH 118-158 (MM),Tridon 003483 Whitelaw Tooling Supplies,,,
BS TERMINAL CLEANING TOOL KIT (2PC),Tridon 003483 Whitelaw Tooling Supplies,,,
BS HEAT SHRINK TUBE SET (171 PC),Tridon 003483 Whitelaw Tooling Supplies,,,
BS HEAT SHRINK TUBE SET (106 PC),Tridon 003483 Whitelaw Tooling Supplies,,,
BS ANTI-SLIP FILM 20X30 (CM) 4PC,Tridon 003483 Whitelaw Tooling Supplies,,,
BS WIRE FINGER TOOL,Tridon 003483 Whitelaw Tooling Supplies,,,
BS ANTI-SLIP FILM 25MM X 3M ROLL,Tridon 003483 Whitelaw Tooling Supplies,,,
BS BATTERY ACID FILLER,Tridon 003483 Whitelaw Tooling Supplies,,,
BS DETAIL BRUSH SET 3PCE,Tridon 003483 Whitelaw Tooling Supplies,,,
BS DRIVE CHAIN TENSIONER,Tridon 003483 Whitelaw Tooling Supplies,,,
BS PICK & HOOK SET SHORT (4PC),Tridon 003483 Whitelaw Tooling Supplies,,,
BS SEAL PICK SET 150MM & 170MM (2PC),Tridon 003483 Whitelaw Tooling Supplies,,,
BS BMW SPARK COIL REMOVAL TOOL,Tridon 003483 Whitelaw Tooling Supplies,,,
BS BMW SPARK COIL REMOVAL TOOL,Tridon 003483 Whitelaw Tooling Supplies,,,
BS SPARK PLUG MAINTENANCE KIT (6 PC),Tridon 003483 Whitelaw Tooling Supplies,,,
BS TACHOMETER CABLE REPLACEMENT TOOL,Tridon 003483 Whitelaw Tooling Supplies,,,
BS T- HANDLE SOCKET 6MM,Tridon 003483 Whitelaw Tooling Supplies,,,
BS T-HANDLE SOCKET 8MM,Tridon 003483 Whitelaw Tooling Supplies,,,
BS T-HANDLE SOCKET 10MM,Tridon 003483 Whitelaw Tooling Supplies,,,
BS T-HANDLE SOCKET WRENCH S/RING 10MM,Tridon 003483 Whitelaw Tooling Supplies,,,
BS T-HANDLE SOCKET 12MM,Tridon 003483 Whitelaw Tooling Supplies,,,
BS T-HANDLE SOCKET 13MM,Tridon 003483 Whitelaw Tooling Supplies,,,
BS T-HANDLE SOCKET 14MM,Tridon 003483 Whitelaw Tooling Supplies,,,
BS T-HANDLE SOCKET 17MM,Tridon 003483 Whitelaw Tooling Supplies,,,
BS T-HANDLE SOCKET WRENCH S/RING 17MM,Tridon 003483 Whitelaw Tooling Supplies,,,
BS T-HANDLE SOCKET 19MM,Tridon 003483 Whitelaw Tooling Supplies,,,
BS T-HANDLE SOCKET WRENCH S/RING 19MM,Tridon 003483 Whitelaw Tooling Supplies,,,
BS T-HANDLE SOCKET WRENCH 6MM,Tridon 003483 Whitelaw Tooling Supplies,,,
BS T-HANDLE SOCKET WRENCH 8MM,Tridon 003483 Whitelaw Tooling Supplies,,,
BS T-HANDLE SOCKET WRENCH 12MM,Tridon 003483 Whitelaw Tooling Supplies,,,
BS T-HANDLE SOCKET WRENCH 13MM,Tridon 003483 Whitelaw Tooling Supplies,,,
BS T-HANDLE SOCKET WRENCH 14MM,Tridon 003483 Whitelaw Tooling Supplies,,,
BS  T-HANDLE SOCKET WRENCH 17MM,Tridon 003483 Whitelaw Tooling Supplies,,,
BS T-HANDLE SOCKET WRENCH 19MM,Tridon 003483 Whitelaw Tooling Supplies,,,
BS T-HANDLE SPEED RING SET 4PCE,Tridon 003483 Whitelaw Tooling Supplies,,,
BS T-HANDLE SOCKET SET 300MM WITH HANDLE,Tridon 003483 Whitelaw Tooling Supplies,,,
BS WIRE TERMINAL TOOL,Tridon 003483 Whitelaw Tooling Supplies,,,
BS WIRE TERMINAL TOOL,Tridon 003483 Whitelaw Tooling Supplies,,,
BS VACUUM AND FUEL HOSE REMOVAL PLIERS,Tridon 003483 Whitelaw Tooling Supplies,,,
BS FLEXIBLE HOSE CLAMP NUT DRIVER,Tridon 003483 Whitelaw Tooling Supplies,,,
BS TAPPET ADJUSTING TOOL SET (6 PC),Tridon 003483 Whitelaw Tooling Supplies,,,
BS TAPPET ADJUSTING TOOL SQUARE 3MM,Tridon 003483 Whitelaw Tooling Supplies,,,
BS TAPPET ADJUSTING TOOL SQUARE 4MM,Tridon 003483 Whitelaw Tooling Supplies,,,
BS TAPPET ADJUSTING TOOL HEX 8MM,Tridon 003483 Whitelaw Tooling Supplies,,,
BS TAPPET ADJUSTING TOOL HEX 9MM,Tridon 003483 Whitelaw Tooling Supplies,,,
BS TAPPET ADJUSTING TOOL HEX 10MM,Tridon 003483 Whitelaw Tooling Supplies,,,
BS TAPPET ADJUSTING TOOL FLAT SCREW,Tridon 003483 Whitelaw Tooling Supplies,,,
BS PISTON LOCATION TOOL M10 X P1.0,Tridon 003483 Whitelaw Tooling Supplies,,,
BS PISTON LOCATION TOOL M12 X P1.0,Tridon 003483 Whitelaw Tooling Supplies,,,
BS PLASTIC SUPER SCRAPER 15MM,Tridon 003483 Whitelaw Tooling Supplies,,,
BS PLASTIC SUPER SCRAPER 30MM,Tridon 003483 Whitelaw Tooling Supplies,,,
BS PLASTIC SUPER SCRAPER 50MM,Tridon 003483 Whitelaw Tooling Supplies,,,
BS TIMING PLUG WRENCH,Tridon 003483 Whitelaw Tooling Supplies,,,
BS DUCATI ALTERNATOR COVER PULLER,Tridon 003483 Whitelaw Tooling Supplies,,,
BS DUCATI CRANKSHAFT TURNING TOOL,Tridon 003483 Whitelaw Tooling Supplies,,,
BS STUD REMOVE INSTALL TOOL M6 X P1.0,Tridon 003483 Whitelaw Tooling Supplies,,,
BS STUD REMOVE INSTALL TOOL M8 X P1.25,Tridon 003483 Whitelaw Tooling Supplies,,,
BS STUD REMOVE INSTALL TOOL M10 X P1.25,Tridon 003483 Whitelaw Tooling Supplies,,,
BS STUD REMOVE INSTALL TOOL M10 X P1.5,Tridon 003483 Whitelaw Tooling Supplies,,,
BS MAGNETO FLYWHEEL PULLER M14 x P1.5,Tridon 003483 Whitelaw Tooling Supplies,,,
BS MAGNETO FLYWHEEL PULLER M16 x P1.5,Tridon 003483 Whitelaw Tooling Supplies,,,
BS MAGNETO FLYWHEEL PULLER M18 x P1.5,Tridon 003483 Whitelaw Tooling Supplies,,,
BS MAGNETO FLYWHEEL PULLER M20 x P1.5,Tridon 003483 Whitelaw Tooling Supplies,,,
BS MAGNETO FLYWHEEL PULLER M22 x P1.5,Tridon 003483 Whitelaw Tooling Supplies,,,
BS MAGNETO FLYWHEEL PULLER M18 x P1.5,Tridon 003483 Whitelaw Tooling Supplies,,,
BS MAGNETO FLYWHEEL PULLER  M18 x P1.5,Tridon 003483 Whitelaw Tooling Supplies,,,
BS MAGNETO FLYWHEEL PULLER M20 x P1.5,Tridon 003483 Whitelaw Tooling Supplies,,,
BS MAGNETO FLYWHEEL PULLER M20 x P1.5,Tridon 003483 Whitelaw Tooling Supplies,,,
BS MAGNETO FLYWHEEL PULLER M19 x P1.0,Tridon 003483 Whitelaw Tooling Supplies,,,
BS MAGNETO FLYWHEEL PULLER M24 x P1.0,Tridon 003483 Whitelaw Tooling Supplies,,,
BS MAGNETO FLYWHEEL PULLER M27 x P1.0,Tridon 003483 Whitelaw Tooling Supplies,,,
BS MAGNETO FLYWHEEL PULLER M27 X P1.25,Tridon 003483 Whitelaw Tooling Supplies,,,
BS STARTER FLY WHEEL PULLER 24XP1.0,Tridon 003483 Whitelaw Tooling Supplies,,,
BS MAGNETO FLYWHEEL PULLER M24 x P1.5,Tridon 003483 Whitelaw Tooling Supplies,,,
BS MAGNETO FLYWHEEL PULLER M26 x P1.0,Tridon 003483 Whitelaw Tooling Supplies,,,
BS MAGNETO FLYWHEEL PULLER M30 x P1.5,Tridon 003483 Whitelaw Tooling Supplies,,,
BS MAGNETO FLYWHEEL PULLER M30 x P1.0,Tridon 003483 Whitelaw Tooling Supplies,,,
BS MAGNETO FLYWHEEL PULLER M30 x P1.5,Tridon 003483 Whitelaw Tooling Supplies,,,
BS MAGNETO FLYWHEEL PULLER M33 x P1.5,Tridon 003483 Whitelaw Tooling Supplies,,,
BS MAGNETO FLYWHEEL PULLER M35 x P1.5,Tridon 003483 Whitelaw Tooling Supplies,,,
BS MAGNETO FLYWHEEL PULLER M35 x P1.5,Tridon 003483 Whitelaw Tooling Supplies,,,
BS MAGNETO FLYWHEEL PULLER M26 x P1.0,Tridon 003483 Whitelaw Tooling Supplies,,,
BS MAGNETO FLYWHEEL PULLER M28 x P1.5,Tridon 003483 Whitelaw Tooling Supplies,,,
BS MAGNETO FLYWHEEL PULLER M28 x P1.0,Tridon 003483 Whitelaw Tooling Supplies,,,
BS MAGNETO FLYWHEEL PULLER M30 x P1.5,Tridon 003483 Whitelaw Tooling Supplies,,,
BS MAGNETO FLYWHEEL PULLER M33 x P1.5,Tridon 003483 Whitelaw Tooling Supplies,,,
BS MAGNETO FLYWHEEL PULLER M20 x P1.0,Tridon 003483 Whitelaw Tooling Supplies,,,
BS MAGNETO FLYWHEEL PULLER M22 x P1.0,Tridon 003483 Whitelaw Tooling Supplies,,,
BS MAGNETO FLYWHEEL PULLER M22 x P1.5,Tridon 003483 Whitelaw Tooling Supplies,,,
BS MAGNETO FLYWHEEL PULLER M25 x P1.5,Tridon 003483 Whitelaw Tooling Supplies,,,
BS MAGNETO FLYWHEEL PULLER M26 x P1.5,Tridon 003483 Whitelaw Tooling Supplies,,,
BS MAGNETO FLYWHEEL PULLER M24 x P1.0,Tridon 003483 Whitelaw Tooling Supplies,,,
BS MAGNETO FLYWHEEL PULLER M28 x P1.0,Tridon 003483 Whitelaw Tooling Supplies,,,
BS MAGNETO FLYWHEEL PULLER M30 x P1.25,Tridon 003483 Whitelaw Tooling Supplies,,,
BS MAGNETO FLYWHEEL PULLER M32 x P1.5,Tridon 003483 Whitelaw Tooling Supplies,,,
BS MAGNETO FLYWHEEL PULLER M35 x P1.0,Tridon 003483 Whitelaw Tooling Supplies,,,
BS MAGNETO FLYWHEEL PULLER M38 x P1.5,Tridon 003483 Whitelaw Tooling Supplies,,,
BS MAGNETO FLYWHEEL PULLER M42 x P1.5,Tridon 003483 Whitelaw Tooling Supplies,,,
BS START GEAR NUT WRENCH,Tridon 003483 Whitelaw Tooling Supplies,,,
BS MAGNETO FLYWHEEL PULLER M50 x P1.5,Tridon 003483 Whitelaw Tooling Supplies,,,
BS OIL FILTER & CLUTCH HUB SPANNER,Tridon 003483 Whitelaw Tooling Supplies,,,
BS FLEXIBLE SPOUT FUNNEL,Tridon 003483 Whitelaw Tooling Supplies,,,
BS DOUBLE EAR CLAMP PLIER,Tridon 003483 Whitelaw Tooling Supplies,,,
BS COUNTER BALANCER & CLUTCH HUB SOCKET,Tridon 003483 Whitelaw Tooling Supplies,,,
BS DUCATI TDC CRANKSHAFT LOCKING TOOL,Tridon 003483 Whitelaw Tooling Supplies,,,
BS DUCATI ALTERNATOR COVER PULLER,Tridon 003483 Whitelaw Tooling Supplies,,,
BS COUNTER BALANCER & CLUTCH HUB SOCKET,Tridon 003483 Whitelaw Tooling Supplies,,,
BS DUCATI CRANK SHAFT TURNING TOOL,Tridon 003483 Whitelaw Tooling Supplies,,,
BS DUCATI CAMSHAFT LOCKING PINS (M5),Tridon 003483 Whitelaw Tooling Supplies,,,
BS DUCATI CAMSHAFT LOCKING PINS (M6),Tridon 003483 Whitelaw Tooling Supplies,,,
BS DUCATI CAMSHAFT LOCKING PINS (M8),Tridon 003483 Whitelaw Tooling Supplies,,,
BS EXT MAGNETO FLYWHEEL PULLER SET,Tridon 003483 Whitelaw Tooling Supplies,,,
BS INT MAGNETO FLYWHEEL PULLER SET,Tridon 003483 Whitelaw Tooling Supplies,,,
PISTON PIN REMOVER & INSTALLER TOOL,Tridon 003483 Whitelaw Tooling Supplies,,,
BS HARLEY DAV GUDGEON PIN TOOL,Tridon 003483 Whitelaw Tooling Supplies,,,
BS COUNTER BALANCER & CLUTCH HUB SOCKET,Tridon 003483 Whitelaw Tooling Supplies,,,
BS CRANKSHAFT INSTALLATION KIT,Tridon 003483 Whitelaw Tooling Supplies,,,
BS COUNTER BALANCER & CLUTCH HUB SOCKET,Tridon 003483 Whitelaw Tooling Supplies,,,
BS COUNTER BALANCER & CLUTCH HUB SOCKET,Tridon 003483 Whitelaw Tooling Supplies,,,
BS COUNTER BALANCER & CLUTCH HUB SOCKET,Tridon 003483 Whitelaw Tooling Supplies,,,
BS COUNTER BALANCER & CLUTCH HUB SOCKET,Tridon 003483 Whitelaw Tooling Supplies,,,
BS PISTON RING COMPRESSOR SET,Tridon 003483 Whitelaw Tooling Supplies,,,
BS PISTON RING PLIERS,Tridon 003483 Whitelaw Tooling Supplies,,,
BS PISTON LOCATION TOOL M14 X P1.25,Tridon 003483 Whitelaw Tooling Supplies,,,
BS STEERING STEM & FRONT CAP FORK WRENCH,Tridon 003483 Whitelaw Tooling Supplies,,,
BS UNIVERSAL PULLEY HOLDER WRENCH SET,Tridon 003483 Whitelaw Tooling Supplies,,,
BS TYRE PRESSURE & THREAD DEPTH GAUGE,Tridon 003483 Whitelaw Tooling Supplies,,,
BS CLIC R HOSE CLAMP PLIER,Tridon 003483 Whitelaw Tooling Supplies,,,
BS CHAIN EXTRACTOR,Tridon 003483 Whitelaw Tooling Supplies,,,
BS CHAIN LINK PLIERS,Tridon 003483 Whitelaw Tooling Supplies,,,
BS UNIVERSAL CHAIN REPARING MASTER KIT,Tridon 003483 Whitelaw Tooling Supplies,,,
REPLACEMENT TIP PIN SET FOR BS35101,Tridon 003483 Whitelaw Tooling Supplies,,,
REPLACEMENT DIE SET FOR BS35101,Tridon 003483 Whitelaw Tooling Supplies,,,
BS EMERGENCY CAM CHAIN REPAIR SET,Tridon 003483 Whitelaw Tooling Supplies,,,
BS TYRE BEAD HOLDING TOOL,Tridon 003483 Whitelaw Tooling Supplies,,,
BS FLYWHEEL PULLER KIT,Tridon 003483 Whitelaw Tooling Supplies,,,
BS VALVE CORE TORQUE TOOL,Tridon 003483 Whitelaw Tooling Supplies,,,
BS FRONT FORK ADJUSTING WRENCH 17x24(MM),Tridon 003483 Whitelaw Tooling Supplies,,,
BS FRONT FORK ADJUSTING WRENCH 17x27(MM),Tridon 003483 Whitelaw Tooling Supplies,,,
BS FRONT FORK ADJUSTING WRENCH 19x27(MM),Tridon 003483 Whitelaw Tooling Supplies,,,
BS FRONT FORK ADJUSTING WRENCH 19x24(MM),Tridon 003483 Whitelaw Tooling Supplies,,,
BS SEAL AND BEARING RETAINER TOOL 40MM,Tridon 003483 Whitelaw Tooling Supplies,,,
BS SEAL AND BEARING RETAINER TOOL 40MM,Tridon 003483 Whitelaw Tooling Supplies,,,
BS SEAL AND BEARING RETAINER TOOL 44MM,Tridon 003483 Whitelaw Tooling Supplies,,,
BS SEAL AND BEARING RETAINER TOOL 47MM,Tridon 003483 Whitelaw Tooling Supplies,,,
BS TOP FRONT FORK NUT WRENCH 35(MM),Tridon 003483 Whitelaw Tooling Supplies,,,
BS TOP FRONT FORK NUT WRENCH 39(MM),Tridon 003483 Whitelaw Tooling Supplies,,,
BS SEAL AND BEARING RETAINER TOOL 36(MM),Tridon 003483 Whitelaw Tooling Supplies,,,
BS DUCATI STEERING STEM NUT TOOL,Tridon 003483 Whitelaw Tooling Supplies,,,
BS FORK CAP TOOL 45MM,Tridon 003483 Whitelaw Tooling Supplies,,,
BS FORK CAP TOOL 46MM,Tridon 003483 Whitelaw Tooling Supplies,,,
BS FORK CAP TOOL 49MM,Tridon 003483 Whitelaw Tooling Supplies,,,
BS FORK CAP TOOL 50MM,Tridon 003483 Whitelaw Tooling Supplies,,,
BS FORK COMPRESSION VALVE TOOL 36MM,Tridon 003483 Whitelaw Tooling Supplies,,,
BS FORK COMPRESSION VALVE TOOL 32MM,Tridon 003483 Whitelaw Tooling Supplies,,,
BS VACUUM SWITCH SOCKET 22MM,Tridon 003483 Whitelaw Tooling Supplies,,,
BS VACUUM SWITCH SOCKET 11/16IN,Tridon 003483 Whitelaw Tooling Supplies,,,
BS HARLEY FORK CAP INSTALLATION KIT,Tridon 003483 Whitelaw Tooling Supplies,,,
BS FORK OIL LEVEL GAUGE,Tridon 003483 Whitelaw Tooling Supplies,,,
BS STEERING BEARING OUTER RACE REMOVER,Tridon 003483 Whitelaw Tooling Supplies,,,
BS FORK SEAL CLEANER SET 5PC,Tridon 003483 Whitelaw Tooling Supplies,,,
BS OXYGEN SENSOR SOCKET 11/16IN,Tridon 003483 Whitelaw Tooling Supplies,,,
BS BEARING PACKER PORTABLE,Tridon 003483 Whitelaw Tooling Supplies,,,
BS CABLE WIRE LUBRICATION TOOL,Tridon 003483 Whitelaw Tooling Supplies,,,
BS BELT TENSION GAUGE,Tridon 003483 Whitelaw Tooling Supplies,,,
BS FRONT FORK VICE,Tridon 003483 Whitelaw Tooling Supplies,,,
BS DUCATI FORK CAP SOCKET FOR 50MM SACHS,Tridon 003483 Whitelaw Tooling Supplies,,,
BS DAMPER ROD FORK TOOL,Tridon 003483 Whitelaw Tooling Supplies,,,
BS SHOCK SEAL HEAD SETTING TOOL 33-36MM,Tridon 003483 Whitelaw Tooling Supplies,,,
BS SHOCK SEAL HEAD SETTING TOOL 40-50MM,Tridon 003483 Whitelaw Tooling Supplies,,,
BS SHOCK SEAL HEAD SETTING TOOL 50MM,Tridon 003483 Whitelaw Tooling Supplies,,,
BS STEERING TUBE BEARING INSTALLER KIT,Tridon 003483 Whitelaw Tooling Supplies,,,
BS U HOOK HANDLE,Tridon 003483 Whitelaw Tooling Supplies,,,
BS 1/2IN DRIVE TELESCOPIC RATCHET HANDLE,Tridon 003483 Whitelaw Tooling Supplies,,,
"BS DIGITAL TORQUE WRENCH 1/4"" 72T",Tridon 003483 Whitelaw Tooling Supplies,,,
"BS DIGITAL TORQUE WRENCH 3/8"" 72T",Tridon 003483 Whitelaw Tooling Supplies,,,
"BS DIGITAL TORQUE WRENCH 1/2"" 72T",Tridon 003483 Whitelaw Tooling Supplies,,,
BS WHEEL TURNING & BALANCING STAND,Tridon 003483 Whitelaw Tooling Supplies,,,
BS SPOKE TORQUE WRENCH SET STEEL (22PC),Tridon 003483 Whitelaw Tooling Supplies,,,
BS D-TYPE STEEL WRENCH HEAD 5.0MM,Tridon 003483 Whitelaw Tooling Supplies,,,
BS D-TYPE STEEL WRENCH HEAD 5.6MM,Tridon 003483 Whitelaw Tooling Supplies,,,
BS D-TYPE STEEL WRENCH HEAD 6.0MM,Tridon 003483 Whitelaw Tooling Supplies,,,
BS D-TYPE STEEL WRENCH HEAD 6.2MM,Tridon 003483 Whitelaw Tooling Supplies,,,
BS D-TYPE STEEL WRENCH HEAD 6.3MM,Tridon 003483 Whitelaw Tooling Supplies,,,
BS D-TYPE STEEL WRENCH HEAD 6.5MM,Tridon 003483 Whitelaw Tooling Supplies,,,
BS D-TYPE STEEL WRENCH HEAD 6.7MM,Tridon 003483 Whitelaw Tooling Supplies,,,
BS D-TYPE STEEL WRENCH HEAD 6.9MM,Tridon 003483 Whitelaw Tooling Supplies,,,
BS D-TYPE STEEL WRENCH HEAD 7.1MM,Tridon 003483 Whitelaw Tooling Supplies,,,
BS D-TYPE STEEL WRENCH HEAD 7.4MM,Tridon 003483 Whitelaw Tooling Supplies,,,
BS D-TYPE STEEL WRENCH HEAD SPLINE,Tridon 003483 Whitelaw Tooling Supplies,,,
BS TYRE VALVE PULLER 4 IN 1,Tridon 003483 Whitelaw Tooling Supplies,,,
BS FRONT WHEEL SPINDLE REMOVAL TOOL,Tridon 003483 Whitelaw Tooling Supplies,,,
BS DUCATI AXLE ALIGN TOOL FR 25MM SHOWA,Tridon 003483 Whitelaw Tooling Supplies,,,
BS DUCATI AXLE ALIGN TOOL FR 25MM OHLINS,Tridon 003483 Whitelaw Tooling Supplies,,,
BS DUCATI AXLE ALIGN TOOL FR 30MM OHLINS,Tridon 003483 Whitelaw Tooling Supplies,,,
BS INTERNAL AXLE ALLEN KEY SOCKET 14MM,Tridon 003483 Whitelaw Tooling Supplies,,,
BS INTERNAL AXLE  ALLEN KEY SOCKET 19MM,Tridon 003483 Whitelaw Tooling Supplies,,,
"BS DUCATI LOCK NUT SOCKET, 41 & 46MM",Tridon 003483 Whitelaw Tooling Supplies,,,
"BS DUCATI  LOCK NUT SOCKET, 30 & 55MM",Tridon 003483 Whitelaw Tooling Supplies,,,
"BS MV AGUSTA LOCK NUT SOCKET, 26 & 56MM",Tridon 003483 Whitelaw Tooling Supplies,,,
"BS DUCATI LOCK NUT SOCKET, 28 & 30MM",Tridon 003483 Whitelaw Tooling Supplies,,,
BS STEEL FIXED END ADAPTOR 11 PCE,Tridon 003483 Whitelaw Tooling Supplies,,,
BS VACUUM PUMP AND BRAKE BLEEDER KIT,Tridon 003483 Whitelaw Tooling Supplies,,,
BS VACUUM PUMP FOR BS5582,Tridon 003483 Whitelaw Tooling Supplies,,,
BS FLUID CONTAINER FOR BS5582,Tridon 003483 Whitelaw Tooling Supplies,,,
BS PVC VACUUM HOSE SET 4PC FOR BS5582,Tridon 003483 Whitelaw Tooling Supplies,,,
BS ASSORTED FITTING PACK 16PC FOR BS5582,Tridon 003483 Whitelaw Tooling Supplies,,,
BS ORING FOR FLUID CONTAINER FOR BS5582,Tridon 003483 Whitelaw Tooling Supplies,,,
BS TYRE LEVER LENGTH 200MM,Tridon 003483 Whitelaw Tooling Supplies,,,
BS TYRE LEVER LENGTH 400MM,Tridon 003483 Whitelaw Tooling Supplies,,,
BS TYRE BEAD HOLDING TOOL,Tridon 003483 Whitelaw Tooling Supplies,,,
BS TYRE LEVER 350MM,Tridon 003483 Whitelaw Tooling Supplies,,,
BS BRAKE PISTON DETACHING TOOL,Tridon 003483 Whitelaw Tooling Supplies,,,
BS SEALING RING ASSEMBLY TOOL SET (4PC ),Tridon 003483 Whitelaw Tooling Supplies,,,
BS SEALINGRING ASSEMBLY TOOL 14.4-16.0MM,Tridon 003483 Whitelaw Tooling Supplies,,,
BS SEALINGRING ASSEMBLY TOOL 15.9-17.5MM,Tridon 003483 Whitelaw Tooling Supplies,,,
BS SEALINGRING ASSEMBLY TOOL 17.5-19.1MM,Tridon 003483 Whitelaw Tooling Supplies,,,
BS SEALINGRING ASSEMBLY TOOL 20.7-22.4MM,Tridon 003483 Whitelaw Tooling Supplies,,,
BS FLAT & PHILLIPS BIT SET (10PC),Tridon 003483 Whitelaw Tooling Supplies,,,
BS HEX BIT SET (10PC),Tridon 003483 Whitelaw Tooling Supplies,,,
BS 5-POINT BIT SET (10PC),Tridon 003483 Whitelaw Tooling Supplies,,,
BS MULTI DRIVER SPANNER 6MM,Tridon 003483 Whitelaw Tooling Supplies,,,
BS MULTI DRIVER SPANNER 8MM,Tridon 003483 Whitelaw Tooling Supplies,,,
BS MULTI DRIVER SPANNER 12MM,Tridon 003483 Whitelaw Tooling Supplies,,,
BS MULTI DRIVER SPANNER 13MM,Tridon 003483 Whitelaw Tooling Supplies,,,
BS MULTI DRIVER SPANNER 14MM,Tridon 003483 Whitelaw Tooling Supplies,,,
BS MULTI DRIVER SPANNER 17MM,Tridon 003483 Whitelaw Tooling Supplies,,,
BS MULTI DRIVER SPANNER 19MM,Tridon 003483 Whitelaw Tooling Supplies,,,
BS HANDY PANEL REMOVAL TOOL,Tridon 003483 Whitelaw Tooling Supplies,,,
BS GRIP END CUTTER,Tridon 003483 Whitelaw Tooling Supplies,,,
BS PRESSURE ADJUSTING POWER CLAMP,Tridon 003483 Whitelaw Tooling Supplies,,,
BS UNIVERSAL 3 LEG OIL FILTER WRENCH,Tridon 003483 Whitelaw Tooling Supplies,,,
BS CUP OIL FILTER WRENCH SET 8PCE,Tridon 003483 Whitelaw Tooling Supplies,,,
BS CUP OIL FILTER WRENCH 65MM-14F,Tridon 003483 Whitelaw Tooling Supplies,,,
BS CUP OIL FILTER WRENCH 68MM-14F,Tridon 003483 Whitelaw Tooling Supplies,,,
BS CUP OIL FILTER WRENCH 74MM-15F,Tridon 003483 Whitelaw Tooling Supplies,,,
BS CUP OIL FILTER WRENCH 76MM-8F,Tridon 003483 Whitelaw Tooling Supplies,,,
BS CUP OIL FILTER WRENCH 76MM-12F,Tridon 003483 Whitelaw Tooling Supplies,,,
BS CUP OIL FILTER WRENCH 76MM-14F WINDOW,Tridon 003483 Whitelaw Tooling Supplies,,,
BS CUP OIL FILTER WRENCH 80MM-15F,Tridon 003483 Whitelaw Tooling Supplies,,,
BS CUP OIL FILTER WRENCH 82MM-15F,Tridon 003483 Whitelaw Tooling Supplies,,,
BS HARLEY CLUTCH SPRING COMPRESSOR,Tridon 003483 Whitelaw Tooling Supplies,,,
BS MASTER CHAIN REPAIR SET,Tridon 003483 Whitelaw Tooling Supplies,,,
BS CHAIN ALIGNMENT TOOL,Tridon 003483 Whitelaw Tooling Supplies,,,
BS CHAIN INSTALLATION PRESS TOOL,Tridon 003483 Whitelaw Tooling Supplies,,,
BS SPOKE TORQUE WRENCH SET STEEL (12PC),Tridon 003483 Whitelaw Tooling Supplies,,,
BS TYRE INFLATOR WITH DIAL GAUGE,Tridon 003483 Whitelaw Tooling Supplies,,,
BS KTM REAR WHEEL NUT IMPACT SOCKET,Tridon 003483 Whitelaw Tooling Supplies,,,
BS 1/4IN SQUARE DRIVE RATCHET WRENCH,Tridon 003483 Whitelaw Tooling Supplies,,,
BS 3/8IN SQUARE DRIVE RATCHET WRENCH,Tridon 003483 Whitelaw Tooling Supplies,,,
BS 1/2IN SQUARE DRIVE RATCHET WRENCH,Tridon 003483 Whitelaw Tooling Supplies,,,
BS RATCHET WRENCH SET STUBBY METRIC 8PC,Tridon 003483 Whitelaw Tooling Supplies,,,
BS TORQUE ANGLE GAUGE,Tridon 003483 Whitelaw Tooling Supplies,,,
BS REVERSIBLE RATCHET WRENCH SET 2PC,Tridon 003483 Whitelaw Tooling Supplies,,,
BS CYLINDER COMPRESSION TEST KIT,Tridon 003483 Whitelaw Tooling Supplies,,,
BS BLIND BEARING PULLER KIT,Tridon 003483 Whitelaw Tooling Supplies,,,
BS UNIVERSAL JOINT T HANDLE 1/2 DR,Tridon 003483 Whitelaw Tooling Supplies,,,
BS UNIVERSAL JOINT T HANDLE 3/8 DR,Tridon 003483 Whitelaw Tooling Supplies,,,
BS UNIVERSAL JOINT T HANDLE 1/4 DR,Tridon 003483 Whitelaw Tooling Supplies,,,
BS RETRACTABLE RATCHET TIE DOWN 1.2M,Tridon 003483 Whitelaw Tooling Supplies,,,
BS COMPRESSION TEST GAUGE FOR BS8001,Tridon 003483 Whitelaw Tooling Supplies,,,
BS M10 COMPRESSION HOSE FOR BS8001,Tridon 003483 Whitelaw Tooling Supplies,,,
BS M12 COMPRESSION HOSE FOR BS8001,Tridon 003483 Whitelaw Tooling Supplies,,,
BS M14 COMPRESSION HOSE FOR BS8001,Tridon 003483 Whitelaw Tooling Supplies,,,
BS CYLINDER LEAKDOWN TEST KIT,Tridon 003483 Whitelaw Tooling Supplies,,,
BS LEAKAGE TEST GAUGE FOR BS8002,Tridon 003483 Whitelaw Tooling Supplies,,,
BS M10 FLEXIBLE HOSE FOR BS8002,Tridon 003483 Whitelaw Tooling Supplies,,,
BS M12 FLEXIBLE HOSE FOR BS8002,Tridon 003483 Whitelaw Tooling Supplies,,,
BS M14 FLEXIBLE HOSE FOR BS8002,Tridon 003483 Whitelaw Tooling Supplies,,,
BS M18 FLEXIBLE HOSE FOR BS8002,Tridon 003483 Whitelaw Tooling Supplies,,,
BS RETRACTABLE RATCHET TIE DOWN 2.4M,Tridon 003483 Whitelaw Tooling Supplies,,,
BS RETRACTABLE RATCHET TIE DOWN 1.8M,Tridon 003483 Whitelaw Tooling Supplies,,,
BS RETRACTABLE RATCHET TIE DOWN 4.5M,Tridon 003483 Whitelaw Tooling Supplies,,,
BS QUICK SWIVEL T HANDLE 3/8IN,Tridon 003483 Whitelaw Tooling Supplies,,,
BS MULTI FUNCTION RATCHET WRENCH SET,Tridon 003483 Whitelaw Tooling Supplies,,,
BS 3 IN 1 VERSATILITY WORKING MAT,Tridon 003483 Whitelaw Tooling Supplies,,,
BS PORTABLE OIL DRAIN CAN 4L,Tridon 003483 Whitelaw Tooling Supplies,,,
BS TYRE CHANGE EXTRUDER TOOL,Tridon 003483 Whitelaw Tooling Supplies,,,
BS TYRE DIAL GAUGE WITH HOSE,Tridon 003483 Whitelaw Tooling Supplies,,,
BS CARBURETTOR SYNCHRONIZER VACUUM GAUGE,Tridon 003483 Whitelaw Tooling Supplies,,,
BS RUBBER LINE CLAMP SET 2PCE,Tridon 003483 Whitelaw Tooling Supplies,,,
BS HOSE CLAMP PLIER,Tridon 003483 Whitelaw Tooling Supplies,,,
BS HOSE CLAMP PLIER,Tridon 003483 Whitelaw Tooling Supplies,,,
BS HOSE CLAMP PLIER,Tridon 003483 Whitelaw Tooling Supplies,,,
BS KEY SET EXTRA LONG TORX 9PC,Tridon 003483 Whitelaw Tooling Supplies,,,
BS KEY SET EXTRA LONG HEX 9PC,Tridon 003483 Whitelaw Tooling Supplies,,,
BS SPARK PLUG SOCKET XTRA THIN WALL 14MM,Tridon 003483 Whitelaw Tooling Supplies,,,
BS SPARK PLUG SOCKET XTRA THIN WALL 16MM,Tridon 003483 Whitelaw Tooling Supplies,,,
BS SPARK PLUG SOCKET XTRA THIN WALL 18MM,Tridon 003483 Whitelaw Tooling Supplies,,,
BS SPARK PLUG SOCKET XTRA THIN WALL 21MM,Tridon 003483 Whitelaw Tooling Supplies,,,
BS BUSHING DRIVE SET METRIC (17PC),Tridon 003483 Whitelaw Tooling Supplies,,,
BS 19PCS BUSHING DRIVE SET SAE (19PC),Tridon 003483 Whitelaw Tooling Supplies,,,
BS SOCKET SET 1/4IN DR 10 PIECE,Tridon 003483 Whitelaw Tooling Supplies,,,
BS SOCKET SET 3/8IN DR 9 PIECE,Tridon 003483 Whitelaw Tooling Supplies,,,
BS SOCKET SET 1/2IN DR 8 PIECE,Tridon 003483 Whitelaw Tooling Supplies,,,
BS S/S CUTTING SCISSORS,Tridon 003483 Whitelaw Tooling Supplies,,,
BS MAGNETIC PARTS TRAY 240 X 140,Tridon 003483 Whitelaw Tooling Supplies,,,
BS WATERPROOF WORKING APRON,Tridon 003483 Whitelaw Tooling Supplies,,,
BS WHEEL CLEANING BRUSH,Tridon 003483 Whitelaw Tooling Supplies,,,
BS SCREWDRIVER SET STUBBY 4PC,Tridon 003483 Whitelaw Tooling Supplies,,,
BS IMPACT DRIVER SET,Tridon 003483 Whitelaw Tooling Supplies,,,
BS PERSONAL TOOL PACK,Tridon 003483 Whitelaw Tooling Supplies,,,
BS PERSONAL TOOL PACK,Tridon 003483 Whitelaw Tooling Supplies,,,
BS TX-STAR BIT SET (10PC),Tridon 003483 Whitelaw Tooling Supplies,,,
BS FRONT FORK HEX BIT SOCKET SET (3PC),Tridon 003483 Whitelaw Tooling Supplies,,,
BS FRONT FORK HEX BIT SOCKET H8,Tridon 003483 Whitelaw Tooling Supplies,,,
BS FRONT FORK HEX BIT SOCKET H10,Tridon 003483 Whitelaw Tooling Supplies,,,
BS FRONT FORK HEX BIT SOCKET H12,Tridon 003483 Whitelaw Tooling Supplies,,,
BS FRONT FORK TX-STAR BIT SOCKET SET 3PC,Tridon 003483 Whitelaw Tooling Supplies,,,
BS FRONT FORK HEX BIT SOCKET T45,Tridon 003483 Whitelaw Tooling Supplies,,,
BS FRONT FORK HEX BIT SOCKET T50,Tridon 003483 Whitelaw Tooling Supplies,,,
BS FRONT FORK HEX BIT SOCKET T55,Tridon 003483 Whitelaw Tooling Supplies,,,
BS FRONT FORK SPLINE BIT SOCKET SET 3PC,Tridon 003483 Whitelaw Tooling Supplies,,,
BS FRONT FORK HEX BIT SOCKET M8,Tridon 003483 Whitelaw Tooling Supplies,,,
BS FRONT FORK HEX BIT SOCKET M10,Tridon 003483 Whitelaw Tooling Supplies,,,
BS FRONT FORK HEX BIT SOCKET M12,Tridon 003483 Whitelaw Tooling Supplies,,,
BS FRONT FORK DUST SEAL DRIVER 32MM,Tridon 003483 Whitelaw Tooling Supplies,,,
BS FRONT FORK DUST SEAL DRIVER 36MM,Tridon 003483 Whitelaw Tooling Supplies,,,
BS FRONT FORK DUST SEAL DRIVER 40MM,Tridon 003483 Whitelaw Tooling Supplies,,,
BS FRONT FORK DUST SEAL DRIVER 46MM,Tridon 003483 Whitelaw Tooling Supplies,,,
BS FRONT FORK DUST SEAL DRIVER 27MM,Tridon 003483 Whitelaw Tooling Supplies,,,
BS FRONT FORK DUST SEAL DRIVER 34MM,Tridon 003483 Whitelaw Tooling Supplies,,,
BS FRONT FORK DUST SEAL DRIVER 42MM,Tridon 003483 Whitelaw Tooling Supplies,,,
BS VALVE SPRING COLLET REMOVING TOOL,Tridon 003483 Whitelaw Tooling Supplies,,,
BS VALVE SPRING COLLET REMOVING TOOL,Tridon 003483 Whitelaw Tooling Supplies,,,
BS WIRE REPLACEMENT TOOL,Tridon 003483 Whitelaw Tooling Supplies,,,
BS BRAKE CABLE WIRE REPLACE TOOL M5XP0.8,Tridon 003483 Whitelaw Tooling Supplies,,,
BS BRAKE CABLE WIRE REPLACE TOOL M6XP1.0,Tridon 003483 Whitelaw Tooling Supplies,,,
BS MASTER MECHANICS TOOL KIT (110PC),Tridon 003483 Whitelaw Tooling Supplies,,,
BS CHAIN CLEANING BRUSH,Tridon 003483 Whitelaw Tooling Supplies,,,
BS PULLEY NUT WRENCH DUAL END,Tridon 003483 Whitelaw Tooling Supplies,,,
BS CLUTCH OUTER HOLDER WRENCH,Tridon 003483 Whitelaw Tooling Supplies,,,
BS CLUTCH OUTER HOLDER WRENCH,Tridon 003483 Whitelaw Tooling Supplies,,,
BS PULLEY AND CLUTCH LOCKING WRENCH 32MM,Tridon 003483 Whitelaw Tooling Supplies,,,
BS PULLEY AND CLUTCH LOCKING WRENCH 29MM,Tridon 003483 Whitelaw Tooling Supplies,,,
BS PULLEY AND CLUTCH LOCKING WRENCH 26MM,Tridon 003483 Whitelaw Tooling Supplies,,,
BS PULLEY AND CLUTCH LOCK NUT WRENCH,Tridon 003483 Whitelaw Tooling Supplies,,,
BS CLUTCH NUT WRENCH 34MM,Tridon 003483 Whitelaw Tooling Supplies,,,
BS CLUTCH NUT WRENCH 39MM,Tridon 003483 Whitelaw Tooling Supplies,,,
BS CLUTCH NUT WRENCH 41MM,Tridon 003483 Whitelaw Tooling Supplies,,,
BS CLUTCH NUT WRENCH 46MM,Tridon 003483 Whitelaw Tooling Supplies,,,
BS DISC PAD BRAKE SPREADER JAWWIDTH 30MM,Tridon 003483 Whitelaw Tooling Supplies,,,
BS DISC PAD BRAKE SPREADER JAWWIDTH 70MM,Tridon 003483 Whitelaw Tooling Supplies,,,
BS STEERING TUBE BEARING PULLER KIT,Tridon 003483 Whitelaw Tooling Supplies,,,
BS VALVE SPRING COMPRESSOR KIT,Tridon 003483 Whitelaw Tooling Supplies,,,
BS 6 IN 1 MAGNETO  FLYWHEEL PULLER,Tridon 003483 Whitelaw Tooling Supplies,,,
BS RIM PROTECTOR SET (3PC),Tridon 003483 Whitelaw Tooling Supplies,,,
BS TYRE LEVER LENGTH 280MM,Tridon 003483 Whitelaw Tooling Supplies,,,
BS FLYWHEEL PULLER TOOL SET,Tridon 003483 Whitelaw Tooling Supplies,,,
BS CRANKCASE SEPARATOR TOOL SET,Tridon 003483 Whitelaw Tooling Supplies,,,
BS SPRING COMPRESSOR,Tridon 003483 Whitelaw Tooling Supplies,,,
BS FRONT FORK DUST SEAL DRIVER UNIVERSAL,Tridon 003483 Whitelaw Tooling Supplies,,,
BS STEERING TUBE BEARING EXTENSION,Tridon 003483 Whitelaw Tooling Supplies,,,
BS DUCATI FORK CAP SOCKET FOR OHLINS,Tridon 003483 Whitelaw Tooling Supplies,,,
BS DUCATI FORK CAP SOCKET FR OHLINS MECH,Tridon 003483 Whitelaw Tooling Supplies,,,
BS DUCATI FORK CAP SOCKET FR MARZOCCHI,Tridon 003483 Whitelaw Tooling Supplies,,,
BS STEERING HEAD BEARING INSTALLER SET,Tridon 003483 Whitelaw Tooling Supplies,,,
BS VALVE STEM REMOVAL TOOL,Tridon 003483 Whitelaw Tooling Supplies,,,
BS DUCATI WHEEL IMPACT SOCKET 30 & 55MM,Tridon 003483 Whitelaw Tooling Supplies,,,
BS T HANDLE HEX WRENCH 3 X 125MM,Tridon 003483 Whitelaw Tooling Supplies,,,
BS T HANDLE HEX WRENCH 4 X 180MM,Tridon 003483 Whitelaw Tooling Supplies,,,
BS T HANDLE HEX WRENCH 5 X 180MM,Tridon 003483 Whitelaw Tooling Supplies,,,
BS T HANDLE HEX WRENCH 6 X 210MM,Tridon 003483 Whitelaw Tooling Supplies,,,
BS T HANDLE HEX WRENCH 14 X 340MM,Tridon 003483 Whitelaw Tooling Supplies,,,
BS T HANDLE TORX WRENCH T25 X 180MM,Tridon 003483 Whitelaw Tooling Supplies,,,
BS T HANDLE TORX WRENCH T30 X 180MM,Tridon 003483 Whitelaw Tooling Supplies,,,
BS T HANDLE TORX WRENCH T45 X 210MM,Tridon 003483 Whitelaw Tooling Supplies,,,
BS T HANDLE TORX WRENCH T50 X 210MM,Tridon 003483 Whitelaw Tooling Supplies,,,
MATSON ADVANCED BATT/SYS TESTER W PRINT,Tridon 003483 Whitelaw Tooling Supplies,,,
MATSON BT2000 REPLACEMENT TESTER LEADS,Tridon 003483 Whitelaw Tooling Supplies,,,
MATSON REPLACEMENT LEADS BT2100,Tridon 003483 Whitelaw Tooling Supplies,,,
MATSON DIGITAL BATTERY AND SYSTEM TESTER,Tridon 003483 Whitelaw Tooling Supplies,,,
MATSON REPLACEMENT 4.5M CABLE FOR BT2400,Tridon 003483 Whitelaw Tooling Supplies,,,
MATSON BATTERY/SYSTEM TESTER & PRINTER,Tridon 003483 Whitelaw Tooling Supplies,,,
MATSON REPLACEMENT LEADS FOR BT2400,Tridon 003483 Whitelaw Tooling Supplies,,,
MATSON ELECTRONIC BATTERY TESTER,Tridon 003483 Whitelaw Tooling Supplies,,,
MATSON BATTERY AND SYSTEM TESTER,Tridon 003483 Whitelaw Tooling Supplies,,,
MATSON BT900 LEADS,Tridon 003483 Whitelaw Tooling Supplies,,,
MATSON BT900 PRINTER,Tridon 003483 Whitelaw Tooling Supplies,,,
MATSON BATTERY TESTER AMP CLAMP METER,Tridon 003483 Whitelaw Tooling Supplies,,,
MATSON INTELLIGENT BATTERY TESTER 2200AH,Tridon 003483 Whitelaw Tooling Supplies,,,
MATSON PAIR OF PAPER ROLLS BT301/501/521,Tridon 003483 Whitelaw Tooling Supplies,,,
MATSON BATTERY TESTER PAPER ROLL LARGE,Tridon 003483 Whitelaw Tooling Supplies,,,
PAPER ROLLS PACK OF 10,Tridon 003483 Whitelaw Tooling Supplies,,,
MATSON BATTERY TESTER PAPER ROLLS BOX 12,Tridon 003483 Whitelaw Tooling Supplies,,,
MATSON BATTERY TESTER VOLTAGE PROBE,Tridon 003483 Whitelaw Tooling Supplies,,,
COPPER BRAID CABLE ROLL (30M),Tridon 003483 Whitelaw Tooling Supplies,,,
TRIDON VINYL COATED CLAMP 6MM (500PK),Tridon 003483 Whitelaw Tooling Supplies,,,
TRIDON VINYL COATED CLAMP 6MM CD (6PK),Tridon 003483 Whitelaw Tooling Supplies,,,
TRIDON VINYL COATED CLAMP 6MM (10PK),Tridon 003483 Whitelaw Tooling Supplies,,,
TRIDON VINYL COATED CLAMP 8MM (500PK),Tridon 003483 Whitelaw Tooling Supplies,,,
TRIDON VINYL COATED CLAMP 8MM CD (6PK),Tridon 003483 Whitelaw Tooling Supplies,,,
TRIDON VINYL COATED CLAMP 8MM (10PK),Tridon 003483 Whitelaw Tooling Supplies,,,
TRIDON VINYL COATED CLAMP 10MM (500PK),Tridon 003483 Whitelaw Tooling Supplies,,,
TRIDON VINYL COATED CLAMP 10MM CD (6PK),Tridon 003483 Whitelaw Tooling Supplies,,,
TRIDON VINYL COATED CLAMP 10MM (10PK),Tridon 003483 Whitelaw Tooling Supplies,,,
TRIDON VINYL COATED CLAMP 8MM (100PK),Tridon 003483 Whitelaw Tooling Supplies,,,
TRIDON VINYL COATED CLAMP 8MM (10PK),Tridon 003483 Whitelaw Tooling Supplies,,,
TRIDON VINYL COATED CLAMP 10MM (100PK),Tridon 003483 Whitelaw Tooling Supplies,,,
TRIDON VINYL COATED CLAMP 10MM CD (6PK),Tridon 003483 Whitelaw Tooling Supplies,,,
TRIDON VINYL COATED CLAMP 10MM (10PK),Tridon 003483 Whitelaw Tooling Supplies,,,
TRIDON VINYL COATED CLAMP 13MM (100PK),Tridon 003483 Whitelaw Tooling Supplies,,,
TRIDON VINYL COATED CLAMP 13MM (10PK),Tridon 003483 Whitelaw Tooling Supplies,,,
TRIDON VINYL COATED CLAMP 14MM (100PK),Tridon 003483 Whitelaw Tooling Supplies,,,
TRIDON VINYL COATED CLAMP 14MM (10PK),Tridon 003483 Whitelaw Tooling Supplies,,,
TRIDON VINYL COATED CLAMP 16MM (100PK),Tridon 003483 Whitelaw Tooling Supplies,,,
TRIDON VINYL COATED CLAMP 16MM (10PK),Tridon 003483 Whitelaw Tooling Supplies,,,
TRIDON VINYL COATED CLAMP 18MM (100PK),Tridon 003483 Whitelaw Tooling Supplies,,,
TRIDON VINYL COATED CLAMP 18MM (10PK),Tridon 003483 Whitelaw Tooling Supplies,,,
TRIDON VINYL COATED CLAMP 19MM (100PK),Tridon 003483 Whitelaw Tooling Supplies,,,
TRIDON VINYL COATED CLAMP 19MM (10PK),Tridon 003483 Whitelaw Tooling Supplies,,,
TRIDON VINYL COATED CLAMP 20MM (100PK),Tridon 003483 Whitelaw Tooling Supplies,,,
TRIDON VINYL COATED CLAMP 20MM (10PK),Tridon 003483 Whitelaw Tooling Supplies,,,
TRIDON VINYL COATED CLAMP 22MM (100),Tridon 003483 Whitelaw Tooling Supplies,,,
TRIDON VINYL COATED CLAMP 22MM (10PK),Tridon 003483 Whitelaw Tooling Supplies,,,
TRIDON VINYL COATED CLAMP 24MM (100PK),Tridon 003483 Whitelaw Tooling Supplies,,,
TRIDON VINYL COATED CLAMP 24MM (10PK),Tridon 003483 Whitelaw Tooling Supplies,,,
TRIDON VINYL COATED CLAMP 25MM (100PK),Tridon 003483 Whitelaw Tooling Supplies,,,
TRIDON VINYL COATED CLAMP 25MM (10PK),Tridon 003483 Whitelaw Tooling Supplies,,,
TRIDON VINYL COATED CLAMP 27MM (100PK),Tridon 003483 Whitelaw Tooling Supplies,,,
TRIDON VINYL COATED CLAMP 27MM (10PK),Tridon 003483 Whitelaw Tooling Supplies,,,
TRIDON VINYL COATED CLAMP 29MM (100PK),Tridon 003483 Whitelaw Tooling Supplies,,,
TRIDON VINYL COATED CLAMP 29MM (10PK),Tridon 003483 Whitelaw Tooling Supplies,,,
TRIDON VINYL COATED CLAMP 32MM (100PK),Tridon 003483 Whitelaw Tooling Supplies,,,
TRIDON VINYL COATED CLAMP 32MM (10PK),Tridon 003483 Whitelaw Tooling Supplies,,,
TRIDON VINYL COATED CLAMP 36MM (100PK),Tridon 003483 Whitelaw Tooling Supplies,,,
TRIDON VINYL COATED CLAMP 36MM (10PK),Tridon 003483 Whitelaw Tooling Supplies,,,
TRIDON VINYL COATED CLAMP 38MM (100PK),Tridon 003483 Whitelaw Tooling Supplies,,,
TRIDON VINYL COATED CLAMP 38MM (10PK),Tridon 003483 Whitelaw Tooling Supplies,,,
TRIDON VINYL COATED CLAMP 42MM (100PK),Tridon 003483 Whitelaw Tooling Supplies,,,
TRIDON VINYL COATED CLAMP 42MM (10PK),Tridon 003483 Whitelaw Tooling Supplies,,,
TRIDON VINYL COATED CLAMP 51MM (100PK),Tridon 003483 Whitelaw Tooling Supplies,,,
TRIDON VINYL COATED CLAMP 51MM (10PK),Tridon 003483 Whitelaw Tooling Supplies,,,
TRIDON VINYL COATED CLAMP 11MM (500PK),Tridon 003483 Whitelaw Tooling Supplies,,,
TRIDON VINYL COATED CLAMP 11MM CD (6PK),Tridon 003483 Whitelaw Tooling Supplies,,,
TRIDON VINYL COATED CLAMP 11MM (10PK),Tridon 003483 Whitelaw Tooling Supplies,,,
TRIDON VINYL COATED CLAMP 13MM (500PK),Tridon 003483 Whitelaw Tooling Supplies,,,
TRIDON VINYL COATED CLAMP 13MM CD (6PK),Tridon 003483 Whitelaw Tooling Supplies,,,
TRIDON VINYL COATED CLAMP 13MM (10PK),Tridon 003483 Whitelaw Tooling Supplies,,,
TRIDON VINYL COATED CLAMP 14MM (500PK),Tridon 003483 Whitelaw Tooling Supplies,,,
TRIDON VINYL COATED CLAMP 14MM (10PK),Tridon 003483 Whitelaw Tooling Supplies,,,
TRIDON VINYL COATED CLAMP 16MM (500PK),Tridon 003483 Whitelaw Tooling Supplies,,,
TRIDON VINYL COATED CLAMP 16MM CD (4PK),Tridon 003483 Whitelaw Tooling Supplies,,,
TRIDON VINYL COATED CLAMP 16MM (10PK),Tridon 003483 Whitelaw Tooling Supplies,,,
TRIDON VINYL COATED CLAMP 18MM (500PK),Tridon 003483 Whitelaw Tooling Supplies,,,
TRIDON VINYL COATED CLAMP 18MM (10PK),Tridon 003483 Whitelaw Tooling Supplies,,,
TRIDON VINYL COATED CLAMP 19MM (500PK),Tridon 003483 Whitelaw Tooling Supplies,,,
TRIDON VINYL COATED CLAMP 19MM CD (4PK),Tridon 003483 Whitelaw Tooling Supplies,,,
TRIDON VINYL COATED CLAMP 19MM (10PK),Tridon 003483 Whitelaw Tooling Supplies,,,
TRIDON VINYL COATED CLAMP 21MM (500PK),Tridon 003483 Whitelaw Tooling Supplies,,,
TRIDON VINYL COATED CLAMP 21MM (10PK),Tridon 003483 Whitelaw Tooling Supplies,,,
TRIDON VINYL COATED CLAMP 24MM (500PK),Tridon 003483 Whitelaw Tooling Supplies,,,
TRIDON VINYL COATED CLAMP 24MM (10PK),Tridon 003483 Whitelaw Tooling Supplies,,,
TRIDON VINYL COATED CLAMP 25MM (500PK),Tridon 003483 Whitelaw Tooling Supplies,,,
TRIDON VINYL COATED CLAMP 25MM (10PK),Tridon 003483 Whitelaw Tooling Supplies,,,
TRIDON VINYL COATED CLAMP 27MM (500PK),Tridon 003483 Whitelaw Tooling Supplies,,,
TRIDON VINYL COATED CLAMP 27MM (10PK),Tridon 003483 Whitelaw Tooling Supplies,,,
TRIDON VINYL COATED CLAMP 29MM (500PK),Tridon 003483 Whitelaw Tooling Supplies,,,
TRIDON VINYL COATED CLAMP 29MM (10PK),Tridon 003483 Whitelaw Tooling Supplies,,,
TRIDON VINYL COATED CLAMP 30MM (500PK),Tridon 003483 Whitelaw Tooling Supplies,,,
TRIDON VINYL COATED CLAMP 30MM (10PK),Tridon 003483 Whitelaw Tooling Supplies,,,
TRIDON VINYL COATED CLAMP 32MM (10PK),Tridon 003483 Whitelaw Tooling Supplies,,,
TRIDON VINYL COATED CLAMP 32MM (500PK),Tridon 003483 Whitelaw Tooling Supplies,,,
TRIDON VINYL COATED CLAMP 32MM (10PK),Tridon 003483 Whitelaw Tooling Supplies,,,
TRIDON VINYL COATED CLAMP 33MM (10PK),Tridon 003483 Whitelaw Tooling Supplies,,,
TRIDON VINYL COATED CLAMP 33MM (500PK),Tridon 003483 Whitelaw Tooling Supplies,,,
TRIDON VINYL COATED CLAMP 33MM (10PK),Tridon 003483 Whitelaw Tooling Supplies,,,
TRIDON VINYL COATED CLAMP 38MM (10PK),Tridon 003483 Whitelaw Tooling Supplies,,,
TRIDON VINYL COATED CLAMP 38MM (500PK),Tridon 003483 Whitelaw Tooling Supplies,,,
TRIDON VINYL COATED CLAMP 38MM (10PK),Tridon 003483 Whitelaw Tooling Supplies,,,
TRIDON VINYL COATED CLAMP 40MM (10PK),Tridon 003483 Whitelaw Tooling Supplies,,,
TRIDON VINYL COATED CLAMP 40MM (500PK),Tridon 003483 Whitelaw Tooling Supplies,,,
TRIDON VINYL COATED CLAMP 40MM (10PK),Tridon 003483 Whitelaw Tooling Supplies,,,
TRIDON VINYL COATED CLAMP 44MM (10PK),Tridon 003483 Whitelaw Tooling Supplies,,,
TRIDON VINYL COATED CLAMP 46MM (10PK),Tridon 003483 Whitelaw Tooling Supplies,,,
TRIDON VINYL COATED CLAMP 46MM (500PK),Tridon 003483 Whitelaw Tooling Supplies,,,
TRIDON VINYL COATED CLAMP 46MM (10PK),Tridon 003483 Whitelaw Tooling Supplies,,,
TRIDON VINYL COATED CLAMP 51MM (10PK),Tridon 003483 Whitelaw Tooling Supplies,,,
TRIDON VINYL COATED CLAMP 51MM (500PK),Tridon 003483 Whitelaw Tooling Supplies,,,
TRIDON VINYL COATED CLAMP 51MM (10PK),Tridon 003483 Whitelaw Tooling Supplies,,,
TRIDON VINYL COATED CLAMP 52MM (10PK),Tridon 003483 Whitelaw Tooling Supplies,,,
TRIDON VINYL COATED CLAMP 57MM (10PK),Tridon 003483 Whitelaw Tooling Supplies,,,
TRIDON VINYL COATED CLAMP 57MM (10PK),Tridon 003483 Whitelaw Tooling Supplies,,,
TRIDON VINYL COATED CLAMP 64MM (10PK),Tridon 003483 Whitelaw Tooling Supplies,,,
TRIDON VINYL COATED CLAMP 64MM (500PK),Tridon 003483 Whitelaw Tooling Supplies,,,
TRIDON VINYL COATED CLAMP 64MM (10PK),Tridon 003483 Whitelaw Tooling Supplies,,,
TRIDON VINYL COATED CLAMP 67MM (500PK),Tridon 003483 Whitelaw Tooling Supplies,,,
TRIDON VINYL COATED CLAMP 67MM (10PK),Tridon 003483 Whitelaw Tooling Supplies,,,
TRIDON VINYL COATED CLAMP 70MM (10PK),Tridon 003483 Whitelaw Tooling Supplies,,,
TRIDON VINYL COATED CLAMP 70MM (500PK),Tridon 003483 Whitelaw Tooling Supplies,,,
TRIDON VINYL COATED CLAMP 70MM (10PK),Tridon 003483 Whitelaw Tooling Supplies,,,
TRIDON VINYL COATED CLAMP 73MM (500PK),Tridon 003483 Whitelaw Tooling Supplies,,,
TRIDON VINYL COATED CLAMP 73MM (10PK),Tridon 003483 Whitelaw Tooling Supplies,,,
TRIDON VINYL COATED CLAMP 90MM (10PK),Tridon 003483 Whitelaw Tooling Supplies,,,
TRIDON VINYL COATED CLAMP 90MM (500PK),Tridon 003483 Whitelaw Tooling Supplies,,,
TRIDON VINYL COATED CLAMP 90MM (10PK),Tridon 003483 Whitelaw Tooling Supplies,,,
TOLEDO CABLE CUTTER,Tridon 003483 Whitelaw Tooling Supplies,,,
TRIDON CLAMP MERCH. FULLY STAINLESS,Tridon 003483 Whitelaw Tooling Supplies,,,
TRIDON CLAMP MERCH. PART STAINLESS,Tridon 003483 Whitelaw Tooling Supplies,,,
TRIDON CLAMP WALL MERCH (MPC),Tridon 003483 Whitelaw Tooling Supplies,,,
TRIDON CLAMP MERCH SOLID BAND PART S/S,Tridon 003483 Whitelaw Tooling Supplies,,,
TRIDON CLAMP MERC.SMPC,Tridon 003483 Whitelaw Tooling Supplies,,,
CLAMP MERCH MAH/HAS FULL SS (9 DRAW),Tridon 003483 Whitelaw Tooling Supplies,,,
TRIDON CLAMP MERCH MH/HS PART SS (5DRAW),Tridon 003483 Whitelaw Tooling Supplies,,,
CLAMP MERCH MH/HS PART SS EXT (9 DRAW),Tridon 003483 Whitelaw Tooling Supplies,,,
CLAMP MERCH MH/HS PART SS EXT TAG 9DRAW,Tridon 003483 Whitelaw Tooling Supplies,,,
TRIDON CLAMP MERCH MH/HS PART SS (9DRAW),Tridon 003483 Whitelaw Tooling Supplies,,,
CLAMP MERCH MH/HS PART SS TAG 9 DRAW,Tridon 003483 Whitelaw Tooling Supplies,,,
TRIDON CLAMP MERCH - MP PART SS (9 DRAW),Tridon 003483 Whitelaw Tooling Supplies,,,
CLAMP MERCH - SMH/SHS PART SS (9 DRAW),Tridon 003483 Whitelaw Tooling Supplies,,,
TRIDON CLAMP MERCH SMP FULL SS (9 DRAW),Tridon 003483 Whitelaw Tooling Supplies,,,
TRIDON CLAMP MERCH TRLC R/LINED (9 DRAW),Tridon 003483 Whitelaw Tooling Supplies,,,
TOLEDO HOSE NUT DRIVER 150MM WITH SKT AD,Tridon 003483 Whitelaw Tooling Supplies,,,
TOLEDO HOSE NUT DRIVER 300MM SKT ADAPTER,Tridon 003483 Whitelaw Tooling Supplies,,,
TOLEDO HOSE NUT DRIVER 900MM W SKT AD,Tridon 003483 Whitelaw Tooling Supplies,,,
CONCRETERS FLOOR STAND PLANOGRAM,Tridon 003483 Whitelaw Tooling Supplies,,,
TOLEDO CONTRACTION RULE 600MM,Tridon 003483 Whitelaw Tooling Supplies,,,
TOLEDO COMBINATION SQUARE 300MM,Tridon 003483 Whitelaw Tooling Supplies,,,
UNIBAND CLAMPING TOOL,Tridon 003483 Whitelaw Tooling Supplies,,,
CABLE TIE BLACK 100X3MM PK100 HANG CARD,Tridon 003483 Whitelaw Tooling Supplies,,,
METAL DETECTABLE CABLE TIE BLUE 100X3MM,Tridon 003483 Whitelaw Tooling Supplies,,,
TRIDON CABLE TIE NATURAL 100MMX3MM PK100,Tridon 003483 Whitelaw Tooling Supplies,,,
TRIDON CABLE TIE BLACK 1220X9MM PK50,Tridon 003483 Whitelaw Tooling Supplies,,,
TRIDON CABLE TIE NATURAL 1220X9MM PK50,Tridon 003483 Whitelaw Tooling Supplies,,,
TRIDON CABLE TIE BLACK 1530X9MM PK50,Tridon 003483 Whitelaw Tooling Supplies,,,
TRIDON CABLE TIE NATURAL 1530X9MM PK50,Tridon 003483 Whitelaw Tooling Supplies,,,
TRIDON CABLE TIE BLACK 150 X 4MM PK100,Tridon 003483 Whitelaw Tooling Supplies,,,
TRIDON CABLE TIE BLACK 150 X 4MM PK25,Tridon 003483 Whitelaw Tooling Supplies,,,
METAL DETECTABLE CABLE TIE BLUE 150X4MM,Tridon 003483 Whitelaw Tooling Supplies,,,
TRIDON CABLE TIE NATURAL 150MMX4MM PK100,Tridon 003483 Whitelaw Tooling Supplies,,,
TOLEDO RATCHET CRIMPING TOOL,Tridon 003483 Whitelaw Tooling Supplies,,,
TOLEDO COMBINATION CRIMPING TOOL,Tridon 003483 Whitelaw Tooling Supplies,,,
TRIDON CABLE TIE BLACK 200MMX4MM PK100,Tridon 003483 Whitelaw Tooling Supplies,,,
TRIDON CABLE TIE NATURAL 200X4MM PK100,Tridon 003483 Whitelaw Tooling Supplies,,,
CABLE TIE BLACK 200X5MM PK100 HANG CARD,Tridon 003483 Whitelaw Tooling Supplies,,,
TRIDON CABLE TIE BLACK 200MMX5MM (PK25),Tridon 003483 Whitelaw Tooling Supplies,,,
TRIDON CABLE TIE BLUE 200 X 4.8MM PK100,Tridon 003483 Whitelaw Tooling Supplies,,,
TRIDON CABLE TIE GREEN 200 X 4.8MM PK100,Tridon 003483 Whitelaw Tooling Supplies,,,
METAL DETECTABLE CABLE TIE BLUE 200X5MM,Tridon 003483 Whitelaw Tooling Supplies,,,
TRIDON CABLE TIE NATURAL 200X5MM PK100,Tridon 003483 Whitelaw Tooling Supplies,,,
TRIDON CABLE TIE PURPLE 200X4.8MM PK100,Tridon 003483 Whitelaw Tooling Supplies,,,
TRIDON CABLE TIE ORANGE 200X4.8MM PK100,Tridon 003483 Whitelaw Tooling Supplies,,,
TRIDON CABLE TIE RED 200 X 4.8MM PK100,Tridon 003483 Whitelaw Tooling Supplies,,,
TRIDON CABLE TIE YELLOW 200 X4.8MM PK100,Tridon 003483 Whitelaw Tooling Supplies,,,
TRIDON CABLE TIE BLACK 200MMX8MM PK25,Tridon 003483 Whitelaw Tooling Supplies,,,
TRIDON CABLE TIE NATURAL 200X8MM PK25,Tridon 003483 Whitelaw Tooling Supplies,,,
TRIDON CABLE TIE BLACK 250MMX4MM PK100,Tridon 003483 Whitelaw Tooling Supplies,,,
TRIDON CABLE TIE NATURAL 250X4MM PK100,Tridon 003483 Whitelaw Tooling Supplies,,,
CABLE TIE BLACK 250X5MM PK100 HANG CARD,Tridon 003483 Whitelaw Tooling Supplies,,,
TRIDON CABLE TIE NATURAL 250X5MM PK100,Tridon 003483 Whitelaw Tooling Supplies,,,
TRIDON CABLE TIE BLACK 250MMX8MM PK25,Tridon 003483 Whitelaw Tooling Supplies,,,
TRIDON CABLE TIE NATURAL 250X8MM PK25,Tridon 003483 Whitelaw Tooling Supplies,,,
TRIDON CABLE TIE BLACK 300MMX4MM PK100,Tridon 003483 Whitelaw Tooling Supplies,,,
TRIDON CABLE TIE NATURAL 300X4MM PK100,Tridon 003483 Whitelaw Tooling Supplies,,,
CABLE TIE BLACK 300X5MM PK100 HANG CARD,Tridon 003483 Whitelaw Tooling Supplies,,,
TRIDON CABLE TIE BLACK 300MMX5MM PK25,Tridon 003483 Whitelaw Tooling Supplies,,,
TRIDON CABLE TIE BLUE 300 X 4.8MM PK100,Tridon 003483 Whitelaw Tooling Supplies,,,
TRIDON CABLE TIE GREEN 300 X 4.8MM PK100,Tridon 003483 Whitelaw Tooling Supplies,,,
TRIDON CABLE TIE NATURAL 300MMX5MM PK100,Tridon 003483 Whitelaw Tooling Supplies,,,
TRIDON CABLE TIE PURPLE 300X4.8MM PK100,Tridon 003483 Whitelaw Tooling Supplies,,,
TRIDON CABLE TIE ORANGE 300X4.8MM PK100,Tridon 003483 Whitelaw Tooling Supplies,,,
TRIDON CABLE TIE RED 300 X 4.8MM PK100,Tridon 003483 Whitelaw Tooling Supplies,,,
TRIDON CABLE TIE YELLOW 300 X4.8MM PK100,Tridon 003483 Whitelaw Tooling Supplies,,,
TRIDON CABLE TIE BLACK 300MMX8MM PK25,Tridon 003483 Whitelaw Tooling Supplies,,,
TRIDON CABLE TIE BLACK 300MMX8MM PK50,Tridon 003483 Whitelaw Tooling Supplies,,,
TRIDON CABLE TIE NATURAL 300X8MM PK25,Tridon 003483 Whitelaw Tooling Supplies,,,
TRIDON CABLE TIE SS 316 BLK COAT 200X4MM,Tridon 003483 Whitelaw Tooling Supplies,,,
TRIDON CABLE TIE SS 316 BLK COAT 300X4MM,Tridon 003483 Whitelaw Tooling Supplies,,,
TRIDON CABLE TIE SS 316 BLK COAT 520X4MM,Tridon 003483 Whitelaw Tooling Supplies,,,
CABLE TIE BLACK 350X8MM PK25 HANG CARD,Tridon 003483 Whitelaw Tooling Supplies,,,
TRIDON CABLE TIE NATURAL 350X8MM PK25,Tridon 003483 Whitelaw Tooling Supplies,,,
TRIDON CABLE TIE BLACK 400MMX5MM PK25,Tridon 003483 Whitelaw Tooling Supplies,,,
TRIDON CABLE TIE BLACK 400MMX5MM PK100,Tridon 003483 Whitelaw Tooling Supplies,,,
METAL DETECTABLE CABLE TIE BLUE 390X5MM,Tridon 003483 Whitelaw Tooling Supplies,,,
TRIDON CABLE TIE NATURAL 400X5MM PK25,Tridon 003483 Whitelaw Tooling Supplies,,,
CABLE TIE BLACK 400X8MM PK25 HANG CARD,Tridon 003483 Whitelaw Tooling Supplies,,,
TRIDON CABLE TIE BLACK 400MMX8MM PK100,Tridon 003483 Whitelaw Tooling Supplies,,,
METAL DETECTABLE CABLE TIE BLUE 390X8MM,Tridon 003483 Whitelaw Tooling Supplies,,,
TRIDON CABLE TIE NATURAL 400X8MM PK25,Tridon 003483 Whitelaw Tooling Supplies,,,
TRIDON CABLE TIE BLACK 450MMX5MM PK25,Tridon 003483 Whitelaw Tooling Supplies,,,
TRIDON CABLE TIE BLACK 450MM  X 5M PK100,Tridon 003483 Whitelaw Tooling Supplies,,,
TRIDON CABLE TIE NATURAL 450X5MM PK25,Tridon 003483 Whitelaw Tooling Supplies,,,
TRIDON CABLE TIE BLACK 450 X 7.6MM PK100,Tridon 003483 Whitelaw Tooling Supplies,,,
TRIDON CABLE TIE BLACK 550MMX9MM PK25,Tridon 003483 Whitelaw Tooling Supplies,,,
TRIDON CABLE TIE NATURAL 550MMX9MM PK25,Tridon 003483 Whitelaw Tooling Supplies,,,
TRIDON CABLE TIE BLACK 60X3MM PK100,Tridon 003483 Whitelaw Tooling Supplies,,,
TRIDON CABLE TIE NATURAL 60X3 PK100,Tridon 003483 Whitelaw Tooling Supplies,,,
TRIDON CABLE TIE BLACK 580 X12MM,Tridon 003483 Whitelaw Tooling Supplies,,,
TRIDON CABLE TIE BLACK 750X9MM PK25,Tridon 003483 Whitelaw Tooling Supplies,,,
TRIDON CABLE TIE BLACK 800X9MM PK25,Tridon 003483 Whitelaw Tooling Supplies,,,
TRIDON CABLE TIE BLACK 815X9MM PK50,Tridon 003483 Whitelaw Tooling Supplies,,,
TRIDON CABLE TIE NATURAL 815X9MM PK50,Tridon 003483 Whitelaw Tooling Supplies,,,
TRIDON CABLE TIE BLACK 912X9MM PK50,Tridon 003483 Whitelaw Tooling Supplies,,,
TRIDON CABLE TIE NATURAL 912X9MM PK50,Tridon 003483 Whitelaw Tooling Supplies,,,
TRIDON CABLE TIE BLACK 100X3MM PK500,Tridon 003483 Whitelaw Tooling Supplies,,,
TRIDON CABLE TIE NATURAL 100X3MM PK500,Tridon 003483 Whitelaw Tooling Supplies,,,
TRIDON CABLE TIE BLACK 150X4MM PK500,Tridon 003483 Whitelaw Tooling Supplies,,,
TRIDON CABLE TIE NATURAL 150X4MM PK500,Tridon 003483 Whitelaw Tooling Supplies,,,
TRIDON CABLE TIE BLACK 200X4MM PK500,Tridon 003483 Whitelaw Tooling Supplies,,,
TRIDON CABLE TIE BLACK 200X5MM PK500,Tridon 003483 Whitelaw Tooling Supplies,,,
TRIDON CABLE TIE BLACK 250X5MM PK500,Tridon 003483 Whitelaw Tooling Supplies,,,
TRIDON CABLE TIE BLACK 300X5MM PK500,Tridon 003483 Whitelaw Tooling Supplies,,,
TRIDON CABLE TIE NATURAL 300X5 PK500,Tridon 003483 Whitelaw Tooling Supplies,,,
TRIDON CABLE TIE BLACK 400MM X 5M PK500,Tridon 003483 Whitelaw Tooling Supplies,,,
TRIDON CABLE TIE BLACK 400MM X 8M PK500,Tridon 003483 Whitelaw Tooling Supplies,,,
TRIDON CABLE TIE BLACK 550MM X 9MM PK500,Tridon 003483 Whitelaw Tooling Supplies,,,
TRIDON CABLE TIE BLACK 580 X 12MM,Tridon 003483 Whitelaw Tooling Supplies,,,
TRIDON CABLE TIE BLACK 800X9MM PK100,Tridon 003483 Whitelaw Tooling Supplies,,,
TRIDON CABLE TIE STAINLESS STEEL CUTTER,Tridon 003483 Whitelaw Tooling Supplies,,,
TRIDON CONSTANT TENSION CLAMP,Tridon 003483 Whitelaw Tooling Supplies,,,
TRIDON CABLE TIE COMBO PACK,Tridon 003483 Whitelaw Tooling Supplies,,,
TRIDON CABLE COMBO PACK,Tridon 003483 Whitelaw Tooling Supplies,,,
TOLEDO TORQUE DRIVER LONG DR HEAD CA,Tridon 003483 Whitelaw Tooling Supplies,,,
TRIDON CABLE TIE MERCHANDISER,Tridon 003483 Whitelaw Tooling Supplies,,,
TRIDON CABLE TIE ASST 1000PCS,Tridon 003483 Whitelaw Tooling Supplies,,,
TRIDON CABLE TIE ASST 500PCS,Tridon 003483 Whitelaw Tooling Supplies,,,
TRIDON CABLE TIE ASSORTED 500PC,Tridon 003483 Whitelaw Tooling Supplies,,,
TRIDON CABLE TIE ASST 75PCS,Tridon 003483 Whitelaw Tooling Supplies,,,
TRIDON CABLE TIE ASSORTED 250PC,Tridon 003483 Whitelaw Tooling Supplies,,,
TRIDON CABLE TIE ASST 150PCS,Tridon 003483 Whitelaw Tooling Supplies,,,
TRIDON CABLE TIE ASST 75PCS,Tridon 003483 Whitelaw Tooling Supplies,,,
CABLE TIE NATURAL 3X100MM PK300 TUBE,Tridon 003483 Whitelaw Tooling Supplies,,,
CABLE TIE BLACK 3X100MM PK300 TUBE,Tridon 003483 Whitelaw Tooling Supplies,,,
CABLE TIE NATURAL 3X200MM PK200 TUBE,Tridon 003483 Whitelaw Tooling Supplies,,,
CABLE TIE BLACK 3X200MM PK200 TUBE,Tridon 003483 Whitelaw Tooling Supplies,,,
TRIDON CABLE TIE COMBINATION PACK,Tridon 003483 Whitelaw Tooling Supplies,,,
TRIDON CABLE TIE COMBINATION PACK,Tridon 003483 Whitelaw Tooling Supplies,,,
TRIDON CABLE TIE COMBINATION PACK,Tridon 003483 Whitelaw Tooling Supplies,,,
TRIDON CABLE TIE COMBINATION PACK,Tridon 003483 Whitelaw Tooling Supplies,,,
TRIDON CABLE TIE COMBINATION PACK,Tridon 003483 Whitelaw Tooling Supplies,,,
TRIDON CABLE TIE COMBINATION PACK,Tridon 003483 Whitelaw Tooling Supplies,,,
TRIDON CABLE TIE COLOUR COMBO PK100,Tridon 003483 Whitelaw Tooling Supplies,,,
TRIDON CABLE TIE COLOUR COMBO PK100,Tridon 003483 Whitelaw Tooling Supplies,,,
TRIDON BLACK COATED CABLE TIE SS 150X5MM,Tridon 003483 Whitelaw Tooling Supplies,,,
TRIDON BLACK COATED CABLE TIE SS 200X5MM,Tridon 003483 Whitelaw Tooling Supplies,,,
TRIDON BLACK COATED CABLE TIE SS 300X5MM,Tridon 003483 Whitelaw Tooling Supplies,,,
TRIDON BLACK COATED CABLE TIE SS 350X5MM,Tridon 003483 Whitelaw Tooling Supplies,,,
TRIDON BLACK COATED CABLE TIE SS 500X5MM,Tridon 003483 Whitelaw Tooling Supplies,,,
TRIDON BLACK COATED CABLE TIE SS 600X5MM,Tridon 003483 Whitelaw Tooling Supplies,,,
TRIDON CABLE TIE STAINLESS STEEL 127X5MM,Tridon 003483 Whitelaw Tooling Supplies,,,
TRIDON CABLE TIE STAINLESS STEEL 127X8MM,Tridon 003483 Whitelaw Tooling Supplies,,,
TRIDON CABLE TIE STAINLESS STEEL 152X5MM,Tridon 003483 Whitelaw Tooling Supplies,,,
TRIDON CABLE TIE STAINLESS STEEL 152X8MM,Tridon 003483 Whitelaw Tooling Supplies,,,
TRIDON CABLE TIE STAINLESS STEEL 200X5MM,Tridon 003483 Whitelaw Tooling Supplies,,,
TRIDON CABLE TIE STAINLESS STEEL 200X8MM,Tridon 003483 Whitelaw Tooling Supplies,,,
TRIDON CABLE TIE STAINLESS STEEL 264X5MM,Tridon 003483 Whitelaw Tooling Supplies,,,
TRIDON CABLE TIE STAINLESS STEEL 266X8MM,Tridon 003483 Whitelaw Tooling Supplies,,,
TRIDON CABLE TIE STAINLESS STEEL 300X5MM,Tridon 003483 Whitelaw Tooling Supplies,,,
TRIDON CABLE TIE STAINLESS STEEL 300X8MM,Tridon 003483 Whitelaw Tooling Supplies,,,
TRIDON CABLE TIE STAINLESS STEEL 360X5MM,Tridon 003483 Whitelaw Tooling Supplies,,,
TRIDON CABLE TIE STAINLESS STEEL 360X8MM,Tridon 003483 Whitelaw Tooling Supplies,,,
TRIDON CABLE TIE STAINLESS STEEL 520X5MM,Tridon 003483 Whitelaw Tooling Supplies,,,
TRIDON CABLE TIE STAINLESS STEEL 520X8MM,Tridon 003483 Whitelaw Tooling Supplies,,,
TRIDON CABLE TIE NATURAL 100X3MM PK1000,Tridon 003483 Whitelaw Tooling Supplies,,,
TRIDON CLAMP CV BOOT 130MM,Tridon 003483 Whitelaw Tooling Supplies,,,
TRIDON CLAMP CV BOOT 280MM BOX,Tridon 003483 Whitelaw Tooling Supplies,,,
TRIDON CLAMP CV BOOT 280MM,Tridon 003483 Whitelaw Tooling Supplies,,,
TRIDON CLAMP CV BOOT 360MM BOX,Tridon 003483 Whitelaw Tooling Supplies,,,
TRIDON CLAMP CV BOOT 360MM,Tridon 003483 Whitelaw Tooling Supplies,,,
TRIDON CLAMP CV BOOT 480MM BOX,Tridon 003483 Whitelaw Tooling Supplies,,,
TRIDON CLAMP CV BOOT 480MM,Tridon 003483 Whitelaw Tooling Supplies,,,
TRIDON CLAMP CV BOOT 680MM BOX,Tridon 003483 Whitelaw Tooling Supplies,,,
TRIDON CLAMP CV BOOT 680MM,Tridon 003483 Whitelaw Tooling Supplies,,,
TRIDON CV BOOT CLAMP COMBO PACK,Tridon 003483 Whitelaw Tooling Supplies,,,
CLAMP VALUE PACK PERFORATED PART S/S,Tridon 003483 Whitelaw Tooling Supplies,,,
CLAMP VALUE PACK PERFORATED FULL S/S,Tridon 003483 Whitelaw Tooling Supplies,,,
TRIDON WORKSHOP PACK (150 CLAMPS),Tridon 003483 Whitelaw Tooling Supplies,,,
WORKSHOP PACK (150 CLAMPS FULL S/S),Tridon 003483 Whitelaw Tooling Supplies,,,
TOLEDO BENT MINI ELECTRONIC PLIER 130MM,Tridon 003483 Whitelaw Tooling Supplies,,,
TRIDON CLAMP EFI 7-15MM BOX OF 500,Tridon 003483 Whitelaw Tooling Supplies,,,
TRIDON CLAMP EFI 7-15 MM,Tridon 003483 Whitelaw Tooling Supplies,,,
TRIDON CLAMP EFI 7-15 MM,Tridon 003483 Whitelaw Tooling Supplies,,,
TRIDON CLAMP EFI 7-15 MM TAGGED (50),Tridon 003483 Whitelaw Tooling Supplies,,,
TRIDON EFI CLAMP TAG 7-15MM 10 PACK,Tridon 003483 Whitelaw Tooling Supplies,,,
TRIDON CLAMP EFI 9-17MM BOX OF 500,Tridon 003483 Whitelaw Tooling Supplies,,,
TRIDON CLAMP EFI 9-17 MM,Tridon 003483 Whitelaw Tooling Supplies,,,
TRIDON CLAMP EFI 9-17 MM,Tridon 003483 Whitelaw Tooling Supplies,,,
TRIDON CLAMP EFI 9-17 MM TAGGED (50),Tridon 003483 Whitelaw Tooling Supplies,,,
TRIDON EFI CLAMP TAG 9-17MM 10 PACK,Tridon 003483 Whitelaw Tooling Supplies,,,
TRIDON CLAMP EFI 14-22MM BOX OF 500,Tridon 003483 Whitelaw Tooling Supplies,,,
TRIDON CLAMP EFI 14-22 MM,Tridon 003483 Whitelaw Tooling Supplies,,,
TRIDON CLAMP EFI 14-22 MM,Tridon 003483 Whitelaw Tooling Supplies,,,
TRIDON CLAMP EFI 14-22 MM TAGGED (50),Tridon 003483 Whitelaw Tooling Supplies,,,
TRIDON EFI CLAMP TAG 14-22MM 10 PACK,Tridon 003483 Whitelaw Tooling Supplies,,,
MATSON BRAIDED ENGINE GROUND 25CM,Tridon 003483 Whitelaw Tooling Supplies,,,
MATSON BRAIDED ENGINE GROUND 1100MM,Tridon 003483 Whitelaw Tooling Supplies,,,
MATSON BRAIDED ENGINE GROUND 30CM,Tridon 003483 Whitelaw Tooling Supplies,,,
MATSON BRAIDED ENGINE GROUND 38CM,Tridon 003483 Whitelaw Tooling Supplies,,,
MATSON BRAIDED ENGINE GROUND 38CM 2 LUG,Tridon 003483 Whitelaw Tooling Supplies,,,
MATSON BRAIDED ENGINE GROUND 1580MM,Tridon 003483 Whitelaw Tooling Supplies,,,
MATSON BRAIDED ENGINE GROUND 46CM,Tridon 003483 Whitelaw Tooling Supplies,,,
MATSON BRAIDED ENGINE GROUND 61CM,Tridon 003483 Whitelaw Tooling Supplies,,,
MATSON BRAIDED GROUND STRAP 2500MM,Tridon 003483 Whitelaw Tooling Supplies,,,
MATSON BRAIDED ENGINE GROUND 76CM,Tridon 003483 Whitelaw Tooling Supplies,,,
MATSON BRAIDED ENGINE GROUND 500MM,Tridon 003483 Whitelaw Tooling Supplies,,,
MATSON BRAIDED ENGINE GROUND STRAP 15CM,Tridon 003483 Whitelaw Tooling Supplies,,,
MATSON BRAIDED GROUND STRAP 720MMM,Tridon 003483 Whitelaw Tooling Supplies,,,
MATSON BRAIDED ENGINE GROUND STRAP 20CM,Tridon 003483 Whitelaw Tooling Supplies,,,
TOLEDO END CUT NIPPER 200MM,Tridon 003483 Whitelaw Tooling Supplies,,,
MATSON BRAIDED EARTH STRAP 25CM,Tridon 003483 Whitelaw Tooling Supplies,,,
MATSON BRAIDED EARTH STRAP 30CM,Tridon 003483 Whitelaw Tooling Supplies,,,
MATSON BRAIDED EARTH STRAP 38CM,Tridon 003483 Whitelaw Tooling Supplies,,,
MATSON BRAIDED EARTH STRAP 46CM,Tridon 003483 Whitelaw Tooling Supplies,,,
MATSON BRAIDED EARTH STRAP 61CM,Tridon 003483 Whitelaw Tooling Supplies,,,
MATSON BRAIDED EARTH STRAP 76CM,Tridon 003483 Whitelaw Tooling Supplies,,,
MATSON BRAIDED EARTH STRAP 15CM,Tridon 003483 Whitelaw Tooling Supplies,,,
MATSON BRAIDED EARTH STRAP 20CM,Tridon 003483 Whitelaw Tooling Supplies,,,
MATSON BRAIDED EARTH STRAP 23CM,Tridon 003483 Whitelaw Tooling Supplies,,,
TOLEDO SIDE AND TOP JOIN PINCERS,Tridon 003483 Whitelaw Tooling Supplies,,,
TOLEDO OUT OOR KNIFE WITH SHEATH 200MM,Tridon 003483 Whitelaw Tooling Supplies,,,
TOLEDO FENCE PLIER 260MM,Tridon 003483 Whitelaw Tooling Supplies,,,
TOLEDO FENCE PLIER & POUCH,Tridon 003483 Whitelaw Tooling Supplies,,,
TOLEDO FENCE PLIER 300MM,Tridon 003483 Whitelaw Tooling Supplies,,,
TRIDON CLAMP 11-22 MM BOX OF 500,Tridon 003483 Whitelaw Tooling Supplies,,,
TRIDON CLAMP 316 11-22 MM,Tridon 003483 Whitelaw Tooling Supplies,,,
TRIDON CLAMP 316-13-25 MM BOX OF 500,Tridon 003483 Whitelaw Tooling Supplies,,,
TRIDON CLAMP 316 13-25 MM,Tridon 003483 Whitelaw Tooling Supplies,,,
TRIDON CLAMP 316 14-27MM BOX OF 500,Tridon 003483 Whitelaw Tooling Supplies,,,
TRIDON CLAMP 316 14-27 MM,Tridon 003483 Whitelaw Tooling Supplies,,,
TRIDON CLAMP 316 18-32 MM BOX OF 500,Tridon 003483 Whitelaw Tooling Supplies,,,
TRIDON CLAMP 316 18-32 MM,Tridon 003483 Whitelaw Tooling Supplies,,,
TRIDON CLAMP 316 21-38 MM BOX OF 500,Tridon 003483 Whitelaw Tooling Supplies,,,
TRIDON CLAMP 316 21-38 MM,Tridon 003483 Whitelaw Tooling Supplies,,,
TRIDON CLAMP 316 21-44 MM BOX OF 500,Tridon 003483 Whitelaw Tooling Supplies,,,
TRIDON CLAMP 316 21-44 MM,Tridon 003483 Whitelaw Tooling Supplies,,,
TRIDON CLAMP 316 27-51MM BOX OF 500,Tridon 003483 Whitelaw Tooling Supplies,,,
TRIDON CLAMP 316 27-51 MM,Tridon 003483 Whitelaw Tooling Supplies,,,
TRIDON CLAMP 316 33-57MM,Tridon 003483 Whitelaw Tooling Supplies,,,
TRIDON CLAMP 316 33-57 MM,Tridon 003483 Whitelaw Tooling Supplies,,,
TRIDON CLAMP 316 40-64MM,Tridon 003483 Whitelaw Tooling Supplies,,,
TRIDON CLAMP 316 40-64 MM,Tridon 003483 Whitelaw Tooling Supplies,,,
TRIDON CLAMP 316 46-70MM,Tridon 003483 Whitelaw Tooling Supplies,,,
TRIDON CLAMP 316 46-70 MM,Tridon 003483 Whitelaw Tooling Supplies,,,
TRIDON CLAMP 316 52-76MM,Tridon 003483 Whitelaw Tooling Supplies,,,
TRIDON CLAMP 316 52-76 MM,Tridon 003483 Whitelaw Tooling Supplies,,,
TRIDON CLAMP 316 59-83MM,Tridon 003483 Whitelaw Tooling Supplies,,,
TRIDON CLAMP 316 59-83 MM,Tridon 003483 Whitelaw Tooling Supplies,,,
TRIDON CLAMP 316 65-89MM BOX OF 300,Tridon 003483 Whitelaw Tooling Supplies,,,
TRIDON CLAMP 316 65-89 MM,Tridon 003483 Whitelaw Tooling Supplies,,,
TRIDON CLAMP 316 71-95MM,Tridon 003483 Whitelaw Tooling Supplies,,,
TRIDON CLAMP 316 71-95 MM,Tridon 003483 Whitelaw Tooling Supplies,,,
TRIDON CLAMP 316-78-102MM,Tridon 003483 Whitelaw Tooling Supplies,,,
TRIDON CLAMP 316 78-102 MM,Tridon 003483 Whitelaw Tooling Supplies,,,
TRIDON CLAMP 316 84-108MM,Tridon 003483 Whitelaw Tooling Supplies,,,
TRIDON CLAMP 316 84-108 MM,Tridon 003483 Whitelaw Tooling Supplies,,,
TRIDON CLAMP 316 90-114MM,Tridon 003483 Whitelaw Tooling Supplies,,,
TRIDON CLAMP 316 90-114 MM,Tridon 003483 Whitelaw Tooling Supplies,,,
TRIDON CLAMP 316 103-127MM,Tridon 003483 Whitelaw Tooling Supplies,,,
TRIDON CLAMP 316 103-127 MM,Tridon 003483 Whitelaw Tooling Supplies,,,
TRIDON CLAMP 316 117-140MM,Tridon 003483 Whitelaw Tooling Supplies,,,
TRIDON CLAMP 316 117-140 MM,Tridon 003483 Whitelaw Tooling Supplies,,,
TRIDON CLAMP 316 102-152MM,Tridon 003483 Whitelaw Tooling Supplies,,,
TRIDON CLAMP 316 102-152 MM,Tridon 003483 Whitelaw Tooling Supplies,,,
TRIDON CLAMP 316 114-164MM,Tridon 003483 Whitelaw Tooling Supplies,,,
TRIDON CLAMP 316 114-164 MM,Tridon 003483 Whitelaw Tooling Supplies,,,
TRIDON CLAMP 316 133-178 MM,Tridon 003483 Whitelaw Tooling Supplies,,,
TRIDON CLAMP 316 133-178 MM,Tridon 003483 Whitelaw Tooling Supplies,,,
TRIDON CLAMP 316 146-197 MM,Tridon 003483 Whitelaw Tooling Supplies,,,
TRIDON CLAMP 316 159-206MM,Tridon 003483 Whitelaw Tooling Supplies,,,
TRIDON CLAMP 316 175-217MM,Tridon 003483 Whitelaw Tooling Supplies,,,
TRIDON CLAMP 316 181-225 MM,Tridon 003483 Whitelaw Tooling Supplies,,,
TRIDON CLAMP 316 206-251MM,Tridon 003483 Whitelaw Tooling Supplies,,,
TRIDON CLAMP 316 222-273MM,Tridon 003483 Whitelaw Tooling Supplies,,,
TRIDON CLAMP 316 260-311MM,Tridon 003483 Whitelaw Tooling Supplies,,,
TRIDON CLAMP 316 267-318MM,Tridon 003483 Whitelaw Tooling Supplies,,,
TRIDON CLAMP 316 298-349MM,Tridon 003483 Whitelaw Tooling Supplies,,,
TRIDON CLAMP 316 391-441MM,Tridon 003483 Whitelaw Tooling Supplies,,,
TRIDON CLAMP S/S 11-22 MM BOX OF 500,Tridon 003483 Whitelaw Tooling Supplies,,,
TRIDON CLAMP S/S 11-22 MM,Tridon 003483 Whitelaw Tooling Supplies,,,
TRIDON CLAMP S/S 11-22 MM,Tridon 003483 Whitelaw Tooling Supplies,,,
TRIDON CLAMP S/S 13-25 MM BOX OF 500,Tridon 003483 Whitelaw Tooling Supplies,,,
TRIDON CLAMP S/S 13-25 MM,Tridon 003483 Whitelaw Tooling Supplies,,,
CLAMP S/S 13-25 MM CARDED BOX OF 10,Tridon 003483 Whitelaw Tooling Supplies,,,
TRIDON CLAMP S/S 13-25 MM,Tridon 003483 Whitelaw Tooling Supplies,,,
TRIDON REFILL FOR MERCHANDISER HAS008,Tridon 003483 Whitelaw Tooling Supplies,,,
TRIDON CLAMP S/S 14-27MM BOX OF 500,Tridon 003483 Whitelaw Tooling Supplies,,,
TRIDON CLAMP S/S 14-27MM,Tridon 003483 Whitelaw Tooling Supplies,,,
CLAMP S/S 14-27 MM CARDED BOX OF 10,Tridon 003483 Whitelaw Tooling Supplies,,,
TRIDON CLAMP S/S 14-27 MM,Tridon 003483 Whitelaw Tooling Supplies,,,
TRIDON REFILL FOR MERCHANDISER HAS010,Tridon 003483 Whitelaw Tooling Supplies,,,
TRIDON CLAMP S/S 18-32 MM BOX OF 500,Tridon 003483 Whitelaw Tooling Supplies,,,
TRIDON CLAMP S/S 18-32 MM,Tridon 003483 Whitelaw Tooling Supplies,,,
CLAMP S/S 18-32 MM CARDED BOX OF 10,Tridon 003483 Whitelaw Tooling Supplies,,,
TRIDON CLAMP S/S 18-32 MM,Tridon 003483 Whitelaw Tooling Supplies,,,
TRIDON REFILL FOR MERCHADISER HAS012,Tridon 003483 Whitelaw Tooling Supplies,,,
TRIDON CLAMP S/S 21-38 MM BOX OF 500,Tridon 003483 Whitelaw Tooling Supplies,,,
TRIDON CLAMP S/S 21-38 MM,Tridon 003483 Whitelaw Tooling Supplies,,,
CLAMP S/S 21-38 MM CARDED BOX OF 10,Tridon 003483 Whitelaw Tooling Supplies,,,
TRIDON CLAMP S/S 21-38 MM,Tridon 003483 Whitelaw Tooling Supplies,,,
TRIDON REFILL FOR MERCHADISER HAS016,Tridon 003483 Whitelaw Tooling Supplies,,,
TRIDON CLAMP S/S 21-44 MM BOX OF 500,Tridon 003483 Whitelaw Tooling Supplies,,,
TRIDON CLAMP S/S 21-44 MM,Tridon 003483 Whitelaw Tooling Supplies,,,
CLAMP S/S 21-44 MM CARDED BOX OF 10,Tridon 003483 Whitelaw Tooling Supplies,,,
TRIDON CLAMP S/S 21-44 MM,Tridon 003483 Whitelaw Tooling Supplies,,,
TRIDON CLAMP S/S 27-51MM BOX OF 500,Tridon 003483 Whitelaw Tooling Supplies,,,
TRIDON CLAMP S/S 27-51MM,Tridon 003483 Whitelaw Tooling Supplies,,,
CLAMP S/S 27-51 MM CARDED BOX OF 10,Tridon 003483 Whitelaw Tooling Supplies,,,
TRIDON CLAMP S/S 27-51 MM,Tridon 003483 Whitelaw Tooling Supplies,,,
TRIDON REFILL FOR MERCHADISER HAS024,Tridon 003483 Whitelaw Tooling Supplies,,,
TRIDON CLAMP S/S 33-57MM BOX OF 500,Tridon 003483 Whitelaw Tooling Supplies,,,
TRIDON CLAMP S/S 33-57MM,Tridon 003483 Whitelaw Tooling Supplies,,,
CLAMP S/S 33-57 MM CARDED BOX OF 10,Tridon 003483 Whitelaw Tooling Supplies,,,
TRIDON CLAMP S/S 33-57 MM,Tridon 003483 Whitelaw Tooling Supplies,,,
TRIDON REFILL FOR MERCHANDISER HAS028,Tridon 003483 Whitelaw Tooling Supplies,,,
TRIDON CLAMP S/S 40-64MM BOX OF 500,Tridon 003483 Whitelaw Tooling Supplies,,,
TRIDON CLAMP S/S 40-64MM,Tridon 003483 Whitelaw Tooling Supplies,,,
CLAMP S/S 40-64 MM CARDED BOX OF 10,Tridon 003483 Whitelaw Tooling Supplies,,,
TRIDON CLAMP S/S 40-64 MM,Tridon 003483 Whitelaw Tooling Supplies,,,
TRIDON REFILL FOR MERCHANDISER HAS032,Tridon 003483 Whitelaw Tooling Supplies,,,
TRIDON CLAMP S/S 46-70MM BOX OF 300,Tridon 003483 Whitelaw Tooling Supplies,,,
TRIDON CLAMP S/S 46-70MM,Tridon 003483 Whitelaw Tooling Supplies,,,
CLAMP S/S 46-70 MM CARDED BOX OF 10,Tridon 003483 Whitelaw Tooling Supplies,,,
TRIDON CLAMP S/S 46-70 MM,Tridon 003483 Whitelaw Tooling Supplies,,,
TRIDON CLAMP S/S 52-76MM BOX OF 300,Tridon 003483 Whitelaw Tooling Supplies,,,
TRIDON CLAMP S/S 52-76 MM,Tridon 003483 Whitelaw Tooling Supplies,,,
TRIDON CLAMP S/S 59-83MM BOX OF 300,Tridon 003483 Whitelaw Tooling Supplies,,,
TRIDON CLAMP S/S 59-83 MM,Tridon 003483 Whitelaw Tooling Supplies,,,
TRIDON CLAMP S/S 65-89MM BOX OF 300,Tridon 003483 Whitelaw Tooling Supplies,,,
TRIDON CLAMP S/S 65-89 MM,Tridon 003483 Whitelaw Tooling Supplies,,,
TRIDON CLAMP S/S 71-95MM BOX OF 300,Tridon 003483 Whitelaw Tooling Supplies,,,
TRIDON CLAMP S/S 71-95 MM,Tridon 003483 Whitelaw Tooling Supplies,,,
TRIDON CLAMP S/S 78-102MM BOX OF 300,Tridon 003483 Whitelaw Tooling Supplies,,,
TRIDON CLAMP S/S 78-102 MM,Tridon 003483 Whitelaw Tooling Supplies,,,
TRIDON CLAMP S/S 84-108MM BOX OF 300,Tridon 003483 Whitelaw Tooling Supplies,,,
TRIDON CLAMP S/S 84-108 MM,Tridon 003483 Whitelaw Tooling Supplies,,,
TRIDON CLAMP S/S 90-114MM BOX OF 200,Tridon 003483 Whitelaw Tooling Supplies,,,
TRIDON CLAMP S/S 90-114 MM,Tridon 003483 Whitelaw Tooling Supplies,,,
TRIDON CLAMP S/S 103-127MM BOX OF 200,Tridon 003483 Whitelaw Tooling Supplies,,,
TRIDON CLAMP S/S 103-127 MM,Tridon 003483 Whitelaw Tooling Supplies,,,
TRIDON CLAMP S/S 117-140MM BOX OF 100,Tridon 003483 Whitelaw Tooling Supplies,,,
TRIDON CLAMP S/S 117-140MM,Tridon 003483 Whitelaw Tooling Supplies,,,
TRIDON CLAMP S/S 125-146MM BOX OF 100,Tridon 003483 Whitelaw Tooling Supplies,,,
TRIDON CLAMP S/S 125-146 MM,Tridon 003483 Whitelaw Tooling Supplies,,,
TRIDON CLAMP S/S 106-152MM BOX OF 100,Tridon 003483 Whitelaw Tooling Supplies,,,
TRIDON CLAMP S/S 106-152 MM,Tridon 003483 Whitelaw Tooling Supplies,,,
TRIDON CLAMP S/S 115-164MM BOX OF 100,Tridon 003483 Whitelaw Tooling Supplies,,,
TRIDON CLAMP S/S 115-164 MM,Tridon 003483 Whitelaw Tooling Supplies,,,
TRIDON CLAMP S/S 133-178 MM BOX OF 100,Tridon 003483 Whitelaw Tooling Supplies,,,
TRIDON CLAMP S/S 133-178 MM,Tridon 003483 Whitelaw Tooling Supplies,,,
TRIDON CLAMP S/S 146-197MM,Tridon 003483 Whitelaw Tooling Supplies,,,
TRIDON CLAMP S/S 159-206MM,Tridon 003483 Whitelaw Tooling Supplies,,,
TRIDON CLAMP S/S 175-217MM,Tridon 003483 Whitelaw Tooling Supplies,,,
TRIDON CLAMP S/S 181-225MM,Tridon 003483 Whitelaw Tooling Supplies,,,
TRIDON CLAMP S/S 206-251MM,Tridon 003483 Whitelaw Tooling Supplies,,,
TRIDON CLAMP S/S 222-273MM,Tridon 003483 Whitelaw Tooling Supplies,,,
TRIDON CLAMP S/S 260-311MM,Tridon 003483 Whitelaw Tooling Supplies,,,
TRIDON CLAMP S/S 267-318MM,Tridon 003483 Whitelaw Tooling Supplies,,,
TRIDON CLAMP S/S 298-349MM,Tridon 003483 Whitelaw Tooling Supplies,,,
CLAMP S/S 344-395MM,Tridon 003483 Whitelaw Tooling Supplies,,,
TRIDON CLAMP S/S 391-441MM,Tridon 003483 Whitelaw Tooling Supplies,,,
HIT BOLT CUTTER FLOOR MERCH BLACK JAW,Tridon 003483 Whitelaw Tooling Supplies,,,
HIT BOLT CUTTER FLOOR MERCH RED JAW,Tridon 003483 Whitelaw Tooling Supplies,,,
HIT BOLT CUTTER FLOOR MERCH CONCRETORS,Tridon 003483 Whitelaw Tooling Supplies,,,
HIT BOLT CUTTER MERCHANDISER 13PC,Tridon 003483 Whitelaw Tooling Supplies,,,
HIT ALUMINIUM PIPE WRENCH MERCH 9 PC,Tridon 003483 Whitelaw Tooling Supplies,,,
HIT STEEL PIPE WRENCH MERCH 9 PC,Tridon 003483 Whitelaw Tooling Supplies,,,
HIT HAND TOOL MERCHANDISER 22 PC,Tridon 003483 Whitelaw Tooling Supplies,,,
HIT HITNBC0750H BONUS 6801280SB,Tridon 003483 Whitelaw Tooling Supplies,,,
HIT HITNBC0900H BONUS 6801280SB,Tridon 003483 Whitelaw Tooling Supplies,,,
HIT SPARE NOSE HAND RIVETER 2.4MM 3/32IN,Tridon 003483 Whitelaw Tooling Supplies,,,
HIT SPARE NOSE HAND RIVETER 3.2MM 1/8IN,Tridon 003483 Whitelaw Tooling Supplies,,,
HIT SPARE NOSE HAND RIVETER 4MM 5/32IN,Tridon 003483 Whitelaw Tooling Supplies,,,
HIT SPARE NOSE HAND RIVETER 4.8MM 3/16IN,Tridon 003483 Whitelaw Tooling Supplies,,,
HIT ANCHOR BOLT PLIER,Tridon 003483 Whitelaw Tooling Supplies,,,
HIT ANGULAR CUTTER 350MM,Tridon 003483 Whitelaw Tooling Supplies,,,
HIT ANGULAR CUTTER 450MM,Tridon 003483 Whitelaw Tooling Supplies,,,
HIT ANGULAR CUTTER 600MM,Tridon 003483 Whitelaw Tooling Supplies,,,
HIT SPARE HEAD TO SUIT HITAC350,Tridon 003483 Whitelaw Tooling Supplies,,,
HIT SPARE HEAD TO SUIT HITAC450,Tridon 003483 Whitelaw Tooling Supplies,,,
HIT ANGULAR CUTTER 600MM SPARE HEAD,Tridon 003483 Whitelaw Tooling Supplies,,,
HIT ALUMINIUM PIPE WRENCH 250MM,Tridon 003483 Whitelaw Tooling Supplies,,,
HIT ALUMINIUM PIPE WRENCH 300MM,Tridon 003483 Whitelaw Tooling Supplies,,,
HIT ALUMINIUM PIPE WRENCH 350MM,Tridon 003483 Whitelaw Tooling Supplies,,,
HIT ALUMINIUM PIPE WRENCH 450MM,Tridon 003483 Whitelaw Tooling Supplies,,,
HIT ALUMINIUM PIPE WRENCH 600MM,Tridon 003483 Whitelaw Tooling Supplies,,,
HIT ALUMINIUM PIPE WRENCH 900MM,Tridon 003483 Whitelaw Tooling Supplies,,,
HIT SPUD WRENCH ADJUSTABLE,Tridon 003483 Whitelaw Tooling Supplies,,,
HIT BOLT CUTTER W/ BENDABLE HANDLE 750,Tridon 003483 Whitelaw Tooling Supplies,,,
HIT BUSH FOR NBC450 BOLT CUTTER,Tridon 003483 Whitelaw Tooling Supplies,,,
HIT BUSH FOR NBC600 BOLT CUTTER,Tridon 003483 Whitelaw Tooling Supplies,,,
HIT RUBBER GRIP FOR 600MM BOLT CUTTERS,Tridon 003483 Whitelaw Tooling Supplies,,,
HIT BUSH FOR NBC750 BOLT CUTTER,Tridon 003483 Whitelaw Tooling Supplies,,,
HIT BUSH FOR NBC900 BOLT CUTTER,Tridon 003483 Whitelaw Tooling Supplies,,,
HIT BUSH FOR NBC1050 BOLT CUTTER,Tridon 003483 Whitelaw Tooling Supplies,,,
HIT BOLT CUTTER 900MM SPARE HING BOLT &,Tridon 003483 Whitelaw Tooling Supplies,,,
HIT BOLT CUTTER ALUMINIUM HANDLES 300MM,Tridon 003483 Whitelaw Tooling Supplies,,,
HIT BOLT CUTTER ALUMINIUM HANDLES 350MM,Tridon 003483 Whitelaw Tooling Supplies,,,
HIT RUBBER GRIPS FOR HITBC900,Tridon 003483 Whitelaw Tooling Supplies,,,
HIT BRUSH CUTTER 675MM,Tridon 003483 Whitelaw Tooling Supplies,,,
HIT BELT STRAP WRENCH NYLON 300 X 1400MM,Tridon 003483 Whitelaw Tooling Supplies,,,
HIT BELT STRAP WRENCH NYLON 300 X 400MM,Tridon 003483 Whitelaw Tooling Supplies,,,
HIT BELT STRAP WRENCH RUBBER 300 X 400MM,Tridon 003483 Whitelaw Tooling Supplies,,,
HIT BELT STRAP WRENCH NYLON 300 X 700MM,Tridon 003483 Whitelaw Tooling Supplies,,,
HIT BELT STRAP WRENCH RUBBER 300 X 700MM,Tridon 003483 Whitelaw Tooling Supplies,,,
HIT CORNER PIPE WRENCH 10IN,Tridon 003483 Whitelaw Tooling Supplies,,,
HIT CORNER PIPE WRENCH 14IN,Tridon 003483 Whitelaw Tooling Supplies,,,
HIT CORNER PIPE WRENCH 18IN,Tridon 003483 Whitelaw Tooling Supplies,,,
HIT CORNER PIPE WRENCH 24IN,Tridon 003483 Whitelaw Tooling Supplies,,,
HIT CORNER PIPE WRENCH 36IN,Tridon 003483 Whitelaw Tooling Supplies,,,
HIT SWAGING TOOL 350MM,Tridon 003483 Whitelaw Tooling Supplies,,,
HIT SWAGING TOOL WITH CUTTER 350MM,Tridon 003483 Whitelaw Tooling Supplies,,,
HIT SWAGING TOOL 600MM,Tridon 003483 Whitelaw Tooling Supplies,,,
HIT SWAGING TOOL 600MM WITH CUTTER,Tridon 003483 Whitelaw Tooling Supplies,,,
HIT SWAGING TOOL 750MM,Tridon 003483 Whitelaw Tooling Supplies,,,
HIT SWAGING TOOL 750MM WITH CUTTER,Tridon 003483 Whitelaw Tooling Supplies,,,
HIT SWAGING TOOL 900MM,Tridon 003483 Whitelaw Tooling Supplies,,,
HIT SPARE HEAD 350MM S/TOOL W/CUTTER,Tridon 003483 Whitelaw Tooling Supplies,,,
HIT SPARE HEAD 600MM SWAGINGTOOL,Tridon 003483 Whitelaw Tooling Supplies,,,
HIT SPARE HEAD 600MM S/TOOL W/CUTTER,Tridon 003483 Whitelaw Tooling Supplies,,,
HIT SPARE HEAD 750MM SWAGING TOOL,Tridon 003483 Whitelaw Tooling Supplies,,,
HIT SPARE HEAD 750MM S/TOOL W/CUTTER,Tridon 003483 Whitelaw Tooling Supplies,,,
HIT SPARE HEAD 900MM SWAGING TOOL,Tridon 003483 Whitelaw Tooling Supplies,,,
HIT CHAIN FLANGE WRENCH 290MM,Tridon 003483 Whitelaw Tooling Supplies,,,
HIT CHAIN FLANGE WRENCH 390MM,Tridon 003483 Whitelaw Tooling Supplies,,,
HIT CHAIN FLANGE WRENCH 490MM,Tridon 003483 Whitelaw Tooling Supplies,,,
HIT BEARING PULLER 200MM,Tridon 003483 Whitelaw Tooling Supplies,,,
HIT REINFORCED RUBBER HOSE CUTTER 400MM,Tridon 003483 Whitelaw Tooling Supplies,,,
HIT REINFORCED RUBBER HOSE CUTTER 500MM,Tridon 003483 Whitelaw Tooling Supplies,,,
HIT HAND RIVETER 260MM,Tridon 003483 Whitelaw Tooling Supplies,,,
HIT HAND RIVETER 450MM 3.2-4.8MM,Tridon 003483 Whitelaw Tooling Supplies,,,
HIT HAND RIVETER 310MM 3.2-4.8MM,Tridon 003483 Whitelaw Tooling Supplies,,,
HIT WIRE ROPE CUTTER 190MM,Tridon 003483 Whitelaw Tooling Supplies,,,
HIT WIRE CUTTER COMBO PACK,Tridon 003483 Whitelaw Tooling Supplies,,,
HIT WIRE ROPE CUTTER 9MM,Tridon 003483 Whitelaw Tooling Supplies,,,
HIT HEAD BOLT ASSEMBLY FOR HITEWC09,Tridon 003483 Whitelaw Tooling Supplies,,,
HIT WIRE ROPE CUTTER 12MM,Tridon 003483 Whitelaw Tooling Supplies,,,
HIT WIRE ROPE CUTTER 16MM,Tridon 003483 Whitelaw Tooling Supplies,,,
HIT WIRE ROPE CUTTER SPARE JAW FOR HWC12,Tridon 003483 Whitelaw Tooling Supplies,,,
HIT WIRE ROPE CUTTER SPARE JAWS FOR HWC1,Tridon 003483 Whitelaw Tooling Supplies,,,
HIT WIRE ROPE CUTTER SPARE JAWS FOR WC09,Tridon 003483 Whitelaw Tooling Supplies,,,
HIT MONSTER NIPPER 450MM,Tridon 003483 Whitelaw Tooling Supplies,,,
HIT SPARE HEAD FOR HITMN350G,Tridon 003483 Whitelaw Tooling Supplies,,,
HIT SPARE BLADE FOR HITMPS11,Tridon 003483 Whitelaw Tooling Supplies,,,
HIT METAL SNIPS LEFT CUT 260MM,Tridon 003483 Whitelaw Tooling Supplies,,,
HIT METAL SNIPS RIGHT CUT 260MM,Tridon 003483 Whitelaw Tooling Supplies,,,
HIT METAL SNIPS STRAIGHT CUT 260MM,Tridon 003483 Whitelaw Tooling Supplies,,,
HIT PROFESSIONAL BOLT CUTTER 300MM BLACK,Tridon 003483 Whitelaw Tooling Supplies,,,
HIT PROFESSIONAL BOLT CUTTER 300MM RED,Tridon 003483 Whitelaw Tooling Supplies,,,
HIT PROFESSIONAL BOLT CUTTER 350MM BLACK,Tridon 003483 Whitelaw Tooling Supplies,,,
HIT PROFESSIONAL BOLT CUTTER 350MM RED,Tridon 003483 Whitelaw Tooling Supplies,,,
HIT PROFESSIONAL BOLT CUTTER 450MM BLACK,Tridon 003483 Whitelaw Tooling Supplies,,,
HIT PROFESSIONAL BOLT CUTTER 450MM RED,Tridon 003483 Whitelaw Tooling Supplies,,,
HIT PROFESSIONAL BOLT CUTTER 600MM BLACK,Tridon 003483 Whitelaw Tooling Supplies,,,
HIT PROFESSIONAL BOLT CUTTER 600MM RED,Tridon 003483 Whitelaw Tooling Supplies,,,
HIT PROFESSIONAL BOLT CUTTER 600MM SILVE,Tridon 003483 Whitelaw Tooling Supplies,,,
HIT PROFESSIONAL BOLT CUTTER 750MM BLACK,Tridon 003483 Whitelaw Tooling Supplies,,,
HIT PROFESSIONAL BOLT CUTTER 750MM RED,Tridon 003483 Whitelaw Tooling Supplies,,,
HIT PROFESSIONAL BOLT CUTTER 750MM SILVE,Tridon 003483 Whitelaw Tooling Supplies,,,
HIT PROFESSIONAL BOLT CUTTER 900MM BLACK,Tridon 003483 Whitelaw Tooling Supplies,,,
HIT PROFESSIONAL BOLT CUTTER 900MM RED,Tridon 003483 Whitelaw Tooling Supplies,,,
HIT PROFESSIONAL BOLT CUTTER 900MM SILVE,Tridon 003483 Whitelaw Tooling Supplies,,,
HIT PROFESSIONAL BOLT CUTTER 1050MM BLAC,Tridon 003483 Whitelaw Tooling Supplies,,,
HIT PROFESSIONAL BOLT CUTTER 1050MM RED,Tridon 003483 Whitelaw Tooling Supplies,,,
HIT PROFESSIONAL BOLT CUTTER 1050MM SILV,Tridon 003483 Whitelaw Tooling Supplies,,,
HIT SPARE HEAD 300MM STANDARD (BLACK),Tridon 003483 Whitelaw Tooling Supplies,,,
HIT SPARE HEAD 300MM HIGH TENSILE (RED),Tridon 003483 Whitelaw Tooling Supplies,,,
HIT SPARE HEAD 350MM STANDARD (BLACK),Tridon 003483 Whitelaw Tooling Supplies,,,
HIT SPARE HEAD 350MM HIGH TENSILE (RED),Tridon 003483 Whitelaw Tooling Supplies,,,
HIT SPARE HEAD 450MM STANDARD (BLACK),Tridon 003483 Whitelaw Tooling Supplies,,,
HIT SPARE HEAD 450MM HIGH TENSILE (RED),Tridon 003483 Whitelaw Tooling Supplies,,,
HIT SPARE HEAD 600MM STANDARD (BLACK),Tridon 003483 Whitelaw Tooling Supplies,,,
HIT SPARE HEAD 600MM HIGH TENSILE (RED),Tridon 003483 Whitelaw Tooling Supplies,,,
HIT SPARE HEAD 600MM SILVER,Tridon 003483 Whitelaw Tooling Supplies,,,
HIT SPARE HEAD 750MM STANDARD (BLACK),Tridon 003483 Whitelaw Tooling Supplies,,,
HIT SPARE HEAD 750MM HIGH TENSILE (RED),Tridon 003483 Whitelaw Tooling Supplies,,,
HIT SPARE HEAD 750MM SILVER,Tridon 003483 Whitelaw Tooling Supplies,,,
HIT SPARE HEAD 900MM STANDARD (BLACK),Tridon 003483 Whitelaw Tooling Supplies,,,
HIT SPARE HEAD 900MM HIGH TENSILE (RED),Tridon 003483 Whitelaw Tooling Supplies,,,
HIT SPARE HEAD 900MM SILVER,Tridon 003483 Whitelaw Tooling Supplies,,,
HIT SPARE HEAD 1050MM STANDARD (BLACK),Tridon 003483 Whitelaw Tooling Supplies,,,
HIT SPARE HEAD 1050MM HIGH TENSILE(RED),Tridon 003483 Whitelaw Tooling Supplies,,,
HIT SPARE HEAD 1050MM SILVER,Tridon 003483 Whitelaw Tooling Supplies,,,
HIT NAIL PULLER 450MM,Tridon 003483 Whitelaw Tooling Supplies,,,
HIT POCKET CUTTER 200MM ST CUT,Tridon 003483 Whitelaw Tooling Supplies,,,
HIT POCKET CUTTER 200MM END CUT,Tridon 003483 Whitelaw Tooling Supplies,,,
HIT POCKET CUTTER 200MM ST CUT,Tridon 003483 Whitelaw Tooling Supplies,,,
HIT DROP FORGED PIPE WRENCH 8IN,Tridon 003483 Whitelaw Tooling Supplies,,,
HIT DROP FORGED PIPE WRENCH 10IN,Tridon 003483 Whitelaw Tooling Supplies,,,
HIT DROP FORGED PIPE WRENCH 12IN,Tridon 003483 Whitelaw Tooling Supplies,,,
HIT DROP FORGED PIPE WRENCH 14IN,Tridon 003483 Whitelaw Tooling Supplies,,,
HIT DROP FORGED PIPE WRENCH 18IN,Tridon 003483 Whitelaw Tooling Supplies,,,
HIT DROP FORGED PIPE WRENCH 24IN,Tridon 003483 Whitelaw Tooling Supplies,,,
HIT DROP FORGED PIPE WRENCH 36IN,Tridon 003483 Whitelaw Tooling Supplies,,,
HIT 7/16IN ROD CUTTER SPARE ROLLER,Tridon 003483 Whitelaw Tooling Supplies,,,
HIT ROD CUTTER & BENDER 16MM,Tridon 003483 Whitelaw Tooling Supplies,,,
HIT ROD CUTTER & BENDER COMBO PACK,Tridon 003483 Whitelaw Tooling Supplies,,,
HIT HITRC16B BOLT/NUT/WASHER,Tridon 003483 Whitelaw Tooling Supplies,,,
HIT SPARE PIN FOR HITRC16B,Tridon 003483 Whitelaw Tooling Supplies,,,
HIT HEAD CENTRE BOLT FOR RC16,Tridon 003483 Whitelaw Tooling Supplies,,,
HIT MESH CUTTER 1050MM,Tridon 003483 Whitelaw Tooling Supplies,,,
HIT MESH CUTTER 800MM,Tridon 003483 Whitelaw Tooling Supplies,,,
HIT SPARE HEAD FOR MESH CUTTER,Tridon 003483 Whitelaw Tooling Supplies,,,
HIT SPARE CENTRE BOLT FOR MESH CUTTER,Tridon 003483 Whitelaw Tooling Supplies,,,
HIT ROD CUTTER SPARE HEAD,Tridon 003483 Whitelaw Tooling Supplies,,,
HIT ROD CUTTER SPARE HEAD,Tridon 003483 Whitelaw Tooling Supplies,,,
HIT CABLE CUTTER 160MM,Tridon 003483 Whitelaw Tooling Supplies,,,
HIT CABLE CUTTER 210MM,Tridon 003483 Whitelaw Tooling Supplies,,,
HIT HEAVY DUTY ACSR CUTTER 600MM,Tridon 003483 Whitelaw Tooling Supplies,,,
HIT CABLE CUTTER 600MM,Tridon 003483 Whitelaw Tooling Supplies,,,
HIT CABLE CUTTER 240MM,Tridon 003483 Whitelaw Tooling Supplies,,,
HIT CABLE CUTTER 830MM,Tridon 003483 Whitelaw Tooling Supplies,,,
HIT SPARE BLADES FOR ACSR CUTTER,Tridon 003483 Whitelaw Tooling Supplies,,,
HIT CABLE CUTTER JAWS,Tridon 003483 Whitelaw Tooling Supplies,,,
HIT CABLE CUTTER JAWS,Tridon 003483 Whitelaw Tooling Supplies,,,
HIT STEEL STRAP CUTTER 200MM,Tridon 003483 Whitelaw Tooling Supplies,,,
HIT STEEL STRAP CUTTER 450MM,Tridon 003483 Whitelaw Tooling Supplies,,,
HIT STEEL STRAP CUTTER 350MM H/ HANDLE,Tridon 003483 Whitelaw Tooling Supplies,,,
HIT STEEL STRAP CUTTER 450MM S/ HANDLE,Tridon 003483 Whitelaw Tooling Supplies,,,
HIT STEEL STRAP CUTTER 600MM,Tridon 003483 Whitelaw Tooling Supplies,,,
HIT STEEL STRAP CUTTER 600MM S/ HANDLE,Tridon 003483 Whitelaw Tooling Supplies,,,
HIT THREADED ROD CUTTER NO DIES,Tridon 003483 Whitelaw Tooling Supplies,,,
HIT THREADED ROD CUTTER 8/10MM SMALL,Tridon 003483 Whitelaw Tooling Supplies,,,
HIT THREADED ROD CUTTER 1/4IN,Tridon 003483 Whitelaw Tooling Supplies,,,
HIT THREADED ROD CUTTER 10MM,Tridon 003483 Whitelaw Tooling Supplies,,,
HIT 12MM & 10MM THREADED ROD CUTTER,Tridon 003483 Whitelaw Tooling Supplies,,,
HIT THREADED ROD CUTTER DUAL HEAD,Tridon 003483 Whitelaw Tooling Supplies,,,
HIT THREADED ROD CUTTER 3/8IN,Tridon 003483 Whitelaw Tooling Supplies,,,
HIT THREADED ROD CUTTER 5/16IN,Tridon 003483 Whitelaw Tooling Supplies,,,
HIT THREADED ROD CUTTER 6MM,Tridon 003483 Whitelaw Tooling Supplies,,,
HIT THREADED ROD CUTTER 8MM,Tridon 003483 Whitelaw Tooling Supplies,,,
HIT DIES THREADED ROD CUTTER 1/2IN,Tridon 003483 Whitelaw Tooling Supplies,,,
HIT DIES THREADED ROD CUTTER 1/4IN,Tridon 003483 Whitelaw Tooling Supplies,,,
HIT DIES THREADED ROD CUTTER 10MM,Tridon 003483 Whitelaw Tooling Supplies,,,
HIT DIES THREADED ROD CUTTER 10MM S/LESS,Tridon 003483 Whitelaw Tooling Supplies,,,
HIT 12MM DIE FOR HITTRC1210,Tridon 003483 Whitelaw Tooling Supplies,,,
HIT DIES THREADED ROD CUTTER 3/8IN,Tridon 003483 Whitelaw Tooling Supplies,,,
HIT DIES THREADED ROD CUTTER 3/8 S/S,Tridon 003483 Whitelaw Tooling Supplies,,,
HIT DIES THREADED ROD CUTTER 5/16IN,Tridon 003483 Whitelaw Tooling Supplies,,,
HIT DIES THREADED ROD CUTTER 6MM,Tridon 003483 Whitelaw Tooling Supplies,,,
HIT DIES THREADED ROD CUTTER 8MM,Tridon 003483 Whitelaw Tooling Supplies,,,
HIT RATCHET PIPE CUTTER 34MM CAP,Tridon 003483 Whitelaw Tooling Supplies,,,
HIT RATCHET PIPE CUTTER 42MM CAP,Tridon 003483 Whitelaw Tooling Supplies,,,
HIT RATCHET PIPE CUTTER 63MM CAP,Tridon 003483 Whitelaw Tooling Supplies,,,
HIT SPARE BLADE FOR PIPE CUTTER 34MM,Tridon 003483 Whitelaw Tooling Supplies,,,
HIT SPARE BLADE FOR PIPE CUTTER 42MM,Tridon 003483 Whitelaw Tooling Supplies,,,
HIT SPARE BLADE FOR PIPE CUTTER 63MM,Tridon 003483 Whitelaw Tooling Supplies,,,
HIT WIRE CUTTER 710MM 16MM CAP,Tridon 003483 Whitelaw Tooling Supplies,,,
HIT BOLT WASHER & NUT FOR W16 WIRE CUTTR,Tridon 003483 Whitelaw Tooling Supplies,,,
HIT WIRE ROPE CUTTER 6MM,Tridon 003483 Whitelaw Tooling Supplies,,,
HIT WIRE ROPE CUTTER 10MM,Tridon 003483 Whitelaw Tooling Supplies,,,
HIT SPARE HEAD TO SUIT HITWC10,Tridon 003483 Whitelaw Tooling Supplies,,,
HIT SUPER HD WIRE ROPE CUTTER 12MM,Tridon 003483 Whitelaw Tooling Supplies,,,
HIT WIRE ROPE CUTTER 14MM,Tridon 003483 Whitelaw Tooling Supplies,,,
HIT SPARE HEAD TO SUIT HITWC14,Tridon 003483 Whitelaw Tooling Supplies,,,
HIT WIRE ROPE CUTTER 16MM,Tridon 003483 Whitelaw Tooling Supplies,,,
HIT SPARE HEAD TO SUIT HITWC16,Tridon 003483 Whitelaw Tooling Supplies,,,
HIT SUPER HD WIRE ROPE CUTTER 16MM,Tridon 003483 Whitelaw Tooling Supplies,,,
HIT WIRE ROPE CUTTER 20MM,Tridon 003483 Whitelaw Tooling Supplies,,,
HIT SPARE HEAD TO SUIT HITWC20,Tridon 003483 Whitelaw Tooling Supplies,,,
HIT SUPER HD WIRE ROPE CUTTER 8MM,Tridon 003483 Whitelaw Tooling Supplies,,,
HIT WIRE ROPE CUTTER DIES,Tridon 003483 Whitelaw Tooling Supplies,,,
HIT WIRE ROPE CUTTER DIES,Tridon 003483 Whitelaw Tooling Supplies,,,
TOLEDO HEX KEY SET A/F,Tridon 003483 Whitelaw Tooling Supplies,,,
TOLEDO HEX KEY SET METRIC,Tridon 003483 Whitelaw Tooling Supplies,,,
TOLEDO FENCE PLIER 270MM,Tridon 003483 Whitelaw Tooling Supplies,,,
TRIDON CLAMP 11-22 MM BOX OF 500,Tridon 003483 Whitelaw Tooling Supplies,,,
TRIDON CLAMP 11-22 MM,Tridon 003483 Whitelaw Tooling Supplies,,,
TRIDON CLAMP 11-22 MM,Tridon 003483 Whitelaw Tooling Supplies,,,
TRIDON CLAMP 13-25 MM BOX OF 500,Tridon 003483 Whitelaw Tooling Supplies,,,
TRIDON CLAMP 13-25 MM,Tridon 003483 Whitelaw Tooling Supplies,,,
TRIDON CLAMP 13-25 MM,Tridon 003483 Whitelaw Tooling Supplies,,,
TRIDON REFILL FOR MERCHANDISER HS008,Tridon 003483 Whitelaw Tooling Supplies,,,
TRIDON CLAMP 13-25 MM TAGGED,Tridon 003483 Whitelaw Tooling Supplies,,,
TRIDON PERFORATED CLAMP TAG 13-25MM X 10,Tridon 003483 Whitelaw Tooling Supplies,,,
TRIDON CLAMP 14-27 MM BOX OF 500,Tridon 003483 Whitelaw Tooling Supplies,,,
TRIDON CLAMP 14-27 MM,Tridon 003483 Whitelaw Tooling Supplies,,,
TRIDON CLAMP 14-27 MM CARDED BOX OF 10,Tridon 003483 Whitelaw Tooling Supplies,,,
TRIDON CLAMP 14-27 MM,Tridon 003483 Whitelaw Tooling Supplies,,,
TRIDON REFILL FOR MERCHANDISER HS010,Tridon 003483 Whitelaw Tooling Supplies,,,
TRIDON PERFORATED CLAMP TAG 14-27MM,Tridon 003483 Whitelaw Tooling Supplies,,,
TRIDON PERFORATED CLAMP TAG 14-27MM X 10,Tridon 003483 Whitelaw Tooling Supplies,,,
TRIDON CLAMP 18-32 MM BOX OF 500,Tridon 003483 Whitelaw Tooling Supplies,,,
TRIDON CLAMP 18-32 MM,Tridon 003483 Whitelaw Tooling Supplies,,,
TRIDON CLAMP 18-32 MM BOX OF 10,Tridon 003483 Whitelaw Tooling Supplies,,,
TRIDON CLAMP 18-32 MM,Tridon 003483 Whitelaw Tooling Supplies,,,
TRIDON REFILL FOR MERCHANDISER HS012,Tridon 003483 Whitelaw Tooling Supplies,,,
TRIDON CLAMP 18-32 MM TAGGED,Tridon 003483 Whitelaw Tooling Supplies,,,
TRIDON PERFORATED CLAMP TAG 18-32MM X 10,Tridon 003483 Whitelaw Tooling Supplies,,,
TRIDON CLAMP 21-38 MM BOX OF 500,Tridon 003483 Whitelaw Tooling Supplies,,,
TRIDON CLAMP 21-38 MM,Tridon 003483 Whitelaw Tooling Supplies,,,
TRIDON CLAMP 21-38 MM CARDED BOX OF 10,Tridon 003483 Whitelaw Tooling Supplies,,,
TRIDON CLAMP 21-38 MM,Tridon 003483 Whitelaw Tooling Supplies,,,
TRIDON REFILL FOR MERCHANDISER HS016,Tridon 003483 Whitelaw Tooling Supplies,,,
TRIDON PERFORATED CLAMP TAG 21-38 MM,Tridon 003483 Whitelaw Tooling Supplies,,,
TRIDON PERFORATED CLAMP TAG 21-38MM X 10,Tridon 003483 Whitelaw Tooling Supplies,,,
TRIDON CLAMP 21-44 MM BOX OF 500,Tridon 003483 Whitelaw Tooling Supplies,,,
TRIDON CLAMP 21-44 MM,Tridon 003483 Whitelaw Tooling Supplies,,,
TRIDON CLAMP 21-44 MM CARDED BOX OF 10,Tridon 003483 Whitelaw Tooling Supplies,,,
TRIDON CLAMP 21-44 MM,Tridon 003483 Whitelaw Tooling Supplies,,,
TRIDON CLAMP 21-44 MM TAGGED,Tridon 003483 Whitelaw Tooling Supplies,,,
TRIDON PERFORATED CLAMP TAG 21-44MM X 10,Tridon 003483 Whitelaw Tooling Supplies,,,
TRIDON CLAMP 27-51 MM BOX OF 500,Tridon 003483 Whitelaw Tooling Supplies,,,
TRIDON CLAMP 27-51 MM,Tridon 003483 Whitelaw Tooling Supplies,,,
TRIDON CLAMP 27-51 MM CARDED BOX OF 10,Tridon 003483 Whitelaw Tooling Supplies,,,
TRIDON CLAMP 27-51 MM,Tridon 003483 Whitelaw Tooling Supplies,,,
TRIDON REFILL FOR MERCHANDISER HS024,Tridon 003483 Whitelaw Tooling Supplies,,,
TRIDON PERFORATED CLAMP TAG 27-51MM,Tridon 003483 Whitelaw Tooling Supplies,,,
TRIDON PERFORATED CLAMP TAG 27-51MM X 10,Tridon 003483 Whitelaw Tooling Supplies,,,
TRIDON CLAMP 33-57 MM BOX OF 500,Tridon 003483 Whitelaw Tooling Supplies,,,
TRIDON CLAMP 33-57 MM,Tridon 003483 Whitelaw Tooling Supplies,,,
TRIDON CLAMP 33-57 MM BOX OF 10,Tridon 003483 Whitelaw Tooling Supplies,,,
TRIDON CLAMP 33-57 MM,Tridon 003483 Whitelaw Tooling Supplies,,,
TRIDON REFILL FOR MERCHANDISER HS028,Tridon 003483 Whitelaw Tooling Supplies,,,
TRIDON CLAMP 33-57 MM TAGGED,Tridon 003483 Whitelaw Tooling Supplies,,,
TRIDON PERFORATED CLAMP TAG 33-57MM X 10,Tridon 003483 Whitelaw Tooling Supplies,,,
TRIDON CLAMP 40-64 MM BOX OF 500,Tridon 003483 Whitelaw Tooling Supplies,,,
TRIDON CLAMP 40-64 MM,Tridon 003483 Whitelaw Tooling Supplies,,,
TRIDON CLAMP 40-64 MM CARDED BOX OF 10,Tridon 003483 Whitelaw Tooling Supplies,,,
TRIDON CLAMP 40-64 MM,Tridon 003483 Whitelaw Tooling Supplies,,,
TRIDON REFILL FOR MERCHANDISER HS032,Tridon 003483 Whitelaw Tooling Supplies,,,
TRIDON PERFORATED CLAMP TAG 40-64MM,Tridon 003483 Whitelaw Tooling Supplies,,,
TRIDON PERFORATED CLAMP TAG 40-64MM X 10,Tridon 003483 Whitelaw Tooling Supplies,,,
TRIDON CLAMP 46-70 MM BOX OF 300,Tridon 003483 Whitelaw Tooling Supplies,,,
TRIDON CLAMP 46-70 MM,Tridon 003483 Whitelaw Tooling Supplies,,,
TRIDON CLAMP 46-70 MM,Tridon 003483 Whitelaw Tooling Supplies,,,
TRIDON CLAMP 46-70 MM TAGGED,Tridon 003483 Whitelaw Tooling Supplies,,,
TRIDON PERFORATED CLAMP TAG 46-70MM X 10,Tridon 003483 Whitelaw Tooling Supplies,,,
TRIDON CLAMP 52-76 MM BOX OF 300,Tridon 003483 Whitelaw Tooling Supplies,,,
TRIDON CLAMP 52-76 MM,Tridon 003483 Whitelaw Tooling Supplies,,,
TRIDON PERFORATED CLAMP TAG 52-76MM,Tridon 003483 Whitelaw Tooling Supplies,,,
TRIDON PERFORATED CLAMP TAG 52-76MM X 10,Tridon 003483 Whitelaw Tooling Supplies,,,
TRIDON CLAMP 59-83 MM BOX OF 300,Tridon 003483 Whitelaw Tooling Supplies,,,
TRIDON CLAMP 59-83 MM,Tridon 003483 Whitelaw Tooling Supplies,,,
TRIDON CLAMP 59-83 MM TAGGED,Tridon 003483 Whitelaw Tooling Supplies,,,
TRIDON PERFORATED CLAMP TAG 59-83MM X 10,Tridon 003483 Whitelaw Tooling Supplies,,,
TRIDON CLAMP 65-89 MM BOX OF 300,Tridon 003483 Whitelaw Tooling Supplies,,,
TRIDON CLAMP 65-89 MM,Tridon 003483 Whitelaw Tooling Supplies,,,
TRIDON PERFORATED CLAMP TAG 65-89MM,Tridon 003483 Whitelaw Tooling Supplies,,,
TRIDON PERFORATED CLAMP TAG 65-89MM X 10,Tridon 003483 Whitelaw Tooling Supplies,,,
TRIDON CLAMP 71-95 MM BOX OF 300,Tridon 003483 Whitelaw Tooling Supplies,,,
TRIDON CLAMP 71-95 MM,Tridon 003483 Whitelaw Tooling Supplies,,,
TRIDON CLAMP 78-102 MM BOX OF 300,Tridon 003483 Whitelaw Tooling Supplies,,,
TRIDON CLAMP 78-102 MM,Tridon 003483 Whitelaw Tooling Supplies,,,
TRIDON PERFORATED CLAMP TAG 78-102MM,Tridon 003483 Whitelaw Tooling Supplies,,,
TRIDON CLAMP 84-108 MM BOX OF 300,Tridon 003483 Whitelaw Tooling Supplies,,,
TRIDON CLAMP 84-108 MM,Tridon 003483 Whitelaw Tooling Supplies,,,
TRIDON CLAMP 90-114 MM BOX OF 200,Tridon 003483 Whitelaw Tooling Supplies,,,
TRIDON CLAMP 90-114 MM,Tridon 003483 Whitelaw Tooling Supplies,,,
TRIDON PERFORATED CLAMP TAG 90-114MM,Tridon 003483 Whitelaw Tooling Supplies,,,
TRIDON CLAMP 103-127 MM BOX OF 200,Tridon 003483 Whitelaw Tooling Supplies,,,
TRIDON CLAMP 103-127 MM,Tridon 003483 Whitelaw Tooling Supplies,,,
TRIDON PERFORATED CLAMP TAG 103-127MM,Tridon 003483 Whitelaw Tooling Supplies,,,
TRIDON CLAMP 117-140 MM BOX OF 100,Tridon 003483 Whitelaw Tooling Supplies,,,
TRIDON CLAMP 117-140 MM,Tridon 003483 Whitelaw Tooling Supplies,,,
TRIDON PERFORATED CLAMP TAG 117-140MM,Tridon 003483 Whitelaw Tooling Supplies,,,
TRIDON CLAMP 125-146 MM BOX OF 100,Tridon 003483 Whitelaw Tooling Supplies,,,
TRIDON CLAMP 125-146 MM,Tridon 003483 Whitelaw Tooling Supplies,,,
TRIDON CLAMP 106-152 MM BOX OF 100,Tridon 003483 Whitelaw Tooling Supplies,,,
TRIDON CLAMP 106-152 MM,Tridon 003483 Whitelaw Tooling Supplies,,,
TRIDON CLAMP 115-164 MM BOX OF 100,Tridon 003483 Whitelaw Tooling Supplies,,,
TRIDON CLAMP 115-164 MM,Tridon 003483 Whitelaw Tooling Supplies,,,
TRIDON CLAMP 133-178 MM BOX OF 100,Tridon 003483 Whitelaw Tooling Supplies,,,
TRIDON CLAMP 133-178 MM,Tridon 003483 Whitelaw Tooling Supplies,,,
TRIDON PERFORATED CLAMP 133-178 MM TAG,Tridon 003483 Whitelaw Tooling Supplies,,,
TRIDON CLAMP 146-197 MM BOX OF 10,Tridon 003483 Whitelaw Tooling Supplies,,,
TRIDON CLAMP 159-206 MM,Tridon 003483 Whitelaw Tooling Supplies,,,
TRIDON CLAMP 175-217 MM,Tridon 003483 Whitelaw Tooling Supplies,,,
TRIDON CLAMP 181-225 MM,Tridon 003483 Whitelaw Tooling Supplies,,,
TRIDON CLAMP 206-251 MM,Tridon 003483 Whitelaw Tooling Supplies,,,
TRIDON CLAMP 222-273 MM,Tridon 003483 Whitelaw Tooling Supplies,,,
TRIDON CLAMP 260-311 MM,Tridon 003483 Whitelaw Tooling Supplies,,,
TRIDON CLAMP 267-318 MM,Tridon 003483 Whitelaw Tooling Supplies,,,
TRIDON CLAMP 298-349 MM,Tridon 003483 Whitelaw Tooling Supplies,,,
TRIDON CLAMP 391-441 MM,Tridon 003483 Whitelaw Tooling Supplies,,,
TRIDON IR CLAMP BLUE (12.0 - 13.5MM),Tridon 003483 Whitelaw Tooling Supplies,,,
TRIDON IR CLAMP BLUE 12.0-13.5MM (500),Tridon 003483 Whitelaw Tooling Supplies,,,
TRIDON IR CLAMP BLUE (12.0 - 13.5MM),Tridon 003483 Whitelaw Tooling Supplies,,,
TRIDON IR CLAMP RED (14.5 - 16.0MM),Tridon 003483 Whitelaw Tooling Supplies,,,
TRIDON IR CLAMP RED 14.5-16.0MM (500),Tridon 003483 Whitelaw Tooling Supplies,,,
TRIDON IR CLAMP RED (14.5 - 16.0MM),Tridon 003483 Whitelaw Tooling Supplies,,,
TRIDON IR CLAMP GOLD (15.5 - 17.0MM),Tridon 003483 Whitelaw Tooling Supplies,,,
TRIDON IR CLAMP GOLD 15.5-17.0MM (500),Tridon 003483 Whitelaw Tooling Supplies,,,
TRIDON IR CLAMP GOLD (15.5 - 17.0MM),Tridon 003483 Whitelaw Tooling Supplies,,,
TRIDON IR CLAMP GREEN (16.5 - 18.0MM),Tridon 003483 Whitelaw Tooling Supplies,,,
TRIDON IR CLAMP GREEN 16.5-18.0MM (500),Tridon 003483 Whitelaw Tooling Supplies,,,
TRIDON IR CLAMP GREEN (16.5 - 18.0MM),Tridon 003483 Whitelaw Tooling Supplies,,,
TRIDON IR CLAMP PURPLE (17.5 - 19.0MM),Tridon 003483 Whitelaw Tooling Supplies,,,
TRIDON IR CLAMP PURPLE 17.5-19.0MM (500),Tridon 003483 Whitelaw Tooling Supplies,,,
TRIDON IR CLAMP PURPLE (17.5 - 19.0MM),Tridon 003483 Whitelaw Tooling Supplies,,,
TRIDON IR CLAMP BLUE (18.5 - 20.0MM),Tridon 003483 Whitelaw Tooling Supplies,,,
TRIDON IR CLAMP BLUE 18.5-20.0MM (500),Tridon 003483 Whitelaw Tooling Supplies,,,
TRIDON IR CLAMP BLUE (18.5 - 20.0MM),Tridon 003483 Whitelaw Tooling Supplies,,,
TRIDON IR CLAMP RED (19.5 - 21.0MM),Tridon 003483 Whitelaw Tooling Supplies,,,
TRIDON IR CLAMP RED 19.5-21.0MM (500),Tridon 003483 Whitelaw Tooling Supplies,,,
TRIDON IR CLAMP RED (19.5 - 21.0MM),Tridon 003483 Whitelaw Tooling Supplies,,,
TRIDON IR CLAMP PURPLE (20.5 - 22.0MM),Tridon 003483 Whitelaw Tooling Supplies,,,
TRIDON IR CLAMP PURPLE 20.5-22.0MM (500),Tridon 003483 Whitelaw Tooling Supplies,,,
TRIDON IR CLAMP PURPLE (20.5 - 22.0MM),Tridon 003483 Whitelaw Tooling Supplies,,,
TRIDON IR CLAMP BLUE (21.5 - 23.0MM),Tridon 003483 Whitelaw Tooling Supplies,,,
TRIDON IR CLAMP BLUE 21.5-23.0MM (500),Tridon 003483 Whitelaw Tooling Supplies,,,
TRIDON IR CLAMP BLUE (21.5 - 23.0MM),Tridon 003483 Whitelaw Tooling Supplies,,,
TRIDON IR CLAMP GOLD (22.5 - 24.0MM),Tridon 003483 Whitelaw Tooling Supplies,,,
TRIDON IR CLAMP GOLD 22.5-24.0MM (500),Tridon 003483 Whitelaw Tooling Supplies,,,
TRIDON IR CLAMP GOLD (22.5 - 24.0MM),Tridon 003483 Whitelaw Tooling Supplies,,,
TRIDON IR CLAMP GREEN (23.5 - 25.0MM),Tridon 003483 Whitelaw Tooling Supplies,,,
TRIDON IR CLAMP GREEN 23.5-25.0MM (500),Tridon 003483 Whitelaw Tooling Supplies,,,
TRIDON IR CLAMP GREEN (23.5 - 25.0MM),Tridon 003483 Whitelaw Tooling Supplies,,,
TRIDON IR CLAMP PURPLE (26.5 - 28.0MM),Tridon 003483 Whitelaw Tooling Supplies,,,
TRIDON IR CLAMP PURPLE 26.5-28.0MM (500),Tridon 003483 Whitelaw Tooling Supplies,,,
TRIDON IR CLAMP PURPLE (26.5 - 28.0MM),Tridon 003483 Whitelaw Tooling Supplies,,,
TRIDON IR CLAMP RED (27.5 - 29.0MM),Tridon 003483 Whitelaw Tooling Supplies,,,
TRIDON IR CLAMP RED 27.5-29.0MM (500),Tridon 003483 Whitelaw Tooling Supplies,,,
TRIDON IR CLAMP RED (27.5 - 29.0MM),Tridon 003483 Whitelaw Tooling Supplies,,,
TRIDON IR CLAMP GOLD (28.5 - 30.0MM),Tridon 003483 Whitelaw Tooling Supplies,,,
TRIDON IR CLAMP GOLD 28.5-30.0MM (500),Tridon 003483 Whitelaw Tooling Supplies,,,
TRIDON IR CLAMP GOLD (28.5 - 30.0MM),Tridon 003483 Whitelaw Tooling Supplies,,,
TRIDON IR CLAMP GREEN (36.0 - 38.0MM),Tridon 003483 Whitelaw Tooling Supplies,,,
TRIDON IR CLAMP GREEN 36.0-38.0MM (500),Tridon 003483 Whitelaw Tooling Supplies,,,
TRIDON IR CLAMP GREEN (36.0 - 38.0MM),Tridon 003483 Whitelaw Tooling Supplies,,,
MATSON INFINITE CHARGER 6/12/24V,Tridon 003483 Whitelaw Tooling Supplies,,,
KNIPEX 9901280 BULK PACK,Tridon 003483 Whitelaw Tooling Supplies,,,
KNIPEX 9914300 BULK PACK,Tridon 003483 Whitelaw Tooling Supplies,,,
KNIPEX 9911300 BULK PACK,Tridon 003483 Whitelaw Tooling Supplies,,,
KNIPEX 6801200 BULK PACK,Tridon 003483 Whitelaw Tooling Supplies,,,
KNIPEX 6801280 BULK PACK,Tridon 003483 Whitelaw Tooling Supplies,,,
KNIPEX 002011S WITH BONUS 7803125,Tridon 003483 Whitelaw Tooling Supplies,,,
KNIPEX FENCING VALUE PACK,Tridon 003483 Whitelaw Tooling Supplies,,,
KNIPEX 6801200 END NIPPER UNCARDED PACK,Tridon 003483 Whitelaw Tooling Supplies,,,
KNIPEX 6801280 END NIPPER UNCARDED PACK,Tridon 003483 Whitelaw Tooling Supplies,,,
KNIPEX COUNTERTOP MERCH MIXED PL 10PC,Tridon 003483 Whitelaw Tooling Supplies,,,
KNIPEX COUNTERTOP MERCH MIXED PL 10PC,Tridon 003483 Whitelaw Tooling Supplies,,,
KNIPEX COUNTERTOP MERCH 8601180 10PC,Tridon 003483 Whitelaw Tooling Supplies,,,
KNIPEX COUNTERTOP MERCH 7101200 10PC,Tridon 003483 Whitelaw Tooling Supplies,,,
KNIPEX COUNTERTOP MERCH 0908240 10PC,Tridon 003483 Whitelaw Tooling Supplies,,,
KNIPEX COUNTERTOP MERCH 10PC,Tridon 003483 Whitelaw Tooling Supplies,,,
KNIPEX COUNTERTOP MERCH 8701250 10PC,Tridon 003483 Whitelaw Tooling Supplies,,,
KNIPEX COUNTERTOP MERCH 0821145 10PC,Tridon 003483 Whitelaw Tooling Supplies,,,
KNIPEX COUNTERTOP MERCH 7201160 10PC,Tridon 003483 Whitelaw Tooling Supplies,,,
KNIPEX COUNTERTOP MERCH MIXED VDE 10PC,Tridon 003483 Whitelaw Tooling Supplies,,,
KNIPEX COUNTERTOP MERCH 8202200 10PC,Tridon 003483 Whitelaw Tooling Supplies,,,
KNIPEX COUNTERTOP MERCH 9010165BK 10PC,Tridon 003483 Whitelaw Tooling Supplies,,,
KNIPEX COUNTER TOP MERCH 7101200R 10PC,Tridon 003483 Whitelaw Tooling Supplies,,,
TRIDON LAYFLAT HOSE 100PK 2 INCH,Tridon 003483 Whitelaw Tooling Supplies,,,
TRIDON LAYFLAT HOSE 10 PK 2 INCH,Tridon 003483 Whitelaw Tooling Supplies,,,
TRIDON LAYFLAT HOSE 100PK 2.5 INCH,Tridon 003483 Whitelaw Tooling Supplies,,,
TRIDON LAYFLAT HOSE 10 PK 2.5 INCH,Tridon 003483 Whitelaw Tooling Supplies,,,
TRIDON LAYFLAT HOSE 100PK 3 INCH,Tridon 003483 Whitelaw Tooling Supplies,,,
TRIDON LAYFLAT HOSE 10PK 3 INCH,Tridon 003483 Whitelaw Tooling Supplies,,,
TRIDON LAYFLAT HOSE 100PK 4 INCH,Tridon 003483 Whitelaw Tooling Supplies,,,
TRIDON LAYFLAT HOSE 10PK 4 INCH,Tridon 003483 Whitelaw Tooling Supplies,,,
MATSON LINK A 220MM CABLE,Tridon 003483 Whitelaw Tooling Supplies,,,
MATSON LINK A 400MM CABLE,Tridon 003483 Whitelaw Tooling Supplies,,,
TRIDON CLAMP 6-16MM BOX OF 500,Tridon 003483 Whitelaw Tooling Supplies,,,
TRIDON CLAMP 316 6-16 MM,Tridon 003483 Whitelaw Tooling Supplies,,,
TRIDON CLAMP 316 11-18MM BOX OF 500,Tridon 003483 Whitelaw Tooling Supplies,,,
TRIDON CLAMP 11-18 MM,Tridon 003483 Whitelaw Tooling Supplies,,,
TRIDON CLAMP 11-22MM BOX OF 500,Tridon 003483 Whitelaw Tooling Supplies,,,
TRIDON CLAMP 316 8-22 MM,Tridon 003483 Whitelaw Tooling Supplies,,,
TRIDON CLAMP 316 13-25MM BOX OF 500,Tridon 003483 Whitelaw Tooling Supplies,,,
TRIDON CLAMP 13-25MM,Tridon 003483 Whitelaw Tooling Supplies,,,
TRIDON CLAMP 14-27MM BOX OF 500,Tridon 003483 Whitelaw Tooling Supplies,,,
TRIDON CLAMP 14-27MM,Tridon 003483 Whitelaw Tooling Supplies,,,
TRIDON CLAMP 18-38MM BOX OF 500,Tridon 003483 Whitelaw Tooling Supplies,,,
TRIDON CLAMP 17-32MM,Tridon 003483 Whitelaw Tooling Supplies,,,
TRIDON CLAMP 18-38MM BOX OF 500,Tridon 003483 Whitelaw Tooling Supplies,,,
TRIDON CLMAP 18-38MM,Tridon 003483 Whitelaw Tooling Supplies,,,
TRIDON CLAMP 22-45MM BOX OF 500,Tridon 003483 Whitelaw Tooling Supplies,,,
TRIDON CLAMP 22-45MM,Tridon 003483 Whitelaw Tooling Supplies,,,
TRIDON CLAMP 33-51MM BOX OF 500,Tridon 003483 Whitelaw Tooling Supplies,,,
TRIDON CLAMP 33-51MM,Tridon 003483 Whitelaw Tooling Supplies,,,
TRIDON CLAMP 40-57MM BOX OF 500,Tridon 003483 Whitelaw Tooling Supplies,,,
TRIDON CLAMP 40-57MM,Tridon 003483 Whitelaw Tooling Supplies,,,
TRIDON CLAMP 46-64MM BOX OF 500,Tridon 003483 Whitelaw Tooling Supplies,,,
TRIDON CLAMP 46-64MM,Tridon 003483 Whitelaw Tooling Supplies,,,
TRIDON CLAMP 52-70MM BOX OF 300,Tridon 003483 Whitelaw Tooling Supplies,,,
TRIDON CLAMP 52-70MM,Tridon 003483 Whitelaw Tooling Supplies,,,
TRIDON CLAMP 59-76MM BOX OF 300,Tridon 003483 Whitelaw Tooling Supplies,,,
TRIDON CLAMP 59-76MM,Tridon 003483 Whitelaw Tooling Supplies,,,
MATSON BATTERY TERMINAL BOX OF 100,Tridon 003483 Whitelaw Tooling Supplies,,,
MATSON BATTERY TERMINAL BOX OF 5,Tridon 003483 Whitelaw Tooling Supplies,,,
MATSON BATTERY TERMINAL BOX OF 100,Tridon 003483 Whitelaw Tooling Supplies,,,
MATSON BATTERY TERMINAL BOX OF 5,Tridon 003483 Whitelaw Tooling Supplies,,,
MATSON BATTERY TERMINAL BOX OF 100,Tridon 003483 Whitelaw Tooling Supplies,,,
MATSON BATTERY TERMINAL BOX OF 5,Tridon 003483 Whitelaw Tooling Supplies,,,
MATSON BATTERY TERMINAL BOX OF 100,Tridon 003483 Whitelaw Tooling Supplies,,,
MATSON BATTERY TERMINAL BOX OF 5,Tridon 003483 Whitelaw Tooling Supplies,,,
MATSON LITHIUM JUMP STARTER 12V 10000MAH,Tridon 003483 Whitelaw Tooling Supplies,,,
MATSON BATT POST MALE ALLOY POS-NEG PAIR,Tridon 003483 Whitelaw Tooling Supplies,,,
MATSON NEG BATT POST MALE ALLOY PK10,Tridon 003483 Whitelaw Tooling Supplies,,,
MATSON NEG BATT POST MALE ALLOY PK100,Tridon 003483 Whitelaw Tooling Supplies,,,
MATSON POS BATT POST MALE ALLOY PK10,Tridon 003483 Whitelaw Tooling Supplies,,,
MATSON POS BATT POST MALE ALLOY PK100,Tridon 003483 Whitelaw Tooling Supplies,,,
MATSON BAT POST FEMALE LEAD POS-NEG PAIR,Tridon 003483 Whitelaw Tooling Supplies,,,
MATSON NEG BATT POST FEMALE LEAD PK10,Tridon 003483 Whitelaw Tooling Supplies,,,
MATSON NEG BATT POST FEMALE LEAD PK100,Tridon 003483 Whitelaw Tooling Supplies,,,
MATSON NEG BATT POST FEMALE LEAD PK50,Tridon 003483 Whitelaw Tooling Supplies,,,
MATSON POS BATT POST FEMALE LEAD PK10,Tridon 003483 Whitelaw Tooling Supplies,,,
MATSON POS BATT POST FEMALE LEAD PK100,Tridon 003483 Whitelaw Tooling Supplies,,,
MATSON POS BATT POST FEMALE LEAD PK50,Tridon 003483 Whitelaw Tooling Supplies,,,
MATSON JAP POST SHIM LEAD POS-NEG PAIR,Tridon 003483 Whitelaw Tooling Supplies,,,
MATSON NEG SHIM JAP TERMINAL POST PK10,Tridon 003483 Whitelaw Tooling Supplies,,,
MATSON NEG SHIM JAP TERMINAL POST PK100,Tridon 003483 Whitelaw Tooling Supplies,,,
MATSON NEG SHIM JAP TERMINAL POST PK50,Tridon 003483 Whitelaw Tooling Supplies,,,
MATSON POS SHIM JAP TERMINAL POST PK10,Tridon 003483 Whitelaw Tooling Supplies,,,
MATSON POS SHIM JAP TERMINAL POST PK100,Tridon 003483 Whitelaw Tooling Supplies,,,
MATSON POS SHIM JAP TERMINAL POST PK50,Tridon 003483 Whitelaw Tooling Supplies,,,
MATSON BATT POST SHIM STD LEAD PAIR,Tridon 003483 Whitelaw Tooling Supplies,,,
MATSON BATT POST SHIM STD LEAD PK10,Tridon 003483 Whitelaw Tooling Supplies,,,
MATSON BATT POST SHIM STD LEAD PK100,Tridon 003483 Whitelaw Tooling Supplies,,,
MATSON SIDE ENTRY TERM COVER PAIR,Tridon 003483 Whitelaw Tooling Supplies,,,
MATSON SIDE ENTRY TERMINAL COVER NEG,Tridon 003483 Whitelaw Tooling Supplies,,,
MATSON SIDE ENTRY TERM COVER NEG BOX50,Tridon 003483 Whitelaw Tooling Supplies,,,
MATSON SIDE ENTRY TERMINAL COVER POS,Tridon 003483 Whitelaw Tooling Supplies,,,
MATSON SIDE ENTRY TERM COVER POS BOX50,Tridon 003483 Whitelaw Tooling Supplies,,,
MATSON END ENTRY TERM COVER PAIR,Tridon 003483 Whitelaw Tooling Supplies,,,
MATSON END ENTRY TERM COVER NEG BOX50,Tridon 003483 Whitelaw Tooling Supplies,,,
MATSON END ENTRY TERM COVER POS BOX50,Tridon 003483 Whitelaw Tooling Supplies,,,
MATSON SIDE ENTRY TERM COVER PAIR,Tridon 003483 Whitelaw Tooling Supplies,,,
MATSON SIDE ENTRY TERM COVER NEG BOX50,Tridon 003483 Whitelaw Tooling Supplies,,,
MATSON SIDE ENTRY TERM COVER POS BOX50,Tridon 003483 Whitelaw Tooling Supplies,,,
MATSON CABLE LUG COVER PAIR,Tridon 003483 Whitelaw Tooling Supplies,,,
MATSON CABLE LUG COVER NEG BOX 50,Tridon 003483 Whitelaw Tooling Supplies,,,
MATSON CABLE LUG COVER POS BOX 50,Tridon 003483 Whitelaw Tooling Supplies,,,
MATSON BATTERY TERMINAL BOX OF 10,Tridon 003483 Whitelaw Tooling Supplies,,,
MATSON BATTERY TERMINAL BOX OF 100,Tridon 003483 Whitelaw Tooling Supplies,,,
MATSON TERMINAL BLISTER PACK OF 2,Tridon 003483 Whitelaw Tooling Supplies,,,
MATSON BATTERY TERMINAL BOX OF 10,Tridon 003483 Whitelaw Tooling Supplies,,,
MATSON BATTERY TERMINAL BOX OF 100,Tridon 003483 Whitelaw Tooling Supplies,,,
MATSON TERMINAL BLISTER PACK OF 1,Tridon 003483 Whitelaw Tooling Supplies,,,
MATSON BATTERY TERMINAL BOX OF 10,Tridon 003483 Whitelaw Tooling Supplies,,,
MATSON BATTERY TERMINAL BOX OF 100,Tridon 003483 Whitelaw Tooling Supplies,,,
MATSON TERMINAL BLISTER PACK OF 1,Tridon 003483 Whitelaw Tooling Supplies,,,
MATSON CABLE LUGS 10MM2 10MM HOLE 10PK,Tridon 003483 Whitelaw Tooling Supplies,,,
MATSON CRIMP LUGS 10MM CABLE 10MM HOLE,Tridon 003483 Whitelaw Tooling Supplies,,,
MATSON CABLE LUGS 10MM2 6MM HOLE 10PK,Tridon 003483 Whitelaw Tooling Supplies,,,
MATSON CRIMP LUGS 10MM2 CABLE 6MM HOLE,Tridon 003483 Whitelaw Tooling Supplies,,,
MATSON CABLE LUGS 10MM2 8MM HOLE 10PK,Tridon 003483 Whitelaw Tooling Supplies,,,
MATSON CRIMP LUGS 10MM CABLE 8MM HOLE,Tridon 003483 Whitelaw Tooling Supplies,,,
MATSON SOLAR CABLE EXTENSION 7M,Tridon 003483 Whitelaw Tooling Supplies,,,
MATSON 12V/5V PORTABLE SOLAR CHARGER,Tridon 003483 Whitelaw Tooling Supplies,,,
MATSON PORTABLE USB SOLAR CHARGER 3A,Tridon 003483 Whitelaw Tooling Supplies,,,
MATSON PORTABLE USB SOLAR CHARGER 1A,Tridon 003483 Whitelaw Tooling Supplies,,,
MATSON OBD SOLAR CHARGER AND MAINTAINER,Tridon 003483 Whitelaw Tooling Supplies,,,
MATSON BATTERY TERMINAL BOX OF 10,Tridon 003483 Whitelaw Tooling Supplies,,,
MATSON BATTERY TERMINAL BOX OF 100,Tridon 003483 Whitelaw Tooling Supplies,,,
MATSON TERMINAL BLISTER PACK OF 1,Tridon 003483 Whitelaw Tooling Supplies,,,
MATSON TERMINAL BLISTER PACK OF 2,Tridon 003483 Whitelaw Tooling Supplies,,,
MATSON BATTERY TERMINAL BOX OF 100,Tridon 003483 Whitelaw Tooling Supplies,,,
MATSON BATTERY TERMINAL BOX OF 5,Tridon 003483 Whitelaw Tooling Supplies,,,
MATSON TERMINAL BLISTER PACK OF 1,Tridon 003483 Whitelaw Tooling Supplies,,,
MATSON TERMINAL BLISTER PACK OF 2,Tridon 003483 Whitelaw Tooling Supplies,,,
MATSON CABLE JOINER 0000B&S 120MM2 PK10,Tridon 003483 Whitelaw Tooling Supplies,,,
MATSON CABLE JOINER 0000B&S 120MM2 PK100,Tridon 003483 Whitelaw Tooling Supplies,,,
MATSON BATTERY TERMINAL BOX OF 10,Tridon 003483 Whitelaw Tooling Supplies,,,
MATSON TERMINAL BLISTER PACK OF 2,Tridon 003483 Whitelaw Tooling Supplies,,,
MATSON BATTERY TERMINAL BOX OF 100,Tridon 003483 Whitelaw Tooling Supplies,,,
MATSON TERMINAL BLISTER PACK OF 2,Tridon 003483 Whitelaw Tooling Supplies,,,
MATSON BATTERY TERMINAL BOX OF 100,Tridon 003483 Whitelaw Tooling Supplies,,,
MATSON BATTERY TERMINAL BOX OF 5,Tridon 003483 Whitelaw Tooling Supplies,,,
MATSON BATTERY TERMINAL BOX OF 5,Tridon 003483 Whitelaw Tooling Supplies,,,
MATSON TERMINAL BLISTER PACK OF 1,Tridon 003483 Whitelaw Tooling Supplies,,,
MATSON BATTERY TERMINAL BOX OF 100,Tridon 003483 Whitelaw Tooling Supplies,,,
MATSON BATTERY TERMINAL BOX OF 5,Tridon 003483 Whitelaw Tooling Supplies,,,
MATSON BATTERY TERMINAL BOX OF 5,Tridon 003483 Whitelaw Tooling Supplies,,,
MATSON TERMINAL BLISTER PACK OF 1,Tridon 003483 Whitelaw Tooling Supplies,,,
MATSON BATTERY TERMINAL BOX OF 10,Tridon 003483 Whitelaw Tooling Supplies,,,
MATSON BATTERY TERMINAL BOX OF 100,Tridon 003483 Whitelaw Tooling Supplies,,,
MATSON TERMINAL BLISTER PACK OF 1,Tridon 003483 Whitelaw Tooling Supplies,,,
MATSON BATTERY TERMINAL BOX OF 10,Tridon 003483 Whitelaw Tooling Supplies,,,
MATSON BATTERY TERMINAL BOX OF 100,Tridon 003483 Whitelaw Tooling Supplies,,,
MATSON TERMINAL BLISTER PACK OF 1,Tridon 003483 Whitelaw Tooling Supplies,,,
MATSON BATTERY TERMINAL BOX 100,Tridon 003483 Whitelaw Tooling Supplies,,,
MATSON BATTERY TERMINAL BOX 5,Tridon 003483 Whitelaw Tooling Supplies,,,
MATSON BATTERY TERMINAL BOX 100,Tridon 003483 Whitelaw Tooling Supplies,,,
MATSON BATTERY TERMINAL BOX 5,Tridon 003483 Whitelaw Tooling Supplies,,,
MATSON BATTERY TERMINAL BOX OF 10,Tridon 003483 Whitelaw Tooling Supplies,,,
MATSON BATTERY TERMINAL BOX OF 100,Tridon 003483 Whitelaw Tooling Supplies,,,
MATSON TERMINAL BLISTER PACK OF 2,Tridon 003483 Whitelaw Tooling Supplies,,,
MATSON BATTERY TERMINAL BOX OF 100,Tridon 003483 Whitelaw Tooling Supplies,,,
MATSON TERMINAL BLISTER PACK OF 2,Tridon 003483 Whitelaw Tooling Supplies,,,
MATSON BATTERY TERMINAL BOX OF 100,Tridon 003483 Whitelaw Tooling Supplies,,,
MATSON BATTERY TERMINAL BOX OF 5,Tridon 003483 Whitelaw Tooling Supplies,,,
MATSON TERMINAL BLISTER PACK OF 1,Tridon 003483 Whitelaw Tooling Supplies,,,
MATSON BATTERY TERMINAL BOX OF 100,Tridon 003483 Whitelaw Tooling Supplies,,,
MATSON BATTERY TERMINAL BOX OF 5,Tridon 003483 Whitelaw Tooling Supplies,,,
MATSON TERMINAL BLISTER PACK OF 1,Tridon 003483 Whitelaw Tooling Supplies,,,
MATSON BATTERY TERMINAL BOX OF 10,Tridon 003483 Whitelaw Tooling Supplies,,,
MATSON BATTERY TERMINAL BOX OF 100,Tridon 003483 Whitelaw Tooling Supplies,,,
MATSON TERMINAL BLISTER PACK OF 1,Tridon 003483 Whitelaw Tooling Supplies,,,
MATSON BATTERY TERMINAL BOX OF 10,Tridon 003483 Whitelaw Tooling Supplies,,,
MATSON BATTERY TERMINAL BOX OF 100,Tridon 003483 Whitelaw Tooling Supplies,,,
MATSON TERMINAL BLISTER PACK OF 1,Tridon 003483 Whitelaw Tooling Supplies,,,
MATSON CABLE LUGS 1.5MM2 5MM HOLE 10PK,Tridon 003483 Whitelaw Tooling Supplies,,,
MATSON ACCESSORY TERMINAL TWIN POST,Tridon 003483 Whitelaw Tooling Supplies,,,
MATSON MA15 TERMINAL POST - NEGATIVE,Tridon 003483 Whitelaw Tooling Supplies,,,
MATSON MA15 TERMINAL POST - POSITIVE,Tridon 003483 Whitelaw Tooling Supplies,,,
MATSON CABLE LUGS 16MM2 10MM HOLE 10PK,Tridon 003483 Whitelaw Tooling Supplies,,,
MATSON CABLE LUGS 16MM2 10MM HOLE 100PK,Tridon 003483 Whitelaw Tooling Supplies,,,
MATSON CRIMP LUGS 16MM CABLE 10MM HOLE,Tridon 003483 Whitelaw Tooling Supplies,,,
MATSON CABLE LUGS 16MM2 6MM HOLE 10PK,Tridon 003483 Whitelaw Tooling Supplies,,,
MATSON CABLE LUGS 16MM2 6MM HOLE 100PK,Tridon 003483 Whitelaw Tooling Supplies,,,
MATSON CRIMP LUGS 16MM2 CABLE 6MM HOLE,Tridon 003483 Whitelaw Tooling Supplies,,,
MATSON CABLE LUGS 16MM2 8MM HOLE 10PK,Tridon 003483 Whitelaw Tooling Supplies,,,
MATSON CABLE LUGS 16MM2 8MM HOLE 100PK,Tridon 003483 Whitelaw Tooling Supplies,,,
MATSON CRIMP LUGS 16MM CABLE 8MM HOLE,Tridon 003483 Whitelaw Tooling Supplies,,,
MATSON CABLE LUGS 1.5MM2 6MM HOLE 10PK,Tridon 003483 Whitelaw Tooling Supplies,,,
JUMPER LEADS ANTI ZAP 2B&S 3M CLUB ASSIS,Tridon 003483 Whitelaw Tooling Supplies,,,
JUMPER LEADS ANTI ZAP 2B&S 5M CLUB ASSIS,Tridon 003483 Whitelaw Tooling Supplies,,,
JUMPER LEADS AZ 2B&S 5M CLUB ASS 350AND,Tridon 003483 Whitelaw Tooling Supplies,,,
MATSON COMMERCIAL BOOSTER CLAMPS 600AMP,Tridon 003483 Whitelaw Tooling Supplies,,,
MATSON 150 AMP FUSE TO SUIT MA17P,Tridon 003483 Whitelaw Tooling Supplies,,,
MATSON 30 AMP FUSE TO SUIT MA17P,Tridon 003483 Whitelaw Tooling Supplies,,,
MATSON 400 AMP FUSE TO SUIT MA17P,Tridon 003483 Whitelaw Tooling Supplies,,,
MATSON ACCESSORY TERMINAL FUSED POST,Tridon 003483 Whitelaw Tooling Supplies,,,
MATSON MOTORIST BOOSTER CLAMPS 400AMP,Tridon 003483 Whitelaw Tooling Supplies,,,
MATSON 12/24V ANTZAP SERVICE MINDER,Tridon 003483 Whitelaw Tooling Supplies,,,
MATSON LITHIUM JUMP STARTER 12V 21000MAH,Tridon 003483 Whitelaw Tooling Supplies,,,
MATSON MA21000 CHARGER,Tridon 003483 Whitelaw Tooling Supplies,,,
MATSON MA21000 LEADS,Tridon 003483 Whitelaw Tooling Supplies,,,
MATSON BATTERY TERMINAL BOX OF 100,Tridon 003483 Whitelaw Tooling Supplies,,,
MATSON 12V DC CHARGER WITH SOLAR 20A,Tridon 003483 Whitelaw Tooling Supplies,,,
MATSON BATTERY TERMINAL BOX OF 10,Tridon 003483 Whitelaw Tooling Supplies,,,
MATSON BATTERY TERMINAL BOX OF 100,Tridon 003483 Whitelaw Tooling Supplies,,,
MATSON BATTERY TERMINAL BOX OF 10,Tridon 003483 Whitelaw Tooling Supplies,,,
MATSON BATTERY TERMINAL BOX OF 100,Tridon 003483 Whitelaw Tooling Supplies,,,
MATSON H/D ANTIZAP PROTECTOR 12/24V,Tridon 003483 Whitelaw Tooling Supplies,,,
MATSON H/D ANTIZAP PROTECTOR 24 VOLT AND,Tridon 003483 Whitelaw Tooling Supplies,,,
MATSON FELT WASHERS 50 RED 50 GREEN BOX,Tridon 003483 Whitelaw Tooling Supplies,,,
MATSON BATTERY TERMINAL FELT WASHERS,Tridon 003483 Whitelaw Tooling Supplies,,,
MATSON COPPER LUG CRIMPER 6-50MM2,Tridon 003483 Whitelaw Tooling Supplies,,,
MATSON BATTERY ISOLATOR SWITCH,Tridon 003483 Whitelaw Tooling Supplies,,,
MATSON COPPER LUG CRIMPER 6-120MM2,Tridon 003483 Whitelaw Tooling Supplies,,,
MATSON BATTERY TERMINAL ISOLATOR,Tridon 003483 Whitelaw Tooling Supplies,,,
MATSON HYDRAULIC CRIMPER 16-300MM2,Tridon 003483 Whitelaw Tooling Supplies,,,
MATSON MA2330 HYDRAULIC CRIMPER DIE SET,Tridon 003483 Whitelaw Tooling Supplies,,,
MATSON HYDRAULIC CRIMPER 4-70MM2,Tridon 003483 Whitelaw Tooling Supplies,,,
MATSON MA2340 HYDRAULIC CRIMPER DIE SET,Tridon 003483 Whitelaw Tooling Supplies,,,
MATSON MECHANICAL INDENT CRIMPER,Tridon 003483 Whitelaw Tooling Supplies,,,
MATSON HAND CRIMPING TOOL 1.25-16MM2,Tridon 003483 Whitelaw Tooling Supplies,,,
MATSON ANDERSON PLUG 50 AMP PAIR,Tridon 003483 Whitelaw Tooling Supplies,,,
MATSON ANDERSON PLUG COVER 50AMP RED,Tridon 003483 Whitelaw Tooling Supplies,,,
MATSON ANDERSON PLUG 50AMP BULK PACK 126,Tridon 003483 Whitelaw Tooling Supplies,,,
MATSON ANDERSON HANDLE 50 AMP,Tridon 003483 Whitelaw Tooling Supplies,,,
MATSON ANDERSON PLUG 50 AMP - BLACK,Tridon 003483 Whitelaw Tooling Supplies,,,
MATSON ANDERSON PLUG 50 AMP - BLUE,Tridon 003483 Whitelaw Tooling Supplies,,,
MATSON ANDERSON PLUG 50 AMP - GREEN,Tridon 003483 Whitelaw Tooling Supplies,,,
MATSON ANDERSON LUG 50AMP BOX 10,Tridon 003483 Whitelaw Tooling Supplies,,,
MATSON ANDERSON LUG 50AMP BOX 100,Tridon 003483 Whitelaw Tooling Supplies,,,
MATSON ANDERSON LUG 50AMP PAIR,Tridon 003483 Whitelaw Tooling Supplies,,,
MATSON ANDERSON PLUG 50 AMP - RED,Tridon 003483 Whitelaw Tooling Supplies,,,
MATSON ANDERSON PLUG 50 AMP - YELLOW,Tridon 003483 Whitelaw Tooling Supplies,,,
MATSON ANDERSON PLUG 175 AMP,Tridon 003483 Whitelaw Tooling Supplies,,,
MATSON ANDERSON PLUG COVER 175AMP RED,Tridon 003483 Whitelaw Tooling Supplies,,,
MATSON ANDERSON PLUG HANDLE 175AMP GREY,Tridon 003483 Whitelaw Tooling Supplies,,,
MATSON ANDERSON PLUG 175AMP BULK PACK 44,Tridon 003483 Whitelaw Tooling Supplies,,,
MATSON ANDERSON LUG 175AMP BOX 10,Tridon 003483 Whitelaw Tooling Supplies,,,
MATSON ANDERSON LUG 175AMP BOX 100,Tridon 003483 Whitelaw Tooling Supplies,,,
MATSON ANDERSON LUG 175AMP PAIR,Tridon 003483 Whitelaw Tooling Supplies,,,
MATSON ANDERSON PLUG 350AMP,Tridon 003483 Whitelaw Tooling Supplies,,,
MATSON ANDERSON PLUG COVER 350AMP RED,Tridon 003483 Whitelaw Tooling Supplies,,,
MATSON ANDERSON HANDLE 350AMP GREY,Tridon 003483 Whitelaw Tooling Supplies,,,
MATSON ANDERSON LUG 350AMP BOX 10,Tridon 003483 Whitelaw Tooling Supplies,,,
MATSON ANDERSON LUG 350AMP BOX 100,Tridon 003483 Whitelaw Tooling Supplies,,,
MATSON ANDERSON LUG 350AMP PAIR,Tridon 003483 Whitelaw Tooling Supplies,,,
MATSON BATTERY TERMINAL BOX OF 10,Tridon 003483 Whitelaw Tooling Supplies,,,
MATSON BATTERY TERMINAL BOX OF 100,Tridon 003483 Whitelaw Tooling Supplies,,,
MATSON CABLE LUGS 25MM2 10MM HOLE 10PK,Tridon 003483 Whitelaw Tooling Supplies,,,
MATSON CABLE LUGS 25MM2 10MM HOLE 100PK,Tridon 003483 Whitelaw Tooling Supplies,,,
MATSON CRIMP LUGS 25MM CABLE 10MM HOLE,Tridon 003483 Whitelaw Tooling Supplies,,,
JUMPER LEADS ANTI ZAP 25MM2 4M,Tridon 003483 Whitelaw Tooling Supplies,,,
MATSON CABLE LUGS 25MM2 6MM HOLE 10PK,Tridon 003483 Whitelaw Tooling Supplies,,,
MATSON CABLE LUGS 25MM2 6MM HOLE 100PK,Tridon 003483 Whitelaw Tooling Supplies,,,
MATSON CRIMP LUGS 25MM2 CABLE 6MM HOLE,Tridon 003483 Whitelaw Tooling Supplies,,,
MATSON CABLE LUGS 25MM2 8MM HOLE 10PK,Tridon 003483 Whitelaw Tooling Supplies,,,
MATSON CABLE LUGS 25MM2 8MM HOLE 100PK,Tridon 003483 Whitelaw Tooling Supplies,,,
MATSON CRIMP LUGS 25MM CABLE 8MM HOLE,Tridon 003483 Whitelaw Tooling Supplies,,,
MATSON CABLE LUGS 2.5MM2 5MM HOLE 10PK,Tridon 003483 Whitelaw Tooling Supplies,,,
MATSON CABLE LUGS 2.5MM2 6MM HOLE 10PK,Tridon 003483 Whitelaw Tooling Supplies,,,
MATSON BATTERY TERMINAL BOX OF 100 MA23P,Tridon 003483 Whitelaw Tooling Supplies,,,
MATSON BATTERY TERMINAL BOX OF 10,Tridon 003483 Whitelaw Tooling Supplies,,,
MATSON BATTERY TERMINAL BOX OF 100 MA23N,Tridon 003483 Whitelaw Tooling Supplies,,,
MATSON BATTERY TERMINAL BOX OF 10,Tridon 003483 Whitelaw Tooling Supplies,,,
MATSON BATTERY TERMINAL BOX OF 100,Tridon 003483 Whitelaw Tooling Supplies,,,
MATSON TERMINAL BLISTER PACK OF 1,Tridon 003483 Whitelaw Tooling Supplies,,,
MATSON TERMINAL BLISTER PACK OF 2,Tridon 003483 Whitelaw Tooling Supplies,,,
MATSON BATTERY TERMINAL BOX OF 100,Tridon 003483 Whitelaw Tooling Supplies,,,
MATSON BATTERY TERMINAL BOX OF 5,Tridon 003483 Whitelaw Tooling Supplies,,,
MATSON TERMINAL BLISTER PACK OF 1,Tridon 003483 Whitelaw Tooling Supplies,,,
MATSON TERMINAL BLISTER PACK OF 2,Tridon 003483 Whitelaw Tooling Supplies,,,
MATSON BATTERY TERMINAL BOX OF 10,Tridon 003483 Whitelaw Tooling Supplies,,,
MATSON TERMINAL BLISTER PACK OF 2,Tridon 003483 Whitelaw Tooling Supplies,,,
JUMP STARTER 12/24V 3400AMP 1000CCA,Tridon 003483 Whitelaw Tooling Supplies,,,
MATSON BATTERY MA1700/3400 RA1700/3400,Tridon 003483 Whitelaw Tooling Supplies,,,
MATSON 12/24V LITHIUM JUMP STARTER,Tridon 003483 Whitelaw Tooling Supplies,,,
MATSON JUMP PACK CHARGER,Tridon 003483 Whitelaw Tooling Supplies,,,
MATSON CABLE LUGS 35MM2 10MM HOLE 10PK,Tridon 003483 Whitelaw Tooling Supplies,,,
MATSON CABLE LUGS 35MM2 10MM HOLE 100PK,Tridon 003483 Whitelaw Tooling Supplies,,,
MATSON CRIMP LUGS 35MM CABLE 10MM HOLE,Tridon 003483 Whitelaw Tooling Supplies,,,
MATSON CABLE LUGS 35MM2 12MM HOLE 10PK,Tridon 003483 Whitelaw Tooling Supplies,,,
MATSON CABLE LUGS 35MM2 12MM HOLE 100PK,Tridon 003483 Whitelaw Tooling Supplies,,,
MATSON CRIMP LUGS 35MM CABLE 12MM HOLE,Tridon 003483 Whitelaw Tooling Supplies,,,
MATSON JUMPER LEADS 35MM2 4M,Tridon 003483 Whitelaw Tooling Supplies,,,
JUMPER LEADS ANTI ZAP 35MM2 4M,Tridon 003483 Whitelaw Tooling Supplies,,,
MATSON CABLE LUGS 35MM2 6MM HOLE 10PK,Tridon 003483 Whitelaw Tooling Supplies,,,
MATSON CABLE LUGS 35MM2 6MM HOLE 100PK,Tridon 003483 Whitelaw Tooling Supplies,,,
MATSON CRIMP LUGS 35MM2 CABLE 6MM HOLE,Tridon 003483 Whitelaw Tooling Supplies,,,
MATSON CABLE LUGS 35MM2 8MM HOLE 10PK,Tridon 003483 Whitelaw Tooling Supplies,,,
MATSON CABLE LUGS 35MM2 8MM HOLE 100PK,Tridon 003483 Whitelaw Tooling Supplies,,,
MATSON CRIMP LUGS 35MM CABLE 8MM HOLE,Tridon 003483 Whitelaw Tooling Supplies,,,
MATSON BATTERY TERMINAL BOX OF 10,Tridon 003483 Whitelaw Tooling Supplies,,,
MATSON BATTERY TERMINAL BOX OF 100,Tridon 003483 Whitelaw Tooling Supplies,,,
MATSON TERMINAL BLISTER PACK OF 2,Tridon 003483 Whitelaw Tooling Supplies,,,
MATSON BATTERY TERMINAL BOX OF 10,Tridon 003483 Whitelaw Tooling Supplies,,,
MATSON BATTERY TERMINAL BOX OF 100,Tridon 003483 Whitelaw Tooling Supplies,,,
MATSON TERMINAL BLISTER PACK OF 1,Tridon 003483 Whitelaw Tooling Supplies,,,
MATSON BATTERY TERMINAL BOX OF 10,Tridon 003483 Whitelaw Tooling Supplies,,,
MATSON BATTERY TERMINAL BOX OF 100,Tridon 003483 Whitelaw Tooling Supplies,,,
MATSON TERMINAL BLISTER PACK OF 1,Tridon 003483 Whitelaw Tooling Supplies,,,
MATSON BATTERY TERMINAL BOX OF 10,Tridon 003483 Whitelaw Tooling Supplies,,,
MATSON TERMINAL BLISTER PACK OF 2,Tridon 003483 Whitelaw Tooling Supplies,,,
MATSON BATTERY TERMINAL BOX OF 10,Tridon 003483 Whitelaw Tooling Supplies,,,
MATSON BATTERY TERMINAL BOX OF 100,Tridon 003483 Whitelaw Tooling Supplies,,,
MATSON TERMINAL BLISTER PACK OF 1,Tridon 003483 Whitelaw Tooling Supplies,,,
MATSON BATTERY TERMINAL BOX OF 10,Tridon 003483 Whitelaw Tooling Supplies,,,
MATSON BATTERY TERMINAL BOX OF 100,Tridon 003483 Whitelaw Tooling Supplies,,,
MATSON TERMINAL BLISTER PACK OF 1,Tridon 003483 Whitelaw Tooling Supplies,,,
MATSON 12V DC CHARGER WITH SOLAR 40A,Tridon 003483 Whitelaw Tooling Supplies,,,
MATSON BATTERY TERMINAL BOX OF 10,Tridon 003483 Whitelaw Tooling Supplies,,,
MATSON BATTERY TERMINAL BOX OF 100,Tridon 003483 Whitelaw Tooling Supplies,,,
MATSON BATTERY TERMINAL BOX OF 10,Tridon 003483 Whitelaw Tooling Supplies,,,
MATSON BATTERY TERMINAL BOX OF 100,Tridon 003483 Whitelaw Tooling Supplies,,,
MATSON BATTERY TERMINAL BOX OF 5,Tridon 003483 Whitelaw Tooling Supplies,,,
MATSON CABLE LUGS 4MM2 6MM HOLE 10PK,Tridon 003483 Whitelaw Tooling Supplies,,,
MATSON CABLE LUGS 4MM2 8MM HOLE 10PK,Tridon 003483 Whitelaw Tooling Supplies,,,
MATSON CABLE LUGS 4MM2 8MM HOLE 100PK,Tridon 003483 Whitelaw Tooling Supplies,,,
MATSON 4 IN 1 CHARGER 12-48V 15-30AMP,Tridon 003483 Whitelaw Tooling Supplies,,,
MATSON CABLE LUGS 50MM2 10MM HOLE 10PK,Tridon 003483 Whitelaw Tooling Supplies,,,
MATSON CABLE LUGS 50MM2 10MM HOLE 100PK,Tridon 003483 Whitelaw Tooling Supplies,,,
MATSON CRIMP LUGS 50MM CABLE 10MM HOLE,Tridon 003483 Whitelaw Tooling Supplies,,,
MATSON CABLE LUGS 50MM2 12MM HOLE 10PK,Tridon 003483 Whitelaw Tooling Supplies,,,
MATSON CABLE LUGS 50MM2 12MM HOLE 100PK,Tridon 003483 Whitelaw Tooling Supplies,,,
MATSON CRIMP LUGS 50MM CABLE 12MM HOLE,Tridon 003483 Whitelaw Tooling Supplies,,,
JUMPER LEADS ANTI ZAP 50MM2 4M,Tridon 003483 Whitelaw Tooling Supplies,,,
JUMPER LEADS ANTI ZAP 50MM2 6M ORANGE,Tridon 003483 Whitelaw Tooling Supplies,,,
MATSON CABLE LUGS 50MM2 6MM HOLE 10PK,Tridon 003483 Whitelaw Tooling Supplies,,,
MATSON CRIMP LUGS 50MM2 CABLE 6MM HOLE,Tridon 003483 Whitelaw Tooling Supplies,,,
MATSON CABLE LUGS 50MM2 8MM HOLE 10PK,Tridon 003483 Whitelaw Tooling Supplies,,,
MATSON CABLE LUGS 50MM2 8MM HOLE 100PK,Tridon 003483 Whitelaw Tooling Supplies,,,
MATSON CRIMP LUGS 50MM CABLE 8MM HOLE,Tridon 003483 Whitelaw Tooling Supplies,,,
MATSON CABLE JOINER 0B&S 50MM2 PK10,Tridon 003483 Whitelaw Tooling Supplies,,,
MATSON CABLE JOINER 0B&S 50MM2 PK100,Tridon 003483 Whitelaw Tooling Supplies,,,
MATSON BATTERY HD WIRE TERMINAL BRUSH,Tridon 003483 Whitelaw Tooling Supplies,,,
MATSON BATTERY TERMINAL BOX OF 10,Tridon 003483 Whitelaw Tooling Supplies,,,
MATSON BATTERY TERMINAL BOX OF 100,Tridon 003483 Whitelaw Tooling Supplies,,,
MATSON BATTERY CHARGER 6/12/24V,Tridon 003483 Whitelaw Tooling Supplies,,,
JUMPER LEADS ANTI ZAP 65MM2 4M,Tridon 003483 Whitelaw Tooling Supplies,,,
MATSON CABLE JOINER 00B&S 65MM2 PK10,Tridon 003483 Whitelaw Tooling Supplies,,,
MATSON CABLE JOINER 00B&S 65MM2 PK100,Tridon 003483 Whitelaw Tooling Supplies,,,
MATSON CABLE LUGS 6MM2 6MM HOLE 10PK,Tridon 003483 Whitelaw Tooling Supplies,,,
MATSON CRIMP LUGS 6MM2 CABLE 6MM HOLE,Tridon 003483 Whitelaw Tooling Supplies,,,
MATSON CABLE LUGS 6MM2 8MM HOLE 10PK,Tridon 003483 Whitelaw Tooling Supplies,,,
MATSON CRIMP LUGS 6MM2 CABLE 8MM HOLE,Tridon 003483 Whitelaw Tooling Supplies,,,
MATSON NUT BOLT 1 1/4 X 5/16 BOX OF 10,Tridon 003483 Whitelaw Tooling Supplies,,,
MATSON NUT BOLT 1 1/4 X 5/16 BOX OF 50,Tridon 003483 Whitelaw Tooling Supplies,,,
MATSON CABLE LUGS 70MM2 10MM HOLE 10PK,Tridon 003483 Whitelaw Tooling Supplies,,,
MATSON CABLE LUGS 70MM2 10MM HOLE 100PK,Tridon 003483 Whitelaw Tooling Supplies,,,
MATSON CRIMP LUGS 70MM CABLE 10MM HOLE,Tridon 003483 Whitelaw Tooling Supplies,,,
MATSON CABLE LUGS 70MM2 12MM HOLE 10PK,Tridon 003483 Whitelaw Tooling Supplies,,,
MATSON CABLE LUGS 70MM2 12MM HOLE 100PK,Tridon 003483 Whitelaw Tooling Supplies,,,
MATSON CRIMP LUGS 70MM CABLE 12MM HOLE,Tridon 003483 Whitelaw Tooling Supplies,,,
MATSON CABLE LUGS 70MM2 8MM HOLE 10PK,Tridon 003483 Whitelaw Tooling Supplies,,,
MATSON CRIMP LUGS 70MM CABLE 8MM HOLE,Tridon 003483 Whitelaw Tooling Supplies,,,
MATSON 12/24V THUNDERBOLT JUMP PACK,Tridon 003483 Whitelaw Tooling Supplies,,,
MATSON BATTERY SUITS MA8000,Tridon 003483 Whitelaw Tooling Supplies,,,
MATSON MA8000 CLAMP CABLE SET,Tridon 003483 Whitelaw Tooling Supplies,,,
MATSON MA8000 FUSE 300A,Tridon 003483 Whitelaw Tooling Supplies,,,
MA8000 JUMP STARTER FUSE HOLDER SET,Tridon 003483 Whitelaw Tooling Supplies,,,
MATSON MA8000 SWITCH SET,Tridon 003483 Whitelaw Tooling Supplies,,,
MATSON MA8000 WHEELS AND AXLE SET,Tridon 003483 Whitelaw Tooling Supplies,,,
MATSON TERMINAL COVER BLACK 50 PACK,Tridon 003483 Whitelaw Tooling Supplies,,,
MATSON END ENTRY TERMINAL COVER PAIR,Tridon 003483 Whitelaw Tooling Supplies,,,
MATSON TERMINAL COVER RED 50 PACK,Tridon 003483 Whitelaw Tooling Supplies,,,
MATSON TERMINAL COVER BLUE 50 PACK,Tridon 003483 Whitelaw Tooling Supplies,,,
SMART JUMP LEADS SPARE,Tridon 003483 Whitelaw Tooling Supplies,,,
MATSON CABLE LUGS 95MM2 10MM HOLE 10PK,Tridon 003483 Whitelaw Tooling Supplies,,,
MATSON CABLE LUGS 95MM2 10MM HOLE 100PK,Tridon 003483 Whitelaw Tooling Supplies,,,
MATSON CRIMP LUGS 95MM CABLE 10MM HOLE,Tridon 003483 Whitelaw Tooling Supplies,,,
MATSON CABLE LUGS 95MM2 12MM HOLE 10PK,Tridon 003483 Whitelaw Tooling Supplies,,,
MATSON CABLE LUGS 95MM2 12MM HOLE 100PK,Tridon 003483 Whitelaw Tooling Supplies,,,
MATSON CRIMP LUGS 95MM CABLE 12MM HOLE,Tridon 003483 Whitelaw Tooling Supplies,,,
MATSON CABLE JOINER 000B&S 95MM2 PK10,Tridon 003483 Whitelaw Tooling Supplies,,,
MATSON CABLE JOINER 000B&S 95MM2 PK100,Tridon 003483 Whitelaw Tooling Supplies,,,
MATSON BATTERY HOLD DOWN CLAMP 5 INCH,Tridon 003483 Whitelaw Tooling Supplies,,,
MATSON BATTERY HOLD DOWN CLAMP 7 INCH,Tridon 003483 Whitelaw Tooling Supplies,,,
MATSON BATTERY HOLD DOWN BOLTS 10 INCH,Tridon 003483 Whitelaw Tooling Supplies,,,
MATSON BATTERY HOLD DOWN CLAMP ADJUST,Tridon 003483 Whitelaw Tooling Supplies,,,
MATSON BATTERY FILLER WITH SPOUT,Tridon 003483 Whitelaw Tooling Supplies,,,
MATSON BATTERY TRAY SMALL STEEL,Tridon 003483 Whitelaw Tooling Supplies,,,
MATSON BATTERY TRAY LARGE STEEL,Tridon 003483 Whitelaw Tooling Supplies,,,
MATSON BATTERY BOX SMALL,Tridon 003483 Whitelaw Tooling Supplies,,,
MATSON BATTERY BOX MEDIUM,Tridon 003483 Whitelaw Tooling Supplies,,,
MATSON BATTERY BOX LARGE,Tridon 003483 Whitelaw Tooling Supplies,,,
MATSON POWER BATTERY BOX,Tridon 003483 Whitelaw Tooling Supplies,,,
MATSON BATTERY TERMINAL PULLER,Tridon 003483 Whitelaw Tooling Supplies,,,
MATSON POWER BATTERY BOX,Tridon 003483 Whitelaw Tooling Supplies,,,
MATSON BATTERY TERMINAL SPREADER PLIER,Tridon 003483 Whitelaw Tooling Supplies,,,
MATSON BATTERY TERMINAL & POST CLEANER,Tridon 003483 Whitelaw Tooling Supplies,,,
MATSON BATTERY HOLD DOWN BOLTS 8 INCH,Tridon 003483 Whitelaw Tooling Supplies,,,
MATSON BATTERY HYDROMETER,Tridon 003483 Whitelaw Tooling Supplies,,,
MATSON BATTERY CLAMPS 12V 50AMP,Tridon 003483 Whitelaw Tooling Supplies,,,
MATSON BATTERY CLAMPS 12V 75AMP,Tridon 003483 Whitelaw Tooling Supplies,,,
MATSON JUMPER LEAD ANTIZAP UPGRADE,Tridon 003483 Whitelaw Tooling Supplies,,,
MATSON BATTERY MASTER SWITCH,Tridon 003483 Whitelaw Tooling Supplies,,,
MATSON 4 POSITION BATTERY MASTER SWITCH,Tridon 003483 Whitelaw Tooling Supplies,,,
MATSON VSR PARALLEL SWITCH LOW VOLTAGE,Tridon 003483 Whitelaw Tooling Supplies,,,
MATSON DUAL USB CAR CHARGER ADAPTOR,Tridon 003483 Whitelaw Tooling Supplies,,,
MATSON BLUETOOTH VEHICLE MONITOR,Tridon 003483 Whitelaw Tooling Supplies,,,
MATSON BLUETOOTH MULTI BATTERY MONITOR,Tridon 003483 Whitelaw Tooling Supplies,,,
MATSON BATTERY MONITOR LED,Tridon 003483 Whitelaw Tooling Supplies,,,
MATSON DUAL BATTERY KIT VSR SW,Tridon 003483 Whitelaw Tooling Supplies,,,
MATSON MA40DCS WITH BONUS MA98415,Tridon 003483 Whitelaw Tooling Supplies,,,
MATSON MA21000 WITH BONUS MA98415,Tridon 003483 Whitelaw Tooling Supplies,,,
MATSON MA21000 WITH BONUS EARBUDS,Tridon 003483 Whitelaw Tooling Supplies,,,
MATSON TERMINAL ASSORTMENT PACK OF 50,Tridon 003483 Whitelaw Tooling Supplies,,,
MATSON CHARGER PROFESSIONAL JUMP PACKS,Tridon 003483 Whitelaw Tooling Supplies,,,
MATSON ACCESSORY CABLE,Tridon 003483 Whitelaw Tooling Supplies,,,
MATSON ACCESSORY CABLE,Tridon 003483 Whitelaw Tooling Supplies,,,
MATSON ACCESSORY CABLE,Tridon 003483 Whitelaw Tooling Supplies,,,
MATSON ACCESSORY CABLE,Tridon 003483 Whitelaw Tooling Supplies,,,
MATSON ACCESSORY CABLE,Tridon 003483 Whitelaw Tooling Supplies,,,
MATSON ACCESSORY CABLE,Tridon 003483 Whitelaw Tooling Supplies,,,
MATSON ACCESSORY CABLE,Tridon 003483 Whitelaw Tooling Supplies,,,
MATSON ACCESSORY CABLE,Tridon 003483 Whitelaw Tooling Supplies,,,
MATSON ACCESSORY CABLE,Tridon 003483 Whitelaw Tooling Supplies,,,
MATSON ACCESSORY CABLE,Tridon 003483 Whitelaw Tooling Supplies,,,
MATSON ACCESSORY CABLE,Tridon 003483 Whitelaw Tooling Supplies,,,
MATSON ACCESSORY CABLE,Tridon 003483 Whitelaw Tooling Supplies,,,
MATSON ACCESSORY CABLE,Tridon 003483 Whitelaw Tooling Supplies,,,
MATSON ACCESSORY CABLE,Tridon 003483 Whitelaw Tooling Supplies,,,
MATSON BATTTERY LUG PACK ASSORT QTY 150,Tridon 003483 Whitelaw Tooling Supplies,,,
MATSON BATTTERY LUG PACK ASSORT QTY 75,Tridon 003483 Whitelaw Tooling Supplies,,,
TRIDON CLAMP S/S 6-16 MM BOX OF 500,Tridon 003483 Whitelaw Tooling Supplies,,,
TRIDON CLAMP S/S 6-16MM,Tridon 003483 Whitelaw Tooling Supplies,,,
TRIDON CLAMP S/S 6-16MM CARDED BOX OF 10,Tridon 003483 Whitelaw Tooling Supplies,,,
TRIDON CLAMP S/S 6-16 MM,Tridon 003483 Whitelaw Tooling Supplies,,,
TRIDON REFILL FOR MERCHANDISER MAH004,Tridon 003483 Whitelaw Tooling Supplies,,,
TRIDON CLAMP S/S 11-18 MM BOX OF 500,Tridon 003483 Whitelaw Tooling Supplies,,,
TRIDON CLAMP S/S 11-18MM,Tridon 003483 Whitelaw Tooling Supplies,,,
CLAMP S/S 11-18 MM CARDED BOX OF 10,Tridon 003483 Whitelaw Tooling Supplies,,,
TRIDON CLAMP S/S 11-18 MM,Tridon 003483 Whitelaw Tooling Supplies,,,
TRIDON REFILL FOR MERCHANDISER MAH005,Tridon 003483 Whitelaw Tooling Supplies,,,
TRIDON CLAMP S/S 11-22 MM BOX OF 500,Tridon 003483 Whitelaw Tooling Supplies,,,
TRIDON CLAMP S/S 11-22 MM,Tridon 003483 Whitelaw Tooling Supplies,,,
CLAMP S/S 11-22 MM CARDED BOX OF 10,Tridon 003483 Whitelaw Tooling Supplies,,,
TRIDON CLAMP S/S 11-22 MM,Tridon 003483 Whitelaw Tooling Supplies,,,
TRIDON REFILL FOR MERCHANDISER MAH006,Tridon 003483 Whitelaw Tooling Supplies,,,
TRIDON CLAMP 13-25 MM BOX OF 500,Tridon 003483 Whitelaw Tooling Supplies,,,
TRIDON CLAMP S/S 13-25 MM,Tridon 003483 Whitelaw Tooling Supplies,,,
TRIDON CLAMP 14-27 MM BOX OF 500,Tridon 003483 Whitelaw Tooling Supplies,,,
TRIDON CLAMP S/S 14-27 MM,Tridon 003483 Whitelaw Tooling Supplies,,,
TRIDON CLAMP 17-32 MM BOX OF 500,Tridon 003483 Whitelaw Tooling Supplies,,,
TRIDON CLAMP S/S 17-32 MM,Tridon 003483 Whitelaw Tooling Supplies,,,
TRIDON CLAMP 18-38MM BOX OF 500,Tridon 003483 Whitelaw Tooling Supplies,,,
TRIDON CLAMP S/S 18-38 MM,Tridon 003483 Whitelaw Tooling Supplies,,,
TRIDON CLAMP 22-45MM BOX OF 500,Tridon 003483 Whitelaw Tooling Supplies,,,
TRIDON CLAMP S/S 22-45 MM,Tridon 003483 Whitelaw Tooling Supplies,,,
TRIDON CLAMP 33-51MM BOX OF 500,Tridon 003483 Whitelaw Tooling Supplies,,,
TRIDON CLAMP S/S 33-51 MM,Tridon 003483 Whitelaw Tooling Supplies,,,
TRIDON CLAMP 40-57MM BOX OF 500,Tridon 003483 Whitelaw Tooling Supplies,,,
TRIDON CLAMP S/S 40-57 MM,Tridon 003483 Whitelaw Tooling Supplies,,,
TRIDON CLAMP 46-64MM BOX OF 500,Tridon 003483 Whitelaw Tooling Supplies,,,
TRIDON CLAMP 46-64MM,Tridon 003483 Whitelaw Tooling Supplies,,,
TRIDON CLAMP 52-70MM BOX OF 300,Tridon 003483 Whitelaw Tooling Supplies,,,
TRIDON CLAMP 52-70MM,Tridon 003483 Whitelaw Tooling Supplies,,,
TRIDON CLAMP 59-76MM BOX OF 300,Tridon 003483 Whitelaw Tooling Supplies,,,
TRIDON CLAMP S/S 59-76 MM,Tridon 003483 Whitelaw Tooling Supplies,,,
MATSON 1000W PURE SINE INVERTER,Tridon 003483 Whitelaw Tooling Supplies,,,
MATSON 1100WATT MODIFIED SINE INVERTER,Tridon 003483 Whitelaw Tooling Supplies,,,
MATSON 1500W PURE SINE INVERTER,Tridon 003483 Whitelaw Tooling Supplies,,,
MATSON 2000W PURE SINE INVERTER,Tridon 003483 Whitelaw Tooling Supplies,,,
MATSON 3000W PURE SINE INVERTER,Tridon 003483 Whitelaw Tooling Supplies,,,
MATSON 300W PURE SINE INVERTER,Tridon 003483 Whitelaw Tooling Supplies,,,
MATSON PURE SINE INVERTER REMOTE,Tridon 003483 Whitelaw Tooling Supplies,,,
MATSON 600W PURE SINE INVERTER,Tridon 003483 Whitelaw Tooling Supplies,,,
MATSON LED BATTERY VOLTMETER,Tridon 003483 Whitelaw Tooling Supplies,,,
BATTERY ACCESSORY MERCHANDISER,Tridon 003483 Whitelaw Tooling Supplies,,,
MATSON BATTERY MANAGEMENT MERCHANDISER,Tridon 003483 Whitelaw Tooling Supplies,,,
MATSON BATTERY MANAGEMENT MERCHANDISER,Tridon 003483 Whitelaw Tooling Supplies,,,
MATSON BATTERY MANAGEMENT MERCH,Tridon 003483 Whitelaw Tooling Supplies,,,
MATSON BATTERY MANAGEMENT MERCHANDISER,Tridon 003483 Whitelaw Tooling Supplies,,,
MATSON BATTERY ACCESSORY MERCHANDISER,Tridon 003483 Whitelaw Tooling Supplies,,,
MATSON BATTERY ACCESSORY MERCHANDISER,Tridon 003483 Whitelaw Tooling Supplies,,,
MATSON BATTERY ACCESSORY MERCHANDISER,Tridon 003483 Whitelaw Tooling Supplies,,,
MATSON BATTERY ACCESSORY MERCHANDISER,Tridon 003483 Whitelaw Tooling Supplies,,,
MATSON COUNTER TOP MERCH MA98414,Tridon 003483 Whitelaw Tooling Supplies,,,
MATSON ACCESSORY MERCHANDISER,Tridon 003483 Whitelaw Tooling Supplies,,,
MATSON COUNTERTOP MERCH MA98415,Tridon 003483 Whitelaw Tooling Supplies,,,
MATSON BATTERY ACCESSORY MERCHANDISER,Tridon 003483 Whitelaw Tooling Supplies,,,
MATSON BATTERY ELECTRICAL MERCHANDISER,Tridon 003483 Whitelaw Tooling Supplies,,,
BATTERY CABLE MERCHANDISER,Tridon 003483 Whitelaw Tooling Supplies,,,
BATTERY TERMINAL MERCHANDISER,Tridon 003483 Whitelaw Tooling Supplies,,,
MATSON PORTABLE POWER STATION 300 WATT,Tridon 003483 Whitelaw Tooling Supplies,,,
240V CHARGER FOR MAPP300,Tridon 003483 Whitelaw Tooling Supplies,,,
MATSON POWER STATION DC CHARGING 2.5M,Tridon 003483 Whitelaw Tooling Supplies,,,
JUMPER LEADS ANTI ZAP 10MM2 2.4M,Tridon 003483 Whitelaw Tooling Supplies,,,
MATSON 00 B&S CABLE BLACK (100M),Tridon 003483 Whitelaw Tooling Supplies,,,
MATSON 00 B&S CABLE BLACK (30M),Tridon 003483 Whitelaw Tooling Supplies,,,
MATSON 00 B&S CABLE RED (100M),Tridon 003483 Whitelaw Tooling Supplies,,,
MATSON 00 B&S CABLE RED (30M),Tridon 003483 Whitelaw Tooling Supplies,,,
MATSON 0 B&S CABLE BLACK (100M),Tridon 003483 Whitelaw Tooling Supplies,,,
MATSON 0 B&S CABLE BLACK (30M),Tridon 003483 Whitelaw Tooling Supplies,,,
MATSON 0 B&S CABLE RED (100M),Tridon 003483 Whitelaw Tooling Supplies,,,
MATSON 0 B&S CABLE RED (30M),Tridon 003483 Whitelaw Tooling Supplies,,,
MATSON 1 B&S CABLE BLACK (30M),Tridon 003483 Whitelaw Tooling Supplies,,,
MATSON 1 B&S RED CABLE (30M),Tridon 003483 Whitelaw Tooling Supplies,,,
MATSON 2 B&S CABLE BLACK (100M),Tridon 003483 Whitelaw Tooling Supplies,,,
MATSON 2 B&S CABLE BLACK (30M),Tridon 003483 Whitelaw Tooling Supplies,,,
MATSON 2 B&S CABLE BLUE (30M),Tridon 003483 Whitelaw Tooling Supplies,,,
MATSON 2 B&S CABLE BLACK MARINE  (30M),Tridon 003483 Whitelaw Tooling Supplies,,,
MATSON 2 B&S CABLE RED (100M),Tridon 003483 Whitelaw Tooling Supplies,,,
MATSON 2 B&S CABLE RED (30M),Tridon 003483 Whitelaw Tooling Supplies,,,
MATSON 3 B&S CABLE BLACK (100M),Tridon 003483 Whitelaw Tooling Supplies,,,
MATSON 3 B&S CABLE BLACK (30M),Tridon 003483 Whitelaw Tooling Supplies,,,
MATSON 3 B&S CABLE RED (100M),Tridon 003483 Whitelaw Tooling Supplies,,,
MATSON 3 B&S CABLE RED (30M),Tridon 003483 Whitelaw Tooling Supplies,,,
MATSON 4 B&S CABLE BLACK (100M),Tridon 003483 Whitelaw Tooling Supplies,,,
MATSON 4 B&S CABLE BLACK (30M),Tridon 003483 Whitelaw Tooling Supplies,,,
MATSON 4 B&S CABLE RED (100M),Tridon 003483 Whitelaw Tooling Supplies,,,
MATSON 4 B&S CABLE RED (30M),Tridon 003483 Whitelaw Tooling Supplies,,,
MATSON 6 B&S CABLE BLACK (100M),Tridon 003483 Whitelaw Tooling Supplies,,,
MATSON 6 B&S CABLE BLACK (30M),Tridon 003483 Whitelaw Tooling Supplies,,,
MATSON 6 B&S CABLE RED (100M),Tridon 003483 Whitelaw Tooling Supplies,,,
MATSON 6 B&S CABLE RED (30M),Tridon 003483 Whitelaw Tooling Supplies,,,
MATSON 8 B&S CABLE BLACK (100M),Tridon 003483 Whitelaw Tooling Supplies,,,
MATSON 8 B&S CABLE BLACK (30M),Tridon 003483 Whitelaw Tooling Supplies,,,
MATSON 8 B&S CABLE RED (100M),Tridon 003483 Whitelaw Tooling Supplies,,,
MATSON 8 B&S CABLE RED (30M),Tridon 003483 Whitelaw Tooling Supplies,,,
METRINCH SPANNER SET 10 PIECE,Tridon 003483 Whitelaw Tooling Supplies,,,
METRINCH SPANNER SET 14 PIECE,Tridon 003483 Whitelaw Tooling Supplies,,,
METRINCH SOCKET SET 1/4IN DRIVE 24 PIECE,Tridon 003483 Whitelaw Tooling Supplies,,,
METRINCH SOCKET SET 1/4IN DRIVE 9 PIECE,Tridon 003483 Whitelaw Tooling Supplies,,,
METRINCH DEEP SOCKET SET 1/4IN DRIVE 9PC,Tridon 003483 Whitelaw Tooling Supplies,,,
METRINCH 1/4IN &3/8IN DR 25PC SOCKET SET,Tridon 003483 Whitelaw Tooling Supplies,,,
METRINCH SOCKET SET 3/8IN DRIVE 12 PIECE,Tridon 003483 Whitelaw Tooling Supplies,,,
METRINCH DEEP SOCKET SET 3/8IN DR 12PC,Tridon 003483 Whitelaw Tooling Supplies,,,
METRINCH 1/2IN DRIVE 24PC SOCKET SET,Tridon 003483 Whitelaw Tooling Supplies,,,
METRINCH 1/2IN DRIVE DEEP SOCKET SET,Tridon 003483 Whitelaw Tooling Supplies,,,
METRINCH SOCKET SET 1/2IN DRIVE 17 PIECE,Tridon 003483 Whitelaw Tooling Supplies,,,
METRINCH 20PCE 1/2IN DR STD SOCKET SET,Tridon 003483 Whitelaw Tooling Supplies,,,
METRINCH 1/2IN DR SKT & SPANNER SET 30PC,Tridon 003483 Whitelaw Tooling Supplies,,,
METRINCH 3/8IN DRIVE 25PC SOCKET SET,Tridon 003483 Whitelaw Tooling Supplies,,,
METRINCH MASTER SKT SPANNER SET 71PC,Tridon 003483 Whitelaw Tooling Supplies,,,
METRINCH 1/4IN &3/8IN DR 37PC SOCKET SET,Tridon 003483 Whitelaw Tooling Supplies,,,
METRINCH 50PC SOCKET & SPANNER SET,Tridon 003483 Whitelaw Tooling Supplies,,,
METRINCH COMB SPANNER 8MM X 5/16IN,Tridon 003483 Whitelaw Tooling Supplies,,,
METRINCH COMB SPANNER 9MM X 11/32IN,Tridon 003483 Whitelaw Tooling Supplies,,,
METRINCH COMB SPANNER 10MM X 3/8IN,Tridon 003483 Whitelaw Tooling Supplies,,,
METRINCH COMB SPANNER 11MM X 7/16IN,Tridon 003483 Whitelaw Tooling Supplies,,,
METRINCH COMB SPANNER 12MM X 15/32IN,Tridon 003483 Whitelaw Tooling Supplies,,,
METRINCH COMB SPANNER 13MM X 1/2IN,Tridon 003483 Whitelaw Tooling Supplies,,,
METRINCH COMB SPANNER 14MM X 9/16IN,Tridon 003483 Whitelaw Tooling Supplies,,,
METRINCH COMB SPANNER 15MM X 19/32IN,Tridon 003483 Whitelaw Tooling Supplies,,,
METRINCH COMB SPANNER 16MM X 5/8IN,Tridon 003483 Whitelaw Tooling Supplies,,,
METRINCH COMB SPANNER 17MM X 11/16IN,Tridon 003483 Whitelaw Tooling Supplies,,,
METRINCH COMB SPANNER 18MM X 23/32IN,Tridon 003483 Whitelaw Tooling Supplies,,,
METRINCH COMB SPANNER 19MM X 3/4IN,Tridon 003483 Whitelaw Tooling Supplies,,,
METRINCH COMB SPANNER 20/21MM X 13/16IN,Tridon 003483 Whitelaw Tooling Supplies,,,
"METRINCH COMB SPANNER22/23MMX7/8"" 29/32""",Tridon 003483 Whitelaw Tooling Supplies,,,
METRINCH COMB SPANNER 24MM X 15/16IN,Tridon 003483 Whitelaw Tooling Supplies,,,
METRINCH COMB SPANNER 27MM X 1 3/32IN,Tridon 003483 Whitelaw Tooling Supplies,,,
METRINCH COMB SPANNER 29/30MM X 1.3/16IN,Tridon 003483 Whitelaw Tooling Supplies,,,
METRINCH COMB SPANNER 31MM X 1 7/32IN,Tridon 003483 Whitelaw Tooling Supplies,,,
METRINCH SOCKET 1/2IN DRIVE 10MM & 3/8IN,Tridon 003483 Whitelaw Tooling Supplies,,,
METRINCH 1/2IN DR SOCKET 11MM X 7/16IN,Tridon 003483 Whitelaw Tooling Supplies,,,
METRINCH 1/2IN SOCKET 12MM X 15/32IN,Tridon 003483 Whitelaw Tooling Supplies,,,
METRINCH 1/2IN DR SOCKET 13MM X 1/2IN,Tridon 003483 Whitelaw Tooling Supplies,,,
METRINCH 1/2IN DR SOCKET 14MM X 9/16IN,Tridon 003483 Whitelaw Tooling Supplies,,,
METRINCH 1/2IN DR SOCKET 15MM X 19/32IN,Tridon 003483 Whitelaw Tooling Supplies,,,
METRINCH 1/2IN DR SOCKET 16MM X 5/8IN,Tridon 003483 Whitelaw Tooling Supplies,,,
METRINCH 1/2IN DR SOCKET 17MM X 11/16IN,Tridon 003483 Whitelaw Tooling Supplies,,,
METRINCH 1/2IN DR SOCKET 18MM X 23/32IN,Tridon 003483 Whitelaw Tooling Supplies,,,
METRINCH 1/2IN DR SOCKET 19MM X 3/4IN,Tridon 003483 Whitelaw Tooling Supplies,,,
METRINCH 1/2IN DR SKT 2021MM X 13/16IN,Tridon 003483 Whitelaw Tooling Supplies,,,
METRINCH 1/2IN DR SOCKET 22MM X 7/8IN,Tridon 003483 Whitelaw Tooling Supplies,,,
METRINCH 1/2IN DR SKT 23/24MM X 15/16IN,Tridon 003483 Whitelaw Tooling Supplies,,,
METRINCH 1/2IN DRIVE SOCKET 25MM X 1IN,Tridon 003483 Whitelaw Tooling Supplies,,,
METRINCH 1/2IN DR SKT 26/27MM X 1.1/16IN,Tridon 003483 Whitelaw Tooling Supplies,,,
METRINCH 1/2IN DR SOCKET 28MM X 1.1/8IN,Tridon 003483 Whitelaw Tooling Supplies,,,
METRINCH 1/2IN DR SKT 2930MM X 1.3/16IN,Tridon 003483 Whitelaw Tooling Supplies,,,
METRINCH 1/2IN DR SKT 3132MM X 1.1/4IN,Tridon 003483 Whitelaw Tooling Supplies,,,
METRINCH 1/2IN DR DEEP SKT 10MM X 3/8IN,Tridon 003483 Whitelaw Tooling Supplies,,,
METRINCH 1/2IN DR DEEP SKT 11MM X 7/1IN,Tridon 003483 Whitelaw Tooling Supplies,,,
METRINCH 1/2IN DR DEEP SKT 12MM X15/32IN,Tridon 003483 Whitelaw Tooling Supplies,,,
METRINCH 1/2IN DR DEEP SKT 13MM X 1/2IN,Tridon 003483 Whitelaw Tooling Supplies,,,
METRINCH 1/2IN DR DEEP SKT 14MM X 9/16IN,Tridon 003483 Whitelaw Tooling Supplies,,,
METRINCH 1/2IN DR DEEP SKT 15MM X19/32IN,Tridon 003483 Whitelaw Tooling Supplies,,,
METRINCH 1/2IN DR DEEP SKT 16MM X 5/8IN,Tridon 003483 Whitelaw Tooling Supplies,,,
METRINCH 1/2IN DR DEEP SKT 17MM X11/16IN,Tridon 003483 Whitelaw Tooling Supplies,,,
METRINCH 1/2IN DR DEEP SKT 18MM 23/32IN,Tridon 003483 Whitelaw Tooling Supplies,,,
METRINCH 1/2IN DR DEEP SKT 19MM X 3/4IN,Tridon 003483 Whitelaw Tooling Supplies,,,
"METRINCH 1/2"" DR DEEP SKT 2021MMX13/16IN",Tridon 003483 Whitelaw Tooling Supplies,,,
METRINCH 1/2IN DR DEEP SKT 22MM X 7/8IN,Tridon 003483 Whitelaw Tooling Supplies,,,
METRINCH 1/2IN DR DEEP SKT 23MM X29/32IN,Tridon 003483 Whitelaw Tooling Supplies,,,
METRINCH 1/2IN DR DEEP SOCKET 25MM X 1IN,Tridon 003483 Whitelaw Tooling Supplies,,,
"METRINCH 1/2""DR DEEP SKT 26/27MMX1 1/16""",Tridon 003483 Whitelaw Tooling Supplies,,,
METRINCH 1/2IN DR DEEP SKT 28MM X1.1/8IN,Tridon 003483 Whitelaw Tooling Supplies,,,
METRINCH RATCHET 1/2IN DRIVE,Tridon 003483 Whitelaw Tooling Supplies,,,
METRINCH 1/2IN 10IN EXTENSION,Tridon 003483 Whitelaw Tooling Supplies,,,
METRINCH 1/2IN 16MM 5/8IN SPARK PLUG SKT,Tridon 003483 Whitelaw Tooling Supplies,,,
METRINCH 1/2IN 21MM 13-16IN PLUG SOCKET,Tridon 003483 Whitelaw Tooling Supplies,,,
METRINCH 1/2IN DRIVE 3 WAY ADAPTOR,Tridon 003483 Whitelaw Tooling Supplies,,,
METRINCH 1/2IN 16IN FLEX HANDLE,Tridon 003483 Whitelaw Tooling Supplies,,,
METRINCH 1/2IN UNIVERSAL JOINT,Tridon 003483 Whitelaw Tooling Supplies,,,
METRINCH 1/2IN-3/8IN ADAPTOR,Tridon 003483 Whitelaw Tooling Supplies,,,
METRINCH 1/2IN DR 5IN EXTENSION,Tridon 003483 Whitelaw Tooling Supplies,,,
METRINCH 3/8IN DR SOCKET 10MM X 3/8IN,Tridon 003483 Whitelaw Tooling Supplies,,,
METRINCH 3/8IN DR SOCKET 11MM X 7/16IN,Tridon 003483 Whitelaw Tooling Supplies,,,
METRINCH 3/8IN DR SOCKET 12MM X 15/32IN,Tridon 003483 Whitelaw Tooling Supplies,,,
METRINCH 3/8IN DR SOCKET 13MM X 1/2IN,Tridon 003483 Whitelaw Tooling Supplies,,,
METRINCH 3/8IN DR SOCKET 14MM X 9/16IN,Tridon 003483 Whitelaw Tooling Supplies,,,
METRINCH 3/8IN DR SOCKET 15MM X 19/32IN,Tridon 003483 Whitelaw Tooling Supplies,,,
METRINCH 3/8IN DR SOCKET 16MM X 5/8IN,Tridon 003483 Whitelaw Tooling Supplies,,,
METRINCH 3/8IN DR SOCKET 17MM X 11/16IN,Tridon 003483 Whitelaw Tooling Supplies,,,
METRINCH 3/8IN DR SOCKET 18MM X 23/32IN,Tridon 003483 Whitelaw Tooling Supplies,,,
METRINCH 3/8IN DR SOCKET 19MM X 3/4IN,Tridon 003483 Whitelaw Tooling Supplies,,,
METRINCH 3/8IN DR SKT 2021MM X 13/16IN,Tridon 003483 Whitelaw Tooling Supplies,,,
METRINCH 3/8IN DR SOCKET 22MM X 7/8IN,Tridon 003483 Whitelaw Tooling Supplies,,,
METRINCH 3/8IN DR DEEP SKT 10MM X 3/8IN,Tridon 003483 Whitelaw Tooling Supplies,,,
METRINCH 3/8IN DR DEEP SKT 11MM X 7/16IN,Tridon 003483 Whitelaw Tooling Supplies,,,
METRINCH 3/8IN DR DEEP SKT 12MM X15/32IN,Tridon 003483 Whitelaw Tooling Supplies,,,
METRINCH 3/8IN DR DEEP SKT 13MM X 1/2IN,Tridon 003483 Whitelaw Tooling Supplies,,,
METRINCH 3/8IN DR DEEP SKT 14MM X 9/16IN,Tridon 003483 Whitelaw Tooling Supplies,,,
METRINCH 3/8IN DR DEEP SKT 15MM X19/32IN,Tridon 003483 Whitelaw Tooling Supplies,,,
METRINCH 3/8IN DR DEEP SKT 16MM X 5/8IN,Tridon 003483 Whitelaw Tooling Supplies,,,
METRINCH 3/8IN DR DEEP SKT 17MM X11/16IN,Tridon 003483 Whitelaw Tooling Supplies,,,
METRINCH 3/8IN DR DEEP SKT 18MM X23/32IN,Tridon 003483 Whitelaw Tooling Supplies,,,
METRINCH 3/8IN DR DEEP SKT 19MM X 3/4IN,Tridon 003483 Whitelaw Tooling Supplies,,,
METRINCH 3/8IN DR DEEP SKT 20MM X13/16IN,Tridon 003483 Whitelaw Tooling Supplies,,,
METRINCH 3/8IN DR DEEP SKT 22MM X 7/8IN,Tridon 003483 Whitelaw Tooling Supplies,,,
METRINCH 3/8IN 3IN WOBBLE EXTENSION,Tridon 003483 Whitelaw Tooling Supplies,,,
METRINCH 3/8IN FLEX HEAD RATCHET LONG,Tridon 003483 Whitelaw Tooling Supplies,,,
METRINCH 3/8IN STUBBY RATCHET,Tridon 003483 Whitelaw Tooling Supplies,,,
METRINCH 3/8IN FEMALE 1/2IN MALE ADAPTOR,Tridon 003483 Whitelaw Tooling Supplies,,,
METRINCH 1/4IN FEMALE 3/8IN MALE ADAPTOR,Tridon 003483 Whitelaw Tooling Supplies,,,
METRINCH 3/8IN X 5IN WOBBLE EXTENSION,Tridon 003483 Whitelaw Tooling Supplies,,,
METRINCH 3/8IN RATCHET,Tridon 003483 Whitelaw Tooling Supplies,,,
METRINCH 3/8IN 3IN EXTENSION,Tridon 003483 Whitelaw Tooling Supplies,,,
METRINCH 3/8IN X 6IN WOBBLE EXTENSION,Tridon 003483 Whitelaw Tooling Supplies,,,
METRINCH 3/8IN 6IN EXTENSION,Tridon 003483 Whitelaw Tooling Supplies,,,
METRINCH 3/8IN UNIVERSAL,Tridon 003483 Whitelaw Tooling Supplies,,,
METRINCH 3/8IN X 5/8IN SPARK PLUG SOCKET,Tridon 003483 Whitelaw Tooling Supplies,,,
METRINCH 3/8IN X 13/16IN SPARK PLUG SKT,Tridon 003483 Whitelaw Tooling Supplies,,,
METRINCH 3/8IN X 10IN WOBBLE EXTENSION,Tridon 003483 Whitelaw Tooling Supplies,,,
METRINCH 3/8IN 3 WAY ADAPTOR,Tridon 003483 Whitelaw Tooling Supplies,,,
METRINCH 3/8IN 1.1/2IN WOBBLE EXTENSION,Tridon 003483 Whitelaw Tooling Supplies,,,
METRINCH 1/4IN DR SOCKET 5MM X 3/16IN,Tridon 003483 Whitelaw Tooling Supplies,,,
METRINCH 1/4IN DR SOCKET 6MM X 1/4IN,Tridon 003483 Whitelaw Tooling Supplies,,,
METRINCH 1/4IN DR SOCKET 7MM X 9/32IN,Tridon 003483 Whitelaw Tooling Supplies,,,
METRINCH 1/4IN DR SOCKET 8MM X 5/16IN,Tridon 003483 Whitelaw Tooling Supplies,,,
METRINCH 1/4IN DR SOCKET 9MM X 11/32IN,Tridon 003483 Whitelaw Tooling Supplies,,,
METRINCH 1/4IN DR SOCKET 10MM X 3/8IN,Tridon 003483 Whitelaw Tooling Supplies,,,
METRINCH 1/4IN DR SOCKET 11MM X 7/16IN,Tridon 003483 Whitelaw Tooling Supplies,,,
METRINCH 1/4IN DR SOCKET 12MM X 15/32IN,Tridon 003483 Whitelaw Tooling Supplies,,,
METRINCH 1/4IN DR SOCKET 13MM X 1/2IN,Tridon 003483 Whitelaw Tooling Supplies,,,
METRINCH 1/4IN DR DEEP SKT 5MM X 3/16IN,Tridon 003483 Whitelaw Tooling Supplies,,,
METRINCH 1/4IN DR DEEP SKT 6MM X 1/4IN,Tridon 003483 Whitelaw Tooling Supplies,,,
METRINCH 1/4IN DR DEEP SKT 7MM X 9/32IN,Tridon 003483 Whitelaw Tooling Supplies,,,
METRINCH 1/4IN DR DEEP SKT 8MM X 5/16IN,Tridon 003483 Whitelaw Tooling Supplies,,,
METRINCH 1/4IN DR DEEP SKT 9MM X 11/32IN,Tridon 003483 Whitelaw Tooling Supplies,,,
METRINCH 1/4IN DR DEEP SKT 10MM X 3/8IN,Tridon 003483 Whitelaw Tooling Supplies,,,
METRINCH 1/4IN DR DEEP SKT 11MM X 7/16IN,Tridon 003483 Whitelaw Tooling Supplies,,,
METRINCH 1/4IN DR DEEP SKT 12MM X15/32IN,Tridon 003483 Whitelaw Tooling Supplies,,,
METRINCH 1/4IN DR DEEP SKT 13MM X 1/2IN,Tridon 003483 Whitelaw Tooling Supplies,,,
METRINCH 1/4IN 3IN EXTENSION,Tridon 003483 Whitelaw Tooling Supplies,,,
METRINCH 1/4IN RATCHET,Tridon 003483 Whitelaw Tooling Supplies,,,
METRINCH 1/4IN FINGERTIP RATCHET,Tridon 003483 Whitelaw Tooling Supplies,,,
METRINCH 1/4IN UNIVERSAL JOINT,Tridon 003483 Whitelaw Tooling Supplies,,,
METRINCH 1/4IN 2IN EXTENSION,Tridon 003483 Whitelaw Tooling Supplies,,,
METRINCH 1/4IN M X 3/8IN F ADAPTOR,Tridon 003483 Whitelaw Tooling Supplies,,,
METRINCH 1/4IN SPINNER HANDLE,Tridon 003483 Whitelaw Tooling Supplies,,,
METRINCH 1/4IN 6IN EXTENSION,Tridon 003483 Whitelaw Tooling Supplies,,,
METRINCH 1/4IN T-BAR ADAPTOR,Tridon 003483 Whitelaw Tooling Supplies,,,
METRINCH COUPLER,Tridon 003483 Whitelaw Tooling Supplies,,,
METRINCH 1/4IN X 4IN WOBBLE BAR,Tridon 003483 Whitelaw Tooling Supplies,,,
"METRINCH 1/2"" DR STD IMP SKT 11MMX7/16IN",Tridon 003483 Whitelaw Tooling Supplies,,,
"METRINCH 1/2""DR STD IMP SKT 12MMX15/32IN",Tridon 003483 Whitelaw Tooling Supplies,,,
METRINCH 1/2IN DR STD IMP SKT 13MMX1/2IN,Tridon 003483 Whitelaw Tooling Supplies,,,
"METRINCH 1/2"" DR STD IMP SKT 14MMX9/16IN",Tridon 003483 Whitelaw Tooling Supplies,,,
"METRINCH 1/2""DR STD IMP SKT 15MMX19/32IN",Tridon 003483 Whitelaw Tooling Supplies,,,
METRINCH 1/2IN DR STD IMP SKT 16MMX5/8IN,Tridon 003483 Whitelaw Tooling Supplies,,,
"METRINCH 1/2""DR STD IMP SKT 17MMX11/16IN",Tridon 003483 Whitelaw Tooling Supplies,,,
"METRINCH 1/2""DR STD IMP SKT 18MMX23/32IN",Tridon 003483 Whitelaw Tooling Supplies,,,
METRINCH 1/2IN DR STD IMP SKT 19MMX3/4IN,Tridon 003483 Whitelaw Tooling Supplies,,,
"METRINCH 1/2""DR STD IMP SKT 25/32INX20MM",Tridon 003483 Whitelaw Tooling Supplies,,,
"METRINCH 1/2""DR STD IMP SKT 21MMX13/16IN",Tridon 003483 Whitelaw Tooling Supplies,,,
METRINCH 1/2IN DR STD IMP SKT 22MM 7/8IN,Tridon 003483 Whitelaw Tooling Supplies,,,
"METRINCH 1/2""DR STD IMP SKT 23MMX29/32IN",Tridon 003483 Whitelaw Tooling Supplies,,,
"METRINCH 1/2"" DR STD IMP SKT 24MM 15/16""",Tridon 003483 Whitelaw Tooling Supplies,,,
"METRINCH 1/2"" DR DEEP IMP SKT 10MM 3/8IN",Tridon 003483 Whitelaw Tooling Supplies,,,
"METRINCH 1/2""DR DEEP IMP SKT 11MM 7/16IN",Tridon 003483 Whitelaw Tooling Supplies,,,
"METRINCH 1/2""DR DEEP IMP SKT 12MMX15/32""",Tridon 003483 Whitelaw Tooling Supplies,,,
"METRINCH 1/2"" DR DEEP IMP SKT 13MMX1/2IN",Tridon 003483 Whitelaw Tooling Supplies,,,
"METRINCH 1/2""DR DEEP IMP SKT 14MMX9/16IN",Tridon 003483 Whitelaw Tooling Supplies,,,
"METRINCH 1/2""DR DEEP IMP SKT 15MMX19/32""",Tridon 003483 Whitelaw Tooling Supplies,,,
"METRINCH 1/2"" DR DEEP IMP SKT 16MMX5/8IN",Tridon 003483 Whitelaw Tooling Supplies,,,
"METRINCH 1/2""DR DEEP IMP SKT 17MMX11/16""",Tridon 003483 Whitelaw Tooling Supplies,,,
"METRINCH 1/2""DR DEEP IMP SKT 18MMX23/32""",Tridon 003483 Whitelaw Tooling Supplies,,,
"METRINCH 1/2"" DR DEEP IMP SKT 19MMX3/4IN",Tridon 003483 Whitelaw Tooling Supplies,,,
"METRINCH 1/2""DR DEEP IMP SKT 20MMX25/32""",Tridon 003483 Whitelaw Tooling Supplies,,,
"METRINCH 1/2""DR DEEP IMP SKT 21MMX13/16""",Tridon 003483 Whitelaw Tooling Supplies,,,
METRINCH DEEP IMP SOCKET 1/2IN DR 22MM,Tridon 003483 Whitelaw Tooling Supplies,,,
"METRINCH 1/2""DR DEEP IMP SKT 23MMX29/32""",Tridon 003483 Whitelaw Tooling Supplies,,,
"METRINCH 1/2""DR DEEP IMP SKT 24MMX15/16""",Tridon 003483 Whitelaw Tooling Supplies,,,
METRINCH 1/2IN DR DEEP IMP SKT 25MM X1IN,Tridon 003483 Whitelaw Tooling Supplies,,,
"METRINCH 1/2""DR DEEP IMP SKT 30MMX13/16""",Tridon 003483 Whitelaw Tooling Supplies,,,
"METRINCH DEEP IMP  SOCKET 1/2""  DR 1/1/4",Tridon 003483 Whitelaw Tooling Supplies,,,
METRINCH 3/8IN DRIVE 11PC IMPACT SET,Tridon 003483 Whitelaw Tooling Supplies,,,
METRINCH 3/8IN DR 11PC DEEP IMPACT SET,Tridon 003483 Whitelaw Tooling Supplies,,,
METRINCH 1/2IN DRIVE 15PC IMPACT SET,Tridon 003483 Whitelaw Tooling Supplies,,,
METRINCH 1/2IN DR 15PCE DEEP IMPACT SET,Tridon 003483 Whitelaw Tooling Supplies,,,
METRINCH 1/2IN DR 6 PIECE WHEEL NUT SET,Tridon 003483 Whitelaw Tooling Supplies,,,
TRIDON CLAMP  6-16 MM BOX OF 500,Tridon 003483 Whitelaw Tooling Supplies,,,
TRIDON CLAMP 6-16 MM,Tridon 003483 Whitelaw Tooling Supplies,,,
TRIDON CLAMP  6-16 MM CARDED BOX OF 10,Tridon 003483 Whitelaw Tooling Supplies,,,
TRIDON CLAMP 6-16 MM,Tridon 003483 Whitelaw Tooling Supplies,,,
TRIDON REFILL FOR MERCHANDISER MH004,Tridon 003483 Whitelaw Tooling Supplies,,,
TRIDON PERFORATED CLAMP TAG 6-16MM (50),Tridon 003483 Whitelaw Tooling Supplies,,,
TRIDON PERFORATED CLAMP TAG 6-16MM X 10,Tridon 003483 Whitelaw Tooling Supplies,,,
TRIDON CLAMP 11-18 MM BOX OF 500,Tridon 003483 Whitelaw Tooling Supplies,,,
TRIDON CLAMP 11-18 MM,Tridon 003483 Whitelaw Tooling Supplies,,,
TRIDON CLAMP 11-18 MM CARDED BOX OF 10,Tridon 003483 Whitelaw Tooling Supplies,,,
TRIDON CLAMP 11-18 MM,Tridon 003483 Whitelaw Tooling Supplies,,,
TRIDON REFILL FOR MERCHANDISER MH005,Tridon 003483 Whitelaw Tooling Supplies,,,
TRIDON CLAMP 11-18 MM TAGGED,Tridon 003483 Whitelaw Tooling Supplies,,,
TRIDON PERFORATED CLAMP TAG 11-18MM X 10,Tridon 003483 Whitelaw Tooling Supplies,,,
TRIDON CLAMP 11-22 MM BOX OF 500,Tridon 003483 Whitelaw Tooling Supplies,,,
TRIDON CLAMP 11-22 MM,Tridon 003483 Whitelaw Tooling Supplies,,,
TRIDON CLAMP 11-22 MM CARDED BOX OF 10,Tridon 003483 Whitelaw Tooling Supplies,,,
TRIDON CLAMP 11-22 MM,Tridon 003483 Whitelaw Tooling Supplies,,,
TRIDON REFILL FOR MERCHANDISER MH006,Tridon 003483 Whitelaw Tooling Supplies,,,
TRIDON PERFORATED CLAMP TAG 11-22 MM(50),Tridon 003483 Whitelaw Tooling Supplies,,,
TRIDON PERFORATED CLAMP TAG 11-22MM X 10,Tridon 003483 Whitelaw Tooling Supplies,,,
TRIDON CLAMP 13-25 MM BOX OF 500,Tridon 003483 Whitelaw Tooling Supplies,,,
TRIDON CLAMP 13-25 MM,Tridon 003483 Whitelaw Tooling Supplies,,,
TRIDON CLAMP 14-27 MM BOX OF 500,Tridon 003483 Whitelaw Tooling Supplies,,,
TRIDON CLAMP 14-27 MM,Tridon 003483 Whitelaw Tooling Supplies,,,
TRIDON CLAMP 17-32 MM BOX OF 500,Tridon 003483 Whitelaw Tooling Supplies,,,
TRIDON CLAMP 17-32 MM,Tridon 003483 Whitelaw Tooling Supplies,,,
TRIDON CLAMP 18-38MM BOX OF 500,Tridon 003483 Whitelaw Tooling Supplies,,,
TRIDON CLAMP 18-38 MM,Tridon 003483 Whitelaw Tooling Supplies,,,
TRIDON CLAMP 22-45MM BOX OF 500,Tridon 003483 Whitelaw Tooling Supplies,,,
TRIDON CLAMP 22-45 MM,Tridon 003483 Whitelaw Tooling Supplies,,,
TRIDON CLAMP 33-51MM BOX OF 500,Tridon 003483 Whitelaw Tooling Supplies,,,
TRIDON CLAMP 33-51 MM,Tridon 003483 Whitelaw Tooling Supplies,,,
TRIDON CLAMP 40-57MM BOX OF 500,Tridon 003483 Whitelaw Tooling Supplies,,,
TRIDON CLAMP 40-57 MM,Tridon 003483 Whitelaw Tooling Supplies,,,
TRIDON CLAMP 46-64MM BOX OF 500,Tridon 003483 Whitelaw Tooling Supplies,,,
TRIDON CLAMP 46-64 MM,Tridon 003483 Whitelaw Tooling Supplies,,,
TRIDON CLAMP 52-70MM BOX OF 300,Tridon 003483 Whitelaw Tooling Supplies,,,
TRIDON CLAMP 52-70 MM,Tridon 003483 Whitelaw Tooling Supplies,,,
TRIDON CLAMP 59-76MM BOX OF 300,Tridon 003483 Whitelaw Tooling Supplies,,,
TRIDON CLAMP 59-76 MM,Tridon 003483 Whitelaw Tooling Supplies,,,
TRIDON CLAMP MICRO 65-89MM BOX 300,Tridon 003483 Whitelaw Tooling Supplies,,,
TRIDON CLAMP 65-89 MM,Tridon 003483 Whitelaw Tooling Supplies,,,
TRIDON CLAMP MP 16-27MM BOX OF 500,Tridon 003483 Whitelaw Tooling Supplies,,,
TRIDON CLAMP MP 13-20MM BOX OF 500,Tridon 003483 Whitelaw Tooling Supplies,,,
TRIDON CLAMP MP 9.5-12MM BOX OF 500,Tridon 003483 Whitelaw Tooling Supplies,,,
TRIDON CLAMP MPC 9.5-12 MM CARDED (10),Tridon 003483 Whitelaw Tooling Supplies,,,
TRIDON CLAMP MP 9.5-12 MM,Tridon 003483 Whitelaw Tooling Supplies,,,
TRIDON CLAMP MPC 13-20 MM CARDED (10),Tridon 003483 Whitelaw Tooling Supplies,,,
TRIDON CLAMP MP 13-20 MM,Tridon 003483 Whitelaw Tooling Supplies,,,
TRIDON CLAMP MP 16-24MM BOX OF 500,Tridon 003483 Whitelaw Tooling Supplies,,,
TRIDON CLAMP MP 16-24 MM,Tridon 003483 Whitelaw Tooling Supplies,,,
TRIDON CLAMP MPC 16-27 MM CARDED (10),Tridon 003483 Whitelaw Tooling Supplies,,,
TRIDON CLAMP MP 16-27 MM,Tridon 003483 Whitelaw Tooling Supplies,,,
TRIDON CLAMP MP 18-25MM BOX OF 500,Tridon 003483 Whitelaw Tooling Supplies,,,
TRIDON CLAMP MPC 18-25 MM CARDED (10),Tridon 003483 Whitelaw Tooling Supplies,,,
TRIDON CLAMP MP 18-25 MM,Tridon 003483 Whitelaw Tooling Supplies,,,
TRIDON CLAMP MP 22-38MM BOX OF 500,Tridon 003483 Whitelaw Tooling Supplies,,,
TRIDON CLAMP MP 205-230 MM,Tridon 003483 Whitelaw Tooling Supplies,,,
TRIDON CLAMP MP 230-255 MM,Tridon 003483 Whitelaw Tooling Supplies,,,
TRIDON CLAMP MP 255-280 MM,Tridon 003483 Whitelaw Tooling Supplies,,,
TRIDON MP MAINTENANCE PACK PART S/S,Tridon 003483 Whitelaw Tooling Supplies,,,
TRIDON CLAMP MP 280-305 MM,Tridon 003483 Whitelaw Tooling Supplies,,,
TRIDON CLAMP MP 22-32MM BOX OF 500,Tridon 003483 Whitelaw Tooling Supplies,,,
TRIDON CLAMP MPC 22-32 MM CARDED (10),Tridon 003483 Whitelaw Tooling Supplies,,,
TRIDON CLAMP MP 22-32 MM,Tridon 003483 Whitelaw Tooling Supplies,,,
TRIDON CLAMP MPC 22-38 MM CARDED (10),Tridon 003483 Whitelaw Tooling Supplies,,,
TRIDON CLAMP MP 22-38 MM,Tridon 003483 Whitelaw Tooling Supplies,,,
TRIDON CLAMP MP 30-42MM BOX OF 500,Tridon 003483 Whitelaw Tooling Supplies,,,
TRIDON CLAMP MPC 30-42 MM CARDED (10),Tridon 003483 Whitelaw Tooling Supplies,,,
TRIDON CLAMP MP 30-42 MM,Tridon 003483 Whitelaw Tooling Supplies,,,
TRIDON CLAMP MP 35-53MM BOX OF 500,Tridon 003483 Whitelaw Tooling Supplies,,,
TRIDON CLAMP MP 35-48MM BOX OF 500,Tridon 003483 Whitelaw Tooling Supplies,,,
TRIDON CLAMP MPC 35-48 MM CARDED (10),Tridon 003483 Whitelaw Tooling Supplies,,,
TRIDON CLAMP MP 35-48 MM,Tridon 003483 Whitelaw Tooling Supplies,,,
TRIDON CLAMP MPC 35-53 MM CARDED (10),Tridon 003483 Whitelaw Tooling Supplies,,,
TRIDON CLAMP MP 35-53 MM,Tridon 003483 Whitelaw Tooling Supplies,,,
TRIDON CLAMP MP 40-57MM BOX OF 500,Tridon 003483 Whitelaw Tooling Supplies,,,
TRIDON CLAMP MPC 40-57 MM CARDED (10),Tridon 003483 Whitelaw Tooling Supplies,,,
TRIDON CLAMP MP 40-57 MM,Tridon 003483 Whitelaw Tooling Supplies,,,
TRIDON CLAMP MP 52-70MM BOX OF 300,Tridon 003483 Whitelaw Tooling Supplies,,,
TRIDON CLAMP MP 52-70 MM,Tridon 003483 Whitelaw Tooling Supplies,,,
TRIDON CLAMP MP 65-90MM BOX OF 300,Tridon 003483 Whitelaw Tooling Supplies,,,
TRIDON CLAMP MP 65-90 MM,Tridon 003483 Whitelaw Tooling Supplies,,,
TRIDON CLAMP MP 85-110MM BOX OF 300,Tridon 003483 Whitelaw Tooling Supplies,,,
TRIDON CLAMP MP 85-110 MM,Tridon 003483 Whitelaw Tooling Supplies,,,
TRIDON CLAMP MP 105-130MM BOX OF 200,Tridon 003483 Whitelaw Tooling Supplies,,,
TRIDON CLAMP MP 105-130 MM,Tridon 003483 Whitelaw Tooling Supplies,,,
TRIDON CLAMP MP 130-155MM BOX OF 100,Tridon 003483 Whitelaw Tooling Supplies,,,
TRIDON CLAMP MP 130-155 MM,Tridon 003483 Whitelaw Tooling Supplies,,,
TRIDON CLAMP MP 155-180MM BOX OF 100,Tridon 003483 Whitelaw Tooling Supplies,,,
TRIDON CLAMP MP VALUE PACK PART S/S,Tridon 003483 Whitelaw Tooling Supplies,,,
TRIDON CLAMP MP 155-180 MM,Tridon 003483 Whitelaw Tooling Supplies,,,
TRIDON CLAMP MP 180-205 MM,Tridon 003483 Whitelaw Tooling Supplies,,,
TRIDON CLAMP 16-27MM BOX OF 500,Tridon 003483 Whitelaw Tooling Supplies,,,
TRIDON CLAMP 13-20MM BOX OF 500,Tridon 003483 Whitelaw Tooling Supplies,,,
TRIDON CLAMP 9.5-12MM BOX OF 500,Tridon 003483 Whitelaw Tooling Supplies,,,
TRIDON CLAMP MPC 9.5-12 MM,Tridon 003483 Whitelaw Tooling Supplies,,,
TRIDON CLAMP MPC 13-20 MM,Tridon 003483 Whitelaw Tooling Supplies,,,
TRIDON CLAMP 16-24MM BOX OF 500,Tridon 003483 Whitelaw Tooling Supplies,,,
TRIDON CLAMP MPC 16-24 MM,Tridon 003483 Whitelaw Tooling Supplies,,,
TRIDON CLAMP MPC 16-27 MM,Tridon 003483 Whitelaw Tooling Supplies,,,
TRIDON CLAMP 18-25MM BOX OF 500,Tridon 003483 Whitelaw Tooling Supplies,,,
TRIDON CLAMP MPC 18-25 MM,Tridon 003483 Whitelaw Tooling Supplies,,,
TRIDON CLAMP 22-38MM BOX OF 500,Tridon 003483 Whitelaw Tooling Supplies,,,
TRIDON CLAMP MPC 205-230 MM,Tridon 003483 Whitelaw Tooling Supplies,,,
TRIDON CLAMP MPC 230-255 MM,Tridon 003483 Whitelaw Tooling Supplies,,,
TRIDON CLAMP MPC 255-280 MM,Tridon 003483 Whitelaw Tooling Supplies,,,
TRIDON CLAMP MPC 280-305 MM,Tridon 003483 Whitelaw Tooling Supplies,,,
TRIDON CLAMP 22-32MM BOX OF 500,Tridon 003483 Whitelaw Tooling Supplies,,,
TRIDON CLAMP MPC 22-32 MM,Tridon 003483 Whitelaw Tooling Supplies,,,
TRIDON CLAMP MPC 22-38 MM,Tridon 003483 Whitelaw Tooling Supplies,,,
TRIDON CLAMP 30-42MM BOX OF 500,Tridon 003483 Whitelaw Tooling Supplies,,,
TRIDON CLAMP MPC 30-42 MM,Tridon 003483 Whitelaw Tooling Supplies,,,
TRIDON CLAMP 35-53MM BOX OF 500,Tridon 003483 Whitelaw Tooling Supplies,,,
TRIDON CLAMP 35-48MM BOX OF 500,Tridon 003483 Whitelaw Tooling Supplies,,,
TRIDON CLAMP MPC 35-48 MM,Tridon 003483 Whitelaw Tooling Supplies,,,
TRIDON CLAMP MPC 35-53 MM,Tridon 003483 Whitelaw Tooling Supplies,,,
TRIDON CLAMP 40-57MM BOX OF 500,Tridon 003483 Whitelaw Tooling Supplies,,,
TRIDON CLAMP MPC 40-57 MM,Tridon 003483 Whitelaw Tooling Supplies,,,
TRIDON CLAMP 52-70MM BOX OF 300,Tridon 003483 Whitelaw Tooling Supplies,,,
TRIDON CLAMP MPC 52-70 MM,Tridon 003483 Whitelaw Tooling Supplies,,,
TRIDON CLAMP 65-90MM BOX OF 300,Tridon 003483 Whitelaw Tooling Supplies,,,
TRIDON CLAMP MPC 65-90 MM,Tridon 003483 Whitelaw Tooling Supplies,,,
TRIDON CLAMP 85-110MM BOX OF 300,Tridon 003483 Whitelaw Tooling Supplies,,,
TRIDON CLAMP MPC 85-110 MM,Tridon 003483 Whitelaw Tooling Supplies,,,
TRIDON CLAMP 105-130MM BOX OF 200,Tridon 003483 Whitelaw Tooling Supplies,,,
TRIDON CLAMP MPC 105-130 MM,Tridon 003483 Whitelaw Tooling Supplies,,,
TRIDON CLAMP 130-155MM BOX OF 100,Tridon 003483 Whitelaw Tooling Supplies,,,
TRIDON CLAMP MPC 130-155 MM,Tridon 003483 Whitelaw Tooling Supplies,,,
TRIDON CLAMP 155-180MM BOX OF 100,Tridon 003483 Whitelaw Tooling Supplies,,,
TRIDON CLAMP MPC 155-180 MM,Tridon 003483 Whitelaw Tooling Supplies,,,
TRIDON CLAMP MPC 180-205 MM,Tridon 003483 Whitelaw Tooling Supplies,,,
TRIDON CLAMP 11-16MM BOX OF 500,Tridon 003483 Whitelaw Tooling Supplies,,,
TRIDON CLAMP MPC 11-16 MM,Tridon 003483 Whitelaw Tooling Supplies,,,
TRIDON CLAMP MP 8-16MM BOX OF 500,Tridon 003483 Whitelaw Tooling Supplies,,,
TRIDON CLAMP MPC 11-16 MM CARDED (10),Tridon 003483 Whitelaw Tooling Supplies,,,
TRIDON CLAMP MP  8-16 MM,Tridon 003483 Whitelaw Tooling Supplies,,,
TOLEDO MITRE SQUARE 150MM,Tridon 003483 Whitelaw Tooling Supplies,,,
MATSON DHC MEMORY MINDER CHARGER,Tridon 003483 Whitelaw Tooling Supplies,,,
MATSON REPLACEMENT CIG TO CIG LEAD FOR M,Tridon 003483 Whitelaw Tooling Supplies,,,
MATSON DHC MEMORY MINDER 12 VOLT 4 AMP,Tridon 003483 Whitelaw Tooling Supplies,,,
MATSON MS-1E CIG-CLAMPS LEAD,Tridon 003483 Whitelaw Tooling Supplies,,,
TOLEDO MITRE SQUARE 200MM CARDED,Tridon 003483 Whitelaw Tooling Supplies,,,
TOLEDO MITRE SQUARE 250MM,Tridon 003483 Whitelaw Tooling Supplies,,,
TOLEDO MITRE SQUARE 300MM,Tridon 003483 Whitelaw Tooling Supplies,,,
TOLEDO SCRIBER 190MM,Tridon 003483 Whitelaw Tooling Supplies,,,
TOLEDO SCRIBER 230MM,Tridon 003483 Whitelaw Tooling Supplies,,,
MATSON 5 CORE TRAILER  CABLE 30 MTR,Tridon 003483 Whitelaw Tooling Supplies,,,
MATSON 7 CORE TRAILER CABLE BLACK (30M),Tridon 003483 Whitelaw Tooling Supplies,,,
MATSON DI POWER FLEX 16MM2 (100M),Tridon 003483 Whitelaw Tooling Supplies,,,
MATSON DI POWER FLEX 25MM2 ORANGE (100M),Tridon 003483 Whitelaw Tooling Supplies,,,
MATSON DI POWER FLEX 35MM2 ORANGE 50MTRS,Tridon 003483 Whitelaw Tooling Supplies,,,
MATSON DI POWER FLEX 50MM2 ORANGE (100M),Tridon 003483 Whitelaw Tooling Supplies,,,
MATSON 6MM TWIN CABLE MARINE WHITE (50M),Tridon 003483 Whitelaw Tooling Supplies,,,
TRIDON CLAMP NUT/BOLT 7-9 MM (100),Tridon 003483 Whitelaw Tooling Supplies,,,
TRIDON CLAMP NUT/BOLT 7-9 MM,Tridon 003483 Whitelaw Tooling Supplies,,,
TRIDON CLAMP NUT/BOLT 8-10 MM (100),Tridon 003483 Whitelaw Tooling Supplies,,,
TRIDON CLAMP NUT/BOLT 8-10 MM,Tridon 003483 Whitelaw Tooling Supplies,,,
TRIDON CLAMP NUT/BOLT 9-11 MM (100),Tridon 003483 Whitelaw Tooling Supplies,,,
TRIDON CLAMP NUT/BOLT 9-11 MM,Tridon 003483 Whitelaw Tooling Supplies,,,
TRIDON CLAMP NUT/BOLT 12-14 MM (100),Tridon 003483 Whitelaw Tooling Supplies,,,
TRIDON CLAMP NUT/BOLT 12-14 MM,Tridon 003483 Whitelaw Tooling Supplies,,,
TRIDON CLAMP NUT/BOLT 13-15 MM (100),Tridon 003483 Whitelaw Tooling Supplies,,,
TRIDON CLAMP NUT/BOLT 13-15 MM,Tridon 003483 Whitelaw Tooling Supplies,,,
TRIDON CLAMP NUT/BOLT 14-16 MM (100),Tridon 003483 Whitelaw Tooling Supplies,,,
TRIDON CLAMP NUT/BOLT 14-16 MM,Tridon 003483 Whitelaw Tooling Supplies,,,
TOLEDO S/STEEL COMBINATION ARMY KNIFE,Tridon 003483 Whitelaw Tooling Supplies,,,
TOLEDO BP - PLIER SET 4PC,Tridon 003483 Whitelaw Tooling Supplies,,,
TOLEDO BP - HAMMER PACK FREE CLOCK,Tridon 003483 Whitelaw Tooling Supplies,,,
TOLEDO BP BEARING SEAL MASTER SET,Tridon 003483 Whitelaw Tooling Supplies,,,
TOLEDO ANNIVERSARY MEASURING SET 3PC,Tridon 003483 Whitelaw Tooling Supplies,,,
TOLEDO MERCH CHUCK KEY 35PC,Tridon 003483 Whitelaw Tooling Supplies,,,
TOLEDO MERCH CALIPER & DIVIDER 24PC,Tridon 003483 Whitelaw Tooling Supplies,,,
TOLEDO MERCH RULES V1 38PC,Tridon 003483 Whitelaw Tooling Supplies,,,
TOLEDO MERCH RULES V2,Tridon 003483 Whitelaw Tooling Supplies,,,
TOLEDO MERCH EXACTA-POST 6PC,Tridon 003483 Whitelaw Tooling Supplies,,,
TOLEDO MERCH MINI-LEVEL 10PC,Tridon 003483 Whitelaw Tooling Supplies,,,
TOLEDO MERCH TORPEDO LEVEL 12PC,Tridon 003483 Whitelaw Tooling Supplies,,,
TOLEDO LEVELS MERCHANDISER 9PC,Tridon 003483 Whitelaw Tooling Supplies,,,
TOLEDO CUTTING RULE MERCHANDISER 15PC,Tridon 003483 Whitelaw Tooling Supplies,,,
TOLEDO RULES COUNTER TOP MERCH NARROW,Tridon 003483 Whitelaw Tooling Supplies,,,
TOLEDO RULES COUNTER TOP MERCH WIDE,Tridon 003483 Whitelaw Tooling Supplies,,,
TOLEDO MERCH RATCHET PODGER V1,Tridon 003483 Whitelaw Tooling Supplies,,,
TOLEDO MERCH RATCHET PODGER V2,Tridon 003483 Whitelaw Tooling Supplies,,,
TOLEDO ALUMINIUM PIPE WRENCH MERCH,Tridon 003483 Whitelaw Tooling Supplies,,,
TOLEDO MERCH SOLDERING 15PC,Tridon 003483 Whitelaw Tooling Supplies,,,
TOLEDO MERCH SCREWDRIVER ESSENTIAL 24PC,Tridon 003483 Whitelaw Tooling Supplies,,,
TOLEDO MERCH SCREWDRIVER S/THRU 21PC,Tridon 003483 Whitelaw Tooling Supplies,,,
TOLEDO MERCH SCREWDRIVER MASTER 57PC,Tridon 003483 Whitelaw Tooling Supplies,,,
TOLEDO MERCH ADJUSTABLE WRENCH,Tridon 003483 Whitelaw Tooling Supplies,,,
MATSON DHC MEMORY MINDER OBD2 CONNECTOR,Tridon 003483 Whitelaw Tooling Supplies,,,
TOLEDO PLASTIC CUTTER,Tridon 003483 Whitelaw Tooling Supplies,,,
TRIDON FLANGE CLAMP 1 INCH,Tridon 003483 Whitelaw Tooling Supplies,,,
TRIDON FLANGE CLAMP 2 INCH,Tridon 003483 Whitelaw Tooling Supplies,,,
TRIDON PORT FLANGE CLAMP 2 INCH,Tridon 003483 Whitelaw Tooling Supplies,,,
TRIDON FLANGE CLAMP 3 INCH,Tridon 003483 Whitelaw Tooling Supplies,,,
TRIDON FLANGE CLAMP 4 INCH,Tridon 003483 Whitelaw Tooling Supplies,,,
PRIME F/GLASS TAPE 30M/100FT,Tridon 003483 Whitelaw Tooling Supplies,,,
PRIME F/GLASS TAPE 30M,Tridon 003483 Whitelaw Tooling Supplies,,,
CLAMP QUICK RELEASE 23-70MM BOX OF 100,Tridon 003483 Whitelaw Tooling Supplies,,,
TRIDON CLAMP QUICK RELEASE 23-70MM,Tridon 003483 Whitelaw Tooling Supplies,,,
CLAMP QUICK RELEASE 42-90MM BOX OF 100,Tridon 003483 Whitelaw Tooling Supplies,,,
TRIDON CLAMP QUICK RELEASE 42-90MM,Tridon 003483 Whitelaw Tooling Supplies,,,
CLAMP QUICK RELEASE 51-130MM BOX OF 100,Tridon 003483 Whitelaw Tooling Supplies,,,
TRIDON CLAMP QUICK RELEASE 51-130MM,Tridon 003483 Whitelaw Tooling Supplies,,,
CLAMP QUICK RELEASE 51-152MM BOX OF 100,Tridon 003483 Whitelaw Tooling Supplies,,,
TRIDON CLAMP QUICK RELEASE 51-152MM,Tridon 003483 Whitelaw Tooling Supplies,,,
TRIDON CLAMP QUICK RELEASE 51-176MM,Tridon 003483 Whitelaw Tooling Supplies,,,
TRIDON CLAMP QUICK RELEASE 51-176MM,Tridon 003483 Whitelaw Tooling Supplies,,,
CLAMP QUICK RELEASE 60-215MM BOX OF 100,Tridon 003483 Whitelaw Tooling Supplies,,,
TRIDON CLAMP QUICK RELEASE 60-215MM,Tridon 003483 Whitelaw Tooling Supplies,,,
TRIDON CLAMP QUICK RELEASE 60-311MM,Tridon 003483 Whitelaw Tooling Supplies,,,
TRIDON CLAMP QUICK RELEASE 60-311MM,Tridon 003483 Whitelaw Tooling Supplies,,,
JUMP STARTER 12/24V 3800AMP HD,Tridon 003483 Whitelaw Tooling Supplies,,,
MATSON RA3800 CLAMP CABLE SET,Tridon 003483 Whitelaw Tooling Supplies,,,
MATSON RA3800 PANEL SET,Tridon 003483 Whitelaw Tooling Supplies,,,
MATSON RA3800 SWITCH SET,Tridon 003483 Whitelaw Tooling Supplies,,,
RENNSTEIG RCP11 WITH BONUS 470913,Tridon 003483 Whitelaw Tooling Supplies,,,
RENNSTEIG COLD CHISEL SET 3PC,Tridon 003483 Whitelaw Tooling Supplies,,,
RENNSTEIG CHISEL FOAM TRAY,Tridon 003483 Whitelaw Tooling Supplies,,,
RENNSTEIG CHISEL & PUNCH TOOL ROLL 11PC,Tridon 003483 Whitelaw Tooling Supplies,,,
RENNSTEIG CHISEL AND PUNCH SET 11PC,Tridon 003483 Whitelaw Tooling Supplies,,,
RENNSTEIG CHISEL & PUNCH SET 4PC,Tridon 003483 Whitelaw Tooling Supplies,,,
RENNSTEIG CHISEL & PUNCH FOAM TRAY,Tridon 003483 Whitelaw Tooling Supplies,,,
RENNSTEIG CHISEL SET,Tridon 003483 Whitelaw Tooling Supplies,,,
RENNSTEIG CENTRE & PARALLEL PIN PUN SET,Tridon 003483 Whitelaw Tooling Supplies,,,
RENNSTEIG CHISEL & PUNCH TOOL ROLL,Tridon 003483 Whitelaw Tooling Supplies,,,
RENNSTEIG CHISEL & PUNCH FOAM TRAY,Tridon 003483 Whitelaw Tooling Supplies,,,
RENNSTEIG PARALLEL PIN PUNCH SET 5 PC,Tridon 003483 Whitelaw Tooling Supplies,,,
RENNSTEIG CHISEL & PUNCH PACK,Tridon 003483 Whitelaw Tooling Supplies,,,
RENNSTEIG FOAM TRAY SET 10 PIECE,Tridon 003483 Whitelaw Tooling Supplies,,,
RENNSTEIG FOAM TRAY SET 7 PIECE,Tridon 003483 Whitelaw Tooling Supplies,,,
"RENNSTEIG CHISEL, PIN & CENTRE PUN SET",Tridon 003483 Whitelaw Tooling Supplies,,,
RENNSTEIG 35PC PUNCH & CHISEL MERCH,Tridon 003483 Whitelaw Tooling Supplies,,,
TOLEDO RING PODGER A/F 1IN,Tridon 003483 Whitelaw Tooling Supplies,,,
TOLEDO RING PODGER A/F 1.1/16IN,Tridon 003483 Whitelaw Tooling Supplies,,,
TOLEDO RING PODGER A/F 1.1/4IN,Tridon 003483 Whitelaw Tooling Supplies,,,
TOLEDO RING PODGER A/F 1.5/16IN,Tridon 003483 Whitelaw Tooling Supplies,,,
TOLEDO RING PODGER A/F 1.1/2IN,Tridon 003483 Whitelaw Tooling Supplies,,,
TOLEDO RING PODGER A/F 1.5/8IN,Tridon 003483 Whitelaw Tooling Supplies,,,
TOLEDO RING PODGER A/F 1.11/16IN,Tridon 003483 Whitelaw Tooling Supplies,,,
TOLEDO RING PODGER A/F 1.3/4IN,Tridon 003483 Whitelaw Tooling Supplies,,,
TOLEDO RING PODGER A/F 1.13/16IN,Tridon 003483 Whitelaw Tooling Supplies,,,
TOLEDO RING PODGER A/F 1.7/8IN,Tridon 003483 Whitelaw Tooling Supplies,,,
TOLEDO RING PODGER A/F 2IN,Tridon 003483 Whitelaw Tooling Supplies,,,
TOLEDO RING PODGER A/F 2.1/16IN,Tridon 003483 Whitelaw Tooling Supplies,,,
TOLEDO RING PODGER A/F 2.3/16IN,Tridon 003483 Whitelaw Tooling Supplies,,,
TOLEDO RING PODGER A/F 2.1/4IN,Tridon 003483 Whitelaw Tooling Supplies,,,
TOLEDO RING PODGER A/F 2.3/8IN,Tridon 003483 Whitelaw Tooling Supplies,,,
TOLEDO RING PODGER A/F 11/16IN,Tridon 003483 Whitelaw Tooling Supplies,,,
TOLEDO RING PODGER A/F 3/4IN,Tridon 003483 Whitelaw Tooling Supplies,,,
TOLEDO RING PODGER A/F 13/16IN,Tridon 003483 Whitelaw Tooling Supplies,,,
TOLEDO RING PODGER A/F 7/8IN,Tridon 003483 Whitelaw Tooling Supplies,,,
TOLEDO RING PODGER A/F 7/8INCH CD,Tridon 003483 Whitelaw Tooling Supplies,,,
TOLEDO RING PODGER A/F 15/16IN,Tridon 003483 Whitelaw Tooling Supplies,,,
TOLEDO RING PODGER A/F 15/16INCH CD,Tridon 003483 Whitelaw Tooling Supplies,,,
TOLEDO RING PODGER METRIC 17MM,Tridon 003483 Whitelaw Tooling Supplies,,,
TOLEDO RING PODGER METRIC 24MM,Tridon 003483 Whitelaw Tooling Supplies,,,
TOLEDO RING PODGER METRIC 30MM,Tridon 003483 Whitelaw Tooling Supplies,,,
TOLEDO RING PODGER METRIC 32MM,Tridon 003483 Whitelaw Tooling Supplies,,,
TOLEDO RING PODGER METRIC 46MM,Tridon 003483 Whitelaw Tooling Supplies,,,
TOLEDO RING PODGER METRIC 50MM,Tridon 003483 Whitelaw Tooling Supplies,,,
RENNSTEIG 35PC PIN PUNCH & CHISEL MERCH,Tridon 003483 Whitelaw Tooling Supplies,,,
RENNSTEIG PUNCH SET,Tridon 003483 Whitelaw Tooling Supplies,,,
RENNSTEIG TAPER & PARALLEL PIN/PUN SET,Tridon 003483 Whitelaw Tooling Supplies,,,
REPLACEMENT CHARGER FOR MA8000 ONLY,Tridon 003483 Whitelaw Tooling Supplies,,,
TRIDON SOLID BAND CLAMP PACK,Tridon 003483 Whitelaw Tooling Supplies,,,
MATSON DHC CHARGER 12VOLT 5AMP 4 BANK,Tridon 003483 Whitelaw Tooling Supplies,,,
MATSON DHC CHARGER 12VOLT CABLE,Tridon 003483 Whitelaw Tooling Supplies,,,
TOLEDO STANDARD TOP JOIN PINCH PLIERS,Tridon 003483 Whitelaw Tooling Supplies,,,
TOLEDO ALUMINIUM STRAIGHT EDGE 1000MM,Tridon 003483 Whitelaw Tooling Supplies,,,
TOLEDO ALUM STRAIGHT EDGE 1500MM,Tridon 003483 Whitelaw Tooling Supplies,,,
TOLEDO ALUMINIUM STRAIGHT EDGE 2000MM,Tridon 003483 Whitelaw Tooling Supplies,,,
TOLEDO ALUM STRAIGHT EDGE 600MM,Tridon 003483 Whitelaw Tooling Supplies,,,
TRIDON SOLID BAND CLAMP 13-25MM,Tridon 003483 Whitelaw Tooling Supplies,,,
TRIDON SOLID BAND CLAMP 14-27MM,Tridon 003483 Whitelaw Tooling Supplies,,,
TRIDON SOLID BAND CLAMP 18-32MM,Tridon 003483 Whitelaw Tooling Supplies,,,
TRIDON SOLID BAND CLAMP 21-38MM,Tridon 003483 Whitelaw Tooling Supplies,,,
TRIDON SOLID BAND CLAMP 24-44MM,Tridon 003483 Whitelaw Tooling Supplies,,,
TRIDON SOLID BAND CLAMP 27-51MM,Tridon 003483 Whitelaw Tooling Supplies,,,
TRIDON SOLID BAND CLAMP 33-57MM,Tridon 003483 Whitelaw Tooling Supplies,,,
TRIDON SOLID BAND CLAMP 40-64MM,Tridon 003483 Whitelaw Tooling Supplies,,,
TRIDON SOLID BAND CLAMP 46-70MM,Tridon 003483 Whitelaw Tooling Supplies,,,
TRIDON SOLID BAND CLAMP 52-76MM,Tridon 003483 Whitelaw Tooling Supplies,,,
TRIDON SOLID BAND CLAMP 59-83MM,Tridon 003483 Whitelaw Tooling Supplies,,,
TRIDON SOLID BAND CLAMP 65-89MM,Tridon 003483 Whitelaw Tooling Supplies,,,
TOLEDO LEGENDARY STOCK KNIFE CARDED,Tridon 003483 Whitelaw Tooling Supplies,,,
TOLEDO KNIFE & POUCH BLISTER,Tridon 003483 Whitelaw Tooling Supplies,,,
TRIDON SPRING LOCK 9-11.5 MM,Tridon 003483 Whitelaw Tooling Supplies,,,
TRIDON SPRING LOCK 10-12.5 MM,Tridon 003483 Whitelaw Tooling Supplies,,,
TRIDON SPRING LOCK 19.5-22.5 MM,Tridon 003483 Whitelaw Tooling Supplies,,,
TRIDON SOLID BAND CLAMP 6-16MM,Tridon 003483 Whitelaw Tooling Supplies,,,
TRIDON SOLID BAND CLAMP 11-18MM,Tridon 003483 Whitelaw Tooling Supplies,,,
TRIDON SOLID BAND CLAMP 11-22MM,Tridon 003483 Whitelaw Tooling Supplies,,,
TRIDON CLAMP SMP 16-27MM BOX OF 500,Tridon 003483 Whitelaw Tooling Supplies,,,
TRIDON CLAMP SMP 13-20MM BOX OF 500,Tridon 003483 Whitelaw Tooling Supplies,,,
TRIDON CLAMP SMP 9.5-12MM BOX OF 500,Tridon 003483 Whitelaw Tooling Supplies,,,
TRIDON CLAMP SMPC 9.5-12 MM CARDED (10),Tridon 003483 Whitelaw Tooling Supplies,,,
TRIDON CLAMP SMP 9.5-12 MM,Tridon 003483 Whitelaw Tooling Supplies,,,
TRIDON CLAMP SMPC 13-20 MM CARDED (10),Tridon 003483 Whitelaw Tooling Supplies,,,
TRIDON CLAMP SMP13-20 MM,Tridon 003483 Whitelaw Tooling Supplies,,,
TRIDON CLAMP SMP 16-24MM BOX OF 500,Tridon 003483 Whitelaw Tooling Supplies,,,
TRIDON CLAMP SMP16-24 MM,Tridon 003483 Whitelaw Tooling Supplies,,,
TRIDON CLAMP SMPC 16-27 MM CARDED (10),Tridon 003483 Whitelaw Tooling Supplies,,,
TRIDON CLAMP SMP16-27 MM,Tridon 003483 Whitelaw Tooling Supplies,,,
TRIDON CLAMP SMP 22-38MM BOX OF 500,Tridon 003483 Whitelaw Tooling Supplies,,,
TRIDON CLAMP SMP205-230 MM,Tridon 003483 Whitelaw Tooling Supplies,,,
TRIDON CLAMP SMP230-255 MM,Tridon 003483 Whitelaw Tooling Supplies,,,
TRIDON CLAMP SMP255-280 MM,Tridon 003483 Whitelaw Tooling Supplies,,,
CLAMP SMP MAINTENANCE PACK ALL STAINLESS,Tridon 003483 Whitelaw Tooling Supplies,,,
TRIDON CLAMP SMP280-305 MM,Tridon 003483 Whitelaw Tooling Supplies,,,
TRIDON CLAMP SMP 22-32MM BOX OF 500,Tridon 003483 Whitelaw Tooling Supplies,,,
TRIDON CLAMP SMPC 22-32 MM CARDED (10),Tridon 003483 Whitelaw Tooling Supplies,,,
TRIDON CLAMP SMP22-32 MM,Tridon 003483 Whitelaw Tooling Supplies,,,
TRIDON CLAMP SMPC 22-38 MM CARDED (10),Tridon 003483 Whitelaw Tooling Supplies,,,
TRIDON CLAMP SMP22-38 MM,Tridon 003483 Whitelaw Tooling Supplies,,,
TRIDON CLAMP SMP 30-42MM BOX OF 500,Tridon 003483 Whitelaw Tooling Supplies,,,
TRIDON CLAMP SMPC 30-42 MM CARDED (10),Tridon 003483 Whitelaw Tooling Supplies,,,
TRIDON CLAMP SMP30-42 MM,Tridon 003483 Whitelaw Tooling Supplies,,,
TRIDON CLAMP SMP 35-53MM BOX OF 500,Tridon 003483 Whitelaw Tooling Supplies,,,
TRIDON CLAMP SMP 35-48MM BOX OF 500,Tridon 003483 Whitelaw Tooling Supplies,,,
TRIDON CLAMP SMPC 35-48 MM CARDED (10),Tridon 003483 Whitelaw Tooling Supplies,,,
TRIDON CLAMP SMP35-48 MM,Tridon 003483 Whitelaw Tooling Supplies,,,
TRIDON CLAMP SMPC 35-53 MM CARDED (10),Tridon 003483 Whitelaw Tooling Supplies,,,
TRIDON CLAMP SMP35-53 MM,Tridon 003483 Whitelaw Tooling Supplies,,,
TRIDON CLAMP SMP 40-57MM BOX OF 500,Tridon 003483 Whitelaw Tooling Supplies,,,
TRIDON CLAMP SMPC 40-57 MM CARDED (10),Tridon 003483 Whitelaw Tooling Supplies,,,
TRIDON CLAMP SMP40-57 MM,Tridon 003483 Whitelaw Tooling Supplies,,,
TRIDON CLAMP SMP 52-70MM BOX OF 300,Tridon 003483 Whitelaw Tooling Supplies,,,
TRIDON CLAMP SMP52-70 MM,Tridon 003483 Whitelaw Tooling Supplies,,,
TRIDON CLAMP SMP 65-90MM BOX OF 300,Tridon 003483 Whitelaw Tooling Supplies,,,
TRIDON CLAMP SMP65-90 MM,Tridon 003483 Whitelaw Tooling Supplies,,,
TRIDON CLAMP SMP 85-110MM BOX OF 300,Tridon 003483 Whitelaw Tooling Supplies,,,
TRIDON CLAMP SMP85-110 MM,Tridon 003483 Whitelaw Tooling Supplies,,,
TRIDON CLAMP SMP 105-130MM BOX OF 200,Tridon 003483 Whitelaw Tooling Supplies,,,
TRIDON CLAMP SMP105-130 MM,Tridon 003483 Whitelaw Tooling Supplies,,,
TRIDON CLAMP SMP 155-180MM BOX OF 100,Tridon 003483 Whitelaw Tooling Supplies,,,
TRIDON CLAMP SMP130-155 MM,Tridon 003483 Whitelaw Tooling Supplies,,,
TRIDON CLAMP SMP 155-180MM BOX OF 100,Tridon 003483 Whitelaw Tooling Supplies,,,
TRIDON CLAMP SMP VALUE PACK,Tridon 003483 Whitelaw Tooling Supplies,,,
TRIDON CLAMP SMP155-180 MM,Tridon 003483 Whitelaw Tooling Supplies,,,
TRIDON CLAMP SMP180-205 MM,Tridon 003483 Whitelaw Tooling Supplies,,,
TRIDON CLAMP 16-27MM BOX OF 500,Tridon 003483 Whitelaw Tooling Supplies,,,
TRIDON CLAMP 13-20MM BOX OF 500,Tridon 003483 Whitelaw Tooling Supplies,,,
TRIDON CLAMP 9.5-12MM BOX OF 500,Tridon 003483 Whitelaw Tooling Supplies,,,
TRIDON CLAMP SMPC 9.5-12 MM,Tridon 003483 Whitelaw Tooling Supplies,,,
TRIDON CLAMP SMPC 13-20 MM,Tridon 003483 Whitelaw Tooling Supplies,,,
TRIDON CLAMP 16-24MM BOX OF 500,Tridon 003483 Whitelaw Tooling Supplies,,,
TRIDON CLAMP SMPC 16-24 MM,Tridon 003483 Whitelaw Tooling Supplies,,,
TRIDON CLAMP SMPC 16-27 MM,Tridon 003483 Whitelaw Tooling Supplies,,,
TRIDON CLAMP 22-38MM BOX OF 500,Tridon 003483 Whitelaw Tooling Supplies,,,
TRIDON CLAMP SMPC 205-230 MM,Tridon 003483 Whitelaw Tooling Supplies,,,
TRIDON CLAMP SMPC 230-255 MM,Tridon 003483 Whitelaw Tooling Supplies,,,
TRIDON CLAMP SMPC 255-280 MM,Tridon 003483 Whitelaw Tooling Supplies,,,
TRIDON CLAMP SMPC 280-305 MM,Tridon 003483 Whitelaw Tooling Supplies,,,
TRIDON CLAMP 22-32MM BOX OF 500,Tridon 003483 Whitelaw Tooling Supplies,,,
TRIDON CLAMP SMPC 22-32 MM,Tridon 003483 Whitelaw Tooling Supplies,,,
TRIDON CLAMP SMPC 22-38 MM,Tridon 003483 Whitelaw Tooling Supplies,,,
TRIDON CLAMP 30-42MM BOX OF 500,Tridon 003483 Whitelaw Tooling Supplies,,,
TRIDON CLAMP SMPC 30-42 MM,Tridon 003483 Whitelaw Tooling Supplies,,,
TRIDON CLAMP 35-53MM BOX OF 500,Tridon 003483 Whitelaw Tooling Supplies,,,
TRIDON CLAMP 35-48MM BOX OF 500,Tridon 003483 Whitelaw Tooling Supplies,,,
TRIDON CLAMP SMPC 35-48 MM,Tridon 003483 Whitelaw Tooling Supplies,,,
TRIDON CLAMP SMPC 35-53 MM,Tridon 003483 Whitelaw Tooling Supplies,,,
TRIDON CLAMP 40-57MM PKT OF 500,Tridon 003483 Whitelaw Tooling Supplies,,,
TRIDON CLAMP SMPC 40-57 MM,Tridon 003483 Whitelaw Tooling Supplies,,,
TRIDON CLAMP 52-70M BOX OF 300,Tridon 003483 Whitelaw Tooling Supplies,,,
TRIDON CLAMP SMPC 52-70 MM,Tridon 003483 Whitelaw Tooling Supplies,,,
TRIDON CLAMP 65-90MM BOX OF 300,Tridon 003483 Whitelaw Tooling Supplies,,,
TRIDON CLAMP SMPC 65-90 MM,Tridon 003483 Whitelaw Tooling Supplies,,,
TRIDON CLAMP 85-110MM BOX OF 300,Tridon 003483 Whitelaw Tooling Supplies,,,
TRIDON CLAMP SMPC 85-110 MM,Tridon 003483 Whitelaw Tooling Supplies,,,
TRIDON CLAMP 105-130MM BOX OF 200,Tridon 003483 Whitelaw Tooling Supplies,,,
TRIDON CLAMP SMPC 105-130 MM,Tridon 003483 Whitelaw Tooling Supplies,,,
TRIDON CLAMP 130-155MM BOX OF 100,Tridon 003483 Whitelaw Tooling Supplies,,,
TRIDON CLAMP SMPC 130-155 MM,Tridon 003483 Whitelaw Tooling Supplies,,,
TRIDON CLAMP 155-180MM BOX OF 100,Tridon 003483 Whitelaw Tooling Supplies,,,
TRIDON CLAMP SMPC 155-180 MM,Tridon 003483 Whitelaw Tooling Supplies,,,
TRIDON CLAMP SMPC 180-205 MM,Tridon 003483 Whitelaw Tooling Supplies,,,
TRIDON CLAMP 11-16MM BOX OF 500,Tridon 003483 Whitelaw Tooling Supplies,,,
TRIDON CLAMP SMPC 11-16 MM,Tridon 003483 Whitelaw Tooling Supplies,,,
TRIDON CLAMP SMP 11-16MM BOX OF 500,Tridon 003483 Whitelaw Tooling Supplies,,,
TRIDON CLAMP SMPC 11-16 MM CARDED (10),Tridon 003483 Whitelaw Tooling Supplies,,,
TRIDON CLAMP SMP11-16 MM,Tridon 003483 Whitelaw Tooling Supplies,,,
SYKES LED LIGHT MERCH 12 PC,Tridon 003483 Whitelaw Tooling Supplies,,,
SYKES BODY BLADES MERCH 11 PC,Tridon 003483 Whitelaw Tooling Supplies,,,
SYKES THREAD FILE MERCH 14 PC,Tridon 003483 Whitelaw Tooling Supplies,,,
SYKES ELECTRICAL MERCH 14 PC,Tridon 003483 Whitelaw Tooling Supplies,,,
SYKES PULLER MERCH 8 PC,Tridon 003483 Whitelaw Tooling Supplies,,,
SYKES BODY TOOLS MERCH 12 PC,Tridon 003483 Whitelaw Tooling Supplies,,,
SYKES TORQUE WRENCH MERCH 5PC,Tridon 003483 Whitelaw Tooling Supplies,,,
SYKES DIGI TORQUE WRENCH MERCH 5PC,Tridon 003483 Whitelaw Tooling Supplies,,,
SYKES LED LIGHT MASTER MERCH 21PC,Tridon 003483 Whitelaw Tooling Supplies,,,
SYKES PULLER MASTER MERCH 9PC,Tridon 003483 Whitelaw Tooling Supplies,,,
TOLEDO ENGINEERS SQUARE 250MM,Tridon 003483 Whitelaw Tooling Supplies,,,
TOLEDO ENGINEERS SQUARE 300MM,Tridon 003483 Whitelaw Tooling Supplies,,,
TOLEDO ENGINEERS SQUARE 50MM,Tridon 003483 Whitelaw Tooling Supplies,,,
TOLEDO ENGINEERS SQUARE 75MM,Tridon 003483 Whitelaw Tooling Supplies,,,
TOLEDO ENGINEERS SQUARE 100MM,Tridon 003483 Whitelaw Tooling Supplies,,,
TOLEDO ENGINEERS SQUARE GRADUATED 100MM,Tridon 003483 Whitelaw Tooling Supplies,,,
TOLEDO ENGINEERS SQUARE 150MM,Tridon 003483 Whitelaw Tooling Supplies,,,
TOLEDO ENGINEERS SQUARE GRADUATED 150MM,Tridon 003483 Whitelaw Tooling Supplies,,,
TOLEDO ENGINEERS SQUARE 200MM,Tridon 003483 Whitelaw Tooling Supplies,,,
TOLEDO S/STEEL RULE 150MM,Tridon 003483 Whitelaw Tooling Supplies,,,
TOLEDO S/STEEL RULE 150MM/6IN,Tridon 003483 Whitelaw Tooling Supplies,,,
TOLEDO S/STEEL RULE,Tridon 003483 Whitelaw Tooling Supplies,,,
TOLEDO S/STEEL RULE 300MM/12IN,Tridon 003483 Whitelaw Tooling Supplies,,,
MATSON SWITCH CABLE 00 B&S 26CM 10 INCH,Tridon 003483 Whitelaw Tooling Supplies,,,
MATSON SWITCH CABLE 00 B&S 26CM (RED),Tridon 003483 Whitelaw Tooling Supplies,,,
MATSON SWITCH CABLE 2 B&S 25CM,Tridon 003483 Whitelaw Tooling Supplies,,,
MATSON SWITCH CABLE 2 B&S RED 10IN,Tridon 003483 Whitelaw Tooling Supplies,,,
MATSON SWITCH CABLE 3 B&S EA FORD 25CM,Tridon 003483 Whitelaw Tooling Supplies,,,
MATSON SWITCH CABLE 00 B&S 30CM,Tridon 003483 Whitelaw Tooling Supplies,,,
MATSON SWITCH CABLE 00 B&S 30CM (RED),Tridon 003483 Whitelaw Tooling Supplies,,,
MATSON SWITCH CABLE 2 B&S 12 INCH,Tridon 003483 Whitelaw Tooling Supplies,,,
MATSON BATTERY CABLE,Tridon 003483 Whitelaw Tooling Supplies,,,
MATSON BATTERY CABLE,Tridon 003483 Whitelaw Tooling Supplies,,,
MATSON SWITCH CABLE 2 B&S 12 INCH RED,Tridon 003483 Whitelaw Tooling Supplies,,,
MATSON SWITCH CABLE 3 B&S 30CM,Tridon 003483 Whitelaw Tooling Supplies,,,
MATSON SWITCH CABLE 00 B&S 38CM,Tridon 003483 Whitelaw Tooling Supplies,,,
MATSON SWITCH CABLE 00 B&S 38CM (RED),Tridon 003483 Whitelaw Tooling Supplies,,,
MATSON SWITCH CABLE 2 B&S 15 INCH,Tridon 003483 Whitelaw Tooling Supplies,,,
MATSON SWITCH CABLE 2 B&S RED 15 IN,Tridon 003483 Whitelaw Tooling Supplies,,,
MATSON SWITCH CABLE 3 B&S 38CM,Tridon 003483 Whitelaw Tooling Supplies,,,
MATSON SWITCH CABLE 00 B&S 46CM,Tridon 003483 Whitelaw Tooling Supplies,,,
MATSON SWITCH CABLE 00 B&S 46CM (RED),Tridon 003483 Whitelaw Tooling Supplies,,,
MATSON SWITCH CABLE 2 B&S 18 INCH,Tridon 003483 Whitelaw Tooling Supplies,,,
MATSON SWITCH CABLE 2 B&S 46CM,Tridon 003483 Whitelaw Tooling Supplies,,,
MATSON SWITCH CABLE 3 B&S 46CM,Tridon 003483 Whitelaw Tooling Supplies,,,
MATSON SWITCH CABLE 2 B&S 53CM,Tridon 003483 Whitelaw Tooling Supplies,,,
MATSON SWITCH CABLE 3 B&S 53CM 21INCH,Tridon 003483 Whitelaw Tooling Supplies,,,
MATSON SWITCH CABLE 00 B&S 61CM,Tridon 003483 Whitelaw Tooling Supplies,,,
MATSON SWITCH CABLE 00 B&S 61CM (RED),Tridon 003483 Whitelaw Tooling Supplies,,,
MATSON SWITCH CABLE 2 B&S 24 INCH,Tridon 003483 Whitelaw Tooling Supplies,,,
MATSON SWITCH CABLE 2 B&S RED 24 IN,Tridon 003483 Whitelaw Tooling Supplies,,,
MATSON SWITCH CABLE 3 B&S 61CM,Tridon 003483 Whitelaw Tooling Supplies,,,
MATSON SWITCH CABLE 6 B&S 61CM,Tridon 003483 Whitelaw Tooling Supplies,,,
MATSON SWITCH CABLE 2 B&S 69CM,Tridon 003483 Whitelaw Tooling Supplies,,,
MATSON SWITCH CABLE 2 B&S 30 INCH,Tridon 003483 Whitelaw Tooling Supplies,,,
MATSON SWITCH CABLE 2 B&S 76CM,Tridon 003483 Whitelaw Tooling Supplies,,,
MATSON SWITCH CABLE 3 B&S 76CM,Tridon 003483 Whitelaw Tooling Supplies,,,
MATSON SWITCH CABLE 00 B&S 91CM,Tridon 003483 Whitelaw Tooling Supplies,,,
MATSON SWITCH CABLE 00 B&S 91CM (RED),Tridon 003483 Whitelaw Tooling Supplies,,,
MATSON SWITCH CABLE 2 B&S 36 INCH,Tridon 003483 Whitelaw Tooling Supplies,,,
MATSON SWITCH CABLE 2 B&S RED 36 IN,Tridon 003483 Whitelaw Tooling Supplies,,,
MATSON SWITCH CABLE 3 B&S 91CM,Tridon 003483 Whitelaw Tooling Supplies,,,
MATSON SWITCH CABLE 2 B&S 106CM,Tridon 003483 Whitelaw Tooling Supplies,,,
MATSON SWITCH CABLE 00 B&S 122CM,Tridon 003483 Whitelaw Tooling Supplies,,,
MATSON SWITCH CABLE 00 B&S 122CM (RED),Tridon 003483 Whitelaw Tooling Supplies,,,
MATSON SWITCH CABLE 2 B&S 48 INCH,Tridon 003483 Whitelaw Tooling Supplies,,,
MATSON SWITCH CABLE 2 B&S 122CM,Tridon 003483 Whitelaw Tooling Supplies,,,
MATSON SWITCH CABLE 2 B&S 52 INCH,Tridon 003483 Whitelaw Tooling Supplies,,,
MATSON SWITCH CABLE 2 B&S 183CM,Tridon 003483 Whitelaw Tooling Supplies,,,
MATSON SWITCH CABLE 2 B&S 183CM,Tridon 003483 Whitelaw Tooling Supplies,,,
MATSON SWITCH CABLE 00 B&S 20CM,Tridon 003483 Whitelaw Tooling Supplies,,,
MATSON SWITCH CABLE 00 B&S 20CM (RED),Tridon 003483 Whitelaw Tooling Supplies,,,
MATSON SWITCH CABLE 2 B&S 82 INCH,Tridon 003483 Whitelaw Tooling Supplies,,,
MATSON SWITCH CABLE 2 B&S 8 INCH,Tridon 003483 Whitelaw Tooling Supplies,,,
MATSON SWITCH CABLE 2 B&S RED 8 IN,Tridon 003483 Whitelaw Tooling Supplies,,,
MATSON SWITCH CABLE 3 B&S 20CM 8 INCH,Tridon 003483 Whitelaw Tooling Supplies,,,
MATSON SWITCH CABLE 00 B&S BLACK 23CM,Tridon 003483 Whitelaw Tooling Supplies,,,
MATSON SWITCH CABLE 00 B&S 23CM (RED),Tridon 003483 Whitelaw Tooling Supplies,,,
MATSON SWITCH CABLE 2 B&S BLACK 230CM,Tridon 003483 Whitelaw Tooling Supplies,,,
MATSON SWITCH CABLE 2 B&S RED 230CM,Tridon 003483 Whitelaw Tooling Supplies,,,
MATSON SWITCH CABLE 2B&S 23CM,Tridon 003483 Whitelaw Tooling Supplies,,,
TOLEDO OPEN JAW SLOGGER 85MM,Tridon 003483 Whitelaw Tooling Supplies,,,
TOLEDO OPEN JAW SLOGGER 100MM,Tridon 003483 Whitelaw Tooling Supplies,,,
TOLEDO OPEN JAW SLOGGER 105MM,Tridon 003483 Whitelaw Tooling Supplies,,,
TOLEDO OPEN JAW SLOGGER 110MM,Tridon 003483 Whitelaw Tooling Supplies,,,
TOLEDO OPEN JAW SLOGGER 115MM,Tridon 003483 Whitelaw Tooling Supplies,,,
TOLEDO OPEN JAW SLOGGER 120MM,Tridon 003483 Whitelaw Tooling Supplies,,,
TOLEDO OPEN JAW SLOGGER 22MM,Tridon 003483 Whitelaw Tooling Supplies,,,
TOLEDO OPEN JAW SLOGGER 24MM,Tridon 003483 Whitelaw Tooling Supplies,,,
TOLEDO OPEN JAW SLOGGER 27MM,Tridon 003483 Whitelaw Tooling Supplies,,,
TOLEDO OPEN JAW SLOGGER 30MM,Tridon 003483 Whitelaw Tooling Supplies,,,
TOLEDO OPEN JAW SLOGGER 32MM,Tridon 003483 Whitelaw Tooling Supplies,,,
TOLEDO OPEN JAW SLOGGER 34MM,Tridon 003483 Whitelaw Tooling Supplies,,,
TOLEDO OPEN JAW SLOGGER 36MM,Tridon 003483 Whitelaw Tooling Supplies,,,
TOLEDO OPEN JAW SLOGGER 38MM,Tridon 003483 Whitelaw Tooling Supplies,,,
TOLEDO OPEN JAW SLOGGER 41MM,Tridon 003483 Whitelaw Tooling Supplies,,,
TOLEDO OPEN JAW SLOGGER 42MM,Tridon 003483 Whitelaw Tooling Supplies,,,
TOLEDO OPEN JAW SLOGGER 46MM,Tridon 003483 Whitelaw Tooling Supplies,,,
TOLEDO OPEN JAW SLOGGER 50MM,Tridon 003483 Whitelaw Tooling Supplies,,,
TOLEDO OPEN JAW SLOGGER 55MM,Tridon 003483 Whitelaw Tooling Supplies,,,
TOLEDO OPEN JAW SLOGGER 60MM,Tridon 003483 Whitelaw Tooling Supplies,,,
TOLEDO OPEN JAW SLOGGER 65MM,Tridon 003483 Whitelaw Tooling Supplies,,,
TOLEDO OPEN JAW SLOGGER 70MM,Tridon 003483 Whitelaw Tooling Supplies,,,
TOLEDO OPEN JAW SLOGGER 75MM,Tridon 003483 Whitelaw Tooling Supplies,,,
TOLEDO OPEN JAW SLOGGER 80MM,Tridon 003483 Whitelaw Tooling Supplies,,,
TOLEDO OPEN JAW SLOGGER 85MM,Tridon 003483 Whitelaw Tooling Supplies,,,
TOLEDO OPEN JAW SLOGGER 90MM,Tridon 003483 Whitelaw Tooling Supplies,,,
TOLEDO OPEN JAW SLOGGER 95MM,Tridon 003483 Whitelaw Tooling Supplies,,,
TOLEDO CRANK R/SLOGGING AF 1.1/16IN,Tridon 003483 Whitelaw Tooling Supplies,,,
TOLEDO RING SLOGGING A/F 1.1/16IN,Tridon 003483 Whitelaw Tooling Supplies,,,
TOLEDO CRANK R/SLOGGING AF 1.1/8IN,Tridon 003483 Whitelaw Tooling Supplies,,,
TOLEDO CRANK R/SLOGGING AF 1.3/16IN,Tridon 003483 Whitelaw Tooling Supplies,,,
TOLEDO CRANK R/SLOGGING AF 1.1/4IN,Tridon 003483 Whitelaw Tooling Supplies,,,
TOLEDO CRANK R/SLOGGING AF 1.5/16IN,Tridon 003483 Whitelaw Tooling Supplies,,,
TOLEDO CRANK R/SLOGGING AF 1.3/8IN,Tridon 003483 Whitelaw Tooling Supplies,,,
TOLEDO CRANK R/SLOGGING AF 1.7/16IN,Tridon 003483 Whitelaw Tooling Supplies,,,
TOLEDO SLOGGER CRANK AF 1.9/16IN,Tridon 003483 Whitelaw Tooling Supplies,,,
TOLEDO RING SLOGGING A/F 1.9/16IN,Tridon 003483 Whitelaw Tooling Supplies,,,
TOLEDO CRANK R/SLOGGING AF 1.5/8IN,Tridon 003483 Whitelaw Tooling Supplies,,,
TOLEDO RING SLOGGING A/F 1.5/8IN,Tridon 003483 Whitelaw Tooling Supplies,,,
TOLEDO CRANK R/SLOGGING AF 1.11/16IN,Tridon 003483 Whitelaw Tooling Supplies,,,
TOLEDO CRANK R/SLOGGING AF 1.3/4IN,Tridon 003483 Whitelaw Tooling Supplies,,,
TOLEDO CRANK R/SLOGGING AF 1.13/16IN,Tridon 003483 Whitelaw Tooling Supplies,,,
TOLEDO RING SLOGGING A/F 1.13/16IN,Tridon 003483 Whitelaw Tooling Supplies,,,
TOLEDO CRANK R/SLOGGING AF 1.7/8IN,Tridon 003483 Whitelaw Tooling Supplies,,,
TOLEDO CRANK R/SLOGGING AF 2IN,Tridon 003483 Whitelaw Tooling Supplies,,,
TOLEDO CRANK R/SLOGGING AF 2.1/8IN,Tridon 003483 Whitelaw Tooling Supplies,,,
TOLEDO RING SLOGGING A/F 2.1/8IN,Tridon 003483 Whitelaw Tooling Supplies,,,
TOLEDO CRANK R/SLOGGING AF 2.3/16IN,Tridon 003483 Whitelaw Tooling Supplies,,,
TOLEDO SAFETY CRANKED SLOGGER 2 1/4IN,Tridon 003483 Whitelaw Tooling Supplies,,,
TOLEDO CRANK R/SLOGGING AF 2.5/16IN,Tridon 003483 Whitelaw Tooling Supplies,,,
TOLEDO RING SLOGGING A/F 2.5/16,Tridon 003483 Whitelaw Tooling Supplies,,,
TOLEDO CRANK R/SLOGGING AF 2.3/8IN,Tridon 003483 Whitelaw Tooling Supplies,,,
TOLEDO CRANK R/SLOGGING AF 2.7/16IN,Tridon 003483 Whitelaw Tooling Supplies,,,
TOLEDO CRANK R/SLOGGING AF 2.9/16IN,Tridon 003483 Whitelaw Tooling Supplies,,,
TOLEDO RING SLOGGING A/F 2.9/16IN,Tridon 003483 Whitelaw Tooling Supplies,,,
TOLEDO CRANK R/SLOGGING AF 2.5/8IN,Tridon 003483 Whitelaw Tooling Supplies,,,
TOLEDO RING SLOGGING A/F 2.5/8IN,Tridon 003483 Whitelaw Tooling Supplies,,,
TOLEDO CRANK R/SLOGGING AF 2.3/4IN,Tridon 003483 Whitelaw Tooling Supplies,,,
TOLEDO RING SLOGGING A/F 2.3/4IN,Tridon 003483 Whitelaw Tooling Supplies,,,
TOLEDO CRANK R/SLOGGING AF 2.7/8IN,Tridon 003483 Whitelaw Tooling Supplies,,,
TOLEDO CRANK R/SLOGGING AF 2.15/16IN,Tridon 003483 Whitelaw Tooling Supplies,,,
TOLEDO SAFETY CRANKED SLOGGER 2 15/16IN,Tridon 003483 Whitelaw Tooling Supplies,,,
TOLEDO CRANK R/SLOGGING AF 3IN,Tridon 003483 Whitelaw Tooling Supplies,,,
TOLEDO RING SLOGGING A/F 3IN,Tridon 003483 Whitelaw Tooling Supplies,,,
TOLEDO RING SLOGGING A/F 3.1/8IN,Tridon 003483 Whitelaw Tooling Supplies,,,
TOLEDO RING SLOGGING WHIT 2IN,Tridon 003483 Whitelaw Tooling Supplies,,,
TOLEDO CRANK R/SLOGGING AF 3.1/2IN,Tridon 003483 Whitelaw Tooling Supplies,,,
TOLEDO RING SLOGGING METRIC 100MM,Tridon 003483 Whitelaw Tooling Supplies,,,
TOLEDO RING SLOGGING SPANNER 105MM,Tridon 003483 Whitelaw Tooling Supplies,,,
TOLEDO RING SLOGGING SPANNER 110MM,Tridon 003483 Whitelaw Tooling Supplies,,,
TOLEDO RING SLOGGING SPANNER 115MM,Tridon 003483 Whitelaw Tooling Supplies,,,
TOLEDO RING SLOGGING SPANNER 120MM,Tridon 003483 Whitelaw Tooling Supplies,,,
TOLEDO RING SLOGGING SPANNER 125MM,Tridon 003483 Whitelaw Tooling Supplies,,,
TOLEDO RING SLOGGING SPANNER 130MM,Tridon 003483 Whitelaw Tooling Supplies,,,
TOLEDO RING SLOGGING SPANNER 135MM,Tridon 003483 Whitelaw Tooling Supplies,,,
TOLEDO RING SLOGGING SPANNER 140MM,Tridon 003483 Whitelaw Tooling Supplies,,,
TOLEDO RING SLOGGING SPANNER 145MM,Tridon 003483 Whitelaw Tooling Supplies,,,
TOLEDO RING SLOGGING SPANNER 150MM,Tridon 003483 Whitelaw Tooling Supplies,,,
TOLEDO SAFETY CRANKED SLOGGER 24MM,Tridon 003483 Whitelaw Tooling Supplies,,,
TOLEDO RING SLOGGING METRIC 24MM,Tridon 003483 Whitelaw Tooling Supplies,,,
TOLEDO RING SLOGGING METRIC 27MM,Tridon 003483 Whitelaw Tooling Supplies,,,
TOLEDO RING SLOGGING METRIC 30MM,Tridon 003483 Whitelaw Tooling Supplies,,,
TOLEDO RING SLOGGING METRIC 32MM,Tridon 003483 Whitelaw Tooling Supplies,,,
TOLEDO RING SLOGGING METRIC 36MM,Tridon 003483 Whitelaw Tooling Supplies,,,
TOLEDO RING SLOGGING METRIC 41MM,Tridon 003483 Whitelaw Tooling Supplies,,,
TOLEDO RING SLOGGING METRIC 46MM,Tridon 003483 Whitelaw Tooling Supplies,,,
TOLEDO CRANKED R/SLOGGING 50MM,Tridon 003483 Whitelaw Tooling Supplies,,,
TOLEDO RING SLOGGING METRIC 50MM,Tridon 003483 Whitelaw Tooling Supplies,,,
TOLEDO RING SLOGGING METRIC 55MM,Tridon 003483 Whitelaw Tooling Supplies,,,
TOLEDO CRANKED R/SLOGGING 60MM,Tridon 003483 Whitelaw Tooling Supplies,,,
TOLEDO RING SLOGGING METRIC 60MM,Tridon 003483 Whitelaw Tooling Supplies,,,
TOLEDO RING SLOGGING METRIC 65MM,Tridon 003483 Whitelaw Tooling Supplies,,,
TOLEDO CRANKED R/SLOGGING 70MM,Tridon 003483 Whitelaw Tooling Supplies,,,
TOLEDO RING SLOGGING METRIC 70MM,Tridon 003483 Whitelaw Tooling Supplies,,,
TOLEDO RING SLOGGING METRIC 75MM,Tridon 003483 Whitelaw Tooling Supplies,,,
TOLEDO RING SLOGGING METRIC 80MM,Tridon 003483 Whitelaw Tooling Supplies,,,
TOLEDO RING SLOGGING METRIC 85MM,Tridon 003483 Whitelaw Tooling Supplies,,,
TOLEDO RING SLOGGING METRIC 90MM,Tridon 003483 Whitelaw Tooling Supplies,,,
TOLEDO RING SLOGGING METRIC 95MM,Tridon 003483 Whitelaw Tooling Supplies,,,
TOLEDO CHUCK KEY 4-WAY RATCHETING,Tridon 003483 Whitelaw Tooling Supplies,,,
TOLEDO CHUCK KEY 16MM,Tridon 003483 Whitelaw Tooling Supplies,,,
TOLEDO CHUCK KEY 10MM,Tridon 003483 Whitelaw Tooling Supplies,,,
TOLEDO CHUCK KEY 13MM,Tridon 003483 Whitelaw Tooling Supplies,,,
TOLEDO CHUCK KEY 10/13MM,Tridon 003483 Whitelaw Tooling Supplies,,,
TOLEDO CHUCK KEY 10MM,Tridon 003483 Whitelaw Tooling Supplies,,,
TOLEDO CHUCK KEY 13MM,Tridon 003483 Whitelaw Tooling Supplies,,,
TOLEDO BOLT CUTTER MERCHANDISER,Tridon 003483 Whitelaw Tooling Supplies,,,
CLAMP MERCH - T-BOLT PART SS (18 DRAW),Tridon 003483 Whitelaw Tooling Supplies,,,
CLAMP MERCH - T-BOLT FULL SS (18 DRAW),Tridon 003483 Whitelaw Tooling Supplies,,,
TRIDON CABLE TIE BONUS PACK,Tridon 003483 Whitelaw Tooling Supplies,,,
TRIDON IR CLAMP DEALER PACK (3000PK),Tridon 003483 Whitelaw Tooling Supplies,,,
TRIDON IR CLAMP DEALER PACK (6000PK),Tridon 003483 Whitelaw Tooling Supplies,,,
TRIDON IR CLAMP DRAWER MERCH (850PK),Tridon 003483 Whitelaw Tooling Supplies,,,
TOLEDO CIRCLIP PLIERS TOOL ROLL 4 PEICE,Tridon 003483 Whitelaw Tooling Supplies,,,
MATSON 4MM TWIN CORE CABLE SHEATH (100M),Tridon 003483 Whitelaw Tooling Supplies,,,
MATSON 4MM TWIN CORE CABLE SHEATH (30M),Tridon 003483 Whitelaw Tooling Supplies,,,
MATSON 6MM TWIN CORE CABLE SHEATH (30M),Tridon 003483 Whitelaw Tooling Supplies,,,
MATSON 6MM TWIN CORE CABLE SHEATH (100M),Tridon 003483 Whitelaw Tooling Supplies,,,
MATSON 6 B&S CABLE TWIN BLK/RED (100M),Tridon 003483 Whitelaw Tooling Supplies,,,
MATSON 6 B&S CABLE TWIN BLK/RED (30M),Tridon 003483 Whitelaw Tooling Supplies,,,
MATSON 6 B&S CABLE TWIN BLK/RED (50M),Tridon 003483 Whitelaw Tooling Supplies,,,
MATSON 8MM TWIN CORE CABLE SHEATH (100M),Tridon 003483 Whitelaw Tooling Supplies,,,
MATSON 8MM TWIN CORE CABLE SHEATH (30M),Tridon 003483 Whitelaw Tooling Supplies,,,
MATSON 8MM TWIN CORE CABLE SHEATH (50M),Tridon 003483 Whitelaw Tooling Supplies,,,
TRIDON C/TENSION CLAMP 14-27MM BOX 100,Tridon 003483 Whitelaw Tooling Supplies,,,
TRIDON C/TENSION CLAMP 14-27MM (PK10),Tridon 003483 Whitelaw Tooling Supplies,,,
TRIDON C/TENSION CLAMP 16-32MM BOX 100,Tridon 003483 Whitelaw Tooling Supplies,,,
TRIDON C/TENSION CLAMP 16-32MM (PK10),Tridon 003483 Whitelaw Tooling Supplies,,,
TRIDON C/TENSION CLAMP 21-38MM BOX 100,Tridon 003483 Whitelaw Tooling Supplies,,,
TRIDON C/TENSION CLAMP 21-38MM (PK10),Tridon 003483 Whitelaw Tooling Supplies,,,
TRIDON C/TENSION CLAMP 20-44MM BOX 100,Tridon 003483 Whitelaw Tooling Supplies,,,
TRIDON C/TENSION CLAMP 20-44MM (PK10),Tridon 003483 Whitelaw Tooling Supplies,,,
TRIDON C/TENSION CLAMP 27-51MM BOX 100,Tridon 003483 Whitelaw Tooling Supplies,,,
TRIDON C/TENSION CLAMP 27-51MM (PK10),Tridon 003483 Whitelaw Tooling Supplies,,,
TRIDON C/TENSION CLAMP 33-57MM BOX 100,Tridon 003483 Whitelaw Tooling Supplies,,,
TRIDON C/TENSION CLAMP 33-57MM (PK10),Tridon 003483 Whitelaw Tooling Supplies,,,
TRIDON C/TENSION CLAMP 40-63MM BOX 100,Tridon 003483 Whitelaw Tooling Supplies,,,
TRIDON C/TENSION CLAMP 40-63MM (PK10),Tridon 003483 Whitelaw Tooling Supplies,,,
TRIDON C/TENSION CLAMP 46-70MM BOX 100,Tridon 003483 Whitelaw Tooling Supplies,,,
TRIDON C/TENSION CLAMP 46-70MM (PK10),Tridon 003483 Whitelaw Tooling Supplies,,,
TRIDON C/TENSION CLAMP 52-76MM BOX 100,Tridon 003483 Whitelaw Tooling Supplies,,,
TRIDON C/TENSION CLAMP 52-76MM (PK10),Tridon 003483 Whitelaw Tooling Supplies,,,
TRIDON C/TENSION CLAMP 59-82MM BOX 100,Tridon 003483 Whitelaw Tooling Supplies,,,
TRIDON C/TENSION CLAMP 59-82MM (PK10),Tridon 003483 Whitelaw Tooling Supplies,,,
TRIDON C/TENSION CLAMP 65-89MM BOX 100,Tridon 003483 Whitelaw Tooling Supplies,,,
TRIDON C/TENSION CLAMP 65-89MM (PK10),Tridon 003483 Whitelaw Tooling Supplies,,,
TRIDON HD C/TENSION CLAMP 25-43 PK50,Tridon 003483 Whitelaw Tooling Supplies,,,
TRIDON HD C/TENSION CLAMP 25-43 (PK10),Tridon 003483 Whitelaw Tooling Supplies,,,
TRIDON HD C/TENSION CLAMP 32-54 PK50,Tridon 003483 Whitelaw Tooling Supplies,,,
TRIDON HD C/TENSION CLAMP 32-54 (PK10),Tridon 003483 Whitelaw Tooling Supplies,,,
TRIDON HD C/TENSION CLAMP 45-67 PK25,Tridon 003483 Whitelaw Tooling Supplies,,,
TRIDON HD C/TENSION CLAMP 45-67 (PK10),Tridon 003483 Whitelaw Tooling Supplies,,,
TRIDON HD C/TENSION CLAMP 57-79 PK25,Tridon 003483 Whitelaw Tooling Supplies,,,
TRIDON HD C/TENSION CLAMP 57-79 (PK10),Tridon 003483 Whitelaw Tooling Supplies,,,
TRIDON HD C/TENSION CLAMP 70-92 PK25,Tridon 003483 Whitelaw Tooling Supplies,,,
TRIDON HD C/TENSION CLAMP 70-92 (PK10),Tridon 003483 Whitelaw Tooling Supplies,,,
TRIDON HD C/TENSION CLAMP 83-105 PK25,Tridon 003483 Whitelaw Tooling Supplies,,,
TRIDON HD C/TENSION CLAMP 83-105 (PK10),Tridon 003483 Whitelaw Tooling Supplies,,,
TRIDON HD C/TENSION CLAMP 95-118 PK25,Tridon 003483 Whitelaw Tooling Supplies,,,
TRIDON HD C/TENSION CLAMP 95-118 (PK10),Tridon 003483 Whitelaw Tooling Supplies,,,
TRIDON HD C/TENSION CLAMP 108-130 (PK10),Tridon 003483 Whitelaw Tooling Supplies,,,
TRIDON HD C/TENSION CLAMP 121-143 (PK10),Tridon 003483 Whitelaw Tooling Supplies,,,
TRIDON HD C/TENSION CLAMP 133-156 (PK10),Tridon 003483 Whitelaw Tooling Supplies,,,
TRIDON HD C/TENSION CLAMP 146-168 (PK10),Tridon 003483 Whitelaw Tooling Supplies,,,
TRIDON HD C/TENSION CLAMP 159-181 (PK10),Tridon 003483 Whitelaw Tooling Supplies,,,
TRIDON HD C/TENSION CLAMP 172-194 (PK10),Tridon 003483 Whitelaw Tooling Supplies,,,
TRIDON HD C/TENSION CLAMP 184-206 (PK10),Tridon 003483 Whitelaw Tooling Supplies,,,
TRIDON HD C/TENSION CLAMP 197-219 (PK10),Tridon 003483 Whitelaw Tooling Supplies,,,
TRIDON HD C/TENSION CLAMP 210-232 (PK10),Tridon 003483 Whitelaw Tooling Supplies,,,
TRIDON HD C/TENSION CLAMP 218-265 (PK10),Tridon 003483 Whitelaw Tooling Supplies,,,
TRIDON CLAMP D/EAR 11-13 MM,Tridon 003483 Whitelaw Tooling Supplies,,,
TRIDON CLAMP D/EAR 11-13MM,Tridon 003483 Whitelaw Tooling Supplies,,,
TRIDON CLAMP D/EAR 13-15 MM,Tridon 003483 Whitelaw Tooling Supplies,,,
TRIDON CLAMP D/EAR 13-15MM,Tridon 003483 Whitelaw Tooling Supplies,,,
TRIDON CLAMP D/EAR 15-17 MM,Tridon 003483 Whitelaw Tooling Supplies,,,
TRIDON CLAMP D/EAR 15-17MM,Tridon 003483 Whitelaw Tooling Supplies,,,
TRIDON CLAMP D/EAR 15-18 MM,Tridon 003483 Whitelaw Tooling Supplies,,,
TRIDON CLAMP D/EAR 15-18MM,Tridon 003483 Whitelaw Tooling Supplies,,,
TRIDON CLAMP D/EAR 17-20 MM,Tridon 003483 Whitelaw Tooling Supplies,,,
TRIDON CLAMP D/EAR 17-20MM,Tridon 003483 Whitelaw Tooling Supplies,,,
TRIDON CLAMP D/EAR 20-23 MM,Tridon 003483 Whitelaw Tooling Supplies,,,
TRIDON CLAMP D/EAR 20-23MM,Tridon 003483 Whitelaw Tooling Supplies,,,
TRIDON CLAMP D/EAR 22-25 MM,Tridon 003483 Whitelaw Tooling Supplies,,,
TRIDON CLAMP D/EAR 22-25MM,Tridon 003483 Whitelaw Tooling Supplies,,,
TRIDON CLAMP DOUBLE EAR 23-25MM,Tridon 003483 Whitelaw Tooling Supplies,,,
TRIDON CLAMP D/EAR 23-25MM,Tridon 003483 Whitelaw Tooling Supplies,,,
TRIDON CLAMP D/EAR 25-28 MM,Tridon 003483 Whitelaw Tooling Supplies,,,
TRIDON CLAMP D/EAR 25-28MM,Tridon 003483 Whitelaw Tooling Supplies,,,
TRIDON CLAMP D/EAR 28-31 MM,Tridon 003483 Whitelaw Tooling Supplies,,,
TRIDON CLAMP D/EAR 28-31MM,Tridon 003483 Whitelaw Tooling Supplies,,,
TRIDON DOUBLE EAR CLAMP KIT WITH PINCER,Tridon 003483 Whitelaw Tooling Supplies,,,
TRIDON CLAMP D/EAR 31-34 MM,Tridon 003483 Whitelaw Tooling Supplies,,,
TRIDON CLAMP D/EAR 31-34MM,Tridon 003483 Whitelaw Tooling Supplies,,,
TRIDON CLAMP D/EAR 34-37 MM,Tridon 003483 Whitelaw Tooling Supplies,,,
TRIDON CLAMP D/EAR 34-37MM,Tridon 003483 Whitelaw Tooling Supplies,,,
TRIDON CLAMP D/EAR 37-40 MM,Tridon 003483 Whitelaw Tooling Supplies,,,
TRIDON CLAMP D/EAR 37-40MM,Tridon 003483 Whitelaw Tooling Supplies,,,
TRIDON CLAMP D/EAR 40-43 MM,Tridon 003483 Whitelaw Tooling Supplies,,,
TRIDON CLMAP D/EAR 40-43MM,Tridon 003483 Whitelaw Tooling Supplies,,,
TRIDON CLAMP D/EAR 43-46 MM,Tridon 003483 Whitelaw Tooling Supplies,,,
TRIDON CLAMP D/EAR 43-46MM,Tridon 003483 Whitelaw Tooling Supplies,,,
TRIDON CLAMP D/EAR 4-6MM,Tridon 003483 Whitelaw Tooling Supplies,,,
TRIDON CLAMP D/EAR 4-6MM,Tridon 003483 Whitelaw Tooling Supplies,,,
TRIDON CLAMP D/EAR 5-7 MM,Tridon 003483 Whitelaw Tooling Supplies,,,
TRIDON CLAMP D/EAR 5-7MM,Tridon 003483 Whitelaw Tooling Supplies,,,
TRIDON CLAMP D/EAR 7-9 MM,Tridon 003483 Whitelaw Tooling Supplies,,,
TRIDON CLAMP D/EAR 7-9MM,Tridon 003483 Whitelaw Tooling Supplies,,,
TRIDON DOUBLE EAR CLAMP,Tridon 003483 Whitelaw Tooling Supplies,,,
TRIDON CLAMP D/EAR 9-11MM,Tridon 003483 Whitelaw Tooling Supplies,,,
TOLEDO FIBREGLASS TAPE 30METRE,Tridon 003483 Whitelaw Tooling Supplies,,,
TOLEDO FILE MERCHANDISER-10 SERIES,Tridon 003483 Whitelaw Tooling Supplies,,,
TOLEDO FILE MECHANDISER-12 SERIES,Tridon 003483 Whitelaw Tooling Supplies,,,
TOLEDO FILE SET BASTARD 200MM 4PC,Tridon 003483 Whitelaw Tooling Supplies,,,
TOLEDO FILE SET 2ND CUT 200MM 4PC,Tridon 003483 Whitelaw Tooling Supplies,,,
TOLEDO FILE SET SMOOTH 200MM 4PC,Tridon 003483 Whitelaw Tooling Supplies,,,
TOLEDO FILE SET BASTARD 250MM 4PC,Tridon 003483 Whitelaw Tooling Supplies,,,
TOLEDO FILE SET 2ND CUT 250MM 4PC,Tridon 003483 Whitelaw Tooling Supplies,,,
TOLEDO FILE SET SMOOTH 250MM 4PC,Tridon 003483 Whitelaw Tooling Supplies,,,
TOLEDO FILE SET - AUTO 4 PC,Tridon 003483 Whitelaw Tooling Supplies,,,
TOLEDO FILE SET BASTARD 300MM 4PC,Tridon 003483 Whitelaw Tooling Supplies,,,
TOLEDO FILE SET 2ND CUT 300MM 4PC,Tridon 003483 Whitelaw Tooling Supplies,,,
TOLEDO FILE SET SMOOTH 300MM 4PC,Tridon 003483 Whitelaw Tooling Supplies,,,
TOLEDO L/HAND DRESSMAKER SCISSORS 210MM,Tridon 003483 Whitelaw Tooling Supplies,,,
TRIDON MAGNETIC BASE ASSEMBLY(PK6),Tridon 003483 Whitelaw Tooling Supplies,,,
TRIDON MAGNETIC BASE ASSEMBLY(PK2),Tridon 003483 Whitelaw Tooling Supplies,,,
TRIDON PREFORM CLAMP,Tridon 003483 Whitelaw Tooling Supplies,,,
TRIDON PREFORM CLAMP,Tridon 003483 Whitelaw Tooling Supplies,,,
TRIDON PREFORM CLAMP BOXED,Tridon 003483 Whitelaw Tooling Supplies,,,
TRIDON PREFORM CLAMP BOXED,Tridon 003483 Whitelaw Tooling Supplies,,,
TRIDON PREFORM CLAMP,Tridon 003483 Whitelaw Tooling Supplies,,,
TRIDON PREFORM CLAMP BOX OF 100,Tridon 003483 Whitelaw Tooling Supplies,,,
TRIDON PREFORM CLAMP BOXED,Tridon 003483 Whitelaw Tooling Supplies,,,
TRIDON PREFORM CLAMP BOXED,Tridon 003483 Whitelaw Tooling Supplies,,,
TRIDON PREFORM CLAMP,Tridon 003483 Whitelaw Tooling Supplies,,,
TRIDON PREFORM CLAMP,Tridon 003483 Whitelaw Tooling Supplies,,,
TRIDON PREFORM CLAMP BOXED,Tridon 003483 Whitelaw Tooling Supplies,,,
TRIDON PREFORM CLAMP BOXED,Tridon 003483 Whitelaw Tooling Supplies,,,
TRIDON PREFORM CLAMP,Tridon 003483 Whitelaw Tooling Supplies,,,
TRIDON PREFORM CLAMP,Tridon 003483 Whitelaw Tooling Supplies,,,
TRIDON PREFORM CLAMP BOXED,Tridon 003483 Whitelaw Tooling Supplies,,,
TRIDON PREFORM CLAMP BOXED,Tridon 003483 Whitelaw Tooling Supplies,,,
TRIDON PREFORM CLAMP,Tridon 003483 Whitelaw Tooling Supplies,,,
TRIDON PREFORM CLAMP,Tridon 003483 Whitelaw Tooling Supplies,,,
TRIDON PREFORM CLAMP BOXED,Tridon 003483 Whitelaw Tooling Supplies,,,
TRIDON PREFORM CLAMP BOXED,Tridon 003483 Whitelaw Tooling Supplies,,,
TRIDON PREFORM CLAMP,Tridon 003483 Whitelaw Tooling Supplies,,,
TRIDON PREFORM CLAMP,Tridon 003483 Whitelaw Tooling Supplies,,,
TRIDON PREFORM CLAMP BOXED,Tridon 003483 Whitelaw Tooling Supplies,,,
TRIDON PREFORM CLAMP BOXED,Tridon 003483 Whitelaw Tooling Supplies,,,
TRIDON PREFORM CLAMP,Tridon 003483 Whitelaw Tooling Supplies,,,
TRIDON PREFORM CLAMP BOXED,Tridon 003483 Whitelaw Tooling Supplies,,,
TRIDON PREFORM CLAMP,Tridon 003483 Whitelaw Tooling Supplies,,,
TRIDON PREFORM CLAMP BOXED,Tridon 003483 Whitelaw Tooling Supplies,,,
TRIDON PREFORM CLAMP,Tridon 003483 Whitelaw Tooling Supplies,,,
TRIDON PREFORM CLAMP BOXED,Tridon 003483 Whitelaw Tooling Supplies,,,
TRIDON CLAMP PREFORMED 38MM 1 1/2IN,Tridon 003483 Whitelaw Tooling Supplies,,,
TRIDON PREFORM CLAMP BOXED,Tridon 003483 Whitelaw Tooling Supplies,,,
TRIDON PREFORM CLAMP,Tridon 003483 Whitelaw Tooling Supplies,,,
TRIDON PREFORM CLAMP BOXED,Tridon 003483 Whitelaw Tooling Supplies,,,
TRIDON PREFORM CLAMP,Tridon 003483 Whitelaw Tooling Supplies,,,
TRIDON PREFORM CLAMP,Tridon 003483 Whitelaw Tooling Supplies,,,
TRIDON PREFORM CLAMP BOXED,Tridon 003483 Whitelaw Tooling Supplies,,,
TRIDON PREFORM CLAMP BOXED,Tridon 003483 Whitelaw Tooling Supplies,,,
TRIDON PREFORM CLAMP,Tridon 003483 Whitelaw Tooling Supplies,,,
TRIDON PREFORM CLAMP,Tridon 003483 Whitelaw Tooling Supplies,,,
TRIDON PREFORM CLAMP BOXED,Tridon 003483 Whitelaw Tooling Supplies,,,
TRIDON PREFORM CLAMP BOXED,Tridon 003483 Whitelaw Tooling Supplies,,,
TRIDON PREFORM CLAMP,Tridon 003483 Whitelaw Tooling Supplies,,,
TRIDON PREFORM CLAMP,Tridon 003483 Whitelaw Tooling Supplies,,,
TRIDON PREFORM CLAMP BOXED,Tridon 003483 Whitelaw Tooling Supplies,,,
TRIDON PREFORM CLAMP BOXED,Tridon 003483 Whitelaw Tooling Supplies,,,
TRIDON CLAMP PREFORMED 70MM 2 3/4IN,Tridon 003483 Whitelaw Tooling Supplies,,,
TRIDON PREFORM CLAMP,Tridon 003483 Whitelaw Tooling Supplies,,,
TRIDON PREFORM CLAMP BOXED,Tridon 003483 Whitelaw Tooling Supplies,,,
TRIDON PREFORM CLAMP BOXED,Tridon 003483 Whitelaw Tooling Supplies,,,
TRIDON PREFORM CLAMP,Tridon 003483 Whitelaw Tooling Supplies,,,
TRIDON PREFORM CLAMP,Tridon 003483 Whitelaw Tooling Supplies,,,
TRIDON PREFORM CLAMP BOXED,Tridon 003483 Whitelaw Tooling Supplies,,,
TRIDON PREFORM CLAMP BOXED,Tridon 003483 Whitelaw Tooling Supplies,,,
TRIDON CLAMP PREFORMED 89MM 3 1/2IN,Tridon 003483 Whitelaw Tooling Supplies,,,
TRIDON PREFORM CLAMP BOXED,Tridon 003483 Whitelaw Tooling Supplies,,,
TRIDON PREFORM CLAMP BOXED,Tridon 003483 Whitelaw Tooling Supplies,,,
TOLEDO PLIER MERCHANDISER OPTION 1,Tridon 003483 Whitelaw Tooling Supplies,,,
TOLEDO PLIER & CUTTER SET 4PC,Tridon 003483 Whitelaw Tooling Supplies,,,
TOLEDO PLIER SET IN REUSABLE TOOL ROLL,Tridon 003483 Whitelaw Tooling Supplies,,,
TOLEDO EMPTY TOOL ROLL,Tridon 003483 Whitelaw Tooling Supplies,,,
TOLEDO LONG NOSE PLIER SET 3PC FOAM TRAY,Tridon 003483 Whitelaw Tooling Supplies,,,
TRIDON RUBBER LINED CLAMP 6MM(12MMHOLE),Tridon 003483 Whitelaw Tooling Supplies,,,
TRIDON RUBBER LINED CLAMP 6MM(12MMHOLE),Tridon 003483 Whitelaw Tooling Supplies,,,
TRIDON RUBBER LINED CLAMP 8MM(12MMHOLE),Tridon 003483 Whitelaw Tooling Supplies,,,
TRIDON RUBBER LINED CLAMP 8MM(12MMHOLE),Tridon 003483 Whitelaw Tooling Supplies,,,
TRIDON CLAMP R/ LINED 10 MM,Tridon 003483 Whitelaw Tooling Supplies,,,
TRIDON CLAMP R/LINED 100 MM,Tridon 003483 Whitelaw Tooling Supplies,,,
TRIDON RUBBER LINED CLAMP 10MM(12MMHOLE),Tridon 003483 Whitelaw Tooling Supplies,,,
TRIDON RUBBER LINED CLAMP 10MM(12MMHOLE),Tridon 003483 Whitelaw Tooling Supplies,,,
TRIDON CLAMP R/ LINED 10 MM,Tridon 003483 Whitelaw Tooling Supplies,,,
TRIDON CLAMP R/ LINED 11 MM,Tridon 003483 Whitelaw Tooling Supplies,,,
TRIDON CLAMP R/LINED 110MM,Tridon 003483 Whitelaw Tooling Supplies,,,
TRIDON CLAMP R/LINED 110MM,Tridon 003483 Whitelaw Tooling Supplies,,,
TRIDON CLAMP R/ LINED 11 MM,Tridon 003483 Whitelaw Tooling Supplies,,,
TRIDON CLAMP R/ LINED 13 MM,Tridon 003483 Whitelaw Tooling Supplies,,,
TRIDON RUBBER LINED CLAMP 13MM(12MMHOLE),Tridon 003483 Whitelaw Tooling Supplies,,,
TRIDON RUBBER LINED CLAMP 13MM(12MMHOLE),Tridon 003483 Whitelaw Tooling Supplies,,,
TRIDON CLAMP R/ LINED 13 MM,Tridon 003483 Whitelaw Tooling Supplies,,,
TRIDON CLAMP R/ LINED 14 MM,Tridon 003483 Whitelaw Tooling Supplies,,,
TRIDON CLAMP R/ LINED 14 MM,Tridon 003483 Whitelaw Tooling Supplies,,,
TRIDON CLAMP R/ LINED 16 MM,Tridon 003483 Whitelaw Tooling Supplies,,,
TRIDON RUBBER LINED CLAMP 16MM(12MMHOLE),Tridon 003483 Whitelaw Tooling Supplies,,,
TRIDON RUBBER LINED CLAMP 16MM(12MMHOLE),Tridon 003483 Whitelaw Tooling Supplies,,,
TRIDON CLAMP R/ LINED 16 MM,Tridon 003483 Whitelaw Tooling Supplies,,,
TRIDON CLAMP R/ LINED 18 MM,Tridon 003483 Whitelaw Tooling Supplies,,,
TRIDON CLAMP R/ LINED 18 MM,Tridon 003483 Whitelaw Tooling Supplies,,,
TRIDON CLAMP R/ LINED 19 MM,Tridon 003483 Whitelaw Tooling Supplies,,,
TRIDON RUBBER LINED CLAMP 19MM(12MMHOLE),Tridon 003483 Whitelaw Tooling Supplies,,,
TRIDON RUBBER LINED CLAMP 19MM(12MMHOLE),Tridon 003483 Whitelaw Tooling Supplies,,,
TRIDON CLAMP R/ LINED 19 MM,Tridon 003483 Whitelaw Tooling Supplies,,,
TRIDON CLAMP R/ LINED 21 MM,Tridon 003483 Whitelaw Tooling Supplies,,,
TRIDON CLAMP R/ LINED 21 MM,Tridon 003483 Whitelaw Tooling Supplies,,,
TRIDON CLAMP R/ LINED 22 MM,Tridon 003483 Whitelaw Tooling Supplies,,,
TRIDON RUBBER LINED CLAMP 22MM(12MMHOLE),Tridon 003483 Whitelaw Tooling Supplies,,,
TRIDON RUBBER LINED CLAMP 22MM(12MMHOLE),Tridon 003483 Whitelaw Tooling Supplies,,,
TRIDON CLAMP R/ LINED 22 MM,Tridon 003483 Whitelaw Tooling Supplies,,,
TRIDON CLAMP R/ LINED 25 MM,Tridon 003483 Whitelaw Tooling Supplies,,,
TRIDON RUBBER LINED CLAMP 25MM(12MMHOLE),Tridon 003483 Whitelaw Tooling Supplies,,,
TRIDON RUBBER LINED CLAMP 25MM(12MMHOLE),Tridon 003483 Whitelaw Tooling Supplies,,,
TRIDON CLAMP R/ LINED 25 MM,Tridon 003483 Whitelaw Tooling Supplies,,,
TRIDON CLAMP R/ LINED 27 MM,Tridon 003483 Whitelaw Tooling Supplies,,,
TRIDON CLAMP R/ LINED 27 MM,Tridon 003483 Whitelaw Tooling Supplies,,,
TRIDON RUBBER LINED CLAMP 28MM(12MMHOLE),Tridon 003483 Whitelaw Tooling Supplies,,,
TRIDON RUBBER LINED CLAMP 28MM(12MMHOLE),Tridon 003483 Whitelaw Tooling Supplies,,,
TRIDON CLAMP R/ LINED 29 MM,Tridon 003483 Whitelaw Tooling Supplies,,,
TRIDON CLAMP R/ LINED 29 MM,Tridon 003483 Whitelaw Tooling Supplies,,,
TRIDON CLAMP R/ LINED 3 MM,Tridon 003483 Whitelaw Tooling Supplies,,,
TRIDON CLAMP R/ LINED 30 MM,Tridon 003483 Whitelaw Tooling Supplies,,,
TRIDON CLAMP R/ LINED 30 MM,Tridon 003483 Whitelaw Tooling Supplies,,,
TRIDON CLAMP R/ LINED 32 MM,Tridon 003483 Whitelaw Tooling Supplies,,,
TRIDON RUBBER LINED CLAMP 32MM(12MMHOLE),Tridon 003483 Whitelaw Tooling Supplies,,,
TRIDON RUBBER LINED CLAMP 32MM(12MMHOLE),Tridon 003483 Whitelaw Tooling Supplies,,,
TRIDON CLAMP R/ LINED 32 MM,Tridon 003483 Whitelaw Tooling Supplies,,,
TRIDON CLAMP R/ LINED 33 MM,Tridon 003483 Whitelaw Tooling Supplies,,,
TRIDON CLAMP R/ LINED 33 MM,Tridon 003483 Whitelaw Tooling Supplies,,,
TRIDON CLAMP R/ LINED 35 MM,Tridon 003483 Whitelaw Tooling Supplies,,,
TRIDON CLAMP R/ LINED 35 MM,Tridon 003483 Whitelaw Tooling Supplies,,,
TRIDON CLAMP R/ LINED 37 MM,Tridon 003483 Whitelaw Tooling Supplies,,,
TRIDON CLAMP R/ LINED 37 MM,Tridon 003483 Whitelaw Tooling Supplies,,,
TRIDON CLAMP R/ LINED 38 MM,Tridon 003483 Whitelaw Tooling Supplies,,,
TRIDON CLAMP R/ LINED 38 MM,Tridon 003483 Whitelaw Tooling Supplies,,,
TRIDON CLAMP R/ LINED 39 MM,Tridon 003483 Whitelaw Tooling Supplies,,,
TRIDON CLAMP R/ LINED 39 MM,Tridon 003483 Whitelaw Tooling Supplies,,,
TRIDON CLAMP R/ LINED 3 MM,Tridon 003483 Whitelaw Tooling Supplies,,,
TRIDON CLAMP R/ LINED 42MM,Tridon 003483 Whitelaw Tooling Supplies,,,
TRIDON CLAMP R/ LINED 42MM,Tridon 003483 Whitelaw Tooling Supplies,,,
TRIDON CLAMP R/LINED 44MM,Tridon 003483 Whitelaw Tooling Supplies,,,
TRIDON CLAMP R/LINED 44MM,Tridon 003483 Whitelaw Tooling Supplies,,,
TRIDON CLAMP R/LINED 47MM,Tridon 003483 Whitelaw Tooling Supplies,,,
TRIDON CLAMP R/LINED 47MM,Tridon 003483 Whitelaw Tooling Supplies,,,
TRIDON CLAMP R/ LINED 5 MM,Tridon 003483 Whitelaw Tooling Supplies,,,
TRIDON CLAMP R/LINED 51MM,Tridon 003483 Whitelaw Tooling Supplies,,,
TRIDON CLAMP R/LINED 51MM,Tridon 003483 Whitelaw Tooling Supplies,,,
TRIDON CLAMP R/LINED 54MM,Tridon 003483 Whitelaw Tooling Supplies,,,
TRIDON CLAMP R/LINED 54MM,Tridon 003483 Whitelaw Tooling Supplies,,,
TRIDON CLAMP R/ LINED 5 MM,Tridon 003483 Whitelaw Tooling Supplies,,,
TRIDON CLAMP R/ LINED 6 MM,Tridon 003483 Whitelaw Tooling Supplies,,,
TRIDON CLAMP R/LINED 60MM,Tridon 003483 Whitelaw Tooling Supplies,,,
TRIDON CLAMP R/LINED 60MM,Tridon 003483 Whitelaw Tooling Supplies,,,
TRIDON CLAMP R/LINED 64MM,Tridon 003483 Whitelaw Tooling Supplies,,,
TRIDON CLAMP R/LINED 64MM,Tridon 003483 Whitelaw Tooling Supplies,,,
TRIDON CLAMP R/ LINED 6 MM,Tridon 003483 Whitelaw Tooling Supplies,,,
TRIDON CLAMP R/LINED 74MM,Tridon 003483 Whitelaw Tooling Supplies,,,
TRIDON CLAMP R/LINED 74MM,Tridon 003483 Whitelaw Tooling Supplies,,,
TRIDON CLAMP R/ LINED 8 MM,Tridon 003483 Whitelaw Tooling Supplies,,,
TRIDON CLAMP R/ LINED 8 MM,Tridon 003483 Whitelaw Tooling Supplies,,,
TRIDON RUBBER LINED CLAMP KIT,Tridon 003483 Whitelaw Tooling Supplies,,,
TRIDON TRLC S/S CLAMP 10MM (100PK),Tridon 003483 Whitelaw Tooling Supplies,,,
TRIDON CLAMP TRLC SS 10MM,Tridon 003483 Whitelaw Tooling Supplies,,,
TRIDON CLAMP TRLC SS 13MM,Tridon 003483 Whitelaw Tooling Supplies,,,
TRIDON CLAMP TRLC SS 16MM,Tridon 003483 Whitelaw Tooling Supplies,,,
TRIDON CLAMP TRLC SS 18MM,Tridon 003483 Whitelaw Tooling Supplies,,,
TRIDON CLAMP TRLC S/S 19MM,Tridon 003483 Whitelaw Tooling Supplies,,,
TRIDON CLAMP TRLC SS 22MM,Tridon 003483 Whitelaw Tooling Supplies,,,
TRIDON CLAMP TRLC S/S 25MM,Tridon 003483 Whitelaw Tooling Supplies,,,
TRIDON CLAMP TRLC SS 27MM,Tridon 003483 Whitelaw Tooling Supplies,,,
TRIDON CLAMP TRLC SS 30MM,Tridon 003483 Whitelaw Tooling Supplies,,,
TRIDON CLAMP TRLC SS 35MM,Tridon 003483 Whitelaw Tooling Supplies,,,
TRIDON CLAMP TRLC SS 42MM,Tridon 003483 Whitelaw Tooling Supplies,,,
TRIDON CLAMP R/LINED S/S 6MM,Tridon 003483 Whitelaw Tooling Supplies,,,
TRIDON CLAMP TRLC SS 6MM,Tridon 003483 Whitelaw Tooling Supplies,,,
TRIDON CLAMP TRLC S/S 8MM,Tridon 003483 Whitelaw Tooling Supplies,,,
TRIDON CLAMP TRLC SS 8MM,Tridon 003483 Whitelaw Tooling Supplies,,,
TOLEDO RULE SET,Tridon 003483 Whitelaw Tooling Supplies,,,
CLAMP TRI-STRENGTH 78-102MM BOX 100,Tridon 003483 Whitelaw Tooling Supplies,,,
TRIDON CLAMP TRI-STRENGTH 78-102MM,Tridon 003483 Whitelaw Tooling Supplies,,,
CLAMP TRI-STRENGTH 91-114MM BOX 100,Tridon 003483 Whitelaw Tooling Supplies,,,
TRIDON CLAMP TRI-STRENGTH 91-114MM,Tridon 003483 Whitelaw Tooling Supplies,,,
CLAMP TRI-STRENGTH 102-127MM BOX OF 100,Tridon 003483 Whitelaw Tooling Supplies,,,
TRIDON CLAMP TRI-STRENGTH 102-127MM,Tridon 003483 Whitelaw Tooling Supplies,,,
TRIDON CLAMP TRI-STRENGTH 163-216MM (50),Tridon 003483 Whitelaw Tooling Supplies,,,
TRIDON CLAMP TRI-STRENGTH 163-216MM,Tridon 003483 Whitelaw Tooling Supplies,,,
CLAMP TRI-STRENGTH 181-254MM BOX OF 50,Tridon 003483 Whitelaw Tooling Supplies,,,
TRIDON CLAMP TRI-STRENGTH 181-254MM,Tridon 003483 Whitelaw Tooling Supplies,,,
CLAMP TRI-STRENGTH 238-311MM BOX OF 50,Tridon 003483 Whitelaw Tooling Supplies,,,
TRIDON CLAMP TRI-STRENGTH 238-311MM,Tridon 003483 Whitelaw Tooling Supplies,,,
CLAMP TRI-STRENGTH 27-51MM BOX OF 500,Tridon 003483 Whitelaw Tooling Supplies,,,
TRIDON CLAMP TRI-STRENGTH 27-51MM,Tridon 003483 Whitelaw Tooling Supplies,,,
CLAMP TRI-STRENGTH 33-57MM BOX OF 500,Tridon 003483 Whitelaw Tooling Supplies,,,
TRIDON CLAMP TRI-STRENGTH 33-57MM,Tridon 003483 Whitelaw Tooling Supplies,,,
CLAMP TRI-STRENGTH 40-64MM BOX OF 250,Tridon 003483 Whitelaw Tooling Supplies,,,
TRIDON CLAMP TRI-STRENGTH 40-64MM,Tridon 003483 Whitelaw Tooling Supplies,,,
CLAMP TRI-STRENGTH 59-83MM BOX OF 250,Tridon 003483 Whitelaw Tooling Supplies,,,
TRIDON CLAMP TRI-STRENGTH 59-83MM,Tridon 003483 Whitelaw Tooling Supplies,,,
CLAMP TRI-STRENGTH 71-95MM BOX OF 250,Tridon 003483 Whitelaw Tooling Supplies,,,
TRIDON CLAMP TRI-STRENGTH 71-95MM,Tridon 003483 Whitelaw Tooling Supplies,,,
TOLEDO EMBROIDERY SCISSORS 120MM,Tridon 003483 Whitelaw Tooling Supplies,,,
TOLEDO HOUSEHOLD SCISSORS 160MM CARD,Tridon 003483 Whitelaw Tooling Supplies,,,
TRIDON CLAMP T-BOLT FULL SS 107 MM,Tridon 003483 Whitelaw Tooling Supplies,,,
TRIDON CLAMP T-BOLT FULL SS 112 MM,Tridon 003483 Whitelaw Tooling Supplies,,,
TRIDON CLAMP T-BOLT FULL SS 116 MM,Tridon 003483 Whitelaw Tooling Supplies,,,
TRIDON CLAMP T-BOLT FULL SS 121 MM,Tridon 003483 Whitelaw Tooling Supplies,,,
TRIDON CLAMP T-BOLT FULL SS 1155 MM,Tridon 003483 Whitelaw Tooling Supplies,,,
TRIDON CLAMP T-BOLT FULL SS 125 MM,Tridon 003483 Whitelaw Tooling Supplies,,,
TRIDON CLAMP T-BOLT FULL SS 130 MM,Tridon 003483 Whitelaw Tooling Supplies,,,
TRIDON CLAMP T-BOLT FULL SS 134 MM,Tridon 003483 Whitelaw Tooling Supplies,,,
TRIDON CLAMP T-BOLT FULL SS 139 MM,Tridon 003483 Whitelaw Tooling Supplies,,,
TRIDON CLAMP T-BOLT FULL SS 148 MM,Tridon 003483 Whitelaw Tooling Supplies,,,
TRIDON CLAMP T-BOLT FULL SS 161 MM,Tridon 003483 Whitelaw Tooling Supplies,,,
TRIDON CLAMP T-BOLT FULL SS 174 MM,Tridon 003483 Whitelaw Tooling Supplies,,,
TRIDON CLAMP T-BOLT FULL SS  19 MM,Tridon 003483 Whitelaw Tooling Supplies,,,
TRIDON CLAMP T-BOLT FULL SS 187 MM,Tridon 003483 Whitelaw Tooling Supplies,,,
TRIDON CLAMP T-BOLT FULL SS  20 MM,Tridon 003483 Whitelaw Tooling Supplies,,,
TRIDON CLAMP T-BOLT FULL SS 200 MM,Tridon 003483 Whitelaw Tooling Supplies,,,
TRIDON CLAMP T-BOLT FULL SS 213 MM,Tridon 003483 Whitelaw Tooling Supplies,,,
TRIDON CLAMP T-BOLT FULL SS  22 MM,Tridon 003483 Whitelaw Tooling Supplies,,,
TRIDON CLAMP T-BOLT FULL SS  23 MM,Tridon 003483 Whitelaw Tooling Supplies,,,
TRIDON CLAMP T-BOLT FULL SS 226 MM,Tridon 003483 Whitelaw Tooling Supplies,,,
TRIDON CLAMP T-BOLT FULL SS 239 MM,Tridon 003483 Whitelaw Tooling Supplies,,,
TRIDON CLAMP T-BOLT FULL SS  25 MM,Tridon 003483 Whitelaw Tooling Supplies,,,
TRIDON CLAMP T-BOLT FULL SS 252 MM,Tridon 003483 Whitelaw Tooling Supplies,,,
TRIDON CLAMP T-BOLT FULL SS  26 MM,Tridon 003483 Whitelaw Tooling Supplies,,,
TRIDON CLAMP T-BOLT FULL SS 265 MM,Tridon 003483 Whitelaw Tooling Supplies,,,
TRIDON CLAMP T-BOLT FULL SS  28 MM,Tridon 003483 Whitelaw Tooling Supplies,,,
TRIDON CLAMP T-BOLT FULL SS 278 MM,Tridon 003483 Whitelaw Tooling Supplies,,,
TRIDON CLAMP T-BOLT FULL SS  29 MM,Tridon 003483 Whitelaw Tooling Supplies,,,
TRIDON CLAMP T-BOLT FULL SS 291 MM,Tridon 003483 Whitelaw Tooling Supplies,,,
TRIDON CLAMP T-BOLT FULL SS 304 MM,Tridon 003483 Whitelaw Tooling Supplies,,,
TRIDON CLAMP T-BOLT FULL SS  31 MM,Tridon 003483 Whitelaw Tooling Supplies,,,
TRIDON CLAMP T-BOLT FULL SS  33 MM,Tridon 003483 Whitelaw Tooling Supplies,,,
TRIDON CLAMP T-BOLT FULL SS  35 MM,Tridon 003483 Whitelaw Tooling Supplies,,,
TRIDON CLAMP T-BOLT FULL SS  37 MM,Tridon 003483 Whitelaw Tooling Supplies,,,
TRIDON CLAMP T-BOLT FULL SS  39 MM,Tridon 003483 Whitelaw Tooling Supplies,,,
TRIDON CLAMP T-BOLT FULL SS  41 MM,Tridon 003483 Whitelaw Tooling Supplies,,,
TRIDON CLAMP T-BOLT FULL SS  43 MM,Tridon 003483 Whitelaw Tooling Supplies,,,
TRIDON CLAMP T-BOLT FULL SS  45 MM,Tridon 003483 Whitelaw Tooling Supplies,,,
TRIDON CLAMP T-BOLT FULL SS  47 MM,Tridon 003483 Whitelaw Tooling Supplies,,,
TRIDON CLAMP T-BOLT FULL SS  49 MM,Tridon 003483 Whitelaw Tooling Supplies,,,
TRIDON CLAMP T-BOLT FULL SS  51 MM,Tridon 003483 Whitelaw Tooling Supplies,,,
TRIDON CLAMP T-BOLT FULL SS  53 MM,Tridon 003483 Whitelaw Tooling Supplies,,,
TRIDON CLAMP T-BOLT FULL SS  55 MM,Tridon 003483 Whitelaw Tooling Supplies,,,
TRIDON CLAMP T-BOLT FULL SS  57 MM,Tridon 003483 Whitelaw Tooling Supplies,,,
TRIDON CLAMP T-BOLT FULL SS  59 MM,Tridon 003483 Whitelaw Tooling Supplies,,,
TRIDON CLAMP T-BOLT FULL SS  61 MM,Tridon 003483 Whitelaw Tooling Supplies,,,
TRIDON CLAMP T-BOLT FULL SS  63 MM,Tridon 003483 Whitelaw Tooling Supplies,,,
TRIDON CLAMP T-BOLT FULL SS  65 MM,Tridon 003483 Whitelaw Tooling Supplies,,,
TRIDON CLAMP T-BOLT FULL SS  67 MM,Tridon 003483 Whitelaw Tooling Supplies,,,
TRIDON CLAMP T-BOLT FULL SS  70 MM,Tridon 003483 Whitelaw Tooling Supplies,,,
TRIDON CLAMP T-BOLT FULL SS  73 MM,Tridon 003483 Whitelaw Tooling Supplies,,,
TRIDON CLAMP T-BOLT FULL SS  76 MM,Tridon 003483 Whitelaw Tooling Supplies,,,
TRIDON CLAMP T-BOLT FULL SS 740 MM,Tridon 003483 Whitelaw Tooling Supplies,,,
TRIDON CLAMP T-BOLT FULL SS  79 MM,Tridon 003483 Whitelaw Tooling Supplies,,,
TRIDON CLAMP T-BOLT FULL SS 785 MM,Tridon 003483 Whitelaw Tooling Supplies,,,
TRIDON CLAMP T-BOLT FULL SS  82 MM,Tridon 003483 Whitelaw Tooling Supplies,,,
TRIDON CLAMP T-BOLT FULL SS  85 MM,Tridon 003483 Whitelaw Tooling Supplies,,,
TRIDON CLAMP T-BOLT FULL SS  88 MM,Tridon 003483 Whitelaw Tooling Supplies,,,
TRIDON CLAMP T-BOLT FULL SS  91 MM,Tridon 003483 Whitelaw Tooling Supplies,,,
TRIDON CLAMP T-BOLT FULL SS  94 MM,Tridon 003483 Whitelaw Tooling Supplies,,,
TRIDON CLAMP T-BOLT FULL SS  97 MM,Tridon 003483 Whitelaw Tooling Supplies,,,
TRIDON CLAMP T-BOLT FULL SS 100 MM,Tridon 003483 Whitelaw Tooling Supplies,,,
TRIDON CLAMP T-BOLT FULL SS 103 MM,Tridon 003483 Whitelaw Tooling Supplies,,,
TRIDON T-BOLT ULTIMATE (29-31MM),Tridon 003483 Whitelaw Tooling Supplies,,,
TRIDON T-BOLT ULTIMATE (32-35MM),Tridon 003483 Whitelaw Tooling Supplies,,,
TRIDON T-BOLT ULTIMATE (36-39MM),Tridon 003483 Whitelaw Tooling Supplies,,,
TRIDON T-BOLT ULTIMATE (40-43MM),Tridon 003483 Whitelaw Tooling Supplies,,,
TRIDON T-BOLT ULTIMATE (44-47MM),Tridon 003483 Whitelaw Tooling Supplies,,,
TRIDON T-BOLT ULTIMATE (48-51MM),Tridon 003483 Whitelaw Tooling Supplies,,,
TRIDON T-BOLT ULTIMATE (52-55MM),Tridon 003483 Whitelaw Tooling Supplies,,,
TRIDON T-BOLT ULTIMATE (56-59MM),Tridon 003483 Whitelaw Tooling Supplies,,,
TRIDON T-BOLT ULTIMATE (60-63MM),Tridon 003483 Whitelaw Tooling Supplies,,,
TRIDON T-BOLT ULTIMATE (64-67MM),Tridon 003483 Whitelaw Tooling Supplies,,,
TRIDON T-BOLT ULTIMATE (66-70MM),Tridon 003483 Whitelaw Tooling Supplies,,,
TRIDON T-BOLT ULTIMATE (68-73MM),Tridon 003483 Whitelaw Tooling Supplies,,,
TRIDON T-BOLT ULTIMATE (71-76MM),Tridon 003483 Whitelaw Tooling Supplies,,,
TRIDON T-BOLT ULTIMATE (74-79MM),Tridon 003483 Whitelaw Tooling Supplies,,,
TRIDON T-BOLT ULTIMATE (77-82MM),Tridon 003483 Whitelaw Tooling Supplies,,,
TRIDON T-BOLT ULTIMATE (80-85MM),Tridon 003483 Whitelaw Tooling Supplies,,,
TRIDON CLAMP SPRING T-BOLT PART SS 110MM,Tridon 003483 Whitelaw Tooling Supplies,,,
TRIDON CLAMP SPRING T-BOLT PART SS 116MM,Tridon 003483 Whitelaw Tooling Supplies,,,
TRIDON CLAMP SPRING T-BOLT PART SS 122MM,Tridon 003483 Whitelaw Tooling Supplies,,,
TRIDON CLAMP SPRING T-BOLT PART SS 129MM,Tridon 003483 Whitelaw Tooling Supplies,,,
TRIDON CLAMP SPRING T-BOLT PART SS 135MM,Tridon 003483 Whitelaw Tooling Supplies,,,
TRIDON CLAMP SPRING T-BOLT PART SS 141MM,Tridon 003483 Whitelaw Tooling Supplies,,,
TRIDON CLAMP SPRING T-BOLT PART SS 148MM,Tridon 003483 Whitelaw Tooling Supplies,,,
TRIDON CLAMP SPRING T-BOLT PART SS 154MM,Tridon 003483 Whitelaw Tooling Supplies,,,
TRIDON CLAMP SPRING T-BOLT PART SS 160MM,Tridon 003483 Whitelaw Tooling Supplies,,,
TRIDON CLAMP SPRING T-BOLT PART SS 167MM,Tridon 003483 Whitelaw Tooling Supplies,,,
TRIDON CLAMP SPRING T-BOLT PART SS 173MM,Tridon 003483 Whitelaw Tooling Supplies,,,
TRIDON CLAMP SPRING T-BOLT PART SS 180MM,Tridon 003483 Whitelaw Tooling Supplies,,,
TRIDON CLAMP SPRING T-BOLT PART SS 186MM,Tridon 003483 Whitelaw Tooling Supplies,,,
TRIDON CLAMP SPRING T-BOLT PART SS 192MM,Tridon 003483 Whitelaw Tooling Supplies,,,
TRIDON CLAMP SPRING T-BOLT PART SS 198MM,Tridon 003483 Whitelaw Tooling Supplies,,,
TRIDON CLAMP SPRING T-BOLT PART SS 205MM,Tridon 003483 Whitelaw Tooling Supplies,,,
TRIDON CLAMP SPRING T-BOLT PART SS 211MM,Tridon 003483 Whitelaw Tooling Supplies,,,
TRIDON CLAMP SPRING T-BOLT PART SS 218MM,Tridon 003483 Whitelaw Tooling Supplies,,,
TRIDON CLAMP SPRING T-BOLT PART SS 224MM,Tridon 003483 Whitelaw Tooling Supplies,,,
TRIDON CLAMP SPRING T-BOLT PART SS 59 MM,Tridon 003483 Whitelaw Tooling Supplies,,,
TRIDON CLAMP SPRING T-BOLT PART SS 62 MM,Tridon 003483 Whitelaw Tooling Supplies,,,
TRIDON CLAMP SPRING T-BOLT PART SS 65 MM,Tridon 003483 Whitelaw Tooling Supplies,,,
TRIDON CLAMP SPRING T-BOLT PART SS 68 MM,Tridon 003483 Whitelaw Tooling Supplies,,,
TRIDON CLAMP SPRING T-BOLT PART SS 71 MM,Tridon 003483 Whitelaw Tooling Supplies,,,
TRIDON CLAMP SPRING T-BOLT PART SS 75 MM,Tridon 003483 Whitelaw Tooling Supplies,,,
TRIDON CLAMP SPRING T-BOLT PART SS 78 MM,Tridon 003483 Whitelaw Tooling Supplies,,,
TRIDON CLAMP SPRING T-BOLT PART SS 81 MM,Tridon 003483 Whitelaw Tooling Supplies,,,
TRIDON CLAMP SPRING T-BOLT PART SS 84 MM,Tridon 003483 Whitelaw Tooling Supplies,,,
TRIDON CLAMP SPRING T-BOLT PART SS 87 MM,Tridon 003483 Whitelaw Tooling Supplies,,,
TRIDON CLAMP SPRING T-BOLT PART SS 91 MM,Tridon 003483 Whitelaw Tooling Supplies,,,
TRIDON CLAMP SPRING T-BOLT PART SS 94 MM,Tridon 003483 Whitelaw Tooling Supplies,,,
TRIDON CLAMP SPRING T-BOLT PART SS 97 MM,Tridon 003483 Whitelaw Tooling Supplies,,,
TRIDON CLAMP SPRING T-BOLT PART SS 100MM,Tridon 003483 Whitelaw Tooling Supplies,,,
TRIDON CLAMP SPRING T-BOLT PART SS 103MM,Tridon 003483 Whitelaw Tooling Supplies,,,
TRIDON CLAMP T-BOLT PART SS 107 MM,Tridon 003483 Whitelaw Tooling Supplies,,,
TRIDON CLAMP T-BOLT PART SS 112 MM,Tridon 003483 Whitelaw Tooling Supplies,,,
TRIDON CLAMP T-BOLT PART SS 116 MM,Tridon 003483 Whitelaw Tooling Supplies,,,
TRIDON CLAMP T-BOLT PART SS 121 MM,Tridon 003483 Whitelaw Tooling Supplies,,,
TRIDON CLAMP T-BOLT PART SS 125 MM,Tridon 003483 Whitelaw Tooling Supplies,,,
TRIDON CLAMP T-BOLT PART SS 130 MM,Tridon 003483 Whitelaw Tooling Supplies,,,
TRIDON CLAMP T-BOLT PART SS 134 MM,Tridon 003483 Whitelaw Tooling Supplies,,,
TRIDON CLAMP T-BOLT PART SS 139 MM,Tridon 003483 Whitelaw Tooling Supplies,,,
TRIDON CLAMP T-BOLT PART SS 148 MM,Tridon 003483 Whitelaw Tooling Supplies,,,
TRIDON CLAMP T-BOLT PART SS 161 MM,Tridon 003483 Whitelaw Tooling Supplies,,,
TRIDON CLAMP T-BOLT PART SS 174 MM,Tridon 003483 Whitelaw Tooling Supplies,,,
TRIDON CLAMP T-BOLT PART SS 180 MM,Tridon 003483 Whitelaw Tooling Supplies,,,
TRIDON CLAMP T-BOLT PART SS  19 MM,Tridon 003483 Whitelaw Tooling Supplies,,,
TRIDON CLAMP T-BOLT PART SS 184 MM,Tridon 003483 Whitelaw Tooling Supplies,,,
TRIDON CLAMP T-BOLT PART SS 187 MM,Tridon 003483 Whitelaw Tooling Supplies,,,
TRIDON CLAMP T-BOLT PART SS  20 MM,Tridon 003483 Whitelaw Tooling Supplies,,,
TRIDON CLAMP T-BOLT PART SS 200 MM,Tridon 003483 Whitelaw Tooling Supplies,,,
TRIDON CLAMP T-BOLT PART SS 213 MM,Tridon 003483 Whitelaw Tooling Supplies,,,
TRIDON CLAMP T-BOLT PART SS  22 MM,Tridon 003483 Whitelaw Tooling Supplies,,,
TRIDON CLAMP T-BOLT PART SS  23 MM,Tridon 003483 Whitelaw Tooling Supplies,,,
TRIDON CLAMP T-BOLT PART SS 226 MM,Tridon 003483 Whitelaw Tooling Supplies,,,
TRIDON CLAMP T-BOLT PART SS 234 MM,Tridon 003483 Whitelaw Tooling Supplies,,,
TRIDON CLAMP T-BOLT PART SS 239 MM,Tridon 003483 Whitelaw Tooling Supplies,,,
TRIDON CLAMP T-BOLT PART SS  25 MM,Tridon 003483 Whitelaw Tooling Supplies,,,
TRIDON CLAMP T-BOLT PART SS 252 MM,Tridon 003483 Whitelaw Tooling Supplies,,,
TRIDON CLAMP T-BOLT PART SS  26 MM,Tridon 003483 Whitelaw Tooling Supplies,,,
TRIDON CLAMP T-BOLT PART SS 265 MM,Tridon 003483 Whitelaw Tooling Supplies,,,
TRIDON CLAMP T-BOLT PART SS 28 MM,Tridon 003483 Whitelaw Tooling Supplies,,,
TRIDON CLAMP T-BOLT PART SS 278 MM,Tridon 003483 Whitelaw Tooling Supplies,,,
TRIDON CLAMP T-BOLT PART SS  29 MM,Tridon 003483 Whitelaw Tooling Supplies,,,
TRIDON CLAMP T-BOLT PART SS 291 MM,Tridon 003483 Whitelaw Tooling Supplies,,,
TRIDON CLAMP T-BOLT PART SS 304 MM,Tridon 003483 Whitelaw Tooling Supplies,,,
TRIDON CLAMP T-BOLT PART SS  31 MM,Tridon 003483 Whitelaw Tooling Supplies,,,
TRIDON CLAMP T-BOLT PART SS  33 MM,Tridon 003483 Whitelaw Tooling Supplies,,,
TRIDON CLAMP T-BOLT PART SS 304 MM,Tridon 003483 Whitelaw Tooling Supplies,,,
TRIDON CLAMP T-BOLT PART SS  35 MM,Tridon 003483 Whitelaw Tooling Supplies,,,
TRIDON CLAMP T-BOLT PART SS  37 MM,Tridon 003483 Whitelaw Tooling Supplies,,,
TRIDON CLAMP T-BOLT PART SS  39 MM,Tridon 003483 Whitelaw Tooling Supplies,,,
TRIDON CLAMP T-BOLT PART SS  41 MM,Tridon 003483 Whitelaw Tooling Supplies,,,
TRIDON CLAMP T-BOLT PART SS  43 MM,Tridon 003483 Whitelaw Tooling Supplies,,,
TRIDON CLAMP T-BOLT PART SS  45 MM,Tridon 003483 Whitelaw Tooling Supplies,,,
TRIDON CLAMP T-BOLT PART SS  47 MM,Tridon 003483 Whitelaw Tooling Supplies,,,
TRIDON CLAMP T-BOLT PART SS  49 MM,Tridon 003483 Whitelaw Tooling Supplies,,,
TRIDON CLAMP T-BOLT PART SS  51 MM,Tridon 003483 Whitelaw Tooling Supplies,,,
TRIDON CLAMP T-BOLT PART SS  53 MM,Tridon 003483 Whitelaw Tooling Supplies,,,
TRIDON CLAMP T-BOLT PART SS  55 MM,Tridon 003483 Whitelaw Tooling Supplies,,,
TRIDON CLAMP T-BOLT PART SS  57 MM,Tridon 003483 Whitelaw Tooling Supplies,,,
TRIDON CLAMP T-BOLT PART SS  59 MM,Tridon 003483 Whitelaw Tooling Supplies,,,
TRIDON CLAMP T-BOLT PART SS  61 MM,Tridon 003483 Whitelaw Tooling Supplies,,,
TRIDON CLAMP T-BOLT PART SS 620 MM,Tridon 003483 Whitelaw Tooling Supplies,,,
TRIDON CLAMP T-BOLT PART SS  63 MM,Tridon 003483 Whitelaw Tooling Supplies,,,
TRIDON CLAMP T-BOLT PART SS  65 MM,Tridon 003483 Whitelaw Tooling Supplies,,,
TRIDON CLAMP T-BOLT PART SS  67 MM,Tridon 003483 Whitelaw Tooling Supplies,,,
TRIDON CLAMP T-BOLT PART SS  70 MM,Tridon 003483 Whitelaw Tooling Supplies,,,
TRIDON CLAMP T-BOLT PART SS  73 MM,Tridon 003483 Whitelaw Tooling Supplies,,,
TRIDON CLAMP T-BOLT PART SS  76 MM,Tridon 003483 Whitelaw Tooling Supplies,,,
TRIDON CLAMP T-BOLT PART SS  79 MM,Tridon 003483 Whitelaw Tooling Supplies,,,
TRIDON CLAMP T-BOLT PART SS  82 MM,Tridon 003483 Whitelaw Tooling Supplies,,,
TRIDON CLAMP T-BOLT PART SS  85 MM,Tridon 003483 Whitelaw Tooling Supplies,,,
TRIDON CLAMP T-BOLT PART SS  88 MM,Tridon 003483 Whitelaw Tooling Supplies,,,
TRIDON CLAMP T-BOLT PART SS  91 MM,Tridon 003483 Whitelaw Tooling Supplies,,,
TRIDON CLAMP T-BOLT PART SS  94 MM,Tridon 003483 Whitelaw Tooling Supplies,,,
TRIDON CLAMP T-BOLT PART SS  97 MM,Tridon 003483 Whitelaw Tooling Supplies,,,
TRIDON CLAMP T-BOLT PART SS 100 MM,Tridon 003483 Whitelaw Tooling Supplies,,,
TRIDON CLAMP T-BOLT PART SS 103 MM,Tridon 003483 Whitelaw Tooling Supplies,,,
TOLEDO TECHNICIANS KNIFE,Tridon 003483 Whitelaw Tooling Supplies,,,
TRIDON VINYL COATED CLAMP PACK,Tridon 003483 Whitelaw Tooling Supplies,,,
TRIDON ANCHOR BOLTS (BOXES OF 200),Tridon 003483 Whitelaw Tooling Supplies,,,
TRIDON CLAMP UNIBAND 3/8INCH,Tridon 003483 Whitelaw Tooling Supplies,,,
"TRIDON CLAMP UNIBAND 3/8"" - PLASTIC ROLL",Tridon 003483 Whitelaw Tooling Supplies,,,
TRIDON CLAMP UNIBAND 1/2INCH,Tridon 003483 Whitelaw Tooling Supplies,,,
"TRIDON CLAMP UNIBAND 1/2"" - PLASTIC ROLL",Tridon 003483 Whitelaw Tooling Supplies,,,
TRIDON CLAMP UNIBAND 5/8INCH,Tridon 003483 Whitelaw Tooling Supplies,,,
"TRIDON CLAMP UNIBAND 5/8"" - PLASTIC ROLL",Tridon 003483 Whitelaw Tooling Supplies,,,
TRIDON CLAMP UNIBAND 3/4INCH,Tridon 003483 Whitelaw Tooling Supplies,,,
"TRIDON CLAMP UNIBAND 3/4"" - PLASTIC ROLL",Tridon 003483 Whitelaw Tooling Supplies,,,
TRIDON 316 UNIBAND 1/2 INCH (30M),Tridon 003483 Whitelaw Tooling Supplies,,,
TRIDON 316 UNIBAND 3/4 INCH (30M),Tridon 003483 Whitelaw Tooling Supplies,,,
TRIDON UNIBAND BUCKLES FOLDING 1/2 INCH,Tridon 003483 Whitelaw Tooling Supplies,,,
TRIDON UNIBAND BUCKLES FOLDING 5/8 INCH,Tridon 003483 Whitelaw Tooling Supplies,,,
TRIDON UNIBAND BUCKLES FOLDING 3/4 INCH,Tridon 003483 Whitelaw Tooling Supplies,,,
TRIDON UNIBAND BUCKLES 3/8INCH X 100,Tridon 003483 Whitelaw Tooling Supplies,,,
TRIDON UNIBAND BUCKLES 1/2INCH X 100,Tridon 003483 Whitelaw Tooling Supplies,,,
TRIDON UNIBAND BUCKLES 5/8INCH X 100,Tridon 003483 Whitelaw Tooling Supplies,,,
TRIDON UNIBAND BUCKLES 3/4INCH X 100,Tridon 003483 Whitelaw Tooling Supplies,,,
TRIDON 316 UNIBAND BUCKLES 1/2IN (100PK),Tridon 003483 Whitelaw Tooling Supplies,,,
TRIDON 316 UNIBAND BUCKLES 3/4IN (100PK),Tridon 003483 Whitelaw Tooling Supplies,,,
TRIDON UNIBAND BUCKLES SCREW 3/4 INCH,Tridon 003483 Whitelaw Tooling Supplies,,,
TOLEDO LOCK GRIP PLIER 180MM,Tridon 003483 Whitelaw Tooling Supplies,,,
TOLEDO LOCKGRIP PLIER SLIDEHAMMER PULLER,Tridon 003483 Whitelaw Tooling Supplies,,,
TOLEDO LOCK GRIP PLIER 250MM,Tridon 003483 Whitelaw Tooling Supplies,,,
TRIDON CLAMP VEHICLE HANDY PACK,Tridon 003483 Whitelaw Tooling Supplies,,,
TRIDON CLAMP VEHICLE HANDY PACK,Tridon 003483 Whitelaw Tooling Supplies,,,
TOLEDO WIRE STRIPPER,Tridon 003483 Whitelaw Tooling Supplies,,,
TOLEDO WIRE STRIPPER/CRIMPER 2 COLOUR,Tridon 003483 Whitelaw Tooling Supplies,,,
TOLEDO REPLACEMENT CRIMPER SPRINGS 4/PK,Tridon 003483 Whitelaw Tooling Supplies,,,
TOLEDO WINDOW SCRAPER,Tridon 003483 Whitelaw Tooling Supplies,,,
CLAMP MERCHANDISER LARGE BOX 4 DRAW,Tridon 003483 Whitelaw Tooling Supplies,,,
CLAMP MERCHANDISER SMALL BOX 5 DRAW,Tridon 003483 Whitelaw Tooling Supplies,,,
